Fix ID,Disposition,Class,Class name,Tier,Fix category,Page URL,Page,Page ID,Section title,Draft section ID,Component kind,Config shape,Source,Current tags,What is wrong,Recommended fix,Status,Assigned to,Date fixed,Notes
QA2-240,Ranked,R4,No requirement tag,2,Component setting,https://county_template.devmny.org/the_local_environment/high_hazard_dams,the_local_environment/high_hazard_dams,1300814,Local Context,1657662,lexical,none,,,"titled, visible section with no Section Settings > Tags value, and not in any work list","Assign the 44 CFR 201.6 element this section satisfies (comma-joined, no spaces), matching the tagged siblings on the same page.",Open,,,Never listed in the T5 workbook - the fresh hideInView-aware scan that task lists as outstanding.
QA2-241,Ranked,R4,No requirement tag,2,Component setting,https://county_template.devmny.org/the_local_environment/natural_environment,the_local_environment/natural_environment,1300819,County Open Space Plan,1703876,lexical,none,,,"titled, visible section with no Section Settings > Tags value, and not in any work list","Assign the 44 CFR 201.6 element this section satisfies (comma-joined, no spaces), matching the tagged siblings on the same page.",Open,,,Never listed in the T5 workbook - the fresh hideInView-aware scan that task lists as outstanding.
QA2-242,Ranked,R4,No requirement tag,2,Component setting,https://county_template.devmny.org/the_plan/about_the_process,the_plan/about_the_process,1300807,Other Related Planning Processes,1515074,lexical,none,,,"titled, visible section with no Section Settings > Tags value, and not in any work list","Assign the 44 CFR 201.6 element this section satisfies (comma-joined, no spaces), matching the tagged siblings on the same page.",Open,,,Never listed in the T5 workbook - the fresh hideInView-aware scan that task lists as outstanding.
QA2-244,Ranked,R4,No requirement tag,2,Component setting,https://county_template.devmny.org/the_plan/jurisdictional_annexes/select_jurisdiction,the_plan/jurisdictional_annexes/select_jurisdiction,1348541,Buildings in The Floodplain,1920837,Spreadsheet,v1,BILD 2026 Simplified Draft V1,,"titled, visible section with no Section Settings > Tags value, and not in any work list","Assign the 44 CFR 201.6 element this section satisfies (comma-joined, no spaces), matching the tagged siblings on the same page.",Open,,,Never listed in the T5 workbook - the fresh hideInView-aware scan that task lists as outstanding.
QA2-245,Ranked,R4,No requirement tag,2,Component setting,https://county_template.devmny.org/the_plan/jurisdictional_annexes/select_jurisdiction,the_plan/jurisdictional_annexes/select_jurisdiction,1348541,Critical Buildings in The Floodplain,1920935,Spreadsheet,v1,BILD 2026 Simplified Draft V1,,"titled, visible section with no Section Settings > Tags value, and not in any work list","Assign the 44 CFR 201.6 element this section satisfies (comma-joined, no spaces), matching the tagged siblings on the same page.",Open,,,Never listed in the T5 workbook - the fresh hideInView-aware scan that task lists as outstanding.
QA2-246,Ranked,R4,No requirement tag,2,Component setting,https://county_template.devmny.org/the_plan/jurisdictional_annexes/select_jurisdiction,the_plan/jurisdictional_annexes/select_jurisdiction,1348541,Cascading Impacts from Hazards,1684993,Card,v1,Jurisdictions,,"titled, visible section with no Section Settings > Tags value, and not in any work list","Assign the 44 CFR 201.6 element this section satisfies (comma-joined, no spaces), matching the tagged siblings on the same page.",Open,,,Never listed in the T5 workbook - the fresh hideInView-aware scan that task lists as outstanding.
QA2-247,Ranked,R4,No requirement tag,2,Component setting,https://county_template.devmny.org/the_plan/jurisdictional_annexes/select_jurisdiction,the_plan/jurisdictional_annexes/select_jurisdiction,1348541,Other Hazards,1499931,Card,v1,Jurisdictions,,"titled, visible section with no Section Settings > Tags value, and not in any work list","Assign the 44 CFR 201.6 element this section satisfies (comma-joined, no spaces), matching the tagged siblings on the same page.",Open,,,Never listed in the T5 workbook - the fresh hideInView-aware scan that task lists as outstanding.
QA2-248,Ranked,R4,No requirement tag,2,Component setting,https://county_template.devmny.org/the_plan/jurisdictional_annexes/select_jurisdiction,the_plan/jurisdictional_annexes/select_jurisdiction,1348541,Additional Context (Strategy),1499254,Card,v1,Jurisdictions,,"titled, visible section with no Section Settings > Tags value, and not in any work list","Assign the 44 CFR 201.6 element this section satisfies (comma-joined, no spaces), matching the tagged siblings on the same page.",Open,,,Never listed in the T5 workbook - the fresh hideInView-aware scan that task lists as outstanding.
QA2-249,Ranked,R4,No requirement tag,2,Component setting,https://county_template.devmny.org/the_plan/jurisdictional_annexes/select_jurisdiction,the_plan/jurisdictional_annexes/select_jurisdiction,1348541,Additional Context (Progress),1499264,Card,v1,Jurisdictions,,"titled, visible section with no Section Settings > Tags value, and not in any work list","Assign the 44 CFR 201.6 element this section satisfies (comma-joined, no spaces), matching the tagged siblings on the same page.",Open,,,Never listed in the T5 workbook - the fresh hideInView-aware scan that task lists as outstanding.
QA2-534,Ranked,R5,Deprecated column bound but not rendered,3,Component setting,https://county_template.devmny.org/the_plan/about_the_process,the_plan/about_the_process,1300807,County Capabilities Table,1685651,Spreadsheet,v2,Capabilities_Catalogue,"A1-a,A4-a","bound to Capabilities_Catalogue column whose live title is ""(Delete) FEMA - Planning & Regulatory""; column is hidden and not filtered","Unbind the deprecated column, or migrate to its replacement. Latent today, but it is the same steward instruction as R1.",Open,,,Marker is on the live source only; the component still stores the old title.
QA2-535,Ranked,R5,Deprecated column bound but not rendered,3,Component setting,https://county_template.devmny.org/the_plan/about_the_process,the_plan/about_the_process,1300807,County Capabilities Table,1685651,Spreadsheet,v2,Capabilities_Catalogue,"A1-a,A4-a","bound to Capabilities_Catalogue column whose live title is ""(Delete) FEMA - Administrative & Technical""; column is hidden and not filtered","Unbind the deprecated column, or migrate to its replacement. Latent today, but it is the same steward instruction as R1.",Open,,,Marker is on the live source only; the component still stores the old title.
QA2-536,Ranked,R5,Deprecated column bound but not rendered,3,Component setting,https://county_template.devmny.org/the_plan/about_the_process,the_plan/about_the_process,1300807,Jurisdictional Resources and Capabilities,1685653,Spreadsheet,v2,Capabilities_Catalogue,"A1-a,A4-a","bound to Capabilities_Catalogue column whose live title is ""(Delete) FEMA - Planning & Regulatory""; column is hidden and not filtered","Unbind the deprecated column, or migrate to its replacement. Latent today, but it is the same steward instruction as R1.",Open,,,Marker is on the live source only; the component still stores the old title.
QA2-537,Ranked,R5,Deprecated column bound but not rendered,3,Component setting,https://county_template.devmny.org/the_plan/about_the_process,the_plan/about_the_process,1300807,Jurisdictional Resources and Capabilities,1685653,Spreadsheet,v2,Capabilities_Catalogue,"A1-a,A4-a","bound to Capabilities_Catalogue column whose live title is ""(Delete) FEMA - Administrative & Technical""; column is hidden and not filtered","Unbind the deprecated column, or migrate to its replacement. Latent today, but it is the same steward instruction as R1.",Open,,,Marker is on the live source only; the component still stores the old title.
QA2-538,Ranked,R5,Deprecated column bound but not rendered,3,Component setting,https://county_template.devmny.org/the_plan/about_the_process,the_plan/about_the_process,1300807,Jurisdictional Resources and Capabilities,1685653,Spreadsheet,v2,Capabilities_Catalogue,"A1-a,A4-a","bound to Capabilities_Catalogue column whose live title is ""(Delete) FEMA - Financial""; column is hidden and not filtered","Unbind the deprecated column, or migrate to its replacement. Latent today, but it is the same steward instruction as R1.",Open,,,Marker is on the live source only; the component still stores the old title.
QA2-539,Ranked,R5,Deprecated column bound but not rendered,3,Component setting,https://county_template.devmny.org/the_plan/capabilities_assessment,the_plan/capabilities_assessment,1425510,Local Capabilities Table,2418307,Spreadsheet,v2,Capabilities_Catalogue,"C1-a,C2-a","bound to Capabilities_Catalogue column whose live title is ""(Delete) FEMA - Planning & Regulatory""; column is hidden and not filtered","Unbind the deprecated column, or migrate to its replacement. Latent today, but it is the same steward instruction as R1.",Open,,,Marker is on the live source only; the component still stores the old title.
QA2-540,Ranked,R5,Deprecated column bound but not rendered,3,Component setting,https://county_template.devmny.org/the_plan/capabilities_assessment,the_plan/capabilities_assessment,1425510,Local Capabilities Table,2418422,Spreadsheet,v2,Capabilities_Catalogue,"C1-a,C2-a","bound to Capabilities_Catalogue column whose live title is ""(Delete) FEMA - Planning & Regulatory""; column is hidden and not filtered","Unbind the deprecated column, or migrate to its replacement. Latent today, but it is the same steward instruction as R1.",Open,,,Marker is on the live source only; the component still stores the old title.
QA2-541,Ranked,R5,Deprecated column bound but not rendered,3,Component setting,https://county_template.devmny.org/the_plan/capabilities_assessment,the_plan/capabilities_assessment,1425510,Local Capabilities Table,1426515,Spreadsheet,v1,Capabilities_Catalogue,C1-a,"bound to Capabilities_Catalogue column whose live title is ""(Delete) FEMA - Planning & Regulatory""; column is hidden and not filtered","Unbind the deprecated column, or migrate to its replacement. Latent today, but it is the same steward instruction as R1.",Open,,,Marker is on the live source only; the component still stores the old title.
QA2-542,Ranked,R5,Deprecated column bound but not rendered,3,Component setting,https://county_template.devmny.org/the_plan/capabilities_assessment,the_plan/capabilities_assessment,1425510,Local Capabilities Table,1426515,Spreadsheet,v1,Capabilities_Catalogue,C1-a,"bound to Capabilities_Catalogue column whose live title is ""(Delete) FEMA - Education/ Outreach""; column is hidden and used as a filter","Unbind the deprecated column, or migrate to its replacement. Latent today, but it is the same steward instruction as R1.",Open,,,Marker is on the live source only; the component still stores the old title.
QA2-543,Ranked,R5,Deprecated column bound but not rendered,3,Component setting,https://county_template.devmny.org/the_plan/capabilities_assessment,the_plan/capabilities_assessment,1425510,State Mitigation Capabilities,1426542,Spreadsheet,v1,Capabilities_Catalogue,C1-a,"bound to Capabilities_Catalogue column whose live title is ""(Delete) FEMA - Financial""; column is hidden and used as a filter","Unbind the deprecated column, or migrate to its replacement. Latent today, but it is the same steward instruction as R1.",Open,,,Marker is on the live source only; the component still stores the old title.
QA2-544,Ranked,R5,Deprecated column bound but not rendered,3,Component setting,https://county_template.devmny.org/the_plan/capabilities_assessment,the_plan/capabilities_assessment,1425510,Local Capabilities Table,2418453,Spreadsheet,v2,Capabilities_Catalogue,"C1-a,C2-a","bound to Capabilities_Catalogue column whose live title is ""(Delete) FEMA - Planning & Regulatory""; column is hidden and not filtered","Unbind the deprecated column, or migrate to its replacement. Latent today, but it is the same steward instruction as R1.",Open,,,Marker is on the live source only; the component still stores the old title.
QA2-545,Ranked,R5,Deprecated column bound but not rendered,3,Component setting,https://county_template.devmny.org/the_plan/jurisdictional_annexes/select_jurisdiction,the_plan/jurisdictional_annexes/select_jurisdiction,1348541,Local Actions Database,1440813,Spreadsheet,v2,Actions_Revised,"C4-b,H2,H3,C5-b","bound to Actions_Revised column whose live title is ""Hazards - (no flood, deprecated)""; column is hidden and not filtered","Unbind the deprecated column, or migrate to its replacement. Latent today, but it is the same steward instruction as R1.",Open,,,Marker is on the live source only; the component still stores the old title.
QA2-546,Ranked,R5,Deprecated column bound but not rendered,3,Component setting,https://county_template.devmny.org/the_plan/jurisdictional_annexes/select_jurisdiction,the_plan/jurisdictional_annexes/select_jurisdiction,1348541,Completed Actions Table,2407717,Spreadsheet,v2,Actions_Revised,"H2,E2-b","bound to Actions_Revised column whose live title is ""Hazards - (no flood, deprecated)""; column is hidden and not filtered","Unbind the deprecated column, or migrate to its replacement. Latent today, but it is the same steward instruction as R1.",Open,,,Marker is on the live source only; the component still stores the old title.
QA2-547,Ranked,R5,Deprecated column bound but not rendered,3,Component setting,https://county_template.devmny.org/the_plan/jurisdictional_annexes/select_jurisdiction,the_plan/jurisdictional_annexes/select_jurisdiction,1348541,In Progress Actions Table,2407718,Spreadsheet,v2,Actions_Revised,"H2,E2-b","bound to Actions_Revised column whose live title is ""Hazards - (no flood, deprecated)""; column is hidden and not filtered","Unbind the deprecated column, or migrate to its replacement. Latent today, but it is the same steward instruction as R1.",Open,,,Marker is on the live source only; the component still stores the old title.
QA2-548,Ranked,R5,Deprecated column bound but not rendered,3,Component setting,https://county_template.devmny.org/the_plan/jurisdictional_annexes/select_jurisdiction,the_plan/jurisdictional_annexes/select_jurisdiction,1348541,Proposed Actions Table,2407713,Spreadsheet,v2,Actions_Revised,"C4-a,C5-b,H2,H3,C4-b","bound to Actions_Revised column whose live title is ""Hazards - (no flood, deprecated)""; column is hidden and not filtered","Unbind the deprecated column, or migrate to its replacement. Latent today, but it is the same steward instruction as R1.",Open,,,Marker is on the live source only; the component still stores the old title.
QA2-549,Ranked,R5,Deprecated column bound but not rendered,3,Component setting,https://county_template.devmny.org/the_risk/natural_hazards/avalanche,the_risk/natural_hazards/avalanche,1544721,(untitled),2179714,Card,v2,Actions_Revised,"C4-a,C4-b","bound to Actions_Revised column whose live title is ""# Proposed - deprecated""; column is hidden and not filtered","Unbind the deprecated column, or migrate to its replacement. Latent today, but it is the same steward instruction as R1.",Open,,,Marker is on the live source only; the component still stores the old title.
QA2-550,Ranked,R5,Deprecated column bound but not rendered,3,Component setting,https://county_template.devmny.org/the_risk/natural_hazards/avalanche,the_risk/natural_hazards/avalanche,1544721,(untitled),2179714,Card,v2,Actions_Revised,"C4-a,C4-b","bound to Actions_Revised column whose live title is ""# Not Started - deprecated (dep)""; column is hidden and not filtered","Unbind the deprecated column, or migrate to its replacement. Latent today, but it is the same steward instruction as R1.",Open,,,Marker is on the live source only; the component still stores the old title.
QA2-551,Ranked,R5,Deprecated column bound but not rendered,3,Component setting,https://county_template.devmny.org/the_risk/natural_hazards/coastal_hazards,the_risk/natural_hazards/coastal_hazards,1544317,(untitled),2179715,Card,v2,Actions_Revised,"C4-a,C4-b","bound to Actions_Revised column whose live title is ""# Proposed - deprecated""; column is hidden and not filtered","Unbind the deprecated column, or migrate to its replacement. Latent today, but it is the same steward instruction as R1.",Open,,,Marker is on the live source only; the component still stores the old title.
QA2-552,Ranked,R5,Deprecated column bound but not rendered,3,Component setting,https://county_template.devmny.org/the_risk/natural_hazards/coastal_hazards,the_risk/natural_hazards/coastal_hazards,1544317,(untitled),2179715,Card,v2,Actions_Revised,"C4-a,C4-b","bound to Actions_Revised column whose live title is ""# Not Started - deprecated (dep)""; column is hidden and not filtered","Unbind the deprecated column, or migrate to its replacement. Latent today, but it is the same steward instruction as R1.",Open,,,Marker is on the live source only; the component still stores the old title.
QA2-553,Ranked,R5,Deprecated column bound but not rendered,3,Component setting,https://county_template.devmny.org/the_risk/natural_hazards/drought,the_risk/natural_hazards/drought,1545217,(untitled),2179717,Card,v2,Actions_Revised,"C4-a,C4-b","bound to Actions_Revised column whose live title is ""# Proposed - deprecated""; column is hidden and not filtered","Unbind the deprecated column, or migrate to its replacement. Latent today, but it is the same steward instruction as R1.",Open,,,Marker is on the live source only; the component still stores the old title.
QA2-554,Ranked,R5,Deprecated column bound but not rendered,3,Component setting,https://county_template.devmny.org/the_risk/natural_hazards/drought,the_risk/natural_hazards/drought,1545217,(untitled),2179717,Card,v2,Actions_Revised,"C4-a,C4-b","bound to Actions_Revised column whose live title is ""# Not Started - deprecated (dep)""; column is hidden and not filtered","Unbind the deprecated column, or migrate to its replacement. Latent today, but it is the same steward instruction as R1.",Open,,,Marker is on the live source only; the component still stores the old title.
QA2-555,Ranked,R5,Deprecated column bound but not rendered,3,Component setting,https://county_template.devmny.org/the_risk/natural_hazards/earthquake,the_risk/natural_hazards/earthquake,1544597,(untitled),2179719,Card,v2,Actions_Revised,"C4-a,C4-b","bound to Actions_Revised column whose live title is ""# Proposed - deprecated""; column is hidden and not filtered","Unbind the deprecated column, or migrate to its replacement. Latent today, but it is the same steward instruction as R1.",Open,,,Marker is on the live source only; the component still stores the old title.
QA2-556,Ranked,R5,Deprecated column bound but not rendered,3,Component setting,https://county_template.devmny.org/the_risk/natural_hazards/earthquake,the_risk/natural_hazards/earthquake,1544597,(untitled),2179719,Card,v2,Actions_Revised,"C4-a,C4-b","bound to Actions_Revised column whose live title is ""# Not Started - deprecated (dep)""; column is hidden and not filtered","Unbind the deprecated column, or migrate to its replacement. Latent today, but it is the same steward instruction as R1.",Open,,,Marker is on the live source only; the component still stores the old title.
QA2-557,Ranked,R5,Deprecated column bound but not rendered,3,Component setting,https://county_template.devmny.org/the_risk/natural_hazards/extreme_cold,the_risk/natural_hazards/extreme_cold,1544845,(untitled),1544839,Card,v2,Actions_Revised,"C4-a,C4-b","bound to Actions_Revised column whose live title is ""# Proposed - deprecated""; column is hidden and not filtered","Unbind the deprecated column, or migrate to its replacement. Latent today, but it is the same steward instruction as R1.",Open,,,Marker is on the live source only; the component still stores the old title.
QA2-558,Ranked,R5,Deprecated column bound but not rendered,3,Component setting,https://county_template.devmny.org/the_risk/natural_hazards/extreme_cold,the_risk/natural_hazards/extreme_cold,1544845,(untitled),1544839,Card,v2,Actions_Revised,"C4-a,C4-b","bound to Actions_Revised column whose live title is ""# Not Started - deprecated (dep)""; column is hidden and not filtered","Unbind the deprecated column, or migrate to its replacement. Latent today, but it is the same steward instruction as R1.",Open,,,Marker is on the live source only; the component still stores the old title.
QA2-559,Ranked,R5,Deprecated column bound but not rendered,3,Component setting,https://county_template.devmny.org/the_risk/natural_hazards/extreme_heat,the_risk/natural_hazards/extreme_heat,1544969,(untitled),2179720,Card,v2,Actions_Revised,"C4-a,C4-b","bound to Actions_Revised column whose live title is ""# Proposed - deprecated""; column is hidden and not filtered","Unbind the deprecated column, or migrate to its replacement. Latent today, but it is the same steward instruction as R1.",Open,,,Marker is on the live source only; the component still stores the old title.
QA2-560,Ranked,R5,Deprecated column bound but not rendered,3,Component setting,https://county_template.devmny.org/the_risk/natural_hazards/extreme_heat,the_risk/natural_hazards/extreme_heat,1544969,(untitled),2179720,Card,v2,Actions_Revised,"C4-a,C4-b","bound to Actions_Revised column whose live title is ""# Not Started - deprecated (dep)""; column is hidden and not filtered","Unbind the deprecated column, or migrate to its replacement. Latent today, but it is the same steward instruction as R1.",Open,,,Marker is on the live source only; the component still stores the old title.
QA2-561,Ranked,R5,Deprecated column bound but not rendered,3,Component setting,https://county_template.devmny.org/the_risk/natural_hazards/flooding,the_risk/natural_hazards/flooding,1450290,(untitled),2179634,Card,v2,Actions_Revised,"C4-a,C4-b","bound to Actions_Revised column whose live title is ""# Proposed - deprecated""; column is hidden and not filtered","Unbind the deprecated column, or migrate to its replacement. Latent today, but it is the same steward instruction as R1.",Open,,,Marker is on the live source only; the component still stores the old title.
QA2-562,Ranked,R5,Deprecated column bound but not rendered,3,Component setting,https://county_template.devmny.org/the_risk/natural_hazards/flooding,the_risk/natural_hazards/flooding,1450290,(untitled),2179634,Card,v2,Actions_Revised,"C4-a,C4-b","bound to Actions_Revised column whose live title is ""# Not Started - deprecated (dep)""; column is hidden and not filtered","Unbind the deprecated column, or migrate to its replacement. Latent today, but it is the same steward instruction as R1.",Open,,,Marker is on the live source only; the component still stores the old title.
QA2-563,Ranked,R5,Deprecated column bound but not rendered,3,Component setting,https://county_template.devmny.org/the_risk/natural_hazards/hail,the_risk/natural_hazards/hail,1545093,(untitled),2179722,Card,v2,Actions_Revised,"C4-a,C4-b","bound to Actions_Revised column whose live title is ""# Proposed - deprecated""; column is hidden and not filtered","Unbind the deprecated column, or migrate to its replacement. Latent today, but it is the same steward instruction as R1.",Open,,,Marker is on the live source only; the component still stores the old title.
QA2-564,Ranked,R5,Deprecated column bound but not rendered,3,Component setting,https://county_template.devmny.org/the_risk/natural_hazards/hail,the_risk/natural_hazards/hail,1545093,(untitled),2179722,Card,v2,Actions_Revised,"C4-a,C4-b","bound to Actions_Revised column whose live title is ""# Not Started - deprecated (dep)""; column is hidden and not filtered","Unbind the deprecated column, or migrate to its replacement. Latent today, but it is the same steward instruction as R1.",Open,,,Marker is on the live source only; the component still stores the old title.
QA2-565,Ranked,R5,Deprecated column bound but not rendered,3,Component setting,https://county_template.devmny.org/the_risk/natural_hazards/hurricane,the_risk/natural_hazards/hurricane,1545403,(untitled),2179716,Card,v2,Actions_Revised,"C4-a,C4-b","bound to Actions_Revised column whose live title is ""# Proposed - deprecated""; column is hidden and not filtered","Unbind the deprecated column, or migrate to its replacement. Latent today, but it is the same steward instruction as R1.",Open,,,Marker is on the live source only; the component still stores the old title.
QA2-566,Ranked,R5,Deprecated column bound but not rendered,3,Component setting,https://county_template.devmny.org/the_risk/natural_hazards/hurricane,the_risk/natural_hazards/hurricane,1545403,(untitled),2179716,Card,v2,Actions_Revised,"C4-a,C4-b","bound to Actions_Revised column whose live title is ""# Not Started - deprecated (dep)""; column is hidden and not filtered","Unbind the deprecated column, or migrate to its replacement. Latent today, but it is the same steward instruction as R1.",Open,,,Marker is on the live source only; the component still stores the old title.
QA2-567,Ranked,R5,Deprecated column bound but not rendered,3,Component setting,https://county_template.devmny.org/the_risk/natural_hazards/ice_storm,the_risk/natural_hazards/ice_storm,1545527,(untitled),2179723,Card,v2,Actions_Revised,"C4-a,C4-b","bound to Actions_Revised column whose live title is ""# Proposed - deprecated""; column is hidden and not filtered","Unbind the deprecated column, or migrate to its replacement. Latent today, but it is the same steward instruction as R1.",Open,,,Marker is on the live source only; the component still stores the old title.
QA2-568,Ranked,R5,Deprecated column bound but not rendered,3,Component setting,https://county_template.devmny.org/the_risk/natural_hazards/ice_storm,the_risk/natural_hazards/ice_storm,1545527,(untitled),2179723,Card,v2,Actions_Revised,"C4-a,C4-b","bound to Actions_Revised column whose live title is ""# Not Started - deprecated (dep)""; column is hidden and not filtered","Unbind the deprecated column, or migrate to its replacement. Latent today, but it is the same steward instruction as R1.",Open,,,Marker is on the live source only; the component still stores the old title.
QA2-569,Ranked,R5,Deprecated column bound but not rendered,3,Component setting,https://county_template.devmny.org/the_risk/natural_hazards/landslide,the_risk/natural_hazards/landslide,1545651,(untitled),2179725,Card,v2,Actions_Revised,"C4-a,C4-b","bound to Actions_Revised column whose live title is ""# Proposed - deprecated""; column is hidden and not filtered","Unbind the deprecated column, or migrate to its replacement. Latent today, but it is the same steward instruction as R1.",Open,,,Marker is on the live source only; the component still stores the old title.
QA2-570,Ranked,R5,Deprecated column bound but not rendered,3,Component setting,https://county_template.devmny.org/the_risk/natural_hazards/landslide,the_risk/natural_hazards/landslide,1545651,(untitled),2179725,Card,v2,Actions_Revised,"C4-a,C4-b","bound to Actions_Revised column whose live title is ""# Not Started - deprecated (dep)""; column is hidden and not filtered","Unbind the deprecated column, or migrate to its replacement. Latent today, but it is the same steward instruction as R1.",Open,,,Marker is on the live source only; the component still stores the old title.
QA2-571,Ranked,R5,Deprecated column bound but not rendered,3,Component setting,https://county_template.devmny.org/the_risk/natural_hazards/lightning,the_risk/natural_hazards/lightning,1545775,(untitled),2179726,Card,v2,Actions_Revised,"C4-a,C4-b","bound to Actions_Revised column whose live title is ""# Proposed - deprecated""; column is hidden and not filtered","Unbind the deprecated column, or migrate to its replacement. Latent today, but it is the same steward instruction as R1.",Open,,,Marker is on the live source only; the component still stores the old title.
QA2-572,Ranked,R5,Deprecated column bound but not rendered,3,Component setting,https://county_template.devmny.org/the_risk/natural_hazards/lightning,the_risk/natural_hazards/lightning,1545775,(untitled),2179726,Card,v2,Actions_Revised,"C4-a,C4-b","bound to Actions_Revised column whose live title is ""# Not Started - deprecated (dep)""; column is hidden and not filtered","Unbind the deprecated column, or migrate to its replacement. Latent today, but it is the same steward instruction as R1.",Open,,,Marker is on the live source only; the component still stores the old title.
QA2-573,Ranked,R5,Deprecated column bound but not rendered,3,Component setting,https://county_template.devmny.org/the_risk/natural_hazards/snowstorm,the_risk/natural_hazards/snowstorm,1546774,(untitled),2179727,Card,v2,Actions_Revised,"C4-a,C4-b","bound to Actions_Revised column whose live title is ""# Proposed - deprecated""; column is hidden and not filtered","Unbind the deprecated column, or migrate to its replacement. Latent today, but it is the same steward instruction as R1.",Open,,,Marker is on the live source only; the component still stores the old title.
QA2-574,Ranked,R5,Deprecated column bound but not rendered,3,Component setting,https://county_template.devmny.org/the_risk/natural_hazards/snowstorm,the_risk/natural_hazards/snowstorm,1546774,(untitled),2179727,Card,v2,Actions_Revised,"C4-a,C4-b","bound to Actions_Revised column whose live title is ""# Not Started - deprecated (dep)""; column is hidden and not filtered","Unbind the deprecated column, or migrate to its replacement. Latent today, but it is the same steward instruction as R1.",Open,,,Marker is on the live source only; the component still stores the old title.
QA2-575,Ranked,R5,Deprecated column bound but not rendered,3,Component setting,https://county_template.devmny.org/the_risk/natural_hazards/tornado,the_risk/natural_hazards/tornado,1545899,(untitled),2179729,Card,v2,Actions_Revised,"C4-a,C4-b","bound to Actions_Revised column whose live title is ""# Proposed - deprecated""; column is hidden and not filtered","Unbind the deprecated column, or migrate to its replacement. Latent today, but it is the same steward instruction as R1.",Open,,,Marker is on the live source only; the component still stores the old title.
QA2-576,Ranked,R5,Deprecated column bound but not rendered,3,Component setting,https://county_template.devmny.org/the_risk/natural_hazards/tornado,the_risk/natural_hazards/tornado,1545899,(untitled),2179729,Card,v2,Actions_Revised,"C4-a,C4-b","bound to Actions_Revised column whose live title is ""# Not Started - deprecated (dep)""; column is hidden and not filtered","Unbind the deprecated column, or migrate to its replacement. Latent today, but it is the same steward instruction as R1.",Open,,,Marker is on the live source only; the component still stores the old title.
QA2-577,Ranked,R5,Deprecated column bound but not rendered,3,Component setting,https://county_template.devmny.org/the_risk/natural_hazards/wildfire,the_risk/natural_hazards/wildfire,1546087,(untitled),2179730,Card,v2,Actions_Revised,"C4-a,C4-b","bound to Actions_Revised column whose live title is ""# Proposed - deprecated""; column is hidden and not filtered","Unbind the deprecated column, or migrate to its replacement. Latent today, but it is the same steward instruction as R1.",Open,,,Marker is on the live source only; the component still stores the old title.
QA2-578,Ranked,R5,Deprecated column bound but not rendered,3,Component setting,https://county_template.devmny.org/the_risk/natural_hazards/wildfire,the_risk/natural_hazards/wildfire,1546087,(untitled),2179730,Card,v2,Actions_Revised,"C4-a,C4-b","bound to Actions_Revised column whose live title is ""# Not Started - deprecated (dep)""; column is hidden and not filtered","Unbind the deprecated column, or migrate to its replacement. Latent today, but it is the same steward instruction as R1.",Open,,,Marker is on the live source only; the component still stores the old title.
QA2-579,Ranked,R5,Deprecated column bound but not rendered,3,Component setting,https://county_template.devmny.org/the_risk/natural_hazards/wind,the_risk/natural_hazards/wind,1546213,(untitled),2179731,Card,v2,Actions_Revised,"C4-a,C4-b","bound to Actions_Revised column whose live title is ""# Proposed - deprecated""; column is hidden and not filtered","Unbind the deprecated column, or migrate to its replacement. Latent today, but it is the same steward instruction as R1.",Open,,,Marker is on the live source only; the component still stores the old title.
QA2-580,Ranked,R5,Deprecated column bound but not rendered,3,Component setting,https://county_template.devmny.org/the_risk/natural_hazards/wind,the_risk/natural_hazards/wind,1546213,(untitled),2179731,Card,v2,Actions_Revised,"C4-a,C4-b","bound to Actions_Revised column whose live title is ""# Not Started - deprecated (dep)""; column is hidden and not filtered","Unbind the deprecated column, or migrate to its replacement. Latent today, but it is the same steward instruction as R1.",Open,,,Marker is on the live source only; the component still stores the old title.
QA2-078,Observation,O4,Source snapshot behind the live definition,,Not a defect,https://county_template.devmny.org/the_local_environment/natural_environment,the_local_environment/natural_environment,1300819,Overview,1703867,Card,v1,LHMP_IA,B2-a,component holds a 22-column snapshot of LHMP_IA,None. Recorded so the next sweep does not re-raise it.,Observation,,,Owner ruling 2026-09-01: does not result in data being displayed incorrectly or otherwise impact the site.
QA2-079,Observation,O4,Source snapshot behind the live definition,,Not a defect,https://county_template.devmny.org/the_local_environment/natural_environment,the_local_environment/natural_environment,1300819,Open Space Summary,1703870,Card,v1,LHMP_IA,B2-a,component holds a 22-column snapshot of LHMP_IA,None. Recorded so the next sweep does not re-raise it.,Observation,,,Owner ruling 2026-09-01: does not result in data being displayed incorrectly or otherwise impact the site.
QA2-080,Observation,O4,Source snapshot behind the live definition,,Not a defect,https://county_template.devmny.org/the_local_environment/natural_environment,the_local_environment/natural_environment,1300819,Community Rating System,1703879,Card,v1,LHMP_IA,"C1-a,A1-a",component holds a 22-column snapshot of LHMP_IA,None. Recorded so the next sweep does not re-raise it.,Observation,,,Owner ruling 2026-09-01: does not result in data being displayed incorrectly or otherwise impact the site.
QA2-081,Observation,O4,Source snapshot behind the live definition,,Not a defect,https://county_template.devmny.org/the_local_environment/natural_environment,the_local_environment/natural_environment,1300819,Water and Air ,1703885,Card,v1,LHMP_IA,B2-a,component holds a 22-column snapshot of LHMP_IA,None. Recorded so the next sweep does not re-raise it.,Observation,,,Owner ruling 2026-09-01: does not result in data being displayed incorrectly or otherwise impact the site.
QA2-082,Observation,O4,Source snapshot behind the live definition,,Not a defect,https://county_template.devmny.org/the_local_environment/natural_environment,the_local_environment/natural_environment,1300819,Wildlife,1703892,Card,v1,LHMP_IA,B2-a,component holds a 40-column snapshot of LHMP_IA,None. Recorded so the next sweep does not re-raise it.,Observation,,,Owner ruling 2026-09-01: does not result in data being displayed incorrectly or otherwise impact the site.
QA2-083,Observation,O4,Source snapshot behind the live definition,,Not a defect,https://county_template.devmny.org/the_local_environment/natural_environment,the_local_environment/natural_environment,1300819,Forestry,1703895,Card,v1,LHMP_IA,B2-a,component holds a 40-column snapshot of LHMP_IA,None. Recorded so the next sweep does not re-raise it.,Observation,,,Owner ruling 2026-09-01: does not result in data being displayed incorrectly or otherwise impact the site.
QA2-084,Observation,O4,Source snapshot behind the live definition,,Not a defect,https://county_template.devmny.org/the_local_environment/natural_environment,the_local_environment/natural_environment,1300819,Vulnerability,1703898,Card,v1,LHMP_IA,B2-a,component holds a 22-column snapshot of LHMP_IA,None. Recorded so the next sweep does not re-raise it.,Observation,,,Owner ruling 2026-09-01: does not result in data being displayed incorrectly or otherwise impact the site.
QA2-085,Observation,O4,Source snapshot behind the live definition,,Not a defect,https://county_template.devmny.org/the_local_environment/natural_environment,the_local_environment/natural_environment,1300819,Hazard Impacts to the Natural Environment,1703899,Card,v1,LHMP_IA,B2-b,component holds a 22-column snapshot of LHMP_IA,None. Recorded so the next sweep does not re-raise it.,Observation,,,Owner ruling 2026-09-01: does not result in data being displayed incorrectly or otherwise impact the site.
QA2-086,Observation,O4,Source snapshot behind the live definition,,Not a defect,https://county_template.devmny.org/the_plan/about_the_process,the_plan/about_the_process,1300807,Overview,1515010,Card,v1,LHMP_IA,,component holds a 22-column snapshot of LHMP_IA,None. Recorded so the next sweep does not re-raise it.,Observation,,,Owner ruling 2026-09-01: does not result in data being displayed incorrectly or otherwise impact the site.
QA2-087,Observation,O4,Source snapshot behind the live definition,,Not a defect,https://county_template.devmny.org/the_plan/about_the_process,the_plan/about_the_process,1300807,Maintenance,1515033,Card,v1,LHMP_IA,,component holds a 22-column snapshot of LHMP_IA,None. Recorded so the next sweep does not re-raise it.,Observation,,,Owner ruling 2026-09-01: does not result in data being displayed incorrectly or otherwise impact the site.
QA2-090,Observation,O4,Source snapshot behind the live definition,,Not a defect,https://county_template.devmny.org/the_plan/capabilities_assessment,the_plan/capabilities_assessment,1425510,Education / Outreach,1447521,Card,v1,LHMP_IA,C1-a,component holds a 22-column snapshot of LHMP_IA,None. Recorded so the next sweep does not re-raise it.,Observation,,,Owner ruling 2026-09-01: does not result in data being displayed incorrectly or otherwise impact the site.
QA2-092,Observation,O4,Source snapshot behind the live definition,,Not a defect,https://county_template.devmny.org/the_plan/capabilities_assessment,the_plan/capabilities_assessment,1425510,Local Capabilities Table,1426515,Spreadsheet,v1,Capabilities_Catalogue,C1-a,component holds a 130-column snapshot of Capabilities_Catalogue,None. Recorded so the next sweep does not re-raise it.,Observation,,,Owner ruling 2026-09-01: does not result in data being displayed incorrectly or otherwise impact the site.
QA2-093,Observation,O4,Source snapshot behind the live definition,,Not a defect,https://county_template.devmny.org/the_plan/capabilities_assessment,the_plan/capabilities_assessment,1425510,State Mitigation Capabilities,1426542,Spreadsheet,v1,Capabilities_Catalogue,C1-a,component holds a 130-column snapshot of Capabilities_Catalogue,None. Recorded so the next sweep does not re-raise it.,Observation,,,Owner ruling 2026-09-01: does not result in data being displayed incorrectly or otherwise impact the site.
QA2-095,Observation,O4,Source snapshot behind the live definition,,Not a defect,https://county_template.devmny.org/the_plan/jurisdictional_annexes,the_plan/jurisdictional_annexes,1300933,Jurisdictional Annex Table,2380934,Spreadsheet,v1,Jurisdictions,H2,component holds a 39-column snapshot of Jurisdictions,None. Recorded so the next sweep does not re-raise it.,Observation,,,Owner ruling 2026-09-01: does not result in data being displayed incorrectly or otherwise impact the site.
QA2-096,Observation,O4,Source snapshot behind the live definition,,Not a defect,https://county_template.devmny.org/the_plan/jurisdictional_annexes/select_jurisdiction,the_plan/jurisdictional_annexes/select_jurisdiction,1348541,(untitled),1348542,Header: MNY Data,v1,Jurisdictions,,component holds a 6-column snapshot of Jurisdictions,None. Recorded so the next sweep does not re-raise it.,Observation,,,Owner ruling 2026-09-01: does not result in data being displayed incorrectly or otherwise impact the site.
QA2-097,Observation,O4,Source snapshot behind the live definition,,Not a defect,https://county_template.devmny.org/the_plan/jurisdictional_annexes/select_jurisdiction,the_plan/jurisdictional_annexes/select_jurisdiction,1348541,(untitled),1348566,Card,v1,Jurisdictions,H2,component holds a 39-column snapshot of Jurisdictions,None. Recorded so the next sweep does not re-raise it.,Observation,,,Owner ruling 2026-09-01: does not result in data being displayed incorrectly or otherwise impact the site.
QA2-098,Observation,O4,Source snapshot behind the live definition,,Not a defect,https://county_template.devmny.org/the_plan/jurisdictional_annexes/select_jurisdiction,the_plan/jurisdictional_annexes/select_jurisdiction,1348541,Planning Process,1496881,Card,v1,Jurisdictions,A1-a,component holds a 39-column snapshot of Jurisdictions,None. Recorded so the next sweep does not re-raise it.,Observation,,,Owner ruling 2026-09-01: does not result in data being displayed incorrectly or otherwise impact the site.
QA2-099,Observation,O4,Source snapshot behind the live definition,,Not a defect,https://county_template.devmny.org/the_plan/jurisdictional_annexes/select_jurisdiction,the_plan/jurisdictional_annexes/select_jurisdiction,1348541,Jurisdictional Profile,1436110,Card,v1,Jurisdictions,H2,component holds a 39-column snapshot of Jurisdictions,None. Recorded so the next sweep does not re-raise it.,Observation,,,Owner ruling 2026-09-01: does not result in data being displayed incorrectly or otherwise impact the site.
QA2-100,Observation,O4,Source snapshot behind the live definition,,Not a defect,https://county_template.devmny.org/the_plan/jurisdictional_annexes/select_jurisdiction,the_plan/jurisdictional_annexes/select_jurisdiction,1348541,Local Context,1436150,Card,v1,Jurisdictions,H2,component holds a 39-column snapshot of Jurisdictions,None. Recorded so the next sweep does not re-raise it.,Observation,,,Owner ruling 2026-09-01: does not result in data being displayed incorrectly or otherwise impact the site.
QA2-101,Observation,O4,Source snapshot behind the live definition,,Not a defect,https://county_template.devmny.org/the_plan/jurisdictional_annexes/select_jurisdiction,the_plan/jurisdictional_annexes/select_jurisdiction,1348541,Critical Buildings,1436166,Card,v1,Jurisdictions,H2,component holds a 39-column snapshot of Jurisdictions,None. Recorded so the next sweep does not re-raise it.,Observation,,,Owner ruling 2026-09-01: does not result in data being displayed incorrectly or otherwise impact the site.
QA2-102,Observation,O4,Source snapshot behind the live definition,,Not a defect,https://county_template.devmny.org/the_plan/jurisdictional_annexes/select_jurisdiction,the_plan/jurisdictional_annexes/select_jurisdiction,1348541,Critical Infrastructure,1437360,Card,v1,Jurisdictions,H2,component holds a 39-column snapshot of Jurisdictions,None. Recorded so the next sweep does not re-raise it.,Observation,,,Owner ruling 2026-09-01: does not result in data being displayed incorrectly or otherwise impact the site.
QA2-103,Observation,O4,Source snapshot behind the live definition,,Not a defect,https://county_template.devmny.org/the_plan/jurisdictional_annexes/select_jurisdiction,the_plan/jurisdictional_annexes/select_jurisdiction,1348541,Growth and Development Trends,1516987,Card,v1,Jurisdictions,"E1-a,H2",component holds a 39-column snapshot of Jurisdictions,None. Recorded so the next sweep does not re-raise it.,Observation,,,Owner ruling 2026-09-01: does not result in data being displayed incorrectly or otherwise impact the site.
QA2-104,Observation,O4,Source snapshot behind the live definition,,Not a defect,https://county_template.devmny.org/the_plan/jurisdictional_annexes/select_jurisdiction,the_plan/jurisdictional_annexes/select_jurisdiction,1348541,Additional Context (Municipal),1957291,Card,v1,Jurisdictions,H2,component holds a 39-column snapshot of Jurisdictions,None. Recorded so the next sweep does not re-raise it.,Observation,,,Owner ruling 2026-09-01: does not result in data being displayed incorrectly or otherwise impact the site.
QA2-105,Observation,O4,Source snapshot behind the live definition,,Not a defect,https://county_template.devmny.org/the_plan/jurisdictional_annexes/select_jurisdiction,the_plan/jurisdictional_annexes/select_jurisdiction,1348541,Risk,1440560,Card,v1,Jurisdictions,"B1-a,B1-f,H2,B2-a",component holds a 39-column snapshot of Jurisdictions,None. Recorded so the next sweep does not re-raise it.,Observation,,,Owner ruling 2026-09-01: does not result in data being displayed incorrectly or otherwise impact the site.
QA2-106,Observation,O4,Source snapshot behind the live definition,,Not a defect,https://county_template.devmny.org/the_plan/jurisdictional_annexes/select_jurisdiction,the_plan/jurisdictional_annexes/select_jurisdiction,1348541,Historic Occurances,1440572,Card,v1,Jurisdictions,"H2,B1-d",component holds a 39-column snapshot of Jurisdictions,None. Recorded so the next sweep does not re-raise it.,Observation,,,Owner ruling 2026-09-01: does not result in data being displayed incorrectly or otherwise impact the site.
QA2-107,Observation,O4,Source snapshot behind the live definition,,Not a defect,https://county_template.devmny.org/the_plan/jurisdictional_annexes/select_jurisdiction,the_plan/jurisdictional_annexes/select_jurisdiction,1348541,Declared Disasters,1440586,Card,v1,Jurisdictions,"H2,B1-d",component holds a 39-column snapshot of Jurisdictions,None. Recorded so the next sweep does not re-raise it.,Observation,,,Owner ruling 2026-09-01: does not result in data being displayed incorrectly or otherwise impact the site.
QA2-108,Observation,O4,Source snapshot behind the live definition,,Not a defect,https://county_template.devmny.org/the_plan/jurisdictional_annexes/select_jurisdiction,the_plan/jurisdictional_annexes/select_jurisdiction,1348541,Problem Areas,1437132,Card,v1,Jurisdictions,"B1-f,B2-a,H2,B1-b",component holds a 39-column snapshot of Jurisdictions,None. Recorded so the next sweep does not re-raise it.,Observation,,,Owner ruling 2026-09-01: does not result in data being displayed incorrectly or otherwise impact the site.
QA2-109,Observation,O4,Source snapshot behind the live definition,,Not a defect,https://county_template.devmny.org/the_plan/jurisdictional_annexes/select_jurisdiction,the_plan/jurisdictional_annexes/select_jurisdiction,1348541,Cascading Impacts from Hazards,1684993,Card,v1,Jurisdictions,,component holds a 39-column snapshot of Jurisdictions,None. Recorded so the next sweep does not re-raise it.,Observation,,,Owner ruling 2026-09-01: does not result in data being displayed incorrectly or otherwise impact the site.
QA2-110,Observation,O4,Source snapshot behind the live definition,,Not a defect,https://county_template.devmny.org/the_plan/jurisdictional_annexes/select_jurisdiction,the_plan/jurisdictional_annexes/select_jurisdiction,1348541,Other Hazards,1499931,Card,v1,Jurisdictions,,component holds a 39-column snapshot of Jurisdictions,None. Recorded so the next sweep does not re-raise it.,Observation,,,Owner ruling 2026-09-01: does not result in data being displayed incorrectly or otherwise impact the site.
QA2-111,Observation,O4,Source snapshot behind the live definition,,Not a defect,https://county_template.devmny.org/the_plan/jurisdictional_annexes/select_jurisdiction,the_plan/jurisdictional_annexes/select_jurisdiction,1348541,Additional Context (Risk),1499252,Card,v1,Jurisdictions,H2,component holds a 39-column snapshot of Jurisdictions,None. Recorded so the next sweep does not re-raise it.,Observation,,,Owner ruling 2026-09-01: does not result in data being displayed incorrectly or otherwise impact the site.
QA2-112,Observation,O4,Source snapshot behind the live definition,,Not a defect,https://county_template.devmny.org/the_plan/jurisdictional_annexes/select_jurisdiction,the_plan/jurisdictional_annexes/select_jurisdiction,1348541,Evaluation of Previously Identified Actions,1440676,Card,v1,Jurisdictions,"H2,E2-b",component holds a 39-column snapshot of Jurisdictions,None. Recorded so the next sweep does not re-raise it.,Observation,,,Owner ruling 2026-09-01: does not result in data being displayed incorrectly or otherwise impact the site.
QA2-113,Observation,O4,Source snapshot behind the live definition,,Not a defect,https://county_template.devmny.org/the_plan/jurisdictional_annexes/select_jurisdiction,the_plan/jurisdictional_annexes/select_jurisdiction,1348541,Action Development,1440801,Card,v1,Jurisdictions,"H2,C4-a",component holds a 39-column snapshot of Jurisdictions,None. Recorded so the next sweep does not re-raise it.,Observation,,,Owner ruling 2026-09-01: does not result in data being displayed incorrectly or otherwise impact the site.
QA2-114,Observation,O4,Source snapshot behind the live definition,,Not a defect,https://county_template.devmny.org/the_plan/jurisdictional_annexes/select_jurisdiction,the_plan/jurisdictional_annexes/select_jurisdiction,1348541,Local Context,1440806,Card,v1,Jurisdictions,C5-a,component holds a 39-column snapshot of Jurisdictions,None. Recorded so the next sweep does not re-raise it.,Observation,,,Owner ruling 2026-09-01: does not result in data being displayed incorrectly or otherwise impact the site.
QA2-115,Observation,O4,Source snapshot behind the live definition,,Not a defect,https://county_template.devmny.org/the_plan/jurisdictional_annexes/select_jurisdiction,the_plan/jurisdictional_annexes/select_jurisdiction,1348541,Additional Context (Strategy),1499254,Card,v1,Jurisdictions,,component holds a 39-column snapshot of Jurisdictions,None. Recorded so the next sweep does not re-raise it.,Observation,,,Owner ruling 2026-09-01: does not result in data being displayed incorrectly or otherwise impact the site.
QA2-116,Observation,O4,Source snapshot behind the live definition,,Not a defect,https://county_template.devmny.org/the_plan/jurisdictional_annexes/select_jurisdiction,the_plan/jurisdictional_annexes/select_jurisdiction,1348541,Capacity To Implement,1440867,Card,v1,Jurisdictions,"C1-a,C1-b,C2-a,H2,D3-b",component holds a 39-column snapshot of Jurisdictions,None. Recorded so the next sweep does not re-raise it.,Observation,,,Owner ruling 2026-09-01: does not result in data being displayed incorrectly or otherwise impact the site.
QA2-117,Observation,O4,Source snapshot behind the live definition,,Not a defect,https://county_template.devmny.org/the_plan/jurisdictional_annexes/select_jurisdiction,the_plan/jurisdictional_annexes/select_jurisdiction,1348541,Integration,1440875,Card,v1,Jurisdictions,"D3-a,D3-c,D3-c",component holds a 39-column snapshot of Jurisdictions,None. Recorded so the next sweep does not re-raise it.,Observation,,,Owner ruling 2026-09-01: does not result in data being displayed incorrectly or otherwise impact the site.
QA2-118,Observation,O4,Source snapshot behind the live definition,,Not a defect,https://county_template.devmny.org/the_plan/jurisdictional_annexes/select_jurisdiction,the_plan/jurisdictional_annexes/select_jurisdiction,1348541,Additional Context (Capacity to Implement),1499256,Card,v1,Jurisdictions,C1-a,component holds a 39-column snapshot of Jurisdictions,None. Recorded so the next sweep does not re-raise it.,Observation,,,Owner ruling 2026-09-01: does not result in data being displayed incorrectly or otherwise impact the site.
QA2-119,Observation,O4,Source snapshot behind the live definition,,Not a defect,https://county_template.devmny.org/the_plan/jurisdictional_annexes/select_jurisdiction,the_plan/jurisdictional_annexes/select_jurisdiction,1348541,Complete Actions,1900682,Card,v1,Jurisdictions,"H2,E2-b",component holds a 39-column snapshot of Jurisdictions,None. Recorded so the next sweep does not re-raise it.,Observation,,,Owner ruling 2026-09-01: does not result in data being displayed incorrectly or otherwise impact the site.
QA2-120,Observation,O4,Source snapshot behind the live definition,,Not a defect,https://county_template.devmny.org/the_plan/jurisdictional_annexes/select_jurisdiction,the_plan/jurisdictional_annexes/select_jurisdiction,1348541,In-Progress Actions,1441011,Card,v1,Jurisdictions,"C4-a,C5-b,E2-b,H2,H3,C4-b",component holds a 39-column snapshot of Jurisdictions,None. Recorded so the next sweep does not re-raise it.,Observation,,,Owner ruling 2026-09-01: does not result in data being displayed incorrectly or otherwise impact the site.
QA2-121,Observation,O4,Source snapshot behind the live definition,,Not a defect,https://county_template.devmny.org/the_plan/jurisdictional_annexes/select_jurisdiction,the_plan/jurisdictional_annexes/select_jurisdiction,1348541,Proposed Actions,1499999,Card,v1,Jurisdictions,"H2,H3,C5-b",component holds a 39-column snapshot of Jurisdictions,None. Recorded so the next sweep does not re-raise it.,Observation,,,Owner ruling 2026-09-01: does not result in data being displayed incorrectly or otherwise impact the site.
QA2-122,Observation,O4,Source snapshot behind the live definition,,Not a defect,https://county_template.devmny.org/the_plan/jurisdictional_annexes/select_jurisdiction,the_plan/jurisdictional_annexes/select_jurisdiction,1348541,Additional Context (Progress),1499264,Card,v1,Jurisdictions,,component holds a 39-column snapshot of Jurisdictions,None. Recorded so the next sweep does not re-raise it.,Observation,,,Owner ruling 2026-09-01: does not result in data being displayed incorrectly or otherwise impact the site.
QA2-123,Observation,O4,Source snapshot behind the live definition,,Not a defect,https://county_template.devmny.org/the_risk/natural_hazards,the_risk/natural_hazards,1300806,Overview,2413404,Card,v1,LHMP_IA,B1-a,component holds a 22-column snapshot of LHMP_IA,None. Recorded so the next sweep does not re-raise it.,Observation,,,Owner ruling 2026-09-01: does not result in data being displayed incorrectly or otherwise impact the site.
QA2-124,Observation,O4,Source snapshot behind the live definition,,Not a defect,https://county_template.devmny.org/the_risk/natural_hazards,the_risk/natural_hazards,1300806,Hazards of Concern,2413406,Card,v1,LHMP_IA,"B1-a,B1-d,B2-a,B2-b,C4-b",component holds a 26-column snapshot of LHMP_IA,None. Recorded so the next sweep does not re-raise it.,Observation,,,Owner ruling 2026-09-01: does not result in data being displayed incorrectly or otherwise impact the site.
QA2-125,Observation,O4,Source snapshot behind the live definition,,Not a defect,https://county_template.devmny.org/the_risk/natural_hazards,the_risk/natural_hazards,1300806,Modeled Risk,2413413,Card,v1,LHMP_IA,B2-b,component holds a 22-column snapshot of LHMP_IA,None. Recorded so the next sweep does not re-raise it.,Observation,,,Owner ruling 2026-09-01: does not result in data being displayed incorrectly or otherwise impact the site.
QA2-126,Observation,O4,Source snapshot behind the live definition,,Not a defect,https://county_template.devmny.org/the_risk/natural_hazards,the_risk/natural_hazards,1300806,Historic Loss,2413416,Card,v1,LHMP_IA,B1-d,component holds a 22-column snapshot of LHMP_IA,None. Recorded so the next sweep does not re-raise it.,Observation,,,Owner ruling 2026-09-01: does not result in data being displayed incorrectly or otherwise impact the site.
QA2-127,Observation,O4,Source snapshot behind the live definition,,Not a defect,https://county_template.devmny.org/the_risk/natural_hazards,the_risk/natural_hazards,1300806,(untitled),2413421,Card,v1,LHMP_IA,B1-d,component holds a 26-column snapshot of LHMP_IA,None. Recorded so the next sweep does not re-raise it.,Observation,,,Owner ruling 2026-09-01: does not result in data being displayed incorrectly or otherwise impact the site.
QA2-128,Observation,O4,Source snapshot behind the live definition,,Not a defect,https://county_template.devmny.org/the_risk/natural_hazards,the_risk/natural_hazards,1300806,Other Hazard Events,2413423,Card,v1,LHMP_IA,B1-d,component holds a 22-column snapshot of LHMP_IA,None. Recorded so the next sweep does not re-raise it.,Observation,,,Owner ruling 2026-09-01: does not result in data being displayed incorrectly or otherwise impact the site.
QA2-129,Observation,O4,Source snapshot behind the live definition,,Not a defect,https://county_template.devmny.org/the_risk/natural_hazards,the_risk/natural_hazards,1300806,Historic Loss By Year And By Disaster Number,2413426,Card,v1,LHMP_IA,B1-d,component holds a 22-column snapshot of LHMP_IA,None. Recorded so the next sweep does not re-raise it.,Observation,,,Owner ruling 2026-09-01: does not result in data being displayed incorrectly or otherwise impact the site.
QA2-130,Observation,O4,Source snapshot behind the live definition,,Not a defect,https://county_template.devmny.org/the_risk/natural_hazards,the_risk/natural_hazards,1300806,Historic Loss By Month,2413428,Card,v1,LHMP_IA,B1-d,component holds a 22-column snapshot of LHMP_IA,None. Recorded so the next sweep does not re-raise it.,Observation,,,Owner ruling 2026-09-01: does not result in data being displayed incorrectly or otherwise impact the site.
QA2-131,Observation,O4,Source snapshot behind the live definition,,Not a defect,https://county_template.devmny.org/the_risk/natural_hazards/avalanche,the_risk/natural_hazards/avalanche,1544721,Total Losses in $ by Month,2176952,Card,v1,LHMP_IA,B1-d,component holds a 26-column snapshot of LHMP_IA,None. Recorded so the next sweep does not re-raise it.,Observation,,,Owner ruling 2026-09-01: does not result in data being displayed incorrectly or otherwise impact the site.
QA2-133,Observation,O4,Source snapshot behind the live definition,,Not a defect,https://county_template.devmny.org/the_risk/natural_hazards/avalanche,the_risk/natural_hazards/avalanche,1544721,(untitled),2179714,Card,v2,Actions_Revised,"C4-a,C4-b",component holds a 147-column snapshot of Actions_Revised,None. Recorded so the next sweep does not re-raise it.,Observation,,,Owner ruling 2026-09-01: does not result in data being displayed incorrectly or otherwise impact the site.
QA2-135,Observation,O4,Source snapshot behind the live definition,,Not a defect,https://county_template.devmny.org/the_risk/natural_hazards/coastal_hazards,the_risk/natural_hazards/coastal_hazards,1544317,(untitled),1544203,Card,v1,LHMP_IA,B2-b,component holds a 26-column snapshot of LHMP_IA,None. Recorded so the next sweep does not re-raise it.,Observation,,,Owner ruling 2026-09-01: does not result in data being displayed incorrectly or otherwise impact the site.
QA2-136,Observation,O4,Source snapshot behind the live definition,,Not a defect,https://county_template.devmny.org/the_risk/natural_hazards/coastal_hazards,the_risk/natural_hazards/coastal_hazards,1544317,Potential Impacts,1544204,Card,v1,LHMP_IA,B2-b,component holds a 26-column snapshot of LHMP_IA,None. Recorded so the next sweep does not re-raise it.,Observation,,,Owner ruling 2026-09-01: does not result in data being displayed incorrectly or otherwise impact the site.
QA2-137,Observation,O4,Source snapshot behind the live definition,,Not a defect,https://county_template.devmny.org/the_risk/natural_hazards/coastal_hazards,the_risk/natural_hazards/coastal_hazards,1544317,(untitled),2179715,Card,v2,Actions_Revised,"C4-a,C4-b",component holds a 147-column snapshot of Actions_Revised,None. Recorded so the next sweep does not re-raise it.,Observation,,,Owner ruling 2026-09-01: does not result in data being displayed incorrectly or otherwise impact the site.
QA2-139,Observation,O4,Source snapshot behind the live definition,,Not a defect,https://county_template.devmny.org/the_risk/natural_hazards/drought,the_risk/natural_hazards/drought,1545217,(untitled),1898202,Card,v1,LHMP_IA,B2-b,component holds a 26-column snapshot of LHMP_IA,None. Recorded so the next sweep does not re-raise it.,Observation,,,Owner ruling 2026-09-01: does not result in data being displayed incorrectly or otherwise impact the site.
QA2-141,Observation,O4,Source snapshot behind the live definition,,Not a defect,https://county_template.devmny.org/the_risk/natural_hazards/drought,the_risk/natural_hazards/drought,1545217,Actions,1898254,Card,v1,LHMP_IA,"C4-a,C4-b",component holds a 22-column snapshot of LHMP_IA,None. Recorded so the next sweep does not re-raise it.,Observation,,,Owner ruling 2026-09-01: does not result in data being displayed incorrectly or otherwise impact the site.
QA2-142,Observation,O4,Source snapshot behind the live definition,,Not a defect,https://county_template.devmny.org/the_risk/natural_hazards/drought,the_risk/natural_hazards/drought,1545217,(untitled),2179717,Card,v2,Actions_Revised,"C4-a,C4-b",component holds a 147-column snapshot of Actions_Revised,None. Recorded so the next sweep does not re-raise it.,Observation,,,Owner ruling 2026-09-01: does not result in data being displayed incorrectly or otherwise impact the site.
QA2-144,Observation,O4,Source snapshot behind the live definition,,Not a defect,https://county_template.devmny.org/the_risk/natural_hazards/earthquake,the_risk/natural_hazards/earthquake,1544597,(untitled),1544544,Card,v1,LHMP_IA,B2-b,component holds a 26-column snapshot of LHMP_IA,None. Recorded so the next sweep does not re-raise it.,Observation,,,Owner ruling 2026-09-01: does not result in data being displayed incorrectly or otherwise impact the site.
QA2-146,Observation,O4,Source snapshot behind the live definition,,Not a defect,https://county_template.devmny.org/the_risk/natural_hazards/earthquake,the_risk/natural_hazards/earthquake,1544597,(untitled),2179719,Card,v2,Actions_Revised,"C4-a,C4-b",component holds a 147-column snapshot of Actions_Revised,None. Recorded so the next sweep does not re-raise it.,Observation,,,Owner ruling 2026-09-01: does not result in data being displayed incorrectly or otherwise impact the site.
QA2-148,Observation,O4,Source snapshot behind the live definition,,Not a defect,https://county_template.devmny.org/the_risk/natural_hazards/extreme_cold,the_risk/natural_hazards/extreme_cold,1544845,(untitled),1544792,Card,v1,LHMP_IA,B2-b,component holds a 26-column snapshot of LHMP_IA,None. Recorded so the next sweep does not re-raise it.,Observation,,,Owner ruling 2026-09-01: does not result in data being displayed incorrectly or otherwise impact the site.
QA2-150,Observation,O4,Source snapshot behind the live definition,,Not a defect,https://county_template.devmny.org/the_risk/natural_hazards/extreme_cold,the_risk/natural_hazards/extreme_cold,1544845,(untitled),1544839,Card,v2,Actions_Revised,"C4-a,C4-b",component holds a 147-column snapshot of Actions_Revised,None. Recorded so the next sweep does not re-raise it.,Observation,,,Owner ruling 2026-09-01: does not result in data being displayed incorrectly or otherwise impact the site.
QA2-152,Observation,O4,Source snapshot behind the live definition,,Not a defect,https://county_template.devmny.org/the_risk/natural_hazards/extreme_heat,the_risk/natural_hazards/extreme_heat,1544969,(untitled),1544916,Card,v1,LHMP_IA,B2-b,component holds a 26-column snapshot of LHMP_IA,None. Recorded so the next sweep does not re-raise it.,Observation,,,Owner ruling 2026-09-01: does not result in data being displayed incorrectly or otherwise impact the site.
QA2-154,Observation,O4,Source snapshot behind the live definition,,Not a defect,https://county_template.devmny.org/the_risk/natural_hazards/extreme_heat,the_risk/natural_hazards/extreme_heat,1544969,(untitled),2179720,Card,v2,Actions_Revised,"C4-a,C4-b",component holds a 147-column snapshot of Actions_Revised,None. Recorded so the next sweep does not re-raise it.,Observation,,,Owner ruling 2026-09-01: does not result in data being displayed incorrectly or otherwise impact the site.
QA2-156,Observation,O4,Source snapshot behind the live definition,,Not a defect,https://county_template.devmny.org/the_risk/natural_hazards/flooding,the_risk/natural_hazards/flooding,1450290,(untitled),1682912,Card,v1,LHMP_IA,B2-b,component holds a 26-column snapshot of LHMP_IA,None. Recorded so the next sweep does not re-raise it.,Observation,,,Owner ruling 2026-09-01: does not result in data being displayed incorrectly or otherwise impact the site.
QA2-158,Observation,O4,Source snapshot behind the live definition,,Not a defect,https://county_template.devmny.org/the_risk/natural_hazards/flooding,the_risk/natural_hazards/flooding,1450290,(untitled),2179634,Card,v2,Actions_Revised,"C4-a,C4-b",component holds a 147-column snapshot of Actions_Revised,None. Recorded so the next sweep does not re-raise it.,Observation,,,Owner ruling 2026-09-01: does not result in data being displayed incorrectly or otherwise impact the site.
QA2-160,Observation,O4,Source snapshot behind the live definition,,Not a defect,https://county_template.devmny.org/the_risk/natural_hazards/hail,the_risk/natural_hazards/hail,1545093,(untitled),1545040,Card,v1,LHMP_IA,B2-b,component holds a 26-column snapshot of LHMP_IA,None. Recorded so the next sweep does not re-raise it.,Observation,,,Owner ruling 2026-09-01: does not result in data being displayed incorrectly or otherwise impact the site.
QA2-162,Observation,O4,Source snapshot behind the live definition,,Not a defect,https://county_template.devmny.org/the_risk/natural_hazards/hail,the_risk/natural_hazards/hail,1545093,(untitled),2179722,Card,v2,Actions_Revised,"C4-a,C4-b",component holds a 147-column snapshot of Actions_Revised,None. Recorded so the next sweep does not re-raise it.,Observation,,,Owner ruling 2026-09-01: does not result in data being displayed incorrectly or otherwise impact the site.
QA2-164,Observation,O4,Source snapshot behind the live definition,,Not a defect,https://county_template.devmny.org/the_risk/natural_hazards/hurricane,the_risk/natural_hazards/hurricane,1545403,(untitled),2179716,Card,v2,Actions_Revised,"C4-a,C4-b",component holds a 147-column snapshot of Actions_Revised,None. Recorded so the next sweep does not re-raise it.,Observation,,,Owner ruling 2026-09-01: does not result in data being displayed incorrectly or otherwise impact the site.
QA2-167,Observation,O4,Source snapshot behind the live definition,,Not a defect,https://county_template.devmny.org/the_risk/natural_hazards/ice_storm,the_risk/natural_hazards/ice_storm,1545527,(untitled),2179723,Card,v2,Actions_Revised,"C4-a,C4-b",component holds a 147-column snapshot of Actions_Revised,None. Recorded so the next sweep does not re-raise it.,Observation,,,Owner ruling 2026-09-01: does not result in data being displayed incorrectly or otherwise impact the site.
QA2-169,Observation,O4,Source snapshot behind the live definition,,Not a defect,https://county_template.devmny.org/the_risk/natural_hazards/landslide,the_risk/natural_hazards/landslide,1545651,(untitled),2179725,Card,v2,Actions_Revised,"C4-a,C4-b",component holds a 147-column snapshot of Actions_Revised,None. Recorded so the next sweep does not re-raise it.,Observation,,,Owner ruling 2026-09-01: does not result in data being displayed incorrectly or otherwise impact the site.
QA2-171,Observation,O4,Source snapshot behind the live definition,,Not a defect,https://county_template.devmny.org/the_risk/natural_hazards/lightning,the_risk/natural_hazards/lightning,1545775,(untitled),2179726,Card,v2,Actions_Revised,"C4-a,C4-b",component holds a 147-column snapshot of Actions_Revised,None. Recorded so the next sweep does not re-raise it.,Observation,,,Owner ruling 2026-09-01: does not result in data being displayed incorrectly or otherwise impact the site.
QA2-173,Observation,O4,Source snapshot behind the live definition,,Not a defect,https://county_template.devmny.org/the_risk/natural_hazards/snowstorm,the_risk/natural_hazards/snowstorm,1546774,(untitled),2179727,Card,v2,Actions_Revised,"C4-a,C4-b",component holds a 147-column snapshot of Actions_Revised,None. Recorded so the next sweep does not re-raise it.,Observation,,,Owner ruling 2026-09-01: does not result in data being displayed incorrectly or otherwise impact the site.
QA2-175,Observation,O4,Source snapshot behind the live definition,,Not a defect,https://county_template.devmny.org/the_risk/natural_hazards/tornado,the_risk/natural_hazards/tornado,1545899,Total Events and Losses in $: Declared Disasters and Non-Declared Events,1545851,Card,v1,LHMP_IA,,component holds a 26-column snapshot of LHMP_IA,None. Recorded so the next sweep does not re-raise it.,Observation,,,Owner ruling 2026-09-01: does not result in data being displayed incorrectly or otherwise impact the site.
QA2-176,Observation,O4,Source snapshot behind the live definition,,Not a defect,https://county_template.devmny.org/the_risk/natural_hazards/tornado,the_risk/natural_hazards/tornado,1545899,(untitled),2179729,Card,v2,Actions_Revised,"C4-a,C4-b",component holds a 147-column snapshot of Actions_Revised,None. Recorded so the next sweep does not re-raise it.,Observation,,,Owner ruling 2026-09-01: does not result in data being displayed incorrectly or otherwise impact the site.
QA2-178,Observation,O4,Source snapshot behind the live definition,,Not a defect,https://county_template.devmny.org/the_risk/natural_hazards/wildfire,the_risk/natural_hazards/wildfire,1546087,(untitled),2179730,Card,v2,Actions_Revised,"C4-a,C4-b",component holds a 147-column snapshot of Actions_Revised,None. Recorded so the next sweep does not re-raise it.,Observation,,,Owner ruling 2026-09-01: does not result in data being displayed incorrectly or otherwise impact the site.
QA2-180,Observation,O4,Source snapshot behind the live definition,,Not a defect,https://county_template.devmny.org/the_risk/natural_hazards/wind,the_risk/natural_hazards/wind,1546213,(untitled),2179731,Card,v2,Actions_Revised,"C4-a,C4-b",component holds a 147-column snapshot of Actions_Revised,None. Recorded so the next sweep does not re-raise it.,Observation,,,Owner ruling 2026-09-01: does not result in data being displayed incorrectly or otherwise impact the site.
QA2-181,Observation,O4,Source snapshot behind the live definition,,Not a defect,https://county_template.devmny.org/the_risk/natural_hazards/wind,the_risk/natural_hazards/wind,1546213,Local Actions Table,2179746,Spreadsheet,v2,Actions_Revised,"C4-a,C4-b",component holds a 147-column snapshot of Actions_Revised,None. Recorded so the next sweep does not re-raise it.,Observation,,,Owner ruling 2026-09-01: does not result in data being displayed incorrectly or otherwise impact the site.
QA2-348,Deferred,D2,Bound to a source that does not resolve,,Owned elsewhere,https://county_template.devmny.org/the_local_environment/built_environment,the_local_environment/built_environment,1300809,County Building Stock,2011173,Card,v1,AVAIL BILD V3.1,B2-a,"source id 1117 has no resolvable row, so no column-level check can run against it",No action in this sweep.,Deferred,,,Owner deferred with the snapshot class. Most are probably DaMa-side sources.
QA2-349,Deferred,D2,Bound to a source that does not resolve,,Owned elsewhere,https://county_template.devmny.org/the_local_environment/built_environment,the_local_environment/built_environment,1300809,Critical Buildings,2011177,Spreadsheet,v1,BILD 2026 Simplified Draft V1,B2-a,"source id 1651 has no resolvable row, so no column-level check can run against it",No action in this sweep.,Deferred,,,Owner deferred with the snapshot class. Most are probably DaMa-side sources.
QA2-350,Deferred,D2,Bound to a source that does not resolve,,Owned elsewhere,https://county_template.devmny.org/the_local_environment/built_environment,the_local_environment/built_environment,1300809,Buildings By Landuse Summary,2011197,Spreadsheet,v1,BILD 2026 Simplified Draft V1,B2-a,"source id 1651 has no resolvable row, so no column-level check can run against it",No action in this sweep.,Deferred,,,Owner deferred with the snapshot class. Most are probably DaMa-side sources.
QA2-351,Deferred,D2,Bound to a source that does not resolve,,Owned elsewhere,https://county_template.devmny.org/the_local_environment/built_environment,the_local_environment/built_environment,1300809,Buildings in The Floodplain by Jurisdiction,2011198,Spreadsheet,v1,BILD 2026 Simplified Draft V1,B2-a,"source id 1651 has no resolvable row, so no column-level check can run against it",No action in this sweep.,Deferred,,,Owner deferred with the snapshot class. Most are probably DaMa-side sources.
QA2-352,Deferred,D2,Bound to a source that does not resolve,,Owned elsewhere,https://county_template.devmny.org/the_local_environment/built_environment,the_local_environment/built_environment,1300809,Historic Buildings,2011202,Spreadsheet,v2,BILD 2026 Simplified Draft V1,B2-a,"source id 1651 has no resolvable row, so no column-level check can run against it",No action in this sweep.,Deferred,,,Owner deferred with the snapshot class. Most are probably DaMa-side sources.
QA2-353,Deferred,D2,Bound to a source that does not resolve,,Owned elsewhere,https://county_template.devmny.org/the_local_environment/built_environment,the_local_environment/built_environment,1300809,NFIP Table,2011214,Spreadsheet,v1,NFIP Claims Enhanced (V2),"B2-c,C2-a","source id 831 has no resolvable row, so no column-level check can run against it",No action in this sweep.,Deferred,,,Owner deferred with the snapshot class. Most are probably DaMa-side sources.
QA2-354,Deferred,D2,Bound to a source that does not resolve,,Owned elsewhere,https://county_template.devmny.org/the_local_environment/natural_environment,the_local_environment/natural_environment,1300819,Open Space Parcel Statistics,1703874,Spreadsheet,v1,NYS Tax Parcels Map,B2-a,"source id 423 has no resolvable row, so no column-level check can run against it",No action in this sweep.,Deferred,,,Owner deferred with the snapshot class. Most are probably DaMa-side sources.
QA2-355,Deferred,D2,Bound to a source that does not resolve,,Owned elsewhere,https://county_template.devmny.org/the_plan/jurisdictional_annexes/select_jurisdiction,the_plan/jurisdictional_annexes/select_jurisdiction,1348541,BUILDINGS BY LANDUSE,1716681,Spreadsheet,v1,BILD 2026 Simplified Draft V1,H2,"source id 1651 has no resolvable row, so no column-level check can run against it",No action in this sweep.,Deferred,,,Owner deferred with the snapshot class. Most are probably DaMa-side sources.
QA2-356,Deferred,D2,Bound to a source that does not resolve,,Owned elsewhere,https://county_template.devmny.org/the_plan/jurisdictional_annexes/select_jurisdiction,the_plan/jurisdictional_annexes/select_jurisdiction,1348541,Critical Buildings,1716686,Spreadsheet,v1,BILD 2026 Simplified Draft V1,H2,"source id 1651 has no resolvable row, so no column-level check can run against it",No action in this sweep.,Deferred,,,Owner deferred with the snapshot class. Most are probably DaMa-side sources.
QA2-357,Deferred,D2,Bound to a source that does not resolve,,Owned elsewhere,https://county_template.devmny.org/the_plan/jurisdictional_annexes/select_jurisdiction,the_plan/jurisdictional_annexes/select_jurisdiction,1348541,NFIP Loss,1682239,Card,v1,nfip claims enhance (incl jurisdiction geoms) v1.1,C2-a,"source id 1558 has no resolvable row, so no column-level check can run against it",No action in this sweep.,Deferred,,,Owner deferred with the snapshot class. Most are probably DaMa-side sources.
QA2-358,Deferred,D2,Bound to a source that does not resolve,,Owned elsewhere,https://county_template.devmny.org/the_plan/jurisdictional_annexes/select_jurisdiction,the_plan/jurisdictional_annexes/select_jurisdiction,1348541,Buildings in The Floodplain,1920837,Spreadsheet,v1,BILD 2026 Simplified Draft V1,,"source id 1651 has no resolvable row, so no column-level check can run against it",No action in this sweep.,Deferred,,,Owner deferred with the snapshot class. Most are probably DaMa-side sources.
QA2-359,Deferred,D2,Bound to a source that does not resolve,,Owned elsewhere,https://county_template.devmny.org/the_plan/jurisdictional_annexes/select_jurisdiction,the_plan/jurisdictional_annexes/select_jurisdiction,1348541,Critical Buildings in The Floodplain,1920935,Spreadsheet,v1,BILD 2026 Simplified Draft V1,,"source id 1651 has no resolvable row, so no column-level check can run against it",No action in this sweep.,Deferred,,,Owner deferred with the snapshot class. Most are probably DaMa-side sources.
QA2-360,Deferred,D2,Bound to a source that does not resolve,,Owned elsewhere,https://county_template.devmny.org/the_risk/disasters/disaster_template,the_risk/disasters/disaster_template,1421118,(untitled),2249218,Filter,v2,AVAIL - Fusion Events V2,,"source id 870 has no resolvable row, so no column-level check can run against it",No action in this sweep.,Deferred,,,Owner deferred with the snapshot class. Most are probably DaMa-side sources.
QA2-361,Deferred,D2,Bound to a source that does not resolve,,Owned elsewhere,https://county_template.devmny.org/the_risk/disasters/disaster_template,the_risk/disasters/disaster_template,1421118,(untitled),2249214,Card,v2,AVAIL - Fusion Events V2,B1-d,"source id 870 has no resolvable row, so no column-level check can run against it",No action in this sweep.,Deferred,,,Owner deferred with the snapshot class. Most are probably DaMa-side sources.
QA2-362,Deferred,D2,Bound to a source that does not resolve,,Owned elsewhere,https://county_template.devmny.org/the_risk/disasters/disaster_template,the_risk/disasters/disaster_template,1421118,Total Loss by Program,2249216,Card,v2,Disaster Loss Summary (V2),B1-d,"source id 858 has no resolvable row, so no column-level check can run against it",No action in this sweep.,Deferred,,,Owner deferred with the snapshot class. Most are probably DaMa-side sources.
QA2-363,Deferred,D2,Bound to a source that does not resolve,,Owned elsewhere,https://county_template.devmny.org/the_risk/disasters/disaster_template,the_risk/disasters/disaster_template,1421118,PUBLIC ASSISTANCE (PA) for the County,1421131,Spreadsheet,v1,PA Funded Projects Enhanced,B1-d,"source id 372 has no resolvable row, so no column-level check can run against it",No action in this sweep.,Deferred,,,Owner deferred with the snapshot class. Most are probably DaMa-side sources.
QA2-364,Deferred,D2,Bound to a source that does not resolve,,Owned elsewhere,https://county_template.devmny.org/the_risk/disasters/disaster_template,the_risk/disasters/disaster_template,1421118,Individual Assistance (IA) - County Damage Values,1421133,Spreadsheet,v1,IHP Enhanced,B1-d,"source id 854 has no resolvable row, so no column-level check can run against it",No action in this sweep.,Deferred,,,Owner deferred with the snapshot class. Most are probably DaMa-side sources.
QA2-365,Deferred,D2,Bound to a source that does not resolve,,Owned elsewhere,https://county_template.devmny.org/the_risk/disasters/disaster_template,the_risk/disasters/disaster_template,1421118,IA - Approved Assistance Amounts in the County,1421135,Spreadsheet,v1,IHP Enhanced,B1-d,"source id 854 has no resolvable row, so no column-level check can run against it",No action in this sweep.,Deferred,,,Owner deferred with the snapshot class. Most are probably DaMa-side sources.
QA2-366,Deferred,D2,Bound to a source that does not resolve,,Owned elsewhere,https://county_template.devmny.org/the_risk/disasters/disaster_template,the_risk/disasters/disaster_template,1421118,Small Business Administration (SBA) Disaster Loan Program - County Losses,1421137,Spreadsheet,v1,Small Business Administration (SBA) - Disaster Loan Data,B1-d,"source id 88 has no resolvable row, so no column-level check can run against it",No action in this sweep.,Deferred,,,Owner deferred with the snapshot class. Most are probably DaMa-side sources.
QA2-367,Deferred,D2,Bound to a source that does not resolve,,Owned elsewhere,https://county_template.devmny.org/the_risk/disasters/disaster_template,the_risk/disasters/disaster_template,1421118,NATIONAL FLOOD INSURANCE PROGRAM (NFIP) - County Claims,1421139,Spreadsheet,v1,NFIP Claims Enhanced (V2),B1-d,"source id 831 has no resolvable row, so no column-level check can run against it",No action in this sweep.,Deferred,,,Owner deferred with the snapshot class. Most are probably DaMa-side sources.
QA2-368,Deferred,D2,Bound to a source that does not resolve,,Owned elsewhere,https://county_template.devmny.org/the_risk/disasters/disaster_template,the_risk/disasters/disaster_template,1421118,United States Department of Agriculture Crop Loss in the County,1421141,Spreadsheet,v1,USDA Crop Loss Enhanced,B1-d,"source id 342 has no resolvable row, so no column-level check can run against it",No action in this sweep.,Deferred,,,Owner deferred with the snapshot class. Most are probably DaMa-side sources.
QA2-369,Deferred,D2,Bound to a source that does not resolve,,Owned elsewhere,https://county_template.devmny.org/the_risk/natural_hazards,the_risk/natural_hazards,1300806,Total Expected Annual Loss by Hazard Category,2413414,Graph,v1,FEMA - National Risk Index (NRI) Counties,B2-b,"source id 159 has no resolvable row, so no column-level check can run against it",No action in this sweep.,Deferred,,,Owner deferred with the snapshot class. Most are probably DaMa-side sources.
QA2-370,Deferred,D2,Bound to a source that does not resolve,,Owned elsewhere,https://county_template.devmny.org/the_risk/natural_hazards,the_risk/natural_hazards,1300806,(untitled),2413418,Graph,v2,AVAIL - Fusion Events V2,B1-d,"source id 870 has no resolvable row, so no column-level check can run against it",No action in this sweep.,Deferred,,,Owner deferred with the snapshot class. Most are probably DaMa-side sources.
QA2-371,Deferred,D2,Bound to a source that does not resolve,,Owned elsewhere,https://county_template.devmny.org/the_risk/natural_hazards,the_risk/natural_hazards,1300806,(untitled),2413419,Card,v1,AVAIL - Fusion Events V2,B1-d,"source id 870 has no resolvable row, so no column-level check can run against it",No action in this sweep.,Deferred,,,Owner deferred with the snapshot class. Most are probably DaMa-side sources.
QA2-372,Deferred,D2,Bound to a source that does not resolve,,Owned elsewhere,https://county_template.devmny.org/the_risk/natural_hazards,the_risk/natural_hazards,1300806,(untitled),2413422,Spreadsheet,v2,AVAIL - Fusion Events V2,B1-d,"source id 870 has no resolvable row, so no column-level check can run against it",No action in this sweep.,Deferred,,,Owner deferred with the snapshot class. Most are probably DaMa-side sources.
QA2-373,Deferred,D2,Bound to a source that does not resolve,,Owned elsewhere,https://county_template.devmny.org/the_risk/natural_hazards,the_risk/natural_hazards,1300806,(untitled),2413424,Spreadsheet,v2,AVAIL - NCEI Storm Events Enhanced,B1-d,"source id 198 has no resolvable row, so no column-level check can run against it",No action in this sweep.,Deferred,,,Owner deferred with the snapshot class. Most are probably DaMa-side sources.
QA2-374,Deferred,D2,Bound to a source that does not resolve,,Owned elsewhere,https://county_template.devmny.org/the_risk/natural_hazards,the_risk/natural_hazards,1300806,Loss by Hazard Category,2413425,Spreadsheet,v2,AVAIL - Fusion Events V2,B1-d,"source id 870 has no resolvable row, so no column-level check can run against it",No action in this sweep.,Deferred,,,Owner deferred with the snapshot class. Most are probably DaMa-side sources.
QA2-375,Deferred,D2,Bound to a source that does not resolve,,Owned elsewhere,https://county_template.devmny.org/the_risk/natural_hazards,the_risk/natural_hazards,1300806,(untitled),2413427,Graph,v2,AVAIL - Fusion Events V2,B1-d,"source id 870 has no resolvable row, so no column-level check can run against it",No action in this sweep.,Deferred,,,Owner deferred with the snapshot class. Most are probably DaMa-side sources.
QA2-376,Deferred,D2,Bound to a source that does not resolve,,Owned elsewhere,https://county_template.devmny.org/the_risk/natural_hazards,the_risk/natural_hazards,1300806,(untitled),2413429,Graph,v2,AVAIL - Fusion Events V2,B1-d,"source id 870 has no resolvable row, so no column-level check can run against it",No action in this sweep.,Deferred,,,Owner deferred with the snapshot class. Most are probably DaMa-side sources.
QA2-377,Deferred,D2,Bound to a source that does not resolve,,Owned elsewhere,https://county_template.devmny.org/the_risk/natural_hazards,the_risk/natural_hazards,1300806,The Last 5 Years - Events,2413430,Graph,v2,AVAIL - Fusion Events V2,B1-d,"source id 870 has no resolvable row, so no column-level check can run against it",No action in this sweep.,Deferred,,,Owner deferred with the snapshot class. Most are probably DaMa-side sources.
QA2-378,Deferred,D2,Bound to a source that does not resolve,,Owned elsewhere,https://county_template.devmny.org/the_risk/natural_hazards,the_risk/natural_hazards,1300806,The Last 5 Years - Damage,2413431,Graph,v2,AVAIL - Fusion Events V2,B1-d,"source id 870 has no resolvable row, so no column-level check can run against it",No action in this sweep.,Deferred,,,Owner deferred with the snapshot class. Most are probably DaMa-side sources.
QA2-379,Deferred,D2,Bound to a source that does not resolve,,Owned elsewhere,https://county_template.devmny.org/the_risk/natural_hazards/avalanche,the_risk/natural_hazards/avalanche,1544721,(untitled),2176930,Card,v2,AVAIL - Fusion Events V2,,"source id 870 has no resolvable row, so no column-level check can run against it",No action in this sweep.,Deferred,,,Owner deferred with the snapshot class. Most are probably DaMa-side sources.
QA2-380,Deferred,D2,Bound to a source that does not resolve,,Owned elsewhere,https://county_template.devmny.org/the_risk/natural_hazards/avalanche,the_risk/natural_hazards/avalanche,1544721,(untitled),2176932,Card,v2,NRI Counties - Hazard Normalized,,"source id 1508 has no resolvable row, so no column-level check can run against it",No action in this sweep.,Deferred,,,Owner deferred with the snapshot class. Most are probably DaMa-side sources.
QA2-381,Deferred,D2,Bound to a source that does not resolve,,Owned elsewhere,https://county_template.devmny.org/the_risk/natural_hazards/avalanche,the_risk/natural_hazards/avalanche,1544721,(untitled),2176933,Card,v2,AVAIL - Fusion Events V2,,"source id 870 has no resolvable row, so no column-level check can run against it",No action in this sweep.,Deferred,,,Owner deferred with the snapshot class. Most are probably DaMa-side sources.
QA2-382,Deferred,D2,Bound to a source that does not resolve,,Owned elsewhere,https://county_template.devmny.org/the_risk/natural_hazards/avalanche,the_risk/natural_hazards/avalanche,1544721,(untitled),2176945,Graph,v1,AVAIL - Fusion Events V2,B1-d,"source id 870 has no resolvable row, so no column-level check can run against it",No action in this sweep.,Deferred,,,Owner deferred with the snapshot class. Most are probably DaMa-side sources.
QA2-383,Deferred,D2,Bound to a source that does not resolve,,Owned elsewhere,https://county_template.devmny.org/the_risk/natural_hazards/avalanche,the_risk/natural_hazards/avalanche,1544721,(untitled),2176946,Card,v2,AVAIL - Fusion Events V2,B1-d,"source id 870 has no resolvable row, so no column-level check can run against it",No action in this sweep.,Deferred,,,Owner deferred with the snapshot class. Most are probably DaMa-side sources.
QA2-384,Deferred,D2,Bound to a source that does not resolve,,Owned elsewhere,https://county_template.devmny.org/the_risk/natural_hazards/avalanche,the_risk/natural_hazards/avalanche,1544721,(untitled),2176950,Graph,v2,AVAIL - Fusion Events V2,B1-d,"source id 870 has no resolvable row, so no column-level check can run against it",No action in this sweep.,Deferred,,,Owner deferred with the snapshot class. Most are probably DaMa-side sources.
QA2-385,Deferred,D2,Bound to a source that does not resolve,,Owned elsewhere,https://county_template.devmny.org/the_risk/natural_hazards/avalanche,the_risk/natural_hazards/avalanche,1544721,(untitled),2176953,Graph,v2,AVAIL - Fusion Events V2,B1-d,"source id 870 has no resolvable row, so no column-level check can run against it",No action in this sweep.,Deferred,,,Owner deferred with the snapshot class. Most are probably DaMa-side sources.
QA2-386,Deferred,D2,Bound to a source that does not resolve,,Owned elsewhere,https://county_template.devmny.org/the_risk/natural_hazards/avalanche,the_risk/natural_hazards/avalanche,1544721,(untitled),2176956,Spreadsheet,v1,AVAIL - Fusion Events V2,B1-d,"source id 870 has no resolvable row, so no column-level check can run against it",No action in this sweep.,Deferred,,,Owner deferred with the snapshot class. Most are probably DaMa-side sources.
QA2-387,Deferred,D2,Bound to a source that does not resolve,,Owned elsewhere,https://county_template.devmny.org/the_risk/natural_hazards/avalanche,the_risk/natural_hazards/avalanche,1544721,(untitled),2176961,Spreadsheet,v2,AVAIL - Fusion Events V2,B1-d,"source id 870 has no resolvable row, so no column-level check can run against it",No action in this sweep.,Deferred,,,Owner deferred with the snapshot class. Most are probably DaMa-side sources.
QA2-388,Deferred,D2,Bound to a source that does not resolve,,Owned elsewhere,https://county_template.devmny.org/the_risk/natural_hazards/avalanche,the_risk/natural_hazards/avalanche,1544721,(untitled),2176972,Card,v1,NRI Counties - Hazard Normalized,B2-b,"source id 1508 has no resolvable row, so no column-level check can run against it",No action in this sweep.,Deferred,,,Owner deferred with the snapshot class. Most are probably DaMa-side sources.
QA2-389,Deferred,D2,Bound to a source that does not resolve,,Owned elsewhere,https://county_template.devmny.org/the_risk/natural_hazards/coastal_hazards,the_risk/natural_hazards/coastal_hazards,1544317,(untitled),1544196,Card,v2,AVAIL - Fusion Events V2,,"source id 870 has no resolvable row, so no column-level check can run against it",No action in this sweep.,Deferred,,,Owner deferred with the snapshot class. Most are probably DaMa-side sources.
QA2-390,Deferred,D2,Bound to a source that does not resolve,,Owned elsewhere,https://county_template.devmny.org/the_risk/natural_hazards/coastal_hazards,the_risk/natural_hazards/coastal_hazards,1544317,(untitled),1544197,Card,v2,NRI Counties - Hazard Normalized,,"source id 1508 has no resolvable row, so no column-level check can run against it",No action in this sweep.,Deferred,,,Owner deferred with the snapshot class. Most are probably DaMa-side sources.
QA2-391,Deferred,D2,Bound to a source that does not resolve,,Owned elsewhere,https://county_template.devmny.org/the_risk/natural_hazards/coastal_hazards,the_risk/natural_hazards/coastal_hazards,1544317,(untitled),1544198,Card,v2,AVAIL - Fusion Events V2,,"source id 870 has no resolvable row, so no column-level check can run against it",No action in this sweep.,Deferred,,,Owner deferred with the snapshot class. Most are probably DaMa-side sources.
QA2-392,Deferred,D2,Bound to a source that does not resolve,,Owned elsewhere,https://county_template.devmny.org/the_risk/natural_hazards/coastal_hazards,the_risk/natural_hazards/coastal_hazards,1544317,(untitled),1544209,Graph,v1,AVAIL - Fusion Events V2,B1-d,"source id 870 has no resolvable row, so no column-level check can run against it",No action in this sweep.,Deferred,,,Owner deferred with the snapshot class. Most are probably DaMa-side sources.
QA2-393,Deferred,D2,Bound to a source that does not resolve,,Owned elsewhere,https://county_template.devmny.org/the_risk/natural_hazards/coastal_hazards,the_risk/natural_hazards/coastal_hazards,1544317,(untitled),1544210,Card,v2,AVAIL - Fusion Events V2,B1-d,"source id 870 has no resolvable row, so no column-level check can run against it",No action in this sweep.,Deferred,,,Owner deferred with the snapshot class. Most are probably DaMa-side sources.
QA2-394,Deferred,D2,Bound to a source that does not resolve,,Owned elsewhere,https://county_template.devmny.org/the_risk/natural_hazards/coastal_hazards,the_risk/natural_hazards/coastal_hazards,1544317,(untitled),1544215,Graph,v2,AVAIL - Fusion Events V2,B1-d,"source id 870 has no resolvable row, so no column-level check can run against it",No action in this sweep.,Deferred,,,Owner deferred with the snapshot class. Most are probably DaMa-side sources.
QA2-395,Deferred,D2,Bound to a source that does not resolve,,Owned elsewhere,https://county_template.devmny.org/the_risk/natural_hazards/coastal_hazards,the_risk/natural_hazards/coastal_hazards,1544317,(untitled),1544218,Graph,v2,AVAIL - Fusion Events V2,B1-d,"source id 870 has no resolvable row, so no column-level check can run against it",No action in this sweep.,Deferred,,,Owner deferred with the snapshot class. Most are probably DaMa-side sources.
QA2-396,Deferred,D2,Bound to a source that does not resolve,,Owned elsewhere,https://county_template.devmny.org/the_risk/natural_hazards/coastal_hazards,the_risk/natural_hazards/coastal_hazards,1544317,(untitled),1544221,Spreadsheet,v1,AVAIL - Fusion Events V2,B1-d,"source id 870 has no resolvable row, so no column-level check can run against it",No action in this sweep.,Deferred,,,Owner deferred with the snapshot class. Most are probably DaMa-side sources.
QA2-397,Deferred,D2,Bound to a source that does not resolve,,Owned elsewhere,https://county_template.devmny.org/the_risk/natural_hazards/coastal_hazards,the_risk/natural_hazards/coastal_hazards,1544317,(untitled),1544225,Spreadsheet,v2,AVAIL - Fusion Events V2,B1-d,"source id 870 has no resolvable row, so no column-level check can run against it",No action in this sweep.,Deferred,,,Owner deferred with the snapshot class. Most are probably DaMa-side sources.
QA2-398,Deferred,D2,Bound to a source that does not resolve,,Owned elsewhere,https://county_template.devmny.org/the_risk/natural_hazards/coastal_hazards,the_risk/natural_hazards/coastal_hazards,1544317,(untitled),1544233,Card,v1,NRI Counties - Hazard Normalized,B2-b,"source id 1508 has no resolvable row, so no column-level check can run against it",No action in this sweep.,Deferred,,,Owner deferred with the snapshot class. Most are probably DaMa-side sources.
QA2-399,Deferred,D2,Bound to a source that does not resolve,,Owned elsewhere,https://county_template.devmny.org/the_risk/natural_hazards/drought,the_risk/natural_hazards/drought,1545217,(untitled),1898194,Card,v2,AVAIL - Fusion Events V2,,"source id 870 has no resolvable row, so no column-level check can run against it",No action in this sweep.,Deferred,,,Owner deferred with the snapshot class. Most are probably DaMa-side sources.
QA2-400,Deferred,D2,Bound to a source that does not resolve,,Owned elsewhere,https://county_template.devmny.org/the_risk/natural_hazards/drought,the_risk/natural_hazards/drought,1545217,(untitled),1898196,Card,v2,NRI Counties - Hazard Normalized,,"source id 1508 has no resolvable row, so no column-level check can run against it",No action in this sweep.,Deferred,,,Owner deferred with the snapshot class. Most are probably DaMa-side sources.
QA2-401,Deferred,D2,Bound to a source that does not resolve,,Owned elsewhere,https://county_template.devmny.org/the_risk/natural_hazards/drought,the_risk/natural_hazards/drought,1545217,(untitled),1898197,Card,v2,AVAIL - Fusion Events V2,,"source id 870 has no resolvable row, so no column-level check can run against it",No action in this sweep.,Deferred,,,Owner deferred with the snapshot class. Most are probably DaMa-side sources.
QA2-402,Deferred,D2,Bound to a source that does not resolve,,Owned elsewhere,https://county_template.devmny.org/the_risk/natural_hazards/drought,the_risk/natural_hazards/drought,1545217,(untitled),1898208,Graph,v1,AVAIL - Fusion Events V2,B1-d,"source id 870 has no resolvable row, so no column-level check can run against it",No action in this sweep.,Deferred,,,Owner deferred with the snapshot class. Most are probably DaMa-side sources.
QA2-403,Deferred,D2,Bound to a source that does not resolve,,Owned elsewhere,https://county_template.devmny.org/the_risk/natural_hazards/drought,the_risk/natural_hazards/drought,1545217,(untitled),1898209,Card,v2,AVAIL - Fusion Events V2,B1-d,"source id 870 has no resolvable row, so no column-level check can run against it",No action in this sweep.,Deferred,,,Owner deferred with the snapshot class. Most are probably DaMa-side sources.
QA2-404,Deferred,D2,Bound to a source that does not resolve,,Owned elsewhere,https://county_template.devmny.org/the_risk/natural_hazards/drought,the_risk/natural_hazards/drought,1545217,(untitled),1898213,Graph,v2,AVAIL - Fusion Events V2,B1-d,"source id 870 has no resolvable row, so no column-level check can run against it",No action in this sweep.,Deferred,,,Owner deferred with the snapshot class. Most are probably DaMa-side sources.
QA2-405,Deferred,D2,Bound to a source that does not resolve,,Owned elsewhere,https://county_template.devmny.org/the_risk/natural_hazards/drought,the_risk/natural_hazards/drought,1545217,(untitled),1898216,Graph,v2,AVAIL - Fusion Events V2,B1-d,"source id 870 has no resolvable row, so no column-level check can run against it",No action in this sweep.,Deferred,,,Owner deferred with the snapshot class. Most are probably DaMa-side sources.
QA2-406,Deferred,D2,Bound to a source that does not resolve,,Owned elsewhere,https://county_template.devmny.org/the_risk/natural_hazards/drought,the_risk/natural_hazards/drought,1545217,(untitled),1898219,Spreadsheet,v1,AVAIL - Fusion Events V2,B1-d,"source id 870 has no resolvable row, so no column-level check can run against it",No action in this sweep.,Deferred,,,Owner deferred with the snapshot class. Most are probably DaMa-side sources.
QA2-407,Deferred,D2,Bound to a source that does not resolve,,Owned elsewhere,https://county_template.devmny.org/the_risk/natural_hazards/drought,the_risk/natural_hazards/drought,1545217,(untitled),1898224,Spreadsheet,v2,AVAIL - Fusion Events V2,B1-d,"source id 870 has no resolvable row, so no column-level check can run against it",No action in this sweep.,Deferred,,,Owner deferred with the snapshot class. Most are probably DaMa-side sources.
QA2-408,Deferred,D2,Bound to a source that does not resolve,,Owned elsewhere,https://county_template.devmny.org/the_risk/natural_hazards/drought,the_risk/natural_hazards/drought,1545217,(untitled),1898235,Card,v1,NRI Counties - Hazard Normalized,B2-b,"source id 1508 has no resolvable row, so no column-level check can run against it",No action in this sweep.,Deferred,,,Owner deferred with the snapshot class. Most are probably DaMa-side sources.
QA2-409,Deferred,D2,Bound to a source that does not resolve,,Owned elsewhere,https://county_template.devmny.org/the_risk/natural_hazards/earthquake,the_risk/natural_hazards/earthquake,1544597,(untitled),1544537,Card,v2,AVAIL - Fusion Events V2,,"source id 870 has no resolvable row, so no column-level check can run against it",No action in this sweep.,Deferred,,,Owner deferred with the snapshot class. Most are probably DaMa-side sources.
QA2-410,Deferred,D2,Bound to a source that does not resolve,,Owned elsewhere,https://county_template.devmny.org/the_risk/natural_hazards/earthquake,the_risk/natural_hazards/earthquake,1544597,(untitled),1544538,Card,v2,NRI Counties - Hazard Normalized,,"source id 1508 has no resolvable row, so no column-level check can run against it",No action in this sweep.,Deferred,,,Owner deferred with the snapshot class. Most are probably DaMa-side sources.
QA2-411,Deferred,D2,Bound to a source that does not resolve,,Owned elsewhere,https://county_template.devmny.org/the_risk/natural_hazards/earthquake,the_risk/natural_hazards/earthquake,1544597,(untitled),1544539,Card,v2,AVAIL - Fusion Events V2,,"source id 870 has no resolvable row, so no column-level check can run against it",No action in this sweep.,Deferred,,,Owner deferred with the snapshot class. Most are probably DaMa-side sources.
QA2-412,Deferred,D2,Bound to a source that does not resolve,,Owned elsewhere,https://county_template.devmny.org/the_risk/natural_hazards/earthquake,the_risk/natural_hazards/earthquake,1544597,(untitled),1544550,Graph,v1,AVAIL - Fusion Events V2,B1-d,"source id 870 has no resolvable row, so no column-level check can run against it",No action in this sweep.,Deferred,,,Owner deferred with the snapshot class. Most are probably DaMa-side sources.
QA2-413,Deferred,D2,Bound to a source that does not resolve,,Owned elsewhere,https://county_template.devmny.org/the_risk/natural_hazards/earthquake,the_risk/natural_hazards/earthquake,1544597,(untitled),1544551,Card,v2,AVAIL - Fusion Events V2,B1-d,"source id 870 has no resolvable row, so no column-level check can run against it",No action in this sweep.,Deferred,,,Owner deferred with the snapshot class. Most are probably DaMa-side sources.
QA2-414,Deferred,D2,Bound to a source that does not resolve,,Owned elsewhere,https://county_template.devmny.org/the_risk/natural_hazards/earthquake,the_risk/natural_hazards/earthquake,1544597,(untitled),1544556,Graph,v2,AVAIL - Fusion Events V2,B1-d,"source id 870 has no resolvable row, so no column-level check can run against it",No action in this sweep.,Deferred,,,Owner deferred with the snapshot class. Most are probably DaMa-side sources.
QA2-415,Deferred,D2,Bound to a source that does not resolve,,Owned elsewhere,https://county_template.devmny.org/the_risk/natural_hazards/earthquake,the_risk/natural_hazards/earthquake,1544597,(untitled),1544559,Graph,v2,AVAIL - Fusion Events V2,B1-d,"source id 870 has no resolvable row, so no column-level check can run against it",No action in this sweep.,Deferred,,,Owner deferred with the snapshot class. Most are probably DaMa-side sources.
QA2-416,Deferred,D2,Bound to a source that does not resolve,,Owned elsewhere,https://county_template.devmny.org/the_risk/natural_hazards/earthquake,the_risk/natural_hazards/earthquake,1544597,(untitled),1544562,Spreadsheet,v1,AVAIL - Fusion Events V2,B1-d,"source id 870 has no resolvable row, so no column-level check can run against it",No action in this sweep.,Deferred,,,Owner deferred with the snapshot class. Most are probably DaMa-side sources.
QA2-417,Deferred,D2,Bound to a source that does not resolve,,Owned elsewhere,https://county_template.devmny.org/the_risk/natural_hazards/earthquake,the_risk/natural_hazards/earthquake,1544597,(untitled),1544566,Spreadsheet,v2,AVAIL - Fusion Events V2,B1-d,"source id 870 has no resolvable row, so no column-level check can run against it",No action in this sweep.,Deferred,,,Owner deferred with the snapshot class. Most are probably DaMa-side sources.
QA2-418,Deferred,D2,Bound to a source that does not resolve,,Owned elsewhere,https://county_template.devmny.org/the_risk/natural_hazards/earthquake,the_risk/natural_hazards/earthquake,1544597,(untitled),1544574,Card,v1,NRI Counties - Hazard Normalized,B2-b,"source id 1508 has no resolvable row, so no column-level check can run against it",No action in this sweep.,Deferred,,,Owner deferred with the snapshot class. Most are probably DaMa-side sources.
QA2-419,Deferred,D2,Bound to a source that does not resolve,,Owned elsewhere,https://county_template.devmny.org/the_risk/natural_hazards/extreme_cold,the_risk/natural_hazards/extreme_cold,1544845,(untitled),1544785,Card,v2,AVAIL - Fusion Events V2,,"source id 870 has no resolvable row, so no column-level check can run against it",No action in this sweep.,Deferred,,,Owner deferred with the snapshot class. Most are probably DaMa-side sources.
QA2-420,Deferred,D2,Bound to a source that does not resolve,,Owned elsewhere,https://county_template.devmny.org/the_risk/natural_hazards/extreme_cold,the_risk/natural_hazards/extreme_cold,1544845,(untitled),1544786,Card,v2,NRI Counties - Hazard Normalized,,"source id 1508 has no resolvable row, so no column-level check can run against it",No action in this sweep.,Deferred,,,Owner deferred with the snapshot class. Most are probably DaMa-side sources.
QA2-421,Deferred,D2,Bound to a source that does not resolve,,Owned elsewhere,https://county_template.devmny.org/the_risk/natural_hazards/extreme_cold,the_risk/natural_hazards/extreme_cold,1544845,(untitled),1544787,Card,v2,AVAIL - Fusion Events V2,,"source id 870 has no resolvable row, so no column-level check can run against it",No action in this sweep.,Deferred,,,Owner deferred with the snapshot class. Most are probably DaMa-side sources.
QA2-422,Deferred,D2,Bound to a source that does not resolve,,Owned elsewhere,https://county_template.devmny.org/the_risk/natural_hazards/extreme_cold,the_risk/natural_hazards/extreme_cold,1544845,(untitled),1544798,Graph,v1,AVAIL - Fusion Events V2,B1-d,"source id 870 has no resolvable row, so no column-level check can run against it",No action in this sweep.,Deferred,,,Owner deferred with the snapshot class. Most are probably DaMa-side sources.
QA2-423,Deferred,D2,Bound to a source that does not resolve,,Owned elsewhere,https://county_template.devmny.org/the_risk/natural_hazards/extreme_cold,the_risk/natural_hazards/extreme_cold,1544845,(untitled),1544799,Card,v2,AVAIL - Fusion Events V2,B1-d,"source id 870 has no resolvable row, so no column-level check can run against it",No action in this sweep.,Deferred,,,Owner deferred with the snapshot class. Most are probably DaMa-side sources.
QA2-424,Deferred,D2,Bound to a source that does not resolve,,Owned elsewhere,https://county_template.devmny.org/the_risk/natural_hazards/extreme_cold,the_risk/natural_hazards/extreme_cold,1544845,(untitled),1544804,Graph,v2,AVAIL - Fusion Events V2,B1-d,"source id 870 has no resolvable row, so no column-level check can run against it",No action in this sweep.,Deferred,,,Owner deferred with the snapshot class. Most are probably DaMa-side sources.
QA2-425,Deferred,D2,Bound to a source that does not resolve,,Owned elsewhere,https://county_template.devmny.org/the_risk/natural_hazards/extreme_cold,the_risk/natural_hazards/extreme_cold,1544845,(untitled),1544807,Graph,v2,AVAIL - Fusion Events V2,B1-d,"source id 870 has no resolvable row, so no column-level check can run against it",No action in this sweep.,Deferred,,,Owner deferred with the snapshot class. Most are probably DaMa-side sources.
QA2-426,Deferred,D2,Bound to a source that does not resolve,,Owned elsewhere,https://county_template.devmny.org/the_risk/natural_hazards/extreme_cold,the_risk/natural_hazards/extreme_cold,1544845,(untitled),1544810,Spreadsheet,v1,AVAIL - Fusion Events V2,B1-d,"source id 870 has no resolvable row, so no column-level check can run against it",No action in this sweep.,Deferred,,,Owner deferred with the snapshot class. Most are probably DaMa-side sources.
QA2-427,Deferred,D2,Bound to a source that does not resolve,,Owned elsewhere,https://county_template.devmny.org/the_risk/natural_hazards/extreme_cold,the_risk/natural_hazards/extreme_cold,1544845,(untitled),1544814,Spreadsheet,v2,AVAIL - Fusion Events V2,B1-d,"source id 870 has no resolvable row, so no column-level check can run against it",No action in this sweep.,Deferred,,,Owner deferred with the snapshot class. Most are probably DaMa-side sources.
QA2-428,Deferred,D2,Bound to a source that does not resolve,,Owned elsewhere,https://county_template.devmny.org/the_risk/natural_hazards/extreme_cold,the_risk/natural_hazards/extreme_cold,1544845,(untitled),1544822,Card,v1,NRI Counties - Hazard Normalized,B2-b,"source id 1508 has no resolvable row, so no column-level check can run against it",No action in this sweep.,Deferred,,,Owner deferred with the snapshot class. Most are probably DaMa-side sources.
QA2-429,Deferred,D2,Bound to a source that does not resolve,,Owned elsewhere,https://county_template.devmny.org/the_risk/natural_hazards/extreme_heat,the_risk/natural_hazards/extreme_heat,1544969,(untitled),1544909,Card,v2,AVAIL - Fusion Events V2,,"source id 870 has no resolvable row, so no column-level check can run against it",No action in this sweep.,Deferred,,,Owner deferred with the snapshot class. Most are probably DaMa-side sources.
QA2-430,Deferred,D2,Bound to a source that does not resolve,,Owned elsewhere,https://county_template.devmny.org/the_risk/natural_hazards/extreme_heat,the_risk/natural_hazards/extreme_heat,1544969,(untitled),1544910,Card,v2,NRI Counties - Hazard Normalized,,"source id 1508 has no resolvable row, so no column-level check can run against it",No action in this sweep.,Deferred,,,Owner deferred with the snapshot class. Most are probably DaMa-side sources.
QA2-431,Deferred,D2,Bound to a source that does not resolve,,Owned elsewhere,https://county_template.devmny.org/the_risk/natural_hazards/extreme_heat,the_risk/natural_hazards/extreme_heat,1544969,(untitled),1544911,Card,v2,AVAIL - Fusion Events V2,,"source id 870 has no resolvable row, so no column-level check can run against it",No action in this sweep.,Deferred,,,Owner deferred with the snapshot class. Most are probably DaMa-side sources.
QA2-432,Deferred,D2,Bound to a source that does not resolve,,Owned elsewhere,https://county_template.devmny.org/the_risk/natural_hazards/extreme_heat,the_risk/natural_hazards/extreme_heat,1544969,(untitled),1544922,Graph,v1,AVAIL - Fusion Events V2,B1-d,"source id 870 has no resolvable row, so no column-level check can run against it",No action in this sweep.,Deferred,,,Owner deferred with the snapshot class. Most are probably DaMa-side sources.
QA2-433,Deferred,D2,Bound to a source that does not resolve,,Owned elsewhere,https://county_template.devmny.org/the_risk/natural_hazards/extreme_heat,the_risk/natural_hazards/extreme_heat,1544969,(untitled),1544923,Card,v2,AVAIL - Fusion Events V2,B1-d,"source id 870 has no resolvable row, so no column-level check can run against it",No action in this sweep.,Deferred,,,Owner deferred with the snapshot class. Most are probably DaMa-side sources.
QA2-434,Deferred,D2,Bound to a source that does not resolve,,Owned elsewhere,https://county_template.devmny.org/the_risk/natural_hazards/extreme_heat,the_risk/natural_hazards/extreme_heat,1544969,(untitled),1544928,Graph,v2,AVAIL - Fusion Events V2,B1-d,"source id 870 has no resolvable row, so no column-level check can run against it",No action in this sweep.,Deferred,,,Owner deferred with the snapshot class. Most are probably DaMa-side sources.
QA2-435,Deferred,D2,Bound to a source that does not resolve,,Owned elsewhere,https://county_template.devmny.org/the_risk/natural_hazards/extreme_heat,the_risk/natural_hazards/extreme_heat,1544969,(untitled),1544931,Graph,v2,AVAIL - Fusion Events V2,B1-d,"source id 870 has no resolvable row, so no column-level check can run against it",No action in this sweep.,Deferred,,,Owner deferred with the snapshot class. Most are probably DaMa-side sources.
QA2-436,Deferred,D2,Bound to a source that does not resolve,,Owned elsewhere,https://county_template.devmny.org/the_risk/natural_hazards/extreme_heat,the_risk/natural_hazards/extreme_heat,1544969,(untitled),1544934,Spreadsheet,v1,AVAIL - Fusion Events V2,B1-d,"source id 870 has no resolvable row, so no column-level check can run against it",No action in this sweep.,Deferred,,,Owner deferred with the snapshot class. Most are probably DaMa-side sources.
QA2-437,Deferred,D2,Bound to a source that does not resolve,,Owned elsewhere,https://county_template.devmny.org/the_risk/natural_hazards/extreme_heat,the_risk/natural_hazards/extreme_heat,1544969,(untitled),1544938,Spreadsheet,v2,AVAIL - Fusion Events V2,B1-d,"source id 870 has no resolvable row, so no column-level check can run against it",No action in this sweep.,Deferred,,,Owner deferred with the snapshot class. Most are probably DaMa-side sources.
QA2-438,Deferred,D2,Bound to a source that does not resolve,,Owned elsewhere,https://county_template.devmny.org/the_risk/natural_hazards/extreme_heat,the_risk/natural_hazards/extreme_heat,1544969,(untitled),1544946,Card,v1,NRI Counties - Hazard Normalized,B2-b,"source id 1508 has no resolvable row, so no column-level check can run against it",No action in this sweep.,Deferred,,,Owner deferred with the snapshot class. Most are probably DaMa-side sources.
QA2-439,Deferred,D2,Bound to a source that does not resolve,,Owned elsewhere,https://county_template.devmny.org/the_risk/natural_hazards/flooding,the_risk/natural_hazards/flooding,1450290,(untitled),1682899,Card,v2,AVAIL - Fusion Events V2,,"source id 870 has no resolvable row, so no column-level check can run against it",No action in this sweep.,Deferred,,,Owner deferred with the snapshot class. Most are probably DaMa-side sources.
QA2-440,Deferred,D2,Bound to a source that does not resolve,,Owned elsewhere,https://county_template.devmny.org/the_risk/natural_hazards/flooding,the_risk/natural_hazards/flooding,1450290,(untitled),1682904,Card,v2,NRI Counties - Hazard Normalized,,"source id 1508 has no resolvable row, so no column-level check can run against it",No action in this sweep.,Deferred,,,Owner deferred with the snapshot class. Most are probably DaMa-side sources.
QA2-441,Deferred,D2,Bound to a source that does not resolve,,Owned elsewhere,https://county_template.devmny.org/the_risk/natural_hazards/flooding,the_risk/natural_hazards/flooding,1450290,(untitled),1682906,Card,v2,AVAIL - Fusion Events V2,,"source id 870 has no resolvable row, so no column-level check can run against it",No action in this sweep.,Deferred,,,Owner deferred with the snapshot class. Most are probably DaMa-side sources.
QA2-442,Deferred,D2,Bound to a source that does not resolve,,Owned elsewhere,https://county_template.devmny.org/the_risk/natural_hazards/flooding,the_risk/natural_hazards/flooding,1450290,(untitled),1682858,Graph,v1,AVAIL - Fusion Events V2,B1-d,"source id 870 has no resolvable row, so no column-level check can run against it",No action in this sweep.,Deferred,,,Owner deferred with the snapshot class. Most are probably DaMa-side sources.
QA2-443,Deferred,D2,Bound to a source that does not resolve,,Owned elsewhere,https://county_template.devmny.org/the_risk/natural_hazards/flooding,the_risk/natural_hazards/flooding,1450290,(untitled),1682925,Card,v2,AVAIL - Fusion Events V2,B1-d,"source id 870 has no resolvable row, so no column-level check can run against it",No action in this sweep.,Deferred,,,Owner deferred with the snapshot class. Most are probably DaMa-side sources.
QA2-444,Deferred,D2,Bound to a source that does not resolve,,Owned elsewhere,https://county_template.devmny.org/the_risk/natural_hazards/flooding,the_risk/natural_hazards/flooding,1450290,(untitled),1682933,Graph,v2,AVAIL - Fusion Events V2,B1-d,"source id 870 has no resolvable row, so no column-level check can run against it",No action in this sweep.,Deferred,,,Owner deferred with the snapshot class. Most are probably DaMa-side sources.
QA2-445,Deferred,D2,Bound to a source that does not resolve,,Owned elsewhere,https://county_template.devmny.org/the_risk/natural_hazards/flooding,the_risk/natural_hazards/flooding,1450290,(untitled),1682939,Graph,v2,AVAIL - Fusion Events V2,B1-d,"source id 870 has no resolvable row, so no column-level check can run against it",No action in this sweep.,Deferred,,,Owner deferred with the snapshot class. Most are probably DaMa-side sources.
QA2-446,Deferred,D2,Bound to a source that does not resolve,,Owned elsewhere,https://county_template.devmny.org/the_risk/natural_hazards/flooding,the_risk/natural_hazards/flooding,1450290,(untitled),1682943,Spreadsheet,v1,AVAIL - Fusion Events V2,B1-d,"source id 870 has no resolvable row, so no column-level check can run against it",No action in this sweep.,Deferred,,,Owner deferred with the snapshot class. Most are probably DaMa-side sources.
QA2-447,Deferred,D2,Bound to a source that does not resolve,,Owned elsewhere,https://county_template.devmny.org/the_risk/natural_hazards/flooding,the_risk/natural_hazards/flooding,1450290,(untitled),1682948,Spreadsheet,v2,AVAIL - Fusion Events V2,B1-d,"source id 870 has no resolvable row, so no column-level check can run against it",No action in this sweep.,Deferred,,,Owner deferred with the snapshot class. Most are probably DaMa-side sources.
QA2-448,Deferred,D2,Bound to a source that does not resolve,,Owned elsewhere,https://county_template.devmny.org/the_risk/natural_hazards/flooding,the_risk/natural_hazards/flooding,1450290,(untitled),1682959,Card,v1,NRI Counties - Hazard Normalized,B2-b,"source id 1508 has no resolvable row, so no column-level check can run against it",No action in this sweep.,Deferred,,,Owner deferred with the snapshot class. Most are probably DaMa-side sources.
QA2-449,Deferred,D2,Bound to a source that does not resolve,,Owned elsewhere,https://county_template.devmny.org/the_risk/natural_hazards/flooding,the_risk/natural_hazards/flooding,1450290,(untitled),1682973,Spreadsheet,v1,AVAIL BILD 2023 Parcels as Points,"B2-a,B2-b","source id 1505 has no resolvable row, so no column-level check can run against it",No action in this sweep.,Deferred,,,Owner deferred with the snapshot class. Most are probably DaMa-side sources.
QA2-450,Deferred,D2,Bound to a source that does not resolve,,Owned elsewhere,https://county_template.devmny.org/the_risk/natural_hazards/hail,the_risk/natural_hazards/hail,1545093,(untitled),1545033,Card,v2,AVAIL - Fusion Events V2,,"source id 870 has no resolvable row, so no column-level check can run against it",No action in this sweep.,Deferred,,,Owner deferred with the snapshot class. Most are probably DaMa-side sources.
QA2-451,Deferred,D2,Bound to a source that does not resolve,,Owned elsewhere,https://county_template.devmny.org/the_risk/natural_hazards/hail,the_risk/natural_hazards/hail,1545093,(untitled),1545034,Card,v2,NRI Counties - Hazard Normalized,,"source id 1508 has no resolvable row, so no column-level check can run against it",No action in this sweep.,Deferred,,,Owner deferred with the snapshot class. Most are probably DaMa-side sources.
QA2-452,Deferred,D2,Bound to a source that does not resolve,,Owned elsewhere,https://county_template.devmny.org/the_risk/natural_hazards/hail,the_risk/natural_hazards/hail,1545093,(untitled),1545035,Card,v2,AVAIL - Fusion Events V2,,"source id 870 has no resolvable row, so no column-level check can run against it",No action in this sweep.,Deferred,,,Owner deferred with the snapshot class. Most are probably DaMa-side sources.
QA2-453,Deferred,D2,Bound to a source that does not resolve,,Owned elsewhere,https://county_template.devmny.org/the_risk/natural_hazards/hail,the_risk/natural_hazards/hail,1545093,(untitled),1545046,Graph,v1,AVAIL - Fusion Events V2,B1-d,"source id 870 has no resolvable row, so no column-level check can run against it",No action in this sweep.,Deferred,,,Owner deferred with the snapshot class. Most are probably DaMa-side sources.
QA2-454,Deferred,D2,Bound to a source that does not resolve,,Owned elsewhere,https://county_template.devmny.org/the_risk/natural_hazards/hail,the_risk/natural_hazards/hail,1545093,(untitled),1545047,Card,v2,AVAIL - Fusion Events V2,B1-d,"source id 870 has no resolvable row, so no column-level check can run against it",No action in this sweep.,Deferred,,,Owner deferred with the snapshot class. Most are probably DaMa-side sources.
QA2-455,Deferred,D2,Bound to a source that does not resolve,,Owned elsewhere,https://county_template.devmny.org/the_risk/natural_hazards/hail,the_risk/natural_hazards/hail,1545093,(untitled),1545052,Graph,v2,AVAIL - Fusion Events V2,S3-a2,"source id 870 has no resolvable row, so no column-level check can run against it",No action in this sweep.,Deferred,,,Owner deferred with the snapshot class. Most are probably DaMa-side sources.
QA2-456,Deferred,D2,Bound to a source that does not resolve,,Owned elsewhere,https://county_template.devmny.org/the_risk/natural_hazards/hail,the_risk/natural_hazards/hail,1545093,(untitled),1545055,Graph,v2,AVAIL - Fusion Events V2,S3,"source id 870 has no resolvable row, so no column-level check can run against it",No action in this sweep.,Deferred,,,Owner deferred with the snapshot class. Most are probably DaMa-side sources.
QA2-457,Deferred,D2,Bound to a source that does not resolve,,Owned elsewhere,https://county_template.devmny.org/the_risk/natural_hazards/hail,the_risk/natural_hazards/hail,1545093,(untitled),1545058,Spreadsheet,v1,AVAIL - Fusion Events V2,B1-d,"source id 870 has no resolvable row, so no column-level check can run against it",No action in this sweep.,Deferred,,,Owner deferred with the snapshot class. Most are probably DaMa-side sources.
QA2-458,Deferred,D2,Bound to a source that does not resolve,,Owned elsewhere,https://county_template.devmny.org/the_risk/natural_hazards/hail,the_risk/natural_hazards/hail,1545093,(untitled),1545062,Spreadsheet,v2,AVAIL - Fusion Events V2,B1-d,"source id 870 has no resolvable row, so no column-level check can run against it",No action in this sweep.,Deferred,,,Owner deferred with the snapshot class. Most are probably DaMa-side sources.
QA2-459,Deferred,D2,Bound to a source that does not resolve,,Owned elsewhere,https://county_template.devmny.org/the_risk/natural_hazards/hail,the_risk/natural_hazards/hail,1545093,(untitled),1545070,Card,v1,NRI Counties - Hazard Normalized,B2-b,"source id 1508 has no resolvable row, so no column-level check can run against it",No action in this sweep.,Deferred,,,Owner deferred with the snapshot class. Most are probably DaMa-side sources.
QA2-460,Deferred,D2,Bound to a source that does not resolve,,Owned elsewhere,https://county_template.devmny.org/the_risk/natural_hazards/hurricane,the_risk/natural_hazards/hurricane,1545403,(untitled),2416262,Card,v2,AVAIL - Fusion Events V2,,"source id 870 has no resolvable row, so no column-level check can run against it",No action in this sweep.,Deferred,,,Owner deferred with the snapshot class. Most are probably DaMa-side sources.
QA2-461,Deferred,D2,Bound to a source that does not resolve,,Owned elsewhere,https://county_template.devmny.org/the_risk/natural_hazards/hurricane,the_risk/natural_hazards/hurricane,1545403,(untitled),2416266,Card,v2,NRI Counties - Hazard Normalized,,"source id 1508 has no resolvable row, so no column-level check can run against it",No action in this sweep.,Deferred,,,Owner deferred with the snapshot class. Most are probably DaMa-side sources.
QA2-462,Deferred,D2,Bound to a source that does not resolve,,Owned elsewhere,https://county_template.devmny.org/the_risk/natural_hazards/hurricane,the_risk/natural_hazards/hurricane,1545403,(untitled),2416265,Card,v2,AVAIL - Fusion Events V2,,"source id 870 has no resolvable row, so no column-level check can run against it",No action in this sweep.,Deferred,,,Owner deferred with the snapshot class. Most are probably DaMa-side sources.
QA2-463,Deferred,D2,Bound to a source that does not resolve,,Owned elsewhere,https://county_template.devmny.org/the_risk/natural_hazards/hurricane,the_risk/natural_hazards/hurricane,1545403,(untitled),1992573,Graph,v1,AVAIL - Fusion Events V2,B1-d,"source id 870 has no resolvable row, so no column-level check can run against it",No action in this sweep.,Deferred,,,Owner deferred with the snapshot class. Most are probably DaMa-side sources.
QA2-464,Deferred,D2,Bound to a source that does not resolve,,Owned elsewhere,https://county_template.devmny.org/the_risk/natural_hazards/hurricane,the_risk/natural_hazards/hurricane,1545403,(untitled),1992574,Card,v2,AVAIL - Fusion Events V2,B1-d,"source id 870 has no resolvable row, so no column-level check can run against it",No action in this sweep.,Deferred,,,Owner deferred with the snapshot class. Most are probably DaMa-side sources.
QA2-465,Deferred,D2,Bound to a source that does not resolve,,Owned elsewhere,https://county_template.devmny.org/the_risk/natural_hazards/hurricane,the_risk/natural_hazards/hurricane,1545403,(untitled),1992579,Graph,v2,AVAIL - Fusion Events V2,B1-d,"source id 870 has no resolvable row, so no column-level check can run against it",No action in this sweep.,Deferred,,,Owner deferred with the snapshot class. Most are probably DaMa-side sources.
QA2-466,Deferred,D2,Bound to a source that does not resolve,,Owned elsewhere,https://county_template.devmny.org/the_risk/natural_hazards/hurricane,the_risk/natural_hazards/hurricane,1545403,(untitled),1992582,Graph,v2,AVAIL - Fusion Events V2,B1-d,"source id 870 has no resolvable row, so no column-level check can run against it",No action in this sweep.,Deferred,,,Owner deferred with the snapshot class. Most are probably DaMa-side sources.
QA2-467,Deferred,D2,Bound to a source that does not resolve,,Owned elsewhere,https://county_template.devmny.org/the_risk/natural_hazards/hurricane,the_risk/natural_hazards/hurricane,1545403,(untitled),1992585,Spreadsheet,v1,AVAIL - Fusion Events V2,B1-d,"source id 870 has no resolvable row, so no column-level check can run against it",No action in this sweep.,Deferred,,,Owner deferred with the snapshot class. Most are probably DaMa-side sources.
QA2-468,Deferred,D2,Bound to a source that does not resolve,,Owned elsewhere,https://county_template.devmny.org/the_risk/natural_hazards/hurricane,the_risk/natural_hazards/hurricane,1545403,(untitled),1992590,Spreadsheet,v2,AVAIL - Fusion Events V2,B1-d,"source id 870 has no resolvable row, so no column-level check can run against it",No action in this sweep.,Deferred,,,Owner deferred with the snapshot class. Most are probably DaMa-side sources.
QA2-469,Deferred,D2,Bound to a source that does not resolve,,Owned elsewhere,https://county_template.devmny.org/the_risk/natural_hazards/hurricane,the_risk/natural_hazards/hurricane,1545403,(untitled),1992601,Card,v1,NRI Counties - Hazard Normalized,B2-b,"source id 1508 has no resolvable row, so no column-level check can run against it",No action in this sweep.,Deferred,,,Owner deferred with the snapshot class. Most are probably DaMa-side sources.
QA2-470,Deferred,D2,Bound to a source that does not resolve,,Owned elsewhere,https://county_template.devmny.org/the_risk/natural_hazards/ice_storm,the_risk/natural_hazards/ice_storm,1545527,(untitled),1602160,Card,v2,AVAIL - Fusion Events V2,,"source id 870 has no resolvable row, so no column-level check can run against it",No action in this sweep.,Deferred,,,Owner deferred with the snapshot class. Most are probably DaMa-side sources.
QA2-471,Deferred,D2,Bound to a source that does not resolve,,Owned elsewhere,https://county_template.devmny.org/the_risk/natural_hazards/ice_storm,the_risk/natural_hazards/ice_storm,1545527,(untitled),1602161,Card,v2,NRI Counties - Hazard Normalized,,"source id 1508 has no resolvable row, so no column-level check can run against it",No action in this sweep.,Deferred,,,Owner deferred with the snapshot class. Most are probably DaMa-side sources.
QA2-472,Deferred,D2,Bound to a source that does not resolve,,Owned elsewhere,https://county_template.devmny.org/the_risk/natural_hazards/ice_storm,the_risk/natural_hazards/ice_storm,1545527,(untitled),1602162,Card,v2,AVAIL - Fusion Events V2,,"source id 870 has no resolvable row, so no column-level check can run against it",No action in this sweep.,Deferred,,,Owner deferred with the snapshot class. Most are probably DaMa-side sources.
QA2-473,Deferred,D2,Bound to a source that does not resolve,,Owned elsewhere,https://county_template.devmny.org/the_risk/natural_hazards/ice_storm,the_risk/natural_hazards/ice_storm,1545527,(untitled),1602173,Graph,v1,AVAIL - Fusion Events V2,B1-d,"source id 870 has no resolvable row, so no column-level check can run against it",No action in this sweep.,Deferred,,,Owner deferred with the snapshot class. Most are probably DaMa-side sources.
QA2-474,Deferred,D2,Bound to a source that does not resolve,,Owned elsewhere,https://county_template.devmny.org/the_risk/natural_hazards/ice_storm,the_risk/natural_hazards/ice_storm,1545527,(untitled),1602174,Card,v2,AVAIL - Fusion Events V2,B1-d,"source id 870 has no resolvable row, so no column-level check can run against it",No action in this sweep.,Deferred,,,Owner deferred with the snapshot class. Most are probably DaMa-side sources.
QA2-475,Deferred,D2,Bound to a source that does not resolve,,Owned elsewhere,https://county_template.devmny.org/the_risk/natural_hazards/ice_storm,the_risk/natural_hazards/ice_storm,1545527,(untitled),1602178,Graph,v2,AVAIL - Fusion Events V2,B1-d,"source id 870 has no resolvable row, so no column-level check can run against it",No action in this sweep.,Deferred,,,Owner deferred with the snapshot class. Most are probably DaMa-side sources.
QA2-476,Deferred,D2,Bound to a source that does not resolve,,Owned elsewhere,https://county_template.devmny.org/the_risk/natural_hazards/ice_storm,the_risk/natural_hazards/ice_storm,1545527,(untitled),1602181,Graph,v2,AVAIL - Fusion Events V2,B1-d,"source id 870 has no resolvable row, so no column-level check can run against it",No action in this sweep.,Deferred,,,Owner deferred with the snapshot class. Most are probably DaMa-side sources.
QA2-477,Deferred,D2,Bound to a source that does not resolve,,Owned elsewhere,https://county_template.devmny.org/the_risk/natural_hazards/ice_storm,the_risk/natural_hazards/ice_storm,1545527,(untitled),1602184,Spreadsheet,v1,AVAIL - Fusion Events V2,B1-d,"source id 870 has no resolvable row, so no column-level check can run against it",No action in this sweep.,Deferred,,,Owner deferred with the snapshot class. Most are probably DaMa-side sources.
QA2-478,Deferred,D2,Bound to a source that does not resolve,,Owned elsewhere,https://county_template.devmny.org/the_risk/natural_hazards/ice_storm,the_risk/natural_hazards/ice_storm,1545527,(untitled),1602188,Spreadsheet,v2,AVAIL - Fusion Events V2,B1-d,"source id 870 has no resolvable row, so no column-level check can run against it",No action in this sweep.,Deferred,,,Owner deferred with the snapshot class. Most are probably DaMa-side sources.
QA2-479,Deferred,D2,Bound to a source that does not resolve,,Owned elsewhere,https://county_template.devmny.org/the_risk/natural_hazards/ice_storm,the_risk/natural_hazards/ice_storm,1545527,(untitled),1602196,Card,v1,NRI Counties - Hazard Normalized,B2-b,"source id 1508 has no resolvable row, so no column-level check can run against it",No action in this sweep.,Deferred,,,Owner deferred with the snapshot class. Most are probably DaMa-side sources.
QA2-480,Deferred,D2,Bound to a source that does not resolve,,Owned elsewhere,https://county_template.devmny.org/the_risk/natural_hazards/landslide,the_risk/natural_hazards/landslide,1545651,(untitled),1545591,Card,v2,AVAIL - Fusion Events V2,,"source id 870 has no resolvable row, so no column-level check can run against it",No action in this sweep.,Deferred,,,Owner deferred with the snapshot class. Most are probably DaMa-side sources.
QA2-481,Deferred,D2,Bound to a source that does not resolve,,Owned elsewhere,https://county_template.devmny.org/the_risk/natural_hazards/landslide,the_risk/natural_hazards/landslide,1545651,(untitled),1545592,Card,v2,NRI Counties - Hazard Normalized,,"source id 1508 has no resolvable row, so no column-level check can run against it",No action in this sweep.,Deferred,,,Owner deferred with the snapshot class. Most are probably DaMa-side sources.
QA2-482,Deferred,D2,Bound to a source that does not resolve,,Owned elsewhere,https://county_template.devmny.org/the_risk/natural_hazards/landslide,the_risk/natural_hazards/landslide,1545651,(untitled),1545593,Card,v2,AVAIL - Fusion Events V2,,"source id 870 has no resolvable row, so no column-level check can run against it",No action in this sweep.,Deferred,,,Owner deferred with the snapshot class. Most are probably DaMa-side sources.
QA2-483,Deferred,D2,Bound to a source that does not resolve,,Owned elsewhere,https://county_template.devmny.org/the_risk/natural_hazards/landslide,the_risk/natural_hazards/landslide,1545651,(untitled),1545604,Graph,v1,AVAIL - Fusion Events V2,B1-d,"source id 870 has no resolvable row, so no column-level check can run against it",No action in this sweep.,Deferred,,,Owner deferred with the snapshot class. Most are probably DaMa-side sources.
QA2-484,Deferred,D2,Bound to a source that does not resolve,,Owned elsewhere,https://county_template.devmny.org/the_risk/natural_hazards/landslide,the_risk/natural_hazards/landslide,1545651,(untitled),1545605,Card,v2,AVAIL - Fusion Events V2,B1-d,"source id 870 has no resolvable row, so no column-level check can run against it",No action in this sweep.,Deferred,,,Owner deferred with the snapshot class. Most are probably DaMa-side sources.
QA2-485,Deferred,D2,Bound to a source that does not resolve,,Owned elsewhere,https://county_template.devmny.org/the_risk/natural_hazards/landslide,the_risk/natural_hazards/landslide,1545651,(untitled),1545610,Graph,v2,AVAIL - Fusion Events V2,S3-a2,"source id 870 has no resolvable row, so no column-level check can run against it",No action in this sweep.,Deferred,,,Owner deferred with the snapshot class. Most are probably DaMa-side sources.
QA2-486,Deferred,D2,Bound to a source that does not resolve,,Owned elsewhere,https://county_template.devmny.org/the_risk/natural_hazards/landslide,the_risk/natural_hazards/landslide,1545651,(untitled),1545613,Graph,v2,AVAIL - Fusion Events V2,B1-d,"source id 870 has no resolvable row, so no column-level check can run against it",No action in this sweep.,Deferred,,,Owner deferred with the snapshot class. Most are probably DaMa-side sources.
QA2-487,Deferred,D2,Bound to a source that does not resolve,,Owned elsewhere,https://county_template.devmny.org/the_risk/natural_hazards/landslide,the_risk/natural_hazards/landslide,1545651,(untitled),1545616,Spreadsheet,v1,AVAIL - Fusion Events V2,B1-d,"source id 870 has no resolvable row, so no column-level check can run against it",No action in this sweep.,Deferred,,,Owner deferred with the snapshot class. Most are probably DaMa-side sources.
QA2-488,Deferred,D2,Bound to a source that does not resolve,,Owned elsewhere,https://county_template.devmny.org/the_risk/natural_hazards/landslide,the_risk/natural_hazards/landslide,1545651,(untitled),1545620,Spreadsheet,v2,AVAIL - Fusion Events V2,B1-d,"source id 870 has no resolvable row, so no column-level check can run against it",No action in this sweep.,Deferred,,,Owner deferred with the snapshot class. Most are probably DaMa-side sources.
QA2-489,Deferred,D2,Bound to a source that does not resolve,,Owned elsewhere,https://county_template.devmny.org/the_risk/natural_hazards/landslide,the_risk/natural_hazards/landslide,1545651,(untitled),1545628,Card,v1,NRI Counties - Hazard Normalized,B2-b,"source id 1508 has no resolvable row, so no column-level check can run against it",No action in this sweep.,Deferred,,,Owner deferred with the snapshot class. Most are probably DaMa-side sources.
QA2-490,Deferred,D2,Bound to a source that does not resolve,,Owned elsewhere,https://county_template.devmny.org/the_risk/natural_hazards/lightning,the_risk/natural_hazards/lightning,1545775,(untitled),1545715,Card,v2,AVAIL - Fusion Events V2,,"source id 870 has no resolvable row, so no column-level check can run against it",No action in this sweep.,Deferred,,,Owner deferred with the snapshot class. Most are probably DaMa-side sources.
QA2-491,Deferred,D2,Bound to a source that does not resolve,,Owned elsewhere,https://county_template.devmny.org/the_risk/natural_hazards/lightning,the_risk/natural_hazards/lightning,1545775,(untitled),1545716,Card,v2,NRI Counties - Hazard Normalized,,"source id 1508 has no resolvable row, so no column-level check can run against it",No action in this sweep.,Deferred,,,Owner deferred with the snapshot class. Most are probably DaMa-side sources.
QA2-492,Deferred,D2,Bound to a source that does not resolve,,Owned elsewhere,https://county_template.devmny.org/the_risk/natural_hazards/lightning,the_risk/natural_hazards/lightning,1545775,(untitled),1545717,Card,v2,AVAIL - Fusion Events V2,,"source id 870 has no resolvable row, so no column-level check can run against it",No action in this sweep.,Deferred,,,Owner deferred with the snapshot class. Most are probably DaMa-side sources.
QA2-493,Deferred,D2,Bound to a source that does not resolve,,Owned elsewhere,https://county_template.devmny.org/the_risk/natural_hazards/lightning,the_risk/natural_hazards/lightning,1545775,(untitled),1545728,Graph,v1,AVAIL - Fusion Events V2,B1-d,"source id 870 has no resolvable row, so no column-level check can run against it",No action in this sweep.,Deferred,,,Owner deferred with the snapshot class. Most are probably DaMa-side sources.
QA2-494,Deferred,D2,Bound to a source that does not resolve,,Owned elsewhere,https://county_template.devmny.org/the_risk/natural_hazards/lightning,the_risk/natural_hazards/lightning,1545775,(untitled),1545729,Card,v2,AVAIL - Fusion Events V2,B1-d,"source id 870 has no resolvable row, so no column-level check can run against it",No action in this sweep.,Deferred,,,Owner deferred with the snapshot class. Most are probably DaMa-side sources.
QA2-495,Deferred,D2,Bound to a source that does not resolve,,Owned elsewhere,https://county_template.devmny.org/the_risk/natural_hazards/lightning,the_risk/natural_hazards/lightning,1545775,(untitled),1545734,Graph,v2,AVAIL - Fusion Events V2,B1-d,"source id 870 has no resolvable row, so no column-level check can run against it",No action in this sweep.,Deferred,,,Owner deferred with the snapshot class. Most are probably DaMa-side sources.
QA2-496,Deferred,D2,Bound to a source that does not resolve,,Owned elsewhere,https://county_template.devmny.org/the_risk/natural_hazards/lightning,the_risk/natural_hazards/lightning,1545775,(untitled),1545737,Graph,v2,AVAIL - Fusion Events V2,B1-d,"source id 870 has no resolvable row, so no column-level check can run against it",No action in this sweep.,Deferred,,,Owner deferred with the snapshot class. Most are probably DaMa-side sources.
QA2-497,Deferred,D2,Bound to a source that does not resolve,,Owned elsewhere,https://county_template.devmny.org/the_risk/natural_hazards/lightning,the_risk/natural_hazards/lightning,1545775,(untitled),1545740,Spreadsheet,v1,AVAIL - Fusion Events V2,B1-d,"source id 870 has no resolvable row, so no column-level check can run against it",No action in this sweep.,Deferred,,,Owner deferred with the snapshot class. Most are probably DaMa-side sources.
QA2-498,Deferred,D2,Bound to a source that does not resolve,,Owned elsewhere,https://county_template.devmny.org/the_risk/natural_hazards/lightning,the_risk/natural_hazards/lightning,1545775,(untitled),1545744,Spreadsheet,v2,AVAIL - Fusion Events V2,B1-d,"source id 870 has no resolvable row, so no column-level check can run against it",No action in this sweep.,Deferred,,,Owner deferred with the snapshot class. Most are probably DaMa-side sources.
QA2-499,Deferred,D2,Bound to a source that does not resolve,,Owned elsewhere,https://county_template.devmny.org/the_risk/natural_hazards/lightning,the_risk/natural_hazards/lightning,1545775,(untitled),1545752,Card,v1,NRI Counties - Hazard Normalized,B2-b,"source id 1508 has no resolvable row, so no column-level check can run against it",No action in this sweep.,Deferred,,,Owner deferred with the snapshot class. Most are probably DaMa-side sources.
QA2-500,Deferred,D2,Bound to a source that does not resolve,,Owned elsewhere,https://county_template.devmny.org/the_risk/natural_hazards/snowstorm,the_risk/natural_hazards/snowstorm,1546774,(untitled),1548810,Card,v2,AVAIL - Fusion Events V2,,"source id 870 has no resolvable row, so no column-level check can run against it",No action in this sweep.,Deferred,,,Owner deferred with the snapshot class. Most are probably DaMa-side sources.
QA2-501,Deferred,D2,Bound to a source that does not resolve,,Owned elsewhere,https://county_template.devmny.org/the_risk/natural_hazards/snowstorm,the_risk/natural_hazards/snowstorm,1546774,(untitled),1548811,Card,v2,NRI Counties - Hazard Normalized,,"source id 1508 has no resolvable row, so no column-level check can run against it",No action in this sweep.,Deferred,,,Owner deferred with the snapshot class. Most are probably DaMa-side sources.
QA2-502,Deferred,D2,Bound to a source that does not resolve,,Owned elsewhere,https://county_template.devmny.org/the_risk/natural_hazards/snowstorm,the_risk/natural_hazards/snowstorm,1546774,(untitled),1548812,Card,v2,AVAIL - Fusion Events V2,,"source id 870 has no resolvable row, so no column-level check can run against it",No action in this sweep.,Deferred,,,Owner deferred with the snapshot class. Most are probably DaMa-side sources.
QA2-503,Deferred,D2,Bound to a source that does not resolve,,Owned elsewhere,https://county_template.devmny.org/the_risk/natural_hazards/snowstorm,the_risk/natural_hazards/snowstorm,1546774,(untitled),1548823,Graph,v1,AVAIL - Fusion Events V2,B1-d,"source id 870 has no resolvable row, so no column-level check can run against it",No action in this sweep.,Deferred,,,Owner deferred with the snapshot class. Most are probably DaMa-side sources.
QA2-504,Deferred,D2,Bound to a source that does not resolve,,Owned elsewhere,https://county_template.devmny.org/the_risk/natural_hazards/snowstorm,the_risk/natural_hazards/snowstorm,1546774,(untitled),1548824,Card,v2,AVAIL - Fusion Events V2,B1-d,"source id 870 has no resolvable row, so no column-level check can run against it",No action in this sweep.,Deferred,,,Owner deferred with the snapshot class. Most are probably DaMa-side sources.
QA2-505,Deferred,D2,Bound to a source that does not resolve,,Owned elsewhere,https://county_template.devmny.org/the_risk/natural_hazards/snowstorm,the_risk/natural_hazards/snowstorm,1546774,(untitled),1548829,Graph,v2,AVAIL - Fusion Events V2,B1-d,"source id 870 has no resolvable row, so no column-level check can run against it",No action in this sweep.,Deferred,,,Owner deferred with the snapshot class. Most are probably DaMa-side sources.
QA2-506,Deferred,D2,Bound to a source that does not resolve,,Owned elsewhere,https://county_template.devmny.org/the_risk/natural_hazards/snowstorm,the_risk/natural_hazards/snowstorm,1546774,(untitled),1548832,Graph,v2,AVAIL - Fusion Events V2,B1-d,"source id 870 has no resolvable row, so no column-level check can run against it",No action in this sweep.,Deferred,,,Owner deferred with the snapshot class. Most are probably DaMa-side sources.
QA2-507,Deferred,D2,Bound to a source that does not resolve,,Owned elsewhere,https://county_template.devmny.org/the_risk/natural_hazards/snowstorm,the_risk/natural_hazards/snowstorm,1546774,(untitled),1548835,Spreadsheet,v1,AVAIL - Fusion Events V2,B1-d,"source id 870 has no resolvable row, so no column-level check can run against it",No action in this sweep.,Deferred,,,Owner deferred with the snapshot class. Most are probably DaMa-side sources.
QA2-508,Deferred,D2,Bound to a source that does not resolve,,Owned elsewhere,https://county_template.devmny.org/the_risk/natural_hazards/snowstorm,the_risk/natural_hazards/snowstorm,1546774,(untitled),1548839,Spreadsheet,v2,AVAIL - Fusion Events V2,B1-d,"source id 870 has no resolvable row, so no column-level check can run against it",No action in this sweep.,Deferred,,,Owner deferred with the snapshot class. Most are probably DaMa-side sources.
QA2-509,Deferred,D2,Bound to a source that does not resolve,,Owned elsewhere,https://county_template.devmny.org/the_risk/natural_hazards/snowstorm,the_risk/natural_hazards/snowstorm,1546774,(untitled),1548847,Card,v1,NRI Counties - Hazard Normalized,B2-b,"source id 1508 has no resolvable row, so no column-level check can run against it",No action in this sweep.,Deferred,,,Owner deferred with the snapshot class. Most are probably DaMa-side sources.
QA2-510,Deferred,D2,Bound to a source that does not resolve,,Owned elsewhere,https://county_template.devmny.org/the_risk/natural_hazards/tornado,the_risk/natural_hazards/tornado,1545899,(untitled),1545839,Card,v2,AVAIL - Fusion Events V2,,"source id 870 has no resolvable row, so no column-level check can run against it",No action in this sweep.,Deferred,,,Owner deferred with the snapshot class. Most are probably DaMa-side sources.
QA2-511,Deferred,D2,Bound to a source that does not resolve,,Owned elsewhere,https://county_template.devmny.org/the_risk/natural_hazards/tornado,the_risk/natural_hazards/tornado,1545899,(untitled),1545840,Card,v2,NRI Counties - Hazard Normalized,,"source id 1508 has no resolvable row, so no column-level check can run against it",No action in this sweep.,Deferred,,,Owner deferred with the snapshot class. Most are probably DaMa-side sources.
QA2-512,Deferred,D2,Bound to a source that does not resolve,,Owned elsewhere,https://county_template.devmny.org/the_risk/natural_hazards/tornado,the_risk/natural_hazards/tornado,1545899,(untitled),1545841,Card,v2,AVAIL - Fusion Events V2,,"source id 870 has no resolvable row, so no column-level check can run against it",No action in this sweep.,Deferred,,,Owner deferred with the snapshot class. Most are probably DaMa-side sources.
QA2-513,Deferred,D2,Bound to a source that does not resolve,,Owned elsewhere,https://county_template.devmny.org/the_risk/natural_hazards/tornado,the_risk/natural_hazards/tornado,1545899,(untitled),1545852,Graph,v1,AVAIL - Fusion Events V2,B1-d,"source id 870 has no resolvable row, so no column-level check can run against it",No action in this sweep.,Deferred,,,Owner deferred with the snapshot class. Most are probably DaMa-side sources.
QA2-514,Deferred,D2,Bound to a source that does not resolve,,Owned elsewhere,https://county_template.devmny.org/the_risk/natural_hazards/tornado,the_risk/natural_hazards/tornado,1545899,(untitled),1545853,Card,v2,AVAIL - Fusion Events V2,B1-d,"source id 870 has no resolvable row, so no column-level check can run against it",No action in this sweep.,Deferred,,,Owner deferred with the snapshot class. Most are probably DaMa-side sources.
QA2-515,Deferred,D2,Bound to a source that does not resolve,,Owned elsewhere,https://county_template.devmny.org/the_risk/natural_hazards/tornado,the_risk/natural_hazards/tornado,1545899,(untitled),1545858,Graph,v2,AVAIL - Fusion Events V2,B1-d,"source id 870 has no resolvable row, so no column-level check can run against it",No action in this sweep.,Deferred,,,Owner deferred with the snapshot class. Most are probably DaMa-side sources.
QA2-516,Deferred,D2,Bound to a source that does not resolve,,Owned elsewhere,https://county_template.devmny.org/the_risk/natural_hazards/tornado,the_risk/natural_hazards/tornado,1545899,(untitled),1545861,Graph,v2,AVAIL - Fusion Events V2,B1-d,"source id 870 has no resolvable row, so no column-level check can run against it",No action in this sweep.,Deferred,,,Owner deferred with the snapshot class. Most are probably DaMa-side sources.
QA2-517,Deferred,D2,Bound to a source that does not resolve,,Owned elsewhere,https://county_template.devmny.org/the_risk/natural_hazards/tornado,the_risk/natural_hazards/tornado,1545899,(untitled),1545864,Spreadsheet,v1,AVAIL - Fusion Events V2,B1-d,"source id 870 has no resolvable row, so no column-level check can run against it",No action in this sweep.,Deferred,,,Owner deferred with the snapshot class. Most are probably DaMa-side sources.
QA2-518,Deferred,D2,Bound to a source that does not resolve,,Owned elsewhere,https://county_template.devmny.org/the_risk/natural_hazards/tornado,the_risk/natural_hazards/tornado,1545899,(untitled),1545868,Spreadsheet,v2,AVAIL - Fusion Events V2,B1-d,"source id 870 has no resolvable row, so no column-level check can run against it",No action in this sweep.,Deferred,,,Owner deferred with the snapshot class. Most are probably DaMa-side sources.
QA2-519,Deferred,D2,Bound to a source that does not resolve,,Owned elsewhere,https://county_template.devmny.org/the_risk/natural_hazards/tornado,the_risk/natural_hazards/tornado,1545899,(untitled),1545876,Card,v1,NRI Counties - Hazard Normalized,B2-b,"source id 1508 has no resolvable row, so no column-level check can run against it",No action in this sweep.,Deferred,,,Owner deferred with the snapshot class. Most are probably DaMa-side sources.
QA2-520,Deferred,D2,Bound to a source that does not resolve,,Owned elsewhere,https://county_template.devmny.org/the_risk/natural_hazards/wildfire,the_risk/natural_hazards/wildfire,1546087,(untitled),1546027,Card,v2,AVAIL - Fusion Events V2,,"source id 870 has no resolvable row, so no column-level check can run against it",No action in this sweep.,Deferred,,,Owner deferred with the snapshot class. Most are probably DaMa-side sources.
QA2-521,Deferred,D2,Bound to a source that does not resolve,,Owned elsewhere,https://county_template.devmny.org/the_risk/natural_hazards/wildfire,the_risk/natural_hazards/wildfire,1546087,(untitled),1546028,Card,v2,NRI Counties - Hazard Normalized,,"source id 1508 has no resolvable row, so no column-level check can run against it",No action in this sweep.,Deferred,,,Owner deferred with the snapshot class. Most are probably DaMa-side sources.
QA2-522,Deferred,D2,Bound to a source that does not resolve,,Owned elsewhere,https://county_template.devmny.org/the_risk/natural_hazards/wildfire,the_risk/natural_hazards/wildfire,1546087,(untitled),1546029,Card,v2,AVAIL - Fusion Events V2,,"source id 870 has no resolvable row, so no column-level check can run against it",No action in this sweep.,Deferred,,,Owner deferred with the snapshot class. Most are probably DaMa-side sources.
QA2-523,Deferred,D2,Bound to a source that does not resolve,,Owned elsewhere,https://county_template.devmny.org/the_risk/natural_hazards/wildfire,the_risk/natural_hazards/wildfire,1546087,(untitled),1546040,Graph,v1,AVAIL - Fusion Events V2,B1-d,"source id 870 has no resolvable row, so no column-level check can run against it",No action in this sweep.,Deferred,,,Owner deferred with the snapshot class. Most are probably DaMa-side sources.
QA2-524,Deferred,D2,Bound to a source that does not resolve,,Owned elsewhere,https://county_template.devmny.org/the_risk/natural_hazards/wildfire,the_risk/natural_hazards/wildfire,1546087,(untitled),1546041,Card,v2,AVAIL - Fusion Events V2,B1-d,"source id 870 has no resolvable row, so no column-level check can run against it",No action in this sweep.,Deferred,,,Owner deferred with the snapshot class. Most are probably DaMa-side sources.
QA2-525,Deferred,D2,Bound to a source that does not resolve,,Owned elsewhere,https://county_template.devmny.org/the_risk/natural_hazards/wildfire,the_risk/natural_hazards/wildfire,1546087,(untitled),1546046,Graph,v2,AVAIL - Fusion Events V2,B1-d,"source id 870 has no resolvable row, so no column-level check can run against it",No action in this sweep.,Deferred,,,Owner deferred with the snapshot class. Most are probably DaMa-side sources.
QA2-526,Deferred,D2,Bound to a source that does not resolve,,Owned elsewhere,https://county_template.devmny.org/the_risk/natural_hazards/wildfire,the_risk/natural_hazards/wildfire,1546087,(untitled),1546049,Graph,v2,AVAIL - Fusion Events V2,B1-d,"source id 870 has no resolvable row, so no column-level check can run against it",No action in this sweep.,Deferred,,,Owner deferred with the snapshot class. Most are probably DaMa-side sources.
QA2-527,Deferred,D2,Bound to a source that does not resolve,,Owned elsewhere,https://county_template.devmny.org/the_risk/natural_hazards/wildfire,the_risk/natural_hazards/wildfire,1546087,(untitled),1546052,Spreadsheet,v1,AVAIL - Fusion Events V2,B1-d,"source id 870 has no resolvable row, so no column-level check can run against it",No action in this sweep.,Deferred,,,Owner deferred with the snapshot class. Most are probably DaMa-side sources.
QA2-528,Deferred,D2,Bound to a source that does not resolve,,Owned elsewhere,https://county_template.devmny.org/the_risk/natural_hazards/wildfire,the_risk/natural_hazards/wildfire,1546087,(untitled),1546056,Spreadsheet,v2,AVAIL - Fusion Events V2,B1-d,"source id 870 has no resolvable row, so no column-level check can run against it",No action in this sweep.,Deferred,,,Owner deferred with the snapshot class. Most are probably DaMa-side sources.
QA2-529,Deferred,D2,Bound to a source that does not resolve,,Owned elsewhere,https://county_template.devmny.org/the_risk/natural_hazards/wildfire,the_risk/natural_hazards/wildfire,1546087,(untitled),1546064,Card,v1,NRI Counties - Hazard Normalized,B2-b,"source id 1508 has no resolvable row, so no column-level check can run against it",No action in this sweep.,Deferred,,,Owner deferred with the snapshot class. Most are probably DaMa-side sources.
QA2-530,Deferred,D2,Bound to a source that does not resolve,,Owned elsewhere,https://county_template.devmny.org/the_risk/natural_hazards/wind,the_risk/natural_hazards/wind,1546213,(untitled),2416268,Card,v2,AVAIL - Fusion Events V2,,"source id 870 has no resolvable row, so no column-level check can run against it",No action in this sweep.,Deferred,,,Owner deferred with the snapshot class. Most are probably DaMa-side sources.
QA2-531,Deferred,D2,Bound to a source that does not resolve,,Owned elsewhere,https://county_template.devmny.org/the_risk/natural_hazards/wind,the_risk/natural_hazards/wind,1546213,(untitled),2416269,Card,v2,NRI Counties - Hazard Normalized,,"source id 1508 has no resolvable row, so no column-level check can run against it",No action in this sweep.,Deferred,,,Owner deferred with the snapshot class. Most are probably DaMa-side sources.
QA2-532,Deferred,D2,Bound to a source that does not resolve,,Owned elsewhere,https://county_template.devmny.org/the_risk/natural_hazards/wind,the_risk/natural_hazards/wind,1546213,(untitled),2416270,Card,v2,AVAIL - Fusion Events V2,,"source id 870 has no resolvable row, so no column-level check can run against it",No action in this sweep.,Deferred,,,Owner deferred with the snapshot class. Most are probably DaMa-side sources.
QA2-493,Deferred,D2,Bound to a source that does not resolve,,Owned elsewhere,https://county_template.devmny.org/the_risk/natural_hazards/wind,the_risk/natural_hazards/wind,1546213,(untitled),1545728,Graph,v1,AVAIL - Fusion Events V2,B1-d,"source id 870 has no resolvable row, so no column-level check can run against it",No action in this sweep.,Deferred,,,Owner deferred with the snapshot class. Most are probably DaMa-side sources.
QA2-494,Deferred,D2,Bound to a source that does not resolve,,Owned elsewhere,https://county_template.devmny.org/the_risk/natural_hazards/wind,the_risk/natural_hazards/wind,1546213,(untitled),1545729,Card,v2,AVAIL - Fusion Events V2,B1-d,"source id 870 has no resolvable row, so no column-level check can run against it",No action in this sweep.,Deferred,,,Owner deferred with the snapshot class. Most are probably DaMa-side sources.
QA2-495,Deferred,D2,Bound to a source that does not resolve,,Owned elsewhere,https://county_template.devmny.org/the_risk/natural_hazards/wind,the_risk/natural_hazards/wind,1546213,(untitled),1545734,Graph,v2,AVAIL - Fusion Events V2,B1-d,"source id 870 has no resolvable row, so no column-level check can run against it",No action in this sweep.,Deferred,,,Owner deferred with the snapshot class. Most are probably DaMa-side sources.
QA2-496,Deferred,D2,Bound to a source that does not resolve,,Owned elsewhere,https://county_template.devmny.org/the_risk/natural_hazards/wind,the_risk/natural_hazards/wind,1546213,(untitled),1545737,Graph,v2,AVAIL - Fusion Events V2,B1-d,"source id 870 has no resolvable row, so no column-level check can run against it",No action in this sweep.,Deferred,,,Owner deferred with the snapshot class. Most are probably DaMa-side sources.
QA2-533,Deferred,D2,Bound to a source that does not resolve,,Owned elsewhere,https://county_template.devmny.org/the_risk/natural_hazards/wind,the_risk/natural_hazards/wind,1546213,(untitled),1546178,Spreadsheet,v1,AVAIL - Fusion Events V2,B1-d,"source id 870 has no resolvable row, so no column-level check can run against it",No action in this sweep.,Deferred,,,Owner deferred with the snapshot class. Most are probably DaMa-side sources.
QA2-498,Deferred,D2,Bound to a source that does not resolve,,Owned elsewhere,https://county_template.devmny.org/the_risk/natural_hazards/wind,the_risk/natural_hazards/wind,1546213,(untitled),1545744,Spreadsheet,v2,AVAIL - Fusion Events V2,B1-d,"source id 870 has no resolvable row, so no column-level check can run against it",No action in this sweep.,Deferred,,,Owner deferred with the snapshot class. Most are probably DaMa-side sources.
QA2-519,Deferred,D2,Bound to a source that does not resolve,,Owned elsewhere,https://county_template.devmny.org/the_risk/natural_hazards/wind,the_risk/natural_hazards/wind,1546213,(untitled),1545876,Card,v1,NRI Counties - Hazard Normalized,B2-b,"source id 1508 has no resolvable row, so no column-level check can run against it",No action in this sweep.,Deferred,,,Owner deferred with the snapshot class. Most are probably DaMa-side sources.
QA2-184,Deferred,D3,Stores a row count of zero,,Owned elsewhere,https://county_template.devmny.org/the_plan/capabilities_assessment,the_plan/capabilities_assessment,1425510,Local Capabilities Table,1426515,Spreadsheet,v1,Capabilities_Catalogue,C1-a,display.totalLength is 0 with no cached rows,No action in this sweep.,Deferred,,,Owner: a blank table is the expected state where the jurisdiction has no rows. Template rule.
QA2-186,Deferred,D3,Stores a row count of zero,,Owned elsewhere,https://county_template.devmny.org/the_plan/jurisdictional_annexes/select_jurisdiction,the_plan/jurisdictional_annexes/select_jurisdiction,1348541,(untitled),1348542,Header: MNY Data,v1,Jurisdictions,,display.totalLength is 0 with no cached rows,No action in this sweep.,Deferred,,,Owner: a blank table is the expected state where the jurisdiction has no rows. Template rule.
QA2-187,Deferred,D3,Stores a row count of zero,,Owned elsewhere,https://county_template.devmny.org/the_plan/jurisdictional_annexes/select_jurisdiction,the_plan/jurisdictional_annexes/select_jurisdiction,1348541,(untitled),1509612,Spreadsheet,v2,Participation,A1-a,display.totalLength is 0 with no cached rows,No action in this sweep.,Deferred,,,Owner: a blank table is the expected state where the jurisdiction has no rows. Template rule.
QA2-189,Deferred,D3,Stores a row count of zero,,Owned elsewhere,https://county_template.devmny.org/the_plan/jurisdictional_annexes/select_jurisdiction,the_plan/jurisdictional_annexes/select_jurisdiction,1348541,Completed Actions Table,2407717,Spreadsheet,v2,Actions_Revised,"H2,E2-b",display.totalLength is 0 with no cached rows,No action in this sweep.,Deferred,,,Owner: a blank table is the expected state where the jurisdiction has no rows. Template rule.
QA2-190,Deferred,D3,Stores a row count of zero,,Owned elsewhere,https://county_template.devmny.org/the_risk/disasters/disaster_template,the_risk/disasters/disaster_template,1421118,United States Department of Agriculture Crop Loss in the County,1421141,Spreadsheet,v1,USDA Crop Loss Enhanced,B1-d,display.totalLength is 0 with no cached rows,No action in this sweep.,Deferred,,,Owner: a blank table is the expected state where the jurisdiction has no rows. Template rule.
QA2-191,Deferred,D3,Stores a row count of zero,,Owned elsewhere,https://county_template.devmny.org/the_risk/natural_hazards/avalanche,the_risk/natural_hazards/avalanche,1544721,(untitled),2176931,Card,v2,Hazards_of_Concern,,display.totalLength is 0 with no cached rows,No action in this sweep.,Deferred,,,Owner: a blank table is the expected state where the jurisdiction has no rows. Template rule.
QA2-192,Deferred,D3,Stores a row count of zero,,Owned elsewhere,https://county_template.devmny.org/the_risk/natural_hazards/avalanche,the_risk/natural_hazards/avalanche,1544721,(untitled),2176946,Card,v2,AVAIL - Fusion Events V2,B1-d,display.totalLength is 0 with no cached rows,No action in this sweep.,Deferred,,,Owner: a blank table is the expected state where the jurisdiction has no rows. Template rule.
QA2-193,Deferred,D3,Stores a row count of zero,,Owned elsewhere,https://county_template.devmny.org/the_risk/natural_hazards/avalanche,the_risk/natural_hazards/avalanche,1544721,(untitled),2176953,Graph,v2,AVAIL - Fusion Events V2,B1-d,display.totalLength is 0 with no cached rows,No action in this sweep.,Deferred,,,Owner: a blank table is the expected state where the jurisdiction has no rows. Template rule.
QA2-194,Deferred,D3,Stores a row count of zero,,Owned elsewhere,https://county_template.devmny.org/the_risk/natural_hazards/avalanche,the_risk/natural_hazards/avalanche,1544721,(untitled),2176961,Spreadsheet,v2,AVAIL - Fusion Events V2,B1-d,display.totalLength is 0 with no cached rows,No action in this sweep.,Deferred,,,Owner: a blank table is the expected state where the jurisdiction has no rows. Template rule.
QA2-195,Deferred,D3,Stores a row count of zero,,Owned elsewhere,https://county_template.devmny.org/the_risk/natural_hazards/avalanche,the_risk/natural_hazards/avalanche,1544721,(untitled),2176990,Spreadsheet,v2,Capabilities_Catalogue,C1-a,display.totalLength is 0 with no cached rows,No action in this sweep.,Deferred,,,Owner: a blank table is the expected state where the jurisdiction has no rows. Template rule.
QA2-581,Deferred,D3,Stores a row count of zero,,Owned elsewhere,https://county_template.devmny.org/the_risk/natural_hazards/avalanche,the_risk/natural_hazards/avalanche,1544721,Local Actions Table,2179732,Spreadsheet,v2,Actions_Revised,"C4-a,C4-b",display.totalLength is 0 with no cached rows,No action in this sweep.,Deferred,,,Owner: a blank table is the expected state where the jurisdiction has no rows. Template rule.
QA2-196,Deferred,D3,Stores a row count of zero,,Owned elsewhere,https://county_template.devmny.org/the_risk/natural_hazards/coastal_hazards,the_risk/natural_hazards/coastal_hazards,1544317,(untitled),1676739,Card,v2,Hazards_of_Concern,,display.totalLength is 0 with no cached rows,No action in this sweep.,Deferred,,,Owner: a blank table is the expected state where the jurisdiction has no rows. Template rule.
QA2-197,Deferred,D3,Stores a row count of zero,,Owned elsewhere,https://county_template.devmny.org/the_risk/natural_hazards/coastal_hazards,the_risk/natural_hazards/coastal_hazards,1544317,(untitled),1544210,Card,v2,AVAIL - Fusion Events V2,B1-d,display.totalLength is 0 with no cached rows,No action in this sweep.,Deferred,,,Owner: a blank table is the expected state where the jurisdiction has no rows. Template rule.
QA2-198,Deferred,D3,Stores a row count of zero,,Owned elsewhere,https://county_template.devmny.org/the_risk/natural_hazards/coastal_hazards,the_risk/natural_hazards/coastal_hazards,1544317,(untitled),1544225,Spreadsheet,v2,AVAIL - Fusion Events V2,B1-d,display.totalLength is 0 with no cached rows,No action in this sweep.,Deferred,,,Owner: a blank table is the expected state where the jurisdiction has no rows. Template rule.
QA2-199,Deferred,D3,Stores a row count of zero,,Owned elsewhere,https://county_template.devmny.org/the_risk/natural_hazards/coastal_hazards,the_risk/natural_hazards/coastal_hazards,1544317,(untitled),2383864,Spreadsheet,v2,Capabilities_Catalogue,C1-a,display.totalLength is 0 with no cached rows,No action in this sweep.,Deferred,,,Owner: a blank table is the expected state where the jurisdiction has no rows. Template rule.
QA2-582,Deferred,D3,Stores a row count of zero,,Owned elsewhere,https://county_template.devmny.org/the_risk/natural_hazards/coastal_hazards,the_risk/natural_hazards/coastal_hazards,1544317,Local Actions Table,2179734,Spreadsheet,v2,Actions_Revised,"C4-a,C4-b",display.totalLength is 0 with no cached rows,No action in this sweep.,Deferred,,,Owner: a blank table is the expected state where the jurisdiction has no rows. Template rule.
QA2-200,Deferred,D3,Stores a row count of zero,,Owned elsewhere,https://county_template.devmny.org/the_risk/natural_hazards/drought,the_risk/natural_hazards/drought,1545217,(untitled),1898195,Card,v2,Hazards_of_Concern,,display.totalLength is 0 with no cached rows,No action in this sweep.,Deferred,,,Owner: a blank table is the expected state where the jurisdiction has no rows. Template rule.
QA2-201,Deferred,D3,Stores a row count of zero,,Owned elsewhere,https://county_template.devmny.org/the_risk/natural_hazards/drought,the_risk/natural_hazards/drought,1545217,(untitled),2383891,Spreadsheet,v2,Capabilities_Catalogue,C1-a,display.totalLength is 0 with no cached rows,No action in this sweep.,Deferred,,,Owner: a blank table is the expected state where the jurisdiction has no rows. Template rule.
QA2-583,Deferred,D3,Stores a row count of zero,,Owned elsewhere,https://county_template.devmny.org/the_risk/natural_hazards/drought,the_risk/natural_hazards/drought,1545217,Local Actions Table,2179735,Spreadsheet,v2,Actions_Revised,"C4-a,C4-b",display.totalLength is 0 with no cached rows,No action in this sweep.,Deferred,,,Owner: a blank table is the expected state where the jurisdiction has no rows. Template rule.
QA2-202,Deferred,D3,Stores a row count of zero,,Owned elsewhere,https://county_template.devmny.org/the_risk/natural_hazards/earthquake,the_risk/natural_hazards/earthquake,1544597,(untitled),1676741,Card,v2,Hazards_of_Concern,,display.totalLength is 0 with no cached rows,No action in this sweep.,Deferred,,,Owner: a blank table is the expected state where the jurisdiction has no rows. Template rule.
QA2-203,Deferred,D3,Stores a row count of zero,,Owned elsewhere,https://county_template.devmny.org/the_risk/natural_hazards/earthquake,the_risk/natural_hazards/earthquake,1544597,(untitled),1544551,Card,v2,AVAIL - Fusion Events V2,B1-d,display.totalLength is 0 with no cached rows,No action in this sweep.,Deferred,,,Owner: a blank table is the expected state where the jurisdiction has no rows. Template rule.
QA2-204,Deferred,D3,Stores a row count of zero,,Owned elsewhere,https://county_template.devmny.org/the_risk/natural_hazards/earthquake,the_risk/natural_hazards/earthquake,1544597,(untitled),1544559,Graph,v2,AVAIL - Fusion Events V2,B1-d,display.totalLength is 0 with no cached rows,No action in this sweep.,Deferred,,,Owner: a blank table is the expected state where the jurisdiction has no rows. Template rule.
QA2-205,Deferred,D3,Stores a row count of zero,,Owned elsewhere,https://county_template.devmny.org/the_risk/natural_hazards/earthquake,the_risk/natural_hazards/earthquake,1544597,(untitled),1544566,Spreadsheet,v2,AVAIL - Fusion Events V2,B1-d,display.totalLength is 0 with no cached rows,No action in this sweep.,Deferred,,,Owner: a blank table is the expected state where the jurisdiction has no rows. Template rule.
QA2-206,Deferred,D3,Stores a row count of zero,,Owned elsewhere,https://county_template.devmny.org/the_risk/natural_hazards/earthquake,the_risk/natural_hazards/earthquake,1544597,(untitled),2384040,Spreadsheet,v2,Capabilities_Catalogue,C1-a,display.totalLength is 0 with no cached rows,No action in this sweep.,Deferred,,,Owner: a blank table is the expected state where the jurisdiction has no rows. Template rule.
QA2-584,Deferred,D3,Stores a row count of zero,,Owned elsewhere,https://county_template.devmny.org/the_risk/natural_hazards/earthquake,the_risk/natural_hazards/earthquake,1544597,Local Actions Table,2179736,Spreadsheet,v2,Actions_Revised,"C4-a,C4-b",display.totalLength is 0 with no cached rows,No action in this sweep.,Deferred,,,Owner: a blank table is the expected state where the jurisdiction has no rows. Template rule.
QA2-207,Deferred,D3,Stores a row count of zero,,Owned elsewhere,https://county_template.devmny.org/the_risk/natural_hazards/extreme_cold,the_risk/natural_hazards/extreme_cold,1544845,(untitled),1676743,Card,v2,Hazards_of_Concern,,display.totalLength is 0 with no cached rows,No action in this sweep.,Deferred,,,Owner: a blank table is the expected state where the jurisdiction has no rows. Template rule.
QA2-208,Deferred,D3,Stores a row count of zero,,Owned elsewhere,https://county_template.devmny.org/the_risk/natural_hazards/extreme_cold,the_risk/natural_hazards/extreme_cold,1544845,(untitled),2383866,Spreadsheet,v2,Capabilities_Catalogue,C1-a,display.totalLength is 0 with no cached rows,No action in this sweep.,Deferred,,,Owner: a blank table is the expected state where the jurisdiction has no rows. Template rule.
QA2-209,Deferred,D3,Stores a row count of zero,,Owned elsewhere,https://county_template.devmny.org/the_risk/natural_hazards/extreme_heat,the_risk/natural_hazards/extreme_heat,1544969,(untitled),1676745,Card,v2,Hazards_of_Concern,,display.totalLength is 0 with no cached rows,No action in this sweep.,Deferred,,,Owner: a blank table is the expected state where the jurisdiction has no rows. Template rule.
QA2-210,Deferred,D3,Stores a row count of zero,,Owned elsewhere,https://county_template.devmny.org/the_risk/natural_hazards/extreme_heat,the_risk/natural_hazards/extreme_heat,1544969,(untitled),2384188,Spreadsheet,v2,Capabilities_Catalogue,C1-a,display.totalLength is 0 with no cached rows,No action in this sweep.,Deferred,,,Owner: a blank table is the expected state where the jurisdiction has no rows. Template rule.
QA2-585,Deferred,D3,Stores a row count of zero,,Owned elsewhere,https://county_template.devmny.org/the_risk/natural_hazards/extreme_heat,the_risk/natural_hazards/extreme_heat,1544969,Local Actions Table,2179737,Spreadsheet,v2,Actions_Revised,"C4-a,C4-b",display.totalLength is 0 with no cached rows,No action in this sweep.,Deferred,,,Owner: a blank table is the expected state where the jurisdiction has no rows. Template rule.
QA2-211,Deferred,D3,Stores a row count of zero,,Owned elsewhere,https://county_template.devmny.org/the_risk/natural_hazards/flooding,the_risk/natural_hazards/flooding,1450290,(untitled),1682901,Card,v2,Hazards_of_Concern,,display.totalLength is 0 with no cached rows,No action in this sweep.,Deferred,,,Owner: a blank table is the expected state where the jurisdiction has no rows. Template rule.
QA2-212,Deferred,D3,Stores a row count of zero,,Owned elsewhere,https://county_template.devmny.org/the_risk/natural_hazards/hail,the_risk/natural_hazards/hail,1545093,(untitled),1676822,Card,v2,Hazards_of_Concern,,display.totalLength is 0 with no cached rows,No action in this sweep.,Deferred,,,Owner: a blank table is the expected state where the jurisdiction has no rows. Template rule.
QA2-213,Deferred,D3,Stores a row count of zero,,Owned elsewhere,https://county_template.devmny.org/the_risk/natural_hazards/hail,the_risk/natural_hazards/hail,1545093,(untitled),2384419,Spreadsheet,v2,Capabilities_Catalogue,C1-a,display.totalLength is 0 with no cached rows,No action in this sweep.,Deferred,,,Owner: a blank table is the expected state where the jurisdiction has no rows. Template rule.
QA2-586,Deferred,D3,Stores a row count of zero,,Owned elsewhere,https://county_template.devmny.org/the_risk/natural_hazards/hail,the_risk/natural_hazards/hail,1545093,Local Actions Table,2179738,Spreadsheet,v2,Actions_Revised,"C4-a,C4-b",display.totalLength is 0 with no cached rows,No action in this sweep.,Deferred,,,Owner: a blank table is the expected state where the jurisdiction has no rows. Template rule.
QA2-214,Deferred,D3,Stores a row count of zero,,Owned elsewhere,https://county_template.devmny.org/the_risk/natural_hazards/hurricane,the_risk/natural_hazards/hurricane,1545403,(untitled),2416263,Card,v2,Hazards_of_Concern,,display.totalLength is 0 with no cached rows,No action in this sweep.,Deferred,,,Owner: a blank table is the expected state where the jurisdiction has no rows. Template rule.
QA2-215,Deferred,D3,Stores a row count of zero,,Owned elsewhere,https://county_template.devmny.org/the_risk/natural_hazards/hurricane,the_risk/natural_hazards/hurricane,1545403,(untitled),1992590,Spreadsheet,v2,AVAIL - Fusion Events V2,B1-d,display.totalLength is 0 with no cached rows,No action in this sweep.,Deferred,,,Owner: a blank table is the expected state where the jurisdiction has no rows. Template rule.
QA2-216,Deferred,D3,Stores a row count of zero,,Owned elsewhere,https://county_template.devmny.org/the_risk/natural_hazards/hurricane,the_risk/natural_hazards/hurricane,1545403,(untitled),2384518,Spreadsheet,v2,Capabilities_Catalogue,C1-a,display.totalLength is 0 with no cached rows,No action in this sweep.,Deferred,,,Owner: a blank table is the expected state where the jurisdiction has no rows. Template rule.
QA2-217,Deferred,D3,Stores a row count of zero,,Owned elsewhere,https://county_template.devmny.org/the_risk/natural_hazards/ice_storm,the_risk/natural_hazards/ice_storm,1545527,(untitled),1676867,Card,v2,Hazards_of_Concern,,display.totalLength is 0 with no cached rows,No action in this sweep.,Deferred,,,Owner: a blank table is the expected state where the jurisdiction has no rows. Template rule.
QA2-218,Deferred,D3,Stores a row count of zero,,Owned elsewhere,https://county_template.devmny.org/the_risk/natural_hazards/ice_storm,the_risk/natural_hazards/ice_storm,1545527,(untitled),2383011,Spreadsheet,v2,Hazards_of_Concern,"B2-a,B2-b",display.totalLength is 0 with no cached rows,No action in this sweep.,Deferred,,,Owner: a blank table is the expected state where the jurisdiction has no rows. Template rule.
QA2-219,Deferred,D3,Stores a row count of zero,,Owned elsewhere,https://county_template.devmny.org/the_risk/natural_hazards/ice_storm,the_risk/natural_hazards/ice_storm,1545527,(untitled),2383865,Spreadsheet,v2,Capabilities_Catalogue,C1-a,display.totalLength is 0 with no cached rows,No action in this sweep.,Deferred,,,Owner: a blank table is the expected state where the jurisdiction has no rows. Template rule.
QA2-587,Deferred,D3,Stores a row count of zero,,Owned elsewhere,https://county_template.devmny.org/the_risk/natural_hazards/ice_storm,the_risk/natural_hazards/ice_storm,1545527,Local Actions Table,2179740,Spreadsheet,v2,Actions_Revised,"C4-a,C4-b",display.totalLength is 0 with no cached rows,No action in this sweep.,Deferred,,,Owner: a blank table is the expected state where the jurisdiction has no rows. Template rule.
QA2-220,Deferred,D3,Stores a row count of zero,,Owned elsewhere,https://county_template.devmny.org/the_risk/natural_hazards/landslide,the_risk/natural_hazards/landslide,1545651,(untitled),1676869,Card,v2,Hazards_of_Concern,,display.totalLength is 0 with no cached rows,No action in this sweep.,Deferred,,,Owner: a blank table is the expected state where the jurisdiction has no rows. Template rule.
QA2-221,Deferred,D3,Stores a row count of zero,,Owned elsewhere,https://county_template.devmny.org/the_risk/natural_hazards/landslide,the_risk/natural_hazards/landslide,1545651,(untitled),1545605,Card,v2,AVAIL - Fusion Events V2,B1-d,display.totalLength is 0 with no cached rows,No action in this sweep.,Deferred,,,Owner: a blank table is the expected state where the jurisdiction has no rows. Template rule.
QA2-222,Deferred,D3,Stores a row count of zero,,Owned elsewhere,https://county_template.devmny.org/the_risk/natural_hazards/landslide,the_risk/natural_hazards/landslide,1545651,(untitled),1545610,Graph,v2,AVAIL - Fusion Events V2,S3-a2,display.totalLength is 0 with no cached rows,No action in this sweep.,Deferred,,,Owner: a blank table is the expected state where the jurisdiction has no rows. Template rule.
QA2-223,Deferred,D3,Stores a row count of zero,,Owned elsewhere,https://county_template.devmny.org/the_risk/natural_hazards/landslide,the_risk/natural_hazards/landslide,1545651,(untitled),1545613,Graph,v2,AVAIL - Fusion Events V2,B1-d,display.totalLength is 0 with no cached rows,No action in this sweep.,Deferred,,,Owner: a blank table is the expected state where the jurisdiction has no rows. Template rule.
QA2-224,Deferred,D3,Stores a row count of zero,,Owned elsewhere,https://county_template.devmny.org/the_risk/natural_hazards/landslide,the_risk/natural_hazards/landslide,1545651,(untitled),1545620,Spreadsheet,v2,AVAIL - Fusion Events V2,B1-d,display.totalLength is 0 with no cached rows,No action in this sweep.,Deferred,,,Owner: a blank table is the expected state where the jurisdiction has no rows. Template rule.
QA2-225,Deferred,D3,Stores a row count of zero,,Owned elsewhere,https://county_template.devmny.org/the_risk/natural_hazards/landslide,the_risk/natural_hazards/landslide,1545651,(untitled),2384692,Spreadsheet,v2,Capabilities_Catalogue,C1-a,display.totalLength is 0 with no cached rows,No action in this sweep.,Deferred,,,Owner: a blank table is the expected state where the jurisdiction has no rows. Template rule.
QA2-226,Deferred,D3,Stores a row count of zero,,Owned elsewhere,https://county_template.devmny.org/the_risk/natural_hazards/lightning,the_risk/natural_hazards/lightning,1545775,(untitled),1676871,Card,v2,Hazards_of_Concern,,display.totalLength is 0 with no cached rows,No action in this sweep.,Deferred,,,Owner: a blank table is the expected state where the jurisdiction has no rows. Template rule.
QA2-227,Deferred,D3,Stores a row count of zero,,Owned elsewhere,https://county_template.devmny.org/the_risk/natural_hazards/lightning,the_risk/natural_hazards/lightning,1545775,(untitled),2384767,Spreadsheet,v2,Capabilities_Catalogue,C1-a,display.totalLength is 0 with no cached rows,No action in this sweep.,Deferred,,,Owner: a blank table is the expected state where the jurisdiction has no rows. Template rule.
QA2-228,Deferred,D3,Stores a row count of zero,,Owned elsewhere,https://county_template.devmny.org/the_risk/natural_hazards/snowstorm,the_risk/natural_hazards/snowstorm,1546774,(untitled),1676873,Card,v2,Hazards_of_Concern,,display.totalLength is 0 with no cached rows,No action in this sweep.,Deferred,,,Owner: a blank table is the expected state where the jurisdiction has no rows. Template rule.
QA2-229,Deferred,D3,Stores a row count of zero,,Owned elsewhere,https://county_template.devmny.org/the_risk/natural_hazards/snowstorm,the_risk/natural_hazards/snowstorm,1546774,(untitled),2384842,Spreadsheet,v2,Capabilities_Catalogue,C1-a,display.totalLength is 0 with no cached rows,No action in this sweep.,Deferred,,,Owner: a blank table is the expected state where the jurisdiction has no rows. Template rule.
QA2-230,Deferred,D3,Stores a row count of zero,,Owned elsewhere,https://county_template.devmny.org/the_risk/natural_hazards/tornado,the_risk/natural_hazards/tornado,1545899,(untitled),1676875,Card,v2,Hazards_of_Concern,,display.totalLength is 0 with no cached rows,No action in this sweep.,Deferred,,,Owner: a blank table is the expected state where the jurisdiction has no rows. Template rule.
QA2-231,Deferred,D3,Stores a row count of zero,,Owned elsewhere,https://county_template.devmny.org/the_risk/natural_hazards/tornado,the_risk/natural_hazards/tornado,1545899,(untitled),2384916,Spreadsheet,v2,Capabilities_Catalogue,C1-a,display.totalLength is 0 with no cached rows,No action in this sweep.,Deferred,,,Owner: a blank table is the expected state where the jurisdiction has no rows. Template rule.
QA2-232,Deferred,D3,Stores a row count of zero,,Owned elsewhere,https://county_template.devmny.org/the_risk/natural_hazards/wildfire,the_risk/natural_hazards/wildfire,1546087,(untitled),1676877,Card,v2,Hazards_of_Concern,,display.totalLength is 0 with no cached rows,No action in this sweep.,Deferred,,,Owner: a blank table is the expected state where the jurisdiction has no rows. Template rule.
QA2-233,Deferred,D3,Stores a row count of zero,,Owned elsewhere,https://county_template.devmny.org/the_risk/natural_hazards/wildfire,the_risk/natural_hazards/wildfire,1546087,(untitled),1546041,Card,v2,AVAIL - Fusion Events V2,B1-d,display.totalLength is 0 with no cached rows,No action in this sweep.,Deferred,,,Owner: a blank table is the expected state where the jurisdiction has no rows. Template rule.
QA2-234,Deferred,D3,Stores a row count of zero,,Owned elsewhere,https://county_template.devmny.org/the_risk/natural_hazards/wildfire,the_risk/natural_hazards/wildfire,1546087,(untitled),1546046,Graph,v2,AVAIL - Fusion Events V2,B1-d,display.totalLength is 0 with no cached rows,No action in this sweep.,Deferred,,,Owner: a blank table is the expected state where the jurisdiction has no rows. Template rule.
QA2-235,Deferred,D3,Stores a row count of zero,,Owned elsewhere,https://county_template.devmny.org/the_risk/natural_hazards/wildfire,the_risk/natural_hazards/wildfire,1546087,(untitled),1546049,Graph,v2,AVAIL - Fusion Events V2,B1-d,display.totalLength is 0 with no cached rows,No action in this sweep.,Deferred,,,Owner: a blank table is the expected state where the jurisdiction has no rows. Template rule.
QA2-236,Deferred,D3,Stores a row count of zero,,Owned elsewhere,https://county_template.devmny.org/the_risk/natural_hazards/wildfire,the_risk/natural_hazards/wildfire,1546087,(untitled),1546056,Spreadsheet,v2,AVAIL - Fusion Events V2,B1-d,display.totalLength is 0 with no cached rows,No action in this sweep.,Deferred,,,Owner: a blank table is the expected state where the jurisdiction has no rows. Template rule.
QA2-237,Deferred,D3,Stores a row count of zero,,Owned elsewhere,https://county_template.devmny.org/the_risk/natural_hazards/wildfire,the_risk/natural_hazards/wildfire,1546087,(untitled),2384991,Spreadsheet,v2,Capabilities_Catalogue,C1-a,display.totalLength is 0 with no cached rows,No action in this sweep.,Deferred,,,Owner: a blank table is the expected state where the jurisdiction has no rows. Template rule.
QA2-238,Deferred,D3,Stores a row count of zero,,Owned elsewhere,https://county_template.devmny.org/the_risk/natural_hazards/wind,the_risk/natural_hazards/wind,1546213,(untitled),1676879,Card,v2,Hazards_of_Concern,,display.totalLength is 0 with no cached rows,No action in this sweep.,Deferred,,,Owner: a blank table is the expected state where the jurisdiction has no rows. Template rule.
QA2-239,Deferred,D3,Stores a row count of zero,,Owned elsewhere,https://county_template.devmny.org/the_risk/natural_hazards/wind,the_risk/natural_hazards/wind,1546213,(untitled),2385066,Spreadsheet,v2,Capabilities_Catalogue,C1-a,display.totalLength is 0 with no cached rows,No action in this sweep.,Deferred,,,Owner: a blank table is the expected state where the jurisdiction has no rows. Template rule.
QA2-001,Deferred,D4,Tag record disagrees with platform,,Owned elsewhere,https://county_template.devmny.org/the_risk/natural_hazards/avalanche,the_risk/natural_hazards/avalanche,1544721,(untitled),2176931,Card,v2,Hazards_of_Concern,,"workbook marks the row Closed / Needs Tag, live section has tags=""""",No action in this sweep.,Deferred,,,Owner: tags were deliberately excluded here because they break the design; the requirement is met elsewhere.
QA2-002,Deferred,D4,Tag record disagrees with platform,,Owned elsewhere,https://county_template.devmny.org/the_risk/natural_hazards/avalanche,the_risk/natural_hazards/avalanche,1544721,(untitled),2176932,Card,v2,NRI Counties - Hazard Normalized,,"workbook marks the row Closed / Needs Tag, live section has tags=""""",No action in this sweep.,Deferred,,,Owner: tags were deliberately excluded here because they break the design; the requirement is met elsewhere.
QA2-003,Deferred,D4,Tag record disagrees with platform,,Owned elsewhere,https://county_template.devmny.org/the_risk/natural_hazards/avalanche,the_risk/natural_hazards/avalanche,1544721,(untitled),2176933,Card,v2,AVAIL - Fusion Events V2,,"workbook marks the row Closed / Needs Tag, live section has tags=""""",No action in this sweep.,Deferred,,,Owner: tags were deliberately excluded here because they break the design; the requirement is met elsewhere.
QA2-004,Deferred,D4,Tag record disagrees with platform,,Owned elsewhere,https://county_template.devmny.org/the_risk/natural_hazards/coastal_hazards,the_risk/natural_hazards/coastal_hazards,1544317,(untitled),1676739,Card,v2,Hazards_of_Concern,,"workbook marks the row Closed / Needs Tag, live section has tags=""""",No action in this sweep.,Deferred,,,Owner: tags were deliberately excluded here because they break the design; the requirement is met elsewhere.
QA2-005,Deferred,D4,Tag record disagrees with platform,,Owned elsewhere,https://county_template.devmny.org/the_risk/natural_hazards/coastal_hazards,the_risk/natural_hazards/coastal_hazards,1544317,(untitled),1544197,Card,v2,NRI Counties - Hazard Normalized,,"workbook marks the row Closed / Needs Tag, live section has tags=""""",No action in this sweep.,Deferred,,,Owner: tags were deliberately excluded here because they break the design; the requirement is met elsewhere.
QA2-006,Deferred,D4,Tag record disagrees with platform,,Owned elsewhere,https://county_template.devmny.org/the_risk/natural_hazards/coastal_hazards,the_risk/natural_hazards/coastal_hazards,1544317,(untitled),1544198,Card,v2,AVAIL - Fusion Events V2,,"workbook marks the row Closed / Needs Tag, live section has tags=""""",No action in this sweep.,Deferred,,,Owner: tags were deliberately excluded here because they break the design; the requirement is met elsewhere.
QA2-007,Deferred,D4,Tag record disagrees with platform,,Owned elsewhere,https://county_template.devmny.org/the_risk/natural_hazards/drought,the_risk/natural_hazards/drought,1545217,(untitled),1898195,Card,v2,Hazards_of_Concern,,"workbook marks the row Closed / Needs Tag, live section has tags=""""",No action in this sweep.,Deferred,,,Owner: tags were deliberately excluded here because they break the design; the requirement is met elsewhere.
QA2-008,Deferred,D4,Tag record disagrees with platform,,Owned elsewhere,https://county_template.devmny.org/the_risk/natural_hazards/drought,the_risk/natural_hazards/drought,1545217,(untitled),1898196,Card,v2,NRI Counties - Hazard Normalized,,"workbook marks the row Closed / Needs Tag, live section has tags=""""",No action in this sweep.,Deferred,,,Owner: tags were deliberately excluded here because they break the design; the requirement is met elsewhere.
QA2-009,Deferred,D4,Tag record disagrees with platform,,Owned elsewhere,https://county_template.devmny.org/the_risk/natural_hazards/drought,the_risk/natural_hazards/drought,1545217,(untitled),1898197,Card,v2,AVAIL - Fusion Events V2,,"workbook marks the row Closed / Needs Tag, live section has tags=""""",No action in this sweep.,Deferred,,,Owner: tags were deliberately excluded here because they break the design; the requirement is met elsewhere.
QA2-010,Deferred,D4,Tag record disagrees with platform,,Owned elsewhere,https://county_template.devmny.org/the_risk/natural_hazards/earthquake,the_risk/natural_hazards/earthquake,1544597,(untitled),1676741,Card,v2,Hazards_of_Concern,,"workbook marks the row Closed / Needs Tag, live section has tags=""""",No action in this sweep.,Deferred,,,Owner: tags were deliberately excluded here because they break the design; the requirement is met elsewhere.
QA2-011,Deferred,D4,Tag record disagrees with platform,,Owned elsewhere,https://county_template.devmny.org/the_risk/natural_hazards/earthquake,the_risk/natural_hazards/earthquake,1544597,(untitled),1544538,Card,v2,NRI Counties - Hazard Normalized,,"workbook marks the row Closed / Needs Tag, live section has tags=""""",No action in this sweep.,Deferred,,,Owner: tags were deliberately excluded here because they break the design; the requirement is met elsewhere.
QA2-012,Deferred,D4,Tag record disagrees with platform,,Owned elsewhere,https://county_template.devmny.org/the_risk/natural_hazards/earthquake,the_risk/natural_hazards/earthquake,1544597,(untitled),1544539,Card,v2,AVAIL - Fusion Events V2,,"workbook marks the row Closed / Needs Tag, live section has tags=""""",No action in this sweep.,Deferred,,,Owner: tags were deliberately excluded here because they break the design; the requirement is met elsewhere.
QA2-013,Deferred,D4,Tag record disagrees with platform,,Owned elsewhere,https://county_template.devmny.org/the_risk/natural_hazards/extreme_cold,the_risk/natural_hazards/extreme_cold,1544845,(untitled),1676743,Card,v2,Hazards_of_Concern,,"workbook marks the row Closed / Needs Tag, live section has tags=""""",No action in this sweep.,Deferred,,,Owner: tags were deliberately excluded here because they break the design; the requirement is met elsewhere.
QA2-014,Deferred,D4,Tag record disagrees with platform,,Owned elsewhere,https://county_template.devmny.org/the_risk/natural_hazards/extreme_cold,the_risk/natural_hazards/extreme_cold,1544845,(untitled),1544786,Card,v2,NRI Counties - Hazard Normalized,,"workbook marks the row Closed / Needs Tag, live section has tags=""""",No action in this sweep.,Deferred,,,Owner: tags were deliberately excluded here because they break the design; the requirement is met elsewhere.
QA2-015,Deferred,D4,Tag record disagrees with platform,,Owned elsewhere,https://county_template.devmny.org/the_risk/natural_hazards/extreme_cold,the_risk/natural_hazards/extreme_cold,1544845,(untitled),1544787,Card,v2,AVAIL - Fusion Events V2,,"workbook marks the row Closed / Needs Tag, live section has tags=""""",No action in this sweep.,Deferred,,,Owner: tags were deliberately excluded here because they break the design; the requirement is met elsewhere.
QA2-016,Deferred,D4,Tag record disagrees with platform,,Owned elsewhere,https://county_template.devmny.org/the_risk/natural_hazards/extreme_heat,the_risk/natural_hazards/extreme_heat,1544969,(untitled),1676745,Card,v2,Hazards_of_Concern,,"workbook marks the row Closed / Needs Tag, live section has tags=""""",No action in this sweep.,Deferred,,,Owner: tags were deliberately excluded here because they break the design; the requirement is met elsewhere.
QA2-017,Deferred,D4,Tag record disagrees with platform,,Owned elsewhere,https://county_template.devmny.org/the_risk/natural_hazards/extreme_heat,the_risk/natural_hazards/extreme_heat,1544969,(untitled),1544910,Card,v2,NRI Counties - Hazard Normalized,,"workbook marks the row Closed / Needs Tag, live section has tags=""""",No action in this sweep.,Deferred,,,Owner: tags were deliberately excluded here because they break the design; the requirement is met elsewhere.
QA2-018,Deferred,D4,Tag record disagrees with platform,,Owned elsewhere,https://county_template.devmny.org/the_risk/natural_hazards/extreme_heat,the_risk/natural_hazards/extreme_heat,1544969,(untitled),1544911,Card,v2,AVAIL - Fusion Events V2,,"workbook marks the row Closed / Needs Tag, live section has tags=""""",No action in this sweep.,Deferred,,,Owner: tags were deliberately excluded here because they break the design; the requirement is met elsewhere.
QA2-019,Deferred,D4,Tag record disagrees with platform,,Owned elsewhere,https://county_template.devmny.org/the_risk/natural_hazards/flooding,the_risk/natural_hazards/flooding,1450290,(untitled),1682901,Card,v2,Hazards_of_Concern,,"workbook marks the row Closed / Needs Tag, live section has tags=""""",No action in this sweep.,Deferred,,,Owner: tags were deliberately excluded here because they break the design; the requirement is met elsewhere.
QA2-020,Deferred,D4,Tag record disagrees with platform,,Owned elsewhere,https://county_template.devmny.org/the_risk/natural_hazards/flooding,the_risk/natural_hazards/flooding,1450290,(untitled),1682904,Card,v2,NRI Counties - Hazard Normalized,,"workbook marks the row Closed / Needs Tag, live section has tags=""""",No action in this sweep.,Deferred,,,Owner: tags were deliberately excluded here because they break the design; the requirement is met elsewhere.
QA2-021,Deferred,D4,Tag record disagrees with platform,,Owned elsewhere,https://county_template.devmny.org/the_risk/natural_hazards/flooding,the_risk/natural_hazards/flooding,1450290,(untitled),1682906,Card,v2,AVAIL - Fusion Events V2,,"workbook marks the row Closed / Needs Tag, live section has tags=""""",No action in this sweep.,Deferred,,,Owner: tags were deliberately excluded here because they break the design; the requirement is met elsewhere.
QA2-022,Deferred,D4,Tag record disagrees with platform,,Owned elsewhere,https://county_template.devmny.org/the_risk/natural_hazards/hail,the_risk/natural_hazards/hail,1545093,(untitled),1676822,Card,v2,Hazards_of_Concern,,"workbook marks the row Closed / Needs Tag, live section has tags=""""",No action in this sweep.,Deferred,,,Owner: tags were deliberately excluded here because they break the design; the requirement is met elsewhere.
QA2-023,Deferred,D4,Tag record disagrees with platform,,Owned elsewhere,https://county_template.devmny.org/the_risk/natural_hazards/hail,the_risk/natural_hazards/hail,1545093,(untitled),1545034,Card,v2,NRI Counties - Hazard Normalized,,"workbook marks the row Closed / Needs Tag, live section has tags=""""",No action in this sweep.,Deferred,,,Owner: tags were deliberately excluded here because they break the design; the requirement is met elsewhere.
QA2-024,Deferred,D4,Tag record disagrees with platform,,Owned elsewhere,https://county_template.devmny.org/the_risk/natural_hazards/hail,the_risk/natural_hazards/hail,1545093,(untitled),1545035,Card,v2,AVAIL - Fusion Events V2,,"workbook marks the row Closed / Needs Tag, live section has tags=""""",No action in this sweep.,Deferred,,,Owner: tags were deliberately excluded here because they break the design; the requirement is met elsewhere.
QA2-025,Deferred,D4,Tag record disagrees with platform,,Owned elsewhere,https://county_template.devmny.org/the_risk/natural_hazards/ice_storm,the_risk/natural_hazards/ice_storm,1545527,(untitled),1676867,Card,v2,Hazards_of_Concern,,"workbook marks the row Closed / Needs Tag, live section has tags=""""",No action in this sweep.,Deferred,,,Owner: tags were deliberately excluded here because they break the design; the requirement is met elsewhere.
QA2-026,Deferred,D4,Tag record disagrees with platform,,Owned elsewhere,https://county_template.devmny.org/the_risk/natural_hazards/ice_storm,the_risk/natural_hazards/ice_storm,1545527,(untitled),1602161,Card,v2,NRI Counties - Hazard Normalized,,"workbook marks the row Closed / Needs Tag, live section has tags=""""",No action in this sweep.,Deferred,,,Owner: tags were deliberately excluded here because they break the design; the requirement is met elsewhere.
QA2-027,Deferred,D4,Tag record disagrees with platform,,Owned elsewhere,https://county_template.devmny.org/the_risk/natural_hazards/ice_storm,the_risk/natural_hazards/ice_storm,1545527,(untitled),1602162,Card,v2,AVAIL - Fusion Events V2,,"workbook marks the row Closed / Needs Tag, live section has tags=""""",No action in this sweep.,Deferred,,,Owner: tags were deliberately excluded here because they break the design; the requirement is met elsewhere.
QA2-028,Deferred,D4,Tag record disagrees with platform,,Owned elsewhere,https://county_template.devmny.org/the_risk/natural_hazards/landslide,the_risk/natural_hazards/landslide,1545651,(untitled),1676869,Card,v2,Hazards_of_Concern,,"workbook marks the row Closed / Needs Tag, live section has tags=""""",No action in this sweep.,Deferred,,,Owner: tags were deliberately excluded here because they break the design; the requirement is met elsewhere.
QA2-029,Deferred,D4,Tag record disagrees with platform,,Owned elsewhere,https://county_template.devmny.org/the_risk/natural_hazards/landslide,the_risk/natural_hazards/landslide,1545651,(untitled),1545592,Card,v2,NRI Counties - Hazard Normalized,,"workbook marks the row Closed / Needs Tag, live section has tags=""""",No action in this sweep.,Deferred,,,Owner: tags were deliberately excluded here because they break the design; the requirement is met elsewhere.
QA2-030,Deferred,D4,Tag record disagrees with platform,,Owned elsewhere,https://county_template.devmny.org/the_risk/natural_hazards/landslide,the_risk/natural_hazards/landslide,1545651,(untitled),1545593,Card,v2,AVAIL - Fusion Events V2,,"workbook marks the row Closed / Needs Tag, live section has tags=""""",No action in this sweep.,Deferred,,,Owner: tags were deliberately excluded here because they break the design; the requirement is met elsewhere.
QA2-031,Deferred,D4,Tag record disagrees with platform,,Owned elsewhere,https://county_template.devmny.org/the_risk/natural_hazards/lightning,the_risk/natural_hazards/lightning,1545775,(untitled),1676871,Card,v2,Hazards_of_Concern,,"workbook marks the row Closed / Needs Tag, live section has tags=""""",No action in this sweep.,Deferred,,,Owner: tags were deliberately excluded here because they break the design; the requirement is met elsewhere.
QA2-032,Deferred,D4,Tag record disagrees with platform,,Owned elsewhere,https://county_template.devmny.org/the_risk/natural_hazards/lightning,the_risk/natural_hazards/lightning,1545775,(untitled),1545716,Card,v2,NRI Counties - Hazard Normalized,,"workbook marks the row Closed / Needs Tag, live section has tags=""""",No action in this sweep.,Deferred,,,Owner: tags were deliberately excluded here because they break the design; the requirement is met elsewhere.
QA2-033,Deferred,D4,Tag record disagrees with platform,,Owned elsewhere,https://county_template.devmny.org/the_risk/natural_hazards/lightning,the_risk/natural_hazards/lightning,1545775,(untitled),1545717,Card,v2,AVAIL - Fusion Events V2,,"workbook marks the row Closed / Needs Tag, live section has tags=""""",No action in this sweep.,Deferred,,,Owner: tags were deliberately excluded here because they break the design; the requirement is met elsewhere.
QA2-034,Deferred,D4,Tag record disagrees with platform,,Owned elsewhere,https://county_template.devmny.org/the_risk/natural_hazards/snowstorm,the_risk/natural_hazards/snowstorm,1546774,(untitled),1676873,Card,v2,Hazards_of_Concern,,"workbook marks the row Closed / Needs Tag, live section has tags=""""",No action in this sweep.,Deferred,,,Owner: tags were deliberately excluded here because they break the design; the requirement is met elsewhere.
QA2-035,Deferred,D4,Tag record disagrees with platform,,Owned elsewhere,https://county_template.devmny.org/the_risk/natural_hazards/snowstorm,the_risk/natural_hazards/snowstorm,1546774,(untitled),1548811,Card,v2,NRI Counties - Hazard Normalized,,"workbook marks the row Closed / Needs Tag, live section has tags=""""",No action in this sweep.,Deferred,,,Owner: tags were deliberately excluded here because they break the design; the requirement is met elsewhere.
QA2-036,Deferred,D4,Tag record disagrees with platform,,Owned elsewhere,https://county_template.devmny.org/the_risk/natural_hazards/snowstorm,the_risk/natural_hazards/snowstorm,1546774,(untitled),1548812,Card,v2,AVAIL - Fusion Events V2,,"workbook marks the row Closed / Needs Tag, live section has tags=""""",No action in this sweep.,Deferred,,,Owner: tags were deliberately excluded here because they break the design; the requirement is met elsewhere.
QA2-037,Deferred,D4,Tag record disagrees with platform,,Owned elsewhere,https://county_template.devmny.org/the_risk/natural_hazards/tornado,the_risk/natural_hazards/tornado,1545899,(untitled),1676875,Card,v2,Hazards_of_Concern,,"workbook marks the row Closed / Needs Tag, live section has tags=""""",No action in this sweep.,Deferred,,,Owner: tags were deliberately excluded here because they break the design; the requirement is met elsewhere.
QA2-038,Deferred,D4,Tag record disagrees with platform,,Owned elsewhere,https://county_template.devmny.org/the_risk/natural_hazards/tornado,the_risk/natural_hazards/tornado,1545899,(untitled),1545840,Card,v2,NRI Counties - Hazard Normalized,,"workbook marks the row Closed / Needs Tag, live section has tags=""""",No action in this sweep.,Deferred,,,Owner: tags were deliberately excluded here because they break the design; the requirement is met elsewhere.
QA2-039,Deferred,D4,Tag record disagrees with platform,,Owned elsewhere,https://county_template.devmny.org/the_risk/natural_hazards/tornado,the_risk/natural_hazards/tornado,1545899,(untitled),1545841,Card,v2,AVAIL - Fusion Events V2,,"workbook marks the row Closed / Needs Tag, live section has tags=""""",No action in this sweep.,Deferred,,,Owner: tags were deliberately excluded here because they break the design; the requirement is met elsewhere.
QA2-040,Deferred,D4,Tag record disagrees with platform,,Owned elsewhere,https://county_template.devmny.org/the_risk/natural_hazards/wildfire,the_risk/natural_hazards/wildfire,1546087,(untitled),1676877,Card,v2,Hazards_of_Concern,,"workbook marks the row Closed / Needs Tag, live section has tags=""""",No action in this sweep.,Deferred,,,Owner: tags were deliberately excluded here because they break the design; the requirement is met elsewhere.
QA2-041,Deferred,D4,Tag record disagrees with platform,,Owned elsewhere,https://county_template.devmny.org/the_risk/natural_hazards/wildfire,the_risk/natural_hazards/wildfire,1546087,(untitled),1546028,Card,v2,NRI Counties - Hazard Normalized,,"workbook marks the row Closed / Needs Tag, live section has tags=""""",No action in this sweep.,Deferred,,,Owner: tags were deliberately excluded here because they break the design; the requirement is met elsewhere.
QA2-042,Deferred,D4,Tag record disagrees with platform,,Owned elsewhere,https://county_template.devmny.org/the_risk/natural_hazards/wildfire,the_risk/natural_hazards/wildfire,1546087,(untitled),1546029,Card,v2,AVAIL - Fusion Events V2,,"workbook marks the row Closed / Needs Tag, live section has tags=""""",No action in this sweep.,Deferred,,,Owner: tags were deliberately excluded here because they break the design; the requirement is met elsewhere.
QA2-043,Deferred,D4,Tag record disagrees with platform,,Owned elsewhere,https://county_template.devmny.org/the_risk/natural_hazards/wind,the_risk/natural_hazards/wind,1546213,(untitled),1676879,Card,v2,Hazards_of_Concern,,"workbook marks the row Closed / Needs Tag, live section has tags=""""",No action in this sweep.,Deferred,,,Owner: tags were deliberately excluded here because they break the design; the requirement is met elsewhere.
QA2-250,Observation,O1,Untitled contentless section,,Not a defect,https://county_template.devmny.org/the_local_environment/built_environment,the_local_environment/built_environment,1300809,(untitled),2011170,Card,v2,LHMP_IA,,visible section with no title and no tag,None. Recorded so the next sweep does not re-raise it.,Observation,,,"Owner: headers, footers, filters, maps and the hazard-page cards are headerless by design and render as expected."
QA2-251,Observation,O1,Untitled contentless section,,Not a defect,https://county_template.devmny.org/the_local_environment/built_environment,the_local_environment/built_environment,1300809,(untitled),2011219,Header: MNY Data,v1,,,visible section with no title and no tag,None. Recorded so the next sweep does not re-raise it.,Observation,,,"Owner: headers, footers, filters, maps and the hazard-page cards are headerless by design and render as expected."
QA2-252,Observation,O1,Untitled contentless section,,Not a defect,https://county_template.devmny.org/the_local_environment/built_environment,the_local_environment/built_environment,1300809,(untitled),2011220,Footer: MNY Footer,v1,,,visible section with no title and no tag,None. Recorded so the next sweep does not re-raise it.,Observation,,,"Owner: headers, footers, filters, maps and the hazard-page cards are headerless by design and render as expected."
QA2-253,Observation,O1,Untitled contentless section,,Not a defect,https://county_template.devmny.org/the_local_environment/high_hazard_dams,the_local_environment/high_hazard_dams,1300814,(untitled),1458944,Header: MNY Data,v1,,,visible section with no title and no tag,None. Recorded so the next sweep does not re-raise it.,Observation,,,"Owner: headers, footers, filters, maps and the hazard-page cards are headerless by design and render as expected."
QA2-254,Observation,O1,Untitled contentless section,,Not a defect,https://county_template.devmny.org/the_local_environment/high_hazard_dams,the_local_environment/high_hazard_dams,1300814,(untitled),1466515,Map,none,,,visible section with no title and no tag,None. Recorded so the next sweep does not re-raise it.,Observation,,,"Owner: headers, footers, filters, maps and the hazard-page cards are headerless by design and render as expected."
QA2-255,Observation,O1,Untitled contentless section,,Not a defect,https://county_template.devmny.org/the_local_environment/high_hazard_dams,the_local_environment/high_hazard_dams,1300814,(untitled),1673180,Footer: MNY Footer,v1,,,visible section with no title and no tag,None. Recorded so the next sweep does not re-raise it.,Observation,,,"Owner: headers, footers, filters, maps and the hazard-page cards are headerless by design and render as expected."
QA2-256,Observation,O1,Untitled contentless section,,Not a defect,https://county_template.devmny.org/the_local_environment/natural_environment,the_local_environment/natural_environment,1300819,(untitled),1703901,Header: MNY Data,v1,,,visible section with no title and no tag,None. Recorded so the next sweep does not re-raise it.,Observation,,,"Owner: headers, footers, filters, maps and the hazard-page cards are headerless by design and render as expected."
QA2-257,Observation,O1,Untitled contentless section,,Not a defect,https://county_template.devmny.org/the_local_environment/natural_environment,the_local_environment/natural_environment,1300819,(untitled),2242963,Footer: MNY Footer,none,,,visible section with no title and no tag,None. Recorded so the next sweep does not re-raise it.,Observation,,,"Owner: headers, footers, filters, maps and the hazard-page cards are headerless by design and render as expected."
QA2-258,Observation,O1,Untitled contentless section,,Not a defect,https://county_template.devmny.org/the_plan/about_the_process,the_plan/about_the_process,1300807,(untitled),1553498,Header: MNY Data,v1,,,visible section with no title and no tag,None. Recorded so the next sweep does not re-raise it.,Observation,,,"Owner: headers, footers, filters, maps and the hazard-page cards are headerless by design and render as expected."
QA2-259,Observation,O1,Untitled contentless section,,Not a defect,https://county_template.devmny.org/the_plan/about_the_process,the_plan/about_the_process,1300807,(untitled),1672896,Footer: MNY Footer,v1,,,visible section with no title and no tag,None. Recorded so the next sweep does not re-raise it.,Observation,,,"Owner: headers, footers, filters, maps and the hazard-page cards are headerless by design and render as expected."
QA2-260,Observation,O1,Untitled contentless section,,Not a defect,https://county_template.devmny.org/the_plan/capabilities_assessment,the_plan/capabilities_assessment,1425510,(untitled),1517057,Header: MNY Data,v1,,,visible section with no title and no tag,None. Recorded so the next sweep does not re-raise it.,Observation,,,"Owner: headers, footers, filters, maps and the hazard-page cards are headerless by design and render as expected."
QA2-261,Observation,O1,Untitled contentless section,,Not a defect,https://county_template.devmny.org/the_plan/capabilities_assessment,the_plan/capabilities_assessment,1425510,(untitled),1672898,Footer: MNY Footer,v1,,,visible section with no title and no tag,None. Recorded so the next sweep does not re-raise it.,Observation,,,"Owner: headers, footers, filters, maps and the hazard-page cards are headerless by design and render as expected."
QA2-262,Observation,O1,Untitled contentless section,,Not a defect,https://county_template.devmny.org/the_plan/jurisdictional_annexes,the_plan/jurisdictional_annexes,1300933,(untitled),2380935,Header: MNY Data,v1,,,visible section with no title and no tag,None. Recorded so the next sweep does not re-raise it.,Observation,,,"Owner: headers, footers, filters, maps and the hazard-page cards are headerless by design and render as expected."
QA2-263,Observation,O1,Untitled contentless section,,Not a defect,https://county_template.devmny.org/the_plan/jurisdictional_annexes,the_plan/jurisdictional_annexes,1300933,(untitled),2380936,Footer: MNY Footer,v1,,,visible section with no title and no tag,None. Recorded so the next sweep does not re-raise it.,Observation,,,"Owner: headers, footers, filters, maps and the hazard-page cards are headerless by design and render as expected."
QA2-264,Observation,O1,Untitled contentless section,,Not a defect,https://county_template.devmny.org/the_plan/jurisdictional_annexes/select_jurisdiction,the_plan/jurisdictional_annexes/select_jurisdiction,1348541,(untitled),1348542,Header: MNY Data,v1,Jurisdictions,,visible section with no title and no tag,None. Recorded so the next sweep does not re-raise it.,Observation,,,"Owner: headers, footers, filters, maps and the hazard-page cards are headerless by design and render as expected."
QA2-265,Observation,O1,Untitled contentless section,,Not a defect,https://county_template.devmny.org/the_plan/jurisdictional_annexes/select_jurisdiction,the_plan/jurisdictional_annexes/select_jurisdiction,1348541,(untitled),2242962,Filter,v2,Jurisdictions,,visible section with no title and no tag,None. Recorded so the next sweep does not re-raise it.,Observation,,,"Owner: headers, footers, filters, maps and the hazard-page cards are headerless by design and render as expected."
QA2-266,Observation,O1,Untitled contentless section,,Not a defect,https://county_template.devmny.org/the_plan/jurisdictional_annexes/select_jurisdiction,the_plan/jurisdictional_annexes/select_jurisdiction,1348541,(untitled),1496523,Spreadsheet,v2,Capabilities_Catalogue,,visible section with no title and no tag,None. Recorded so the next sweep does not re-raise it.,Observation,,,"Owner: headers, footers, filters, maps and the hazard-page cards are headerless by design and render as expected."
QA2-267,Observation,O1,Untitled contentless section,,Not a defect,https://county_template.devmny.org/the_risk,the_risk,1300894,(untitled),2005386,Header: MNY Data,v1,,,visible section with no title and no tag,None. Recorded so the next sweep does not re-raise it.,Observation,,,"Owner: headers, footers, filters, maps and the hazard-page cards are headerless by design and render as expected."
QA2-268,Observation,O1,Untitled contentless section,,Not a defect,https://county_template.devmny.org/the_risk,the_risk,1300894,(untitled),2178617,Footer: MNY Footer,none,,,visible section with no title and no tag,None. Recorded so the next sweep does not re-raise it.,Observation,,,"Owner: headers, footers, filters, maps and the hazard-page cards are headerless by design and render as expected."
QA2-269,Observation,O1,Untitled contentless section,,Not a defect,https://county_template.devmny.org/the_risk/disasters/disaster_template,the_risk/disasters/disaster_template,1421118,(untitled),2249218,Filter,v2,AVAIL - Fusion Events V2,,visible section with no title and no tag,None. Recorded so the next sweep does not re-raise it.,Observation,,,"Owner: headers, footers, filters, maps and the hazard-page cards are headerless by design and render as expected."
QA2-270,Observation,O1,Untitled contentless section,,Not a defect,https://county_template.devmny.org/the_risk/natural_hazards,the_risk/natural_hazards,1300806,(untitled),2413433,Footer: MNY Footer,none,,,visible section with no title and no tag,None. Recorded so the next sweep does not re-raise it.,Observation,,,"Owner: headers, footers, filters, maps and the hazard-page cards are headerless by design and render as expected."
QA2-271,Observation,O1,Untitled contentless section,,Not a defect,https://county_template.devmny.org/the_risk/natural_hazards,the_risk/natural_hazards,1300806,(untitled),2413434,Header: MNY Data,v1,,,visible section with no title and no tag,None. Recorded so the next sweep does not re-raise it.,Observation,,,"Owner: headers, footers, filters, maps and the hazard-page cards are headerless by design and render as expected."
QA2-272,Observation,O1,Untitled contentless section,,Not a defect,https://county_template.devmny.org/the_risk/natural_hazards/avalanche,the_risk/natural_hazards/avalanche,1544721,(untitled),2176930,Card,v2,AVAIL - Fusion Events V2,,visible section with no title and no tag,None. Recorded so the next sweep does not re-raise it.,Observation,,,"Owner: headers, footers, filters, maps and the hazard-page cards are headerless by design and render as expected."
QA2-273,Observation,O1,Untitled contentless section,,Not a defect,https://county_template.devmny.org/the_risk/natural_hazards/avalanche,the_risk/natural_hazards/avalanche,1544721,(untitled),2177000,Header: MNY Data,v1,,,visible section with no title and no tag,None. Recorded so the next sweep does not re-raise it.,Observation,,,"Owner: headers, footers, filters, maps and the hazard-page cards are headerless by design and render as expected."
QA2-274,Observation,O1,Untitled contentless section,,Not a defect,https://county_template.devmny.org/the_risk/natural_hazards/avalanche,the_risk/natural_hazards/avalanche,1544721,(untitled),2177001,Footer: MNY Footer,v1,,,visible section with no title and no tag,None. Recorded so the next sweep does not re-raise it.,Observation,,,"Owner: headers, footers, filters, maps and the hazard-page cards are headerless by design and render as expected."
QA2-275,Observation,O1,Untitled contentless section,,Not a defect,https://county_template.devmny.org/the_risk/natural_hazards/coastal_hazards,the_risk/natural_hazards/coastal_hazards,1544317,(untitled),1544196,Card,v2,AVAIL - Fusion Events V2,,visible section with no title and no tag,None. Recorded so the next sweep does not re-raise it.,Observation,,,"Owner: headers, footers, filters, maps and the hazard-page cards are headerless by design and render as expected."
QA2-276,Observation,O1,Untitled contentless section,,Not a defect,https://county_template.devmny.org/the_risk/natural_hazards/coastal_hazards,the_risk/natural_hazards/coastal_hazards,1544317,(untitled),1544313,Header: MNY Data,v1,,,visible section with no title and no tag,None. Recorded so the next sweep does not re-raise it.,Observation,,,"Owner: headers, footers, filters, maps and the hazard-page cards are headerless by design and render as expected."
QA2-277,Observation,O1,Untitled contentless section,,Not a defect,https://county_template.devmny.org/the_risk/natural_hazards/coastal_hazards,the_risk/natural_hazards/coastal_hazards,1544317,(untitled),2239903,Footer: MNY Footer,none,,,visible section with no title and no tag,None. Recorded so the next sweep does not re-raise it.,Observation,,,"Owner: headers, footers, filters, maps and the hazard-page cards are headerless by design and render as expected."
QA2-278,Observation,O1,Untitled contentless section,,Not a defect,https://county_template.devmny.org/the_risk/natural_hazards/drought,the_risk/natural_hazards/drought,1545217,(untitled),1898194,Card,v2,AVAIL - Fusion Events V2,,visible section with no title and no tag,None. Recorded so the next sweep does not re-raise it.,Observation,,,"Owner: headers, footers, filters, maps and the hazard-page cards are headerless by design and render as expected."
QA2-279,Observation,O1,Untitled contentless section,,Not a defect,https://county_template.devmny.org/the_risk/natural_hazards/drought,the_risk/natural_hazards/drought,1545217,(untitled),1898263,Header: MNY Data,v1,,,visible section with no title and no tag,None. Recorded so the next sweep does not re-raise it.,Observation,,,"Owner: headers, footers, filters, maps and the hazard-page cards are headerless by design and render as expected."
QA2-280,Observation,O1,Untitled contentless section,,Not a defect,https://county_template.devmny.org/the_risk/natural_hazards/drought,the_risk/natural_hazards/drought,1545217,(untitled),2239990,Footer: MNY Footer,none,,,visible section with no title and no tag,None. Recorded so the next sweep does not re-raise it.,Observation,,,"Owner: headers, footers, filters, maps and the hazard-page cards are headerless by design and render as expected."
QA2-281,Observation,O1,Untitled contentless section,,Not a defect,https://county_template.devmny.org/the_risk/natural_hazards/earthquake,the_risk/natural_hazards/earthquake,1544597,(untitled),1544537,Card,v2,AVAIL - Fusion Events V2,,visible section with no title and no tag,None. Recorded so the next sweep does not re-raise it.,Observation,,,"Owner: headers, footers, filters, maps and the hazard-page cards are headerless by design and render as expected."
QA2-282,Observation,O1,Untitled contentless section,,Not a defect,https://county_template.devmny.org/the_risk/natural_hazards/earthquake,the_risk/natural_hazards/earthquake,1544597,(untitled),1544596,Header: MNY Data,v1,,,visible section with no title and no tag,None. Recorded so the next sweep does not re-raise it.,Observation,,,"Owner: headers, footers, filters, maps and the hazard-page cards are headerless by design and render as expected."
QA2-283,Observation,O1,Untitled contentless section,,Not a defect,https://county_template.devmny.org/the_risk/natural_hazards/earthquake,the_risk/natural_hazards/earthquake,1544597,(untitled),2240405,Footer: MNY Footer,none,,,visible section with no title and no tag,None. Recorded so the next sweep does not re-raise it.,Observation,,,"Owner: headers, footers, filters, maps and the hazard-page cards are headerless by design and render as expected."
QA2-284,Observation,O1,Untitled contentless section,,Not a defect,https://county_template.devmny.org/the_risk/natural_hazards/extreme_cold,the_risk/natural_hazards/extreme_cold,1544845,(untitled),1544785,Card,v2,AVAIL - Fusion Events V2,,visible section with no title and no tag,None. Recorded so the next sweep does not re-raise it.,Observation,,,"Owner: headers, footers, filters, maps and the hazard-page cards are headerless by design and render as expected."
QA2-285,Observation,O1,Untitled contentless section,,Not a defect,https://county_template.devmny.org/the_risk/natural_hazards/extreme_cold,the_risk/natural_hazards/extreme_cold,1544845,(untitled),1544844,Header: MNY Data,v1,,,visible section with no title and no tag,None. Recorded so the next sweep does not re-raise it.,Observation,,,"Owner: headers, footers, filters, maps and the hazard-page cards are headerless by design and render as expected."
QA2-286,Observation,O1,Untitled contentless section,,Not a defect,https://county_template.devmny.org/the_risk/natural_hazards/extreme_cold,the_risk/natural_hazards/extreme_cold,1544845,(untitled),2240651,Footer: MNY Footer,none,,,visible section with no title and no tag,None. Recorded so the next sweep does not re-raise it.,Observation,,,"Owner: headers, footers, filters, maps and the hazard-page cards are headerless by design and render as expected."
QA2-287,Observation,O1,Untitled contentless section,,Not a defect,https://county_template.devmny.org/the_risk/natural_hazards/extreme_heat,the_risk/natural_hazards/extreme_heat,1544969,(untitled),1544909,Card,v2,AVAIL - Fusion Events V2,,visible section with no title and no tag,None. Recorded so the next sweep does not re-raise it.,Observation,,,"Owner: headers, footers, filters, maps and the hazard-page cards are headerless by design and render as expected."
QA2-288,Observation,O1,Untitled contentless section,,Not a defect,https://county_template.devmny.org/the_risk/natural_hazards/extreme_heat,the_risk/natural_hazards/extreme_heat,1544969,(untitled),1544968,Header: MNY Data,v1,,,visible section with no title and no tag,None. Recorded so the next sweep does not re-raise it.,Observation,,,"Owner: headers, footers, filters, maps and the hazard-page cards are headerless by design and render as expected."
QA2-289,Observation,O1,Untitled contentless section,,Not a defect,https://county_template.devmny.org/the_risk/natural_hazards/extreme_heat,the_risk/natural_hazards/extreme_heat,1544969,(untitled),2243003,Footer: MNY Footer,none,,,visible section with no title and no tag,None. Recorded so the next sweep does not re-raise it.,Observation,,,"Owner: headers, footers, filters, maps and the hazard-page cards are headerless by design and render as expected."
QA2-290,Observation,O1,Untitled contentless section,,Not a defect,https://county_template.devmny.org/the_risk/natural_hazards/flooding,the_risk/natural_hazards/flooding,1450290,(untitled),1682899,Card,v2,AVAIL - Fusion Events V2,,visible section with no title and no tag,None. Recorded so the next sweep does not re-raise it.,Observation,,,"Owner: headers, footers, filters, maps and the hazard-page cards are headerless by design and render as expected."
QA2-291,Observation,O1,Untitled contentless section,,Not a defect,https://county_template.devmny.org/the_risk/natural_hazards/flooding,the_risk/natural_hazards/flooding,1450290,(untitled),1683001,Header: MNY Data,v1,,,visible section with no title and no tag,None. Recorded so the next sweep does not re-raise it.,Observation,,,"Owner: headers, footers, filters, maps and the hazard-page cards are headerless by design and render as expected."
QA2-292,Observation,O1,Untitled contentless section,,Not a defect,https://county_template.devmny.org/the_risk/natural_hazards/flooding,the_risk/natural_hazards/flooding,1450290,(untitled),2240807,Footer: MNY Footer,none,,,visible section with no title and no tag,None. Recorded so the next sweep does not re-raise it.,Observation,,,"Owner: headers, footers, filters, maps and the hazard-page cards are headerless by design and render as expected."
QA2-293,Observation,O1,Untitled contentless section,,Not a defect,https://county_template.devmny.org/the_risk/natural_hazards/hail,the_risk/natural_hazards/hail,1545093,(untitled),1545033,Card,v2,AVAIL - Fusion Events V2,,visible section with no title and no tag,None. Recorded so the next sweep does not re-raise it.,Observation,,,"Owner: headers, footers, filters, maps and the hazard-page cards are headerless by design and render as expected."
QA2-294,Observation,O1,Untitled contentless section,,Not a defect,https://county_template.devmny.org/the_risk/natural_hazards/hail,the_risk/natural_hazards/hail,1545093,(untitled),1545092,Header: MNY Data,v1,,,visible section with no title and no tag,None. Recorded so the next sweep does not re-raise it.,Observation,,,"Owner: headers, footers, filters, maps and the hazard-page cards are headerless by design and render as expected."
QA2-295,Observation,O1,Untitled contentless section,,Not a defect,https://county_template.devmny.org/the_risk/natural_hazards/hail,the_risk/natural_hazards/hail,1545093,(untitled),2241073,Footer: MNY Footer,none,,,visible section with no title and no tag,None. Recorded so the next sweep does not re-raise it.,Observation,,,"Owner: headers, footers, filters, maps and the hazard-page cards are headerless by design and render as expected."
QA2-296,Observation,O1,Untitled contentless section,,Not a defect,https://county_template.devmny.org/the_risk/natural_hazards/hurricane,the_risk/natural_hazards/hurricane,1545403,(untitled),2416262,Card,v2,AVAIL - Fusion Events V2,,visible section with no title and no tag,None. Recorded so the next sweep does not re-raise it.,Observation,,,"Owner: headers, footers, filters, maps and the hazard-page cards are headerless by design and render as expected."
QA2-297,Observation,O1,Untitled contentless section,,Not a defect,https://county_template.devmny.org/the_risk/natural_hazards/hurricane,the_risk/natural_hazards/hurricane,1545403,(untitled),2416263,Card,v2,Hazards_of_Concern,,visible section with no title and no tag,None. Recorded so the next sweep does not re-raise it.,Observation,,,"Owner: headers, footers, filters, maps and the hazard-page cards are headerless by design and render as expected."
QA2-298,Observation,O1,Untitled contentless section,,Not a defect,https://county_template.devmny.org/the_risk/natural_hazards/hurricane,the_risk/natural_hazards/hurricane,1545403,(untitled),2416266,Card,v2,NRI Counties - Hazard Normalized,,visible section with no title and no tag,None. Recorded so the next sweep does not re-raise it.,Observation,,,"Owner: headers, footers, filters, maps and the hazard-page cards are headerless by design and render as expected."
QA2-299,Observation,O1,Untitled contentless section,,Not a defect,https://county_template.devmny.org/the_risk/natural_hazards/hurricane,the_risk/natural_hazards/hurricane,1545403,(untitled),2416265,Card,v2,AVAIL - Fusion Events V2,,visible section with no title and no tag,None. Recorded so the next sweep does not re-raise it.,Observation,,,"Owner: headers, footers, filters, maps and the hazard-page cards are headerless by design and render as expected."
QA2-300,Observation,O1,Untitled contentless section,,Not a defect,https://county_template.devmny.org/the_risk/natural_hazards/hurricane,the_risk/natural_hazards/hurricane,1545403,(untitled),1992629,Header: MNY Data,v1,,,visible section with no title and no tag,None. Recorded so the next sweep does not re-raise it.,Observation,,,"Owner: headers, footers, filters, maps and the hazard-page cards are headerless by design and render as expected."
QA2-301,Observation,O1,Untitled contentless section,,Not a defect,https://county_template.devmny.org/the_risk/natural_hazards/hurricane,the_risk/natural_hazards/hurricane,1545403,(untitled),1992630,Footer: MNY Footer,v1,,,visible section with no title and no tag,None. Recorded so the next sweep does not re-raise it.,Observation,,,"Owner: headers, footers, filters, maps and the hazard-page cards are headerless by design and render as expected."
QA2-302,Observation,O1,Untitled contentless section,,Not a defect,https://county_template.devmny.org/the_risk/natural_hazards/ice_storm,the_risk/natural_hazards/ice_storm,1545527,(untitled),1602160,Card,v2,AVAIL - Fusion Events V2,,visible section with no title and no tag,None. Recorded so the next sweep does not re-raise it.,Observation,,,"Owner: headers, footers, filters, maps and the hazard-page cards are headerless by design and render as expected."
QA2-303,Observation,O1,Untitled contentless section,,Not a defect,https://county_template.devmny.org/the_risk/natural_hazards/ice_storm,the_risk/natural_hazards/ice_storm,1545527,(untitled),1602218,Header: MNY Data,v1,,,visible section with no title and no tag,None. Recorded so the next sweep does not re-raise it.,Observation,,,"Owner: headers, footers, filters, maps and the hazard-page cards are headerless by design and render as expected."
QA2-304,Observation,O1,Untitled contentless section,,Not a defect,https://county_template.devmny.org/the_risk/natural_hazards/ice_storm,the_risk/natural_hazards/ice_storm,1545527,(untitled),1674544,Footer: MNY Footer,v1,,,visible section with no title and no tag,None. Recorded so the next sweep does not re-raise it.,Observation,,,"Owner: headers, footers, filters, maps and the hazard-page cards are headerless by design and render as expected."
QA2-305,Observation,O1,Untitled contentless section,,Not a defect,https://county_template.devmny.org/the_risk/natural_hazards/landslide,the_risk/natural_hazards/landslide,1545651,(untitled),1545591,Card,v2,AVAIL - Fusion Events V2,,visible section with no title and no tag,None. Recorded so the next sweep does not re-raise it.,Observation,,,"Owner: headers, footers, filters, maps and the hazard-page cards are headerless by design and render as expected."
QA2-306,Observation,O1,Untitled contentless section,,Not a defect,https://county_template.devmny.org/the_risk/natural_hazards/landslide,the_risk/natural_hazards/landslide,1545651,(untitled),1545650,Header: MNY Data,v1,,,visible section with no title and no tag,None. Recorded so the next sweep does not re-raise it.,Observation,,,"Owner: headers, footers, filters, maps and the hazard-page cards are headerless by design and render as expected."
QA2-307,Observation,O1,Untitled contentless section,,Not a defect,https://county_template.devmny.org/the_risk/natural_hazards/landslide,the_risk/natural_hazards/landslide,1545651,(untitled),1674608,Footer: MNY Footer,v1,,,visible section with no title and no tag,None. Recorded so the next sweep does not re-raise it.,Observation,,,"Owner: headers, footers, filters, maps and the hazard-page cards are headerless by design and render as expected."
QA2-308,Observation,O1,Untitled contentless section,,Not a defect,https://county_template.devmny.org/the_risk/natural_hazards/lightning,the_risk/natural_hazards/lightning,1545775,(untitled),1545715,Card,v2,AVAIL - Fusion Events V2,,visible section with no title and no tag,None. Recorded so the next sweep does not re-raise it.,Observation,,,"Owner: headers, footers, filters, maps and the hazard-page cards are headerless by design and render as expected."
QA2-309,Observation,O1,Untitled contentless section,,Not a defect,https://county_template.devmny.org/the_risk/natural_hazards/lightning,the_risk/natural_hazards/lightning,1545775,(untitled),1545774,Header: MNY Data,v1,,,visible section with no title and no tag,None. Recorded so the next sweep does not re-raise it.,Observation,,,"Owner: headers, footers, filters, maps and the hazard-page cards are headerless by design and render as expected."
QA2-310,Observation,O1,Untitled contentless section,,Not a defect,https://county_template.devmny.org/the_risk/natural_hazards/lightning,the_risk/natural_hazards/lightning,1545775,(untitled),1674895,Footer: MNY Footer,v1,,,visible section with no title and no tag,None. Recorded so the next sweep does not re-raise it.,Observation,,,"Owner: headers, footers, filters, maps and the hazard-page cards are headerless by design and render as expected."
QA2-311,Observation,O1,Untitled contentless section,,Not a defect,https://county_template.devmny.org/the_risk/natural_hazards/snowstorm,the_risk/natural_hazards/snowstorm,1546774,(untitled),1548810,Card,v2,AVAIL - Fusion Events V2,,visible section with no title and no tag,None. Recorded so the next sweep does not re-raise it.,Observation,,,"Owner: headers, footers, filters, maps and the hazard-page cards are headerless by design and render as expected."
QA2-312,Observation,O1,Untitled contentless section,,Not a defect,https://county_template.devmny.org/the_risk/natural_hazards/snowstorm,the_risk/natural_hazards/snowstorm,1546774,(untitled),1548747,Header: MNY Data,v1,,,visible section with no title and no tag,None. Recorded so the next sweep does not re-raise it.,Observation,,,"Owner: headers, footers, filters, maps and the hazard-page cards are headerless by design and render as expected."
QA2-313,Observation,O1,Untitled contentless section,,Not a defect,https://county_template.devmny.org/the_risk/natural_hazards/snowstorm,the_risk/natural_hazards/snowstorm,1546774,(untitled),1675011,Footer: MNY Footer,v1,,,visible section with no title and no tag,None. Recorded so the next sweep does not re-raise it.,Observation,,,"Owner: headers, footers, filters, maps and the hazard-page cards are headerless by design and render as expected."
QA2-314,Observation,O1,Untitled contentless section,,Not a defect,https://county_template.devmny.org/the_risk/natural_hazards/tornado,the_risk/natural_hazards/tornado,1545899,(untitled),1545839,Card,v2,AVAIL - Fusion Events V2,,visible section with no title and no tag,None. Recorded so the next sweep does not re-raise it.,Observation,,,"Owner: headers, footers, filters, maps and the hazard-page cards are headerless by design and render as expected."
QA2-315,Observation,O1,Untitled contentless section,,Not a defect,https://county_template.devmny.org/the_risk/natural_hazards/tornado,the_risk/natural_hazards/tornado,1545899,(untitled),1545898,Header: MNY Data,v1,,,visible section with no title and no tag,None. Recorded so the next sweep does not re-raise it.,Observation,,,"Owner: headers, footers, filters, maps and the hazard-page cards are headerless by design and render as expected."
QA2-316,Observation,O1,Untitled contentless section,,Not a defect,https://county_template.devmny.org/the_risk/natural_hazards/tornado,the_risk/natural_hazards/tornado,1545899,(untitled),2242519,Footer: MNY Footer,none,,,visible section with no title and no tag,None. Recorded so the next sweep does not re-raise it.,Observation,,,"Owner: headers, footers, filters, maps and the hazard-page cards are headerless by design and render as expected."
QA2-317,Observation,O1,Untitled contentless section,,Not a defect,https://county_template.devmny.org/the_risk/natural_hazards/wildfire,the_risk/natural_hazards/wildfire,1546087,(untitled),1546027,Card,v2,AVAIL - Fusion Events V2,,visible section with no title and no tag,None. Recorded so the next sweep does not re-raise it.,Observation,,,"Owner: headers, footers, filters, maps and the hazard-page cards are headerless by design and render as expected."
QA2-318,Observation,O1,Untitled contentless section,,Not a defect,https://county_template.devmny.org/the_risk/natural_hazards/wildfire,the_risk/natural_hazards/wildfire,1546087,(untitled),1546086,Header: MNY Data,v1,,,visible section with no title and no tag,None. Recorded so the next sweep does not re-raise it.,Observation,,,"Owner: headers, footers, filters, maps and the hazard-page cards are headerless by design and render as expected."
QA2-319,Observation,O1,Untitled contentless section,,Not a defect,https://county_template.devmny.org/the_risk/natural_hazards/wildfire,the_risk/natural_hazards/wildfire,1546087,(untitled),1675298,Footer: MNY Footer,v1,,,visible section with no title and no tag,None. Recorded so the next sweep does not re-raise it.,Observation,,,"Owner: headers, footers, filters, maps and the hazard-page cards are headerless by design and render as expected."
QA2-320,Observation,O1,Untitled contentless section,,Not a defect,https://county_template.devmny.org/the_risk/natural_hazards/wind,the_risk/natural_hazards/wind,1546213,(untitled),2416268,Card,v2,AVAIL - Fusion Events V2,,visible section with no title and no tag,None. Recorded so the next sweep does not re-raise it.,Observation,,,"Owner: headers, footers, filters, maps and the hazard-page cards are headerless by design and render as expected."
QA2-321,Observation,O1,Untitled contentless section,,Not a defect,https://county_template.devmny.org/the_risk/natural_hazards/wind,the_risk/natural_hazards/wind,1546213,(untitled),2416269,Card,v2,NRI Counties - Hazard Normalized,,visible section with no title and no tag,None. Recorded so the next sweep does not re-raise it.,Observation,,,"Owner: headers, footers, filters, maps and the hazard-page cards are headerless by design and render as expected."
QA2-322,Observation,O1,Untitled contentless section,,Not a defect,https://county_template.devmny.org/the_risk/natural_hazards/wind,the_risk/natural_hazards/wind,1546213,(untitled),2416270,Card,v2,AVAIL - Fusion Events V2,,visible section with no title and no tag,None. Recorded so the next sweep does not re-raise it.,Observation,,,"Owner: headers, footers, filters, maps and the hazard-page cards are headerless by design and render as expected."
QA2-323,Observation,O1,Untitled contentless section,,Not a defect,https://county_template.devmny.org/the_risk/natural_hazards/wind,the_risk/natural_hazards/wind,1546213,(untitled),1546212,Header: MNY Data,v1,,,visible section with no title and no tag,None. Recorded so the next sweep does not re-raise it.,Observation,,,"Owner: headers, footers, filters, maps and the hazard-page cards are headerless by design and render as expected."
QA2-324,Observation,O1,Untitled contentless section,,Not a defect,https://county_template.devmny.org/the_risk/natural_hazards/wind,the_risk/natural_hazards/wind,1546213,(untitled),1673736,Footer: MNY Footer,v1,,,visible section with no title and no tag,None. Recorded so the next sweep does not re-raise it.,Observation,,,"Owner: headers, footers, filters, maps and the hazard-page cards are headerless by design and render as expected."
QA2-347,Observation,O2,No filter block in element-data,,Not a defect,https://county_template.devmny.org/the_risk/natural_hazards/tornado,the_risk/natural_hazards/tornado,1545899,Total Events and Losses in $: Declared Disasters and Non-Declared Events,1545851,Card,v1,LHMP_IA,,no filter leaf found in the stored config on a per-subject page,None. Recorded so the next sweep does not re-raise it.,Observation,,,Owner: both instances verified filtering correctly and showing the anticipated content. Config absence does not imply unscoped output.
QA2-588,Observation,O3,Coded identifier rendered without a lookup,,Needs a render check,https://county_template.devmny.org/the_plan/jurisdictional_annexes/select_jurisdiction,the_plan/jurisdictional_annexes/select_jurisdiction,1348541,Critical Buildings in The Floodplain,1920935,Spreadsheet,v1,BILD 2026 Simplified Draft V1,,"column ""jurisdiction_geoid"" is shown with no meta_lookup",Confirm on the rendered page whether a raw code appears; add a lookup only if it does.,Observation,,,Check M candidate. Latent until observed.
