Fix ID,Type,Type name,Tier,Fix category,Page URL,Page,Page ID,Section title,Draft section ID,Component kind,Config shape,Source,Current tags,What is wrong,Recommended fix,Status,Assigned to,Date fixed,User Relevance,User Notes,Notes
QA2-001,1,Tag record disagrees with platform,1,Investigation,https://county_template.devmny.org/the_risk/natural_hazards/avalanche,the_risk/natural_hazards/avalanche,1544721,(untitled),2176931,Card,v2,Hazards_of_Concern,,"workbook row T5-351 is Status=Closed / Notes=Needs Tag / Date fixed=2026-08-28, but the live section has tags=""""",Reconcile before writing: confirm whether the workbook Draft section ID is stale or the tag write did not land. Do not re-apply blind.,Open,,,Irrelevant,"User excluded tags here because they break the design, but the requirements were met elsewhere. This can be flagged as a non-issue not.","No same-page section shares this trackingId, so the ""tag landed on a re-added twin"" explanation was tested and does not hold."
QA2-002,1,Tag record disagrees with platform,1,Investigation,https://county_template.devmny.org/the_risk/natural_hazards/avalanche,the_risk/natural_hazards/avalanche,1544721,(untitled),2176932,Card,v2,NRI Counties - Hazard Normalized,,"workbook row T5-352 is Status=Closed / Notes=Needs Tag / Date fixed=2026-08-28, but the live section has tags=""""",Reconcile before writing: confirm whether the workbook Draft section ID is stale or the tag write did not land. Do not re-apply blind.,Open,,,Irrelevant,"User excluded tags here because they break the design, but the requirements were met elsewhere. This can be flagged as a non-issue not.","No same-page section shares this trackingId, so the ""tag landed on a re-added twin"" explanation was tested and does not hold."
QA2-003,1,Tag record disagrees with platform,1,Investigation,https://county_template.devmny.org/the_risk/natural_hazards/avalanche,the_risk/natural_hazards/avalanche,1544721,(untitled),2176933,Card,v2,AVAIL - Fusion Events V2,,"workbook row T5-353 is Status=Closed / Notes=Needs Tag / Date fixed=2026-08-28, but the live section has tags=""""",Reconcile before writing: confirm whether the workbook Draft section ID is stale or the tag write did not land. Do not re-apply blind.,Open,,,Irrelevant,"User excluded tags here because they break the design, but the requirements were met elsewhere. This can be flagged as a non-issue not.","No same-page section shares this trackingId, so the ""tag landed on a re-added twin"" explanation was tested and does not hold."
QA2-004,1,Tag record disagrees with platform,1,Investigation,https://county_template.devmny.org/the_risk/natural_hazards/coastal_hazards,the_risk/natural_hazards/coastal_hazards,1544317,(untitled),1676739,Card,v2,Hazards_of_Concern,,"workbook row T5-382 is Status=Closed / Notes=Needs Tag / Date fixed=2026-08-28, but the live section has tags=""""",Reconcile before writing: confirm whether the workbook Draft section ID is stale or the tag write did not land. Do not re-apply blind.,Open,,,Irrelevant,"User excluded tags here because they break the design, but the requirements were met elsewhere. This can be flagged as a non-issue not.","No same-page section shares this trackingId, so the ""tag landed on a re-added twin"" explanation was tested and does not hold."
QA2-005,1,Tag record disagrees with platform,1,Investigation,https://county_template.devmny.org/the_risk/natural_hazards/coastal_hazards,the_risk/natural_hazards/coastal_hazards,1544317,(untitled),1544197,Card,v2,NRI Counties - Hazard Normalized,,"workbook row T5-385 is Status=Closed / Notes=Needs Tag / Date fixed=2026-08-28, but the live section has tags=""""",Reconcile before writing: confirm whether the workbook Draft section ID is stale or the tag write did not land. Do not re-apply blind.,Open,,,Irrelevant,"User excluded tags here because they break the design, but the requirements were met elsewhere. This can be flagged as a non-issue not.","No same-page section shares this trackingId, so the ""tag landed on a re-added twin"" explanation was tested and does not hold."
QA2-006,1,Tag record disagrees with platform,1,Investigation,https://county_template.devmny.org/the_risk/natural_hazards/coastal_hazards,the_risk/natural_hazards/coastal_hazards,1544317,(untitled),1544198,Card,v2,AVAIL - Fusion Events V2,,"workbook row T5-383 is Status=Closed / Notes=Needs Tag / Date fixed=2026-08-28, but the live section has tags=""""",Reconcile before writing: confirm whether the workbook Draft section ID is stale or the tag write did not land. Do not re-apply blind.,Open,,,Irrelevant,"User excluded tags here because they break the design, but the requirements were met elsewhere. This can be flagged as a non-issue not.","No same-page section shares this trackingId, so the ""tag landed on a re-added twin"" explanation was tested and does not hold."
QA2-007,1,Tag record disagrees with platform,1,Investigation,https://county_template.devmny.org/the_risk/natural_hazards/drought,the_risk/natural_hazards/drought,1545217,(untitled),1898195,Card,v2,Hazards_of_Concern,,"workbook row T5-414 is Status=Closed / Notes=Needs Tag / Date fixed=2026-08-28, but the live section has tags=""""",Reconcile before writing: confirm whether the workbook Draft section ID is stale or the tag write did not land. Do not re-apply blind.,Open,,,Irrelevant,"User excluded tags here because they break the design, but the requirements were met elsewhere. This can be flagged as a non-issue not.","No same-page section shares this trackingId, so the ""tag landed on a re-added twin"" explanation was tested and does not hold."
QA2-008,1,Tag record disagrees with platform,1,Investigation,https://county_template.devmny.org/the_risk/natural_hazards/drought,the_risk/natural_hazards/drought,1545217,(untitled),1898196,Card,v2,NRI Counties - Hazard Normalized,,"workbook row T5-415 is Status=Closed / Notes=Needs Tag / Date fixed=2026-08-28, but the live section has tags=""""",Reconcile before writing: confirm whether the workbook Draft section ID is stale or the tag write did not land. Do not re-apply blind.,Open,,,Irrelevant,"User excluded tags here because they break the design, but the requirements were met elsewhere. This can be flagged as a non-issue not.","No same-page section shares this trackingId, so the ""tag landed on a re-added twin"" explanation was tested and does not hold."
QA2-009,1,Tag record disagrees with platform,1,Investigation,https://county_template.devmny.org/the_risk/natural_hazards/drought,the_risk/natural_hazards/drought,1545217,(untitled),1898197,Card,v2,AVAIL - Fusion Events V2,,"workbook row T5-416 is Status=Closed / Notes=Needs Tag / Date fixed=2026-08-28, but the live section has tags=""""",Reconcile before writing: confirm whether the workbook Draft section ID is stale or the tag write did not land. Do not re-apply blind.,Open,,,Irrelevant,"User excluded tags here because they break the design, but the requirements were met elsewhere. This can be flagged as a non-issue not.","No same-page section shares this trackingId, so the ""tag landed on a re-added twin"" explanation was tested and does not hold."
QA2-010,1,Tag record disagrees with platform,1,Investigation,https://county_template.devmny.org/the_risk/natural_hazards/earthquake,the_risk/natural_hazards/earthquake,1544597,(untitled),1676741,Card,v2,Hazards_of_Concern,,"workbook row T5-445 is Status=Closed / Notes=Needs Tag / Date fixed=2026-08-28, but the live section has tags=""""",Reconcile before writing: confirm whether the workbook Draft section ID is stale or the tag write did not land. Do not re-apply blind.,Open,,,Irrelevant,"User excluded tags here because they break the design, but the requirements were met elsewhere. This can be flagged as a non-issue not.","No same-page section shares this trackingId, so the ""tag landed on a re-added twin"" explanation was tested and does not hold."
QA2-011,1,Tag record disagrees with platform,1,Investigation,https://county_template.devmny.org/the_risk/natural_hazards/earthquake,the_risk/natural_hazards/earthquake,1544597,(untitled),1544538,Card,v2,NRI Counties - Hazard Normalized,,"workbook row T5-446 is Status=Closed / Notes=Needs Tag / Date fixed=2026-08-28, but the live section has tags=""""",Reconcile before writing: confirm whether the workbook Draft section ID is stale or the tag write did not land. Do not re-apply blind.,Open,,,Irrelevant,"User excluded tags here because they break the design, but the requirements were met elsewhere. This can be flagged as a non-issue not.","No same-page section shares this trackingId, so the ""tag landed on a re-added twin"" explanation was tested and does not hold."
QA2-012,1,Tag record disagrees with platform,1,Investigation,https://county_template.devmny.org/the_risk/natural_hazards/earthquake,the_risk/natural_hazards/earthquake,1544597,(untitled),1544539,Card,v2,AVAIL - Fusion Events V2,,"workbook row T5-447 is Status=Closed / Notes=Needs Tag / Date fixed=2026-08-28, but the live section has tags=""""",Reconcile before writing: confirm whether the workbook Draft section ID is stale or the tag write did not land. Do not re-apply blind.,Open,,,Irrelevant,"User excluded tags here because they break the design, but the requirements were met elsewhere. This can be flagged as a non-issue not.","No same-page section shares this trackingId, so the ""tag landed on a re-added twin"" explanation was tested and does not hold."
QA2-013,1,Tag record disagrees with platform,1,Investigation,https://county_template.devmny.org/the_risk/natural_hazards/extreme_cold,the_risk/natural_hazards/extreme_cold,1544845,(untitled),1676743,Card,v2,Hazards_of_Concern,,"workbook row T5-477 is Status=Closed / Notes=Needs Tag / Date fixed=2026-08-28, but the live section has tags=""""",Reconcile before writing: confirm whether the workbook Draft section ID is stale or the tag write did not land. Do not re-apply blind.,Open,,,Irrelevant,"User excluded tags here because they break the design, but the requirements were met elsewhere. This can be flagged as a non-issue not.","No same-page section shares this trackingId, so the ""tag landed on a re-added twin"" explanation was tested and does not hold."
QA2-014,1,Tag record disagrees with platform,1,Investigation,https://county_template.devmny.org/the_risk/natural_hazards/extreme_cold,the_risk/natural_hazards/extreme_cold,1544845,(untitled),1544786,Card,v2,NRI Counties - Hazard Normalized,,"workbook row T5-478 is Status=Closed / Notes=Needs Tag / Date fixed=2026-08-28, but the live section has tags=""""",Reconcile before writing: confirm whether the workbook Draft section ID is stale or the tag write did not land. Do not re-apply blind.,Open,,,Irrelevant,"User excluded tags here because they break the design, but the requirements were met elsewhere. This can be flagged as a non-issue not.","No same-page section shares this trackingId, so the ""tag landed on a re-added twin"" explanation was tested and does not hold."
QA2-015,1,Tag record disagrees with platform,1,Investigation,https://county_template.devmny.org/the_risk/natural_hazards/extreme_cold,the_risk/natural_hazards/extreme_cold,1544845,(untitled),1544787,Card,v2,AVAIL - Fusion Events V2,,"workbook row T5-479 is Status=Closed / Notes=Needs Tag / Date fixed=2026-08-28, but the live section has tags=""""",Reconcile before writing: confirm whether the workbook Draft section ID is stale or the tag write did not land. Do not re-apply blind.,Open,,,Irrelevant,"User excluded tags here because they break the design, but the requirements were met elsewhere. This can be flagged as a non-issue not.","No same-page section shares this trackingId, so the ""tag landed on a re-added twin"" explanation was tested and does not hold."
QA2-016,1,Tag record disagrees with platform,1,Investigation,https://county_template.devmny.org/the_risk/natural_hazards/extreme_heat,the_risk/natural_hazards/extreme_heat,1544969,(untitled),1676745,Card,v2,Hazards_of_Concern,,"workbook row T5-511 is Status=Closed / Notes=Needs Tag / Date fixed=2026-08-28, but the live section has tags=""""",Reconcile before writing: confirm whether the workbook Draft section ID is stale or the tag write did not land. Do not re-apply blind.,Open,,,Irrelevant,"User excluded tags here because they break the design, but the requirements were met elsewhere. This can be flagged as a non-issue not.","No same-page section shares this trackingId, so the ""tag landed on a re-added twin"" explanation was tested and does not hold."
QA2-017,1,Tag record disagrees with platform,1,Investigation,https://county_template.devmny.org/the_risk/natural_hazards/extreme_heat,the_risk/natural_hazards/extreme_heat,1544969,(untitled),1544910,Card,v2,NRI Counties - Hazard Normalized,,"workbook row T5-512 is Status=Closed / Notes=Needs Tag / Date fixed=2026-08-28, but the live section has tags=""""",Reconcile before writing: confirm whether the workbook Draft section ID is stale or the tag write did not land. Do not re-apply blind.,Open,,,Irrelevant,"User excluded tags here because they break the design, but the requirements were met elsewhere. This can be flagged as a non-issue not.","No same-page section shares this trackingId, so the ""tag landed on a re-added twin"" explanation was tested and does not hold."
QA2-018,1,Tag record disagrees with platform,1,Investigation,https://county_template.devmny.org/the_risk/natural_hazards/extreme_heat,the_risk/natural_hazards/extreme_heat,1544969,(untitled),1544911,Card,v2,AVAIL - Fusion Events V2,,"workbook row T5-513 is Status=Closed / Notes=Needs Tag / Date fixed=2026-08-28, but the live section has tags=""""",Reconcile before writing: confirm whether the workbook Draft section ID is stale or the tag write did not land. Do not re-apply blind.,Open,,,Irrelevant,"User excluded tags here because they break the design, but the requirements were met elsewhere. This can be flagged as a non-issue not.","No same-page section shares this trackingId, so the ""tag landed on a re-added twin"" explanation was tested and does not hold."
QA2-019,1,Tag record disagrees with platform,1,Investigation,https://county_template.devmny.org/the_risk/natural_hazards/flooding,the_risk/natural_hazards/flooding,1450290,(untitled),1682901,Card,v2,Hazards_of_Concern,,"workbook row T5-539 is Status=Closed / Notes=Needs Tag / Date fixed=2026-08-28, but the live section has tags=""""",Reconcile before writing: confirm whether the workbook Draft section ID is stale or the tag write did not land. Do not re-apply blind.,Open,,,Irrelevant,"User excluded tags here because they break the design, but the requirements were met elsewhere. This can be flagged as a non-issue not.","No same-page section shares this trackingId, so the ""tag landed on a re-added twin"" explanation was tested and does not hold."
QA2-020,1,Tag record disagrees with platform,1,Investigation,https://county_template.devmny.org/the_risk/natural_hazards/flooding,the_risk/natural_hazards/flooding,1450290,(untitled),1682904,Card,v2,NRI Counties - Hazard Normalized,,"workbook row T5-541 is Status=Closed / Notes=Needs Tag / Date fixed=2026-08-28, but the live section has tags=""""",Reconcile before writing: confirm whether the workbook Draft section ID is stale or the tag write did not land. Do not re-apply blind.,Open,,,Irrelevant,"User excluded tags here because they break the design, but the requirements were met elsewhere. This can be flagged as a non-issue not.","No same-page section shares this trackingId, so the ""tag landed on a re-added twin"" explanation was tested and does not hold."
QA2-021,1,Tag record disagrees with platform,1,Investigation,https://county_template.devmny.org/the_risk/natural_hazards/flooding,the_risk/natural_hazards/flooding,1450290,(untitled),1682906,Card,v2,AVAIL - Fusion Events V2,,"workbook row T5-542 is Status=Closed / Notes=Needs Tag / Date fixed=2026-08-28, but the live section has tags=""""",Reconcile before writing: confirm whether the workbook Draft section ID is stale or the tag write did not land. Do not re-apply blind.,Open,,,Irrelevant,"User excluded tags here because they break the design, but the requirements were met elsewhere. This can be flagged as a non-issue not.","No same-page section shares this trackingId, so the ""tag landed on a re-added twin"" explanation was tested and does not hold."
QA2-022,1,Tag record disagrees with platform,1,Investigation,https://county_template.devmny.org/the_risk/natural_hazards/hail,the_risk/natural_hazards/hail,1545093,(untitled),1676822,Card,v2,Hazards_of_Concern,,"workbook row T5-574 is Status=Closed / Notes=Needs Tag / Date fixed=2026-08-28, but the live section has tags=""""",Reconcile before writing: confirm whether the workbook Draft section ID is stale or the tag write did not land. Do not re-apply blind.,Open,,,Irrelevant,"User excluded tags here because they break the design, but the requirements were met elsewhere. This can be flagged as a non-issue not.","No same-page section shares this trackingId, so the ""tag landed on a re-added twin"" explanation was tested and does not hold."
QA2-023,1,Tag record disagrees with platform,1,Investigation,https://county_template.devmny.org/the_risk/natural_hazards/hail,the_risk/natural_hazards/hail,1545093,(untitled),1545034,Card,v2,NRI Counties - Hazard Normalized,,"workbook row T5-575 is Status=Closed / Notes=Needs Tag / Date fixed=2026-08-28, but the live section has tags=""""",Reconcile before writing: confirm whether the workbook Draft section ID is stale or the tag write did not land. Do not re-apply blind.,Open,,,Irrelevant,"User excluded tags here because they break the design, but the requirements were met elsewhere. This can be flagged as a non-issue not.","No same-page section shares this trackingId, so the ""tag landed on a re-added twin"" explanation was tested and does not hold."
QA2-024,1,Tag record disagrees with platform,1,Investigation,https://county_template.devmny.org/the_risk/natural_hazards/hail,the_risk/natural_hazards/hail,1545093,(untitled),1545035,Card,v2,AVAIL - Fusion Events V2,,"workbook row T5-576 is Status=Closed / Notes=Needs Tag / Date fixed=2026-08-28, but the live section has tags=""""",Reconcile before writing: confirm whether the workbook Draft section ID is stale or the tag write did not land. Do not re-apply blind.,Open,,,Irrelevant,"User excluded tags here because they break the design, but the requirements were met elsewhere. This can be flagged as a non-issue not.","No same-page section shares this trackingId, so the ""tag landed on a re-added twin"" explanation was tested and does not hold."
QA2-025,1,Tag record disagrees with platform,1,Investigation,https://county_template.devmny.org/the_risk/natural_hazards/ice_storm,the_risk/natural_hazards/ice_storm,1545527,(untitled),1676867,Card,v2,Hazards_of_Concern,,"workbook row T5-636 is Status=Closed / Notes=Needs Tag / Date fixed=2026-08-28, but the live section has tags=""""",Reconcile before writing: confirm whether the workbook Draft section ID is stale or the tag write did not land. Do not re-apply blind.,Open,,,Irrelevant,"User excluded tags here because they break the design, but the requirements were met elsewhere. This can be flagged as a non-issue not.","No same-page section shares this trackingId, so the ""tag landed on a re-added twin"" explanation was tested and does not hold."
QA2-026,1,Tag record disagrees with platform,1,Investigation,https://county_template.devmny.org/the_risk/natural_hazards/ice_storm,the_risk/natural_hazards/ice_storm,1545527,(untitled),1602161,Card,v2,NRI Counties - Hazard Normalized,,"workbook row T5-637 is Status=Closed / Notes=Needs Tag / Date fixed=2026-08-28, but the live section has tags=""""",Reconcile before writing: confirm whether the workbook Draft section ID is stale or the tag write did not land. Do not re-apply blind.,Open,,,Irrelevant,"User excluded tags here because they break the design, but the requirements were met elsewhere. This can be flagged as a non-issue not.","No same-page section shares this trackingId, so the ""tag landed on a re-added twin"" explanation was tested and does not hold."
QA2-027,1,Tag record disagrees with platform,1,Investigation,https://county_template.devmny.org/the_risk/natural_hazards/ice_storm,the_risk/natural_hazards/ice_storm,1545527,(untitled),1602162,Card,v2,AVAIL - Fusion Events V2,,"workbook row T5-638 is Status=Closed / Notes=Needs Tag / Date fixed=2026-08-28, but the live section has tags=""""",Reconcile before writing: confirm whether the workbook Draft section ID is stale or the tag write did not land. Do not re-apply blind.,Open,,,Irrelevant,"User excluded tags here because they break the design, but the requirements were met elsewhere. This can be flagged as a non-issue not.","No same-page section shares this trackingId, so the ""tag landed on a re-added twin"" explanation was tested and does not hold."
QA2-028,1,Tag record disagrees with platform,1,Investigation,https://county_template.devmny.org/the_risk/natural_hazards/landslide,the_risk/natural_hazards/landslide,1545651,(untitled),1676869,Card,v2,Hazards_of_Concern,,"workbook row T5-672 is Status=Closed / Notes=Needs Tag / Date fixed=2026-08-28, but the live section has tags=""""",Reconcile before writing: confirm whether the workbook Draft section ID is stale or the tag write did not land. Do not re-apply blind.,Open,,,Irrelevant,"User excluded tags here because they break the design, but the requirements were met elsewhere. This can be flagged as a non-issue not.","No same-page section shares this trackingId, so the ""tag landed on a re-added twin"" explanation was tested and does not hold."
QA2-029,1,Tag record disagrees with platform,1,Investigation,https://county_template.devmny.org/the_risk/natural_hazards/landslide,the_risk/natural_hazards/landslide,1545651,(untitled),1545592,Card,v2,NRI Counties - Hazard Normalized,,"workbook row T5-673 is Status=Closed / Notes=Needs Tag / Date fixed=2026-08-28, but the live section has tags=""""",Reconcile before writing: confirm whether the workbook Draft section ID is stale or the tag write did not land. Do not re-apply blind.,Open,,,Irrelevant,"User excluded tags here because they break the design, but the requirements were met elsewhere. This can be flagged as a non-issue not.","No same-page section shares this trackingId, so the ""tag landed on a re-added twin"" explanation was tested and does not hold."
QA2-030,1,Tag record disagrees with platform,1,Investigation,https://county_template.devmny.org/the_risk/natural_hazards/landslide,the_risk/natural_hazards/landslide,1545651,(untitled),1545593,Card,v2,AVAIL - Fusion Events V2,,"workbook row T5-674 is Status=Closed / Notes=Needs Tag / Date fixed=2026-08-28, but the live section has tags=""""",Reconcile before writing: confirm whether the workbook Draft section ID is stale or the tag write did not land. Do not re-apply blind.,Open,,,Irrelevant,"User excluded tags here because they break the design, but the requirements were met elsewhere. This can be flagged as a non-issue not.","No same-page section shares this trackingId, so the ""tag landed on a re-added twin"" explanation was tested and does not hold."
QA2-031,1,Tag record disagrees with platform,1,Investigation,https://county_template.devmny.org/the_risk/natural_hazards/lightning,the_risk/natural_hazards/lightning,1545775,(untitled),1676871,Card,v2,Hazards_of_Concern,,"workbook row T5-702 is Status=Closed / Notes=Needs Tag / Date fixed=2026-08-28, but the live section has tags=""""",Reconcile before writing: confirm whether the workbook Draft section ID is stale or the tag write did not land. Do not re-apply blind.,Open,,,Irrelevant,"User excluded tags here because they break the design, but the requirements were met elsewhere. This can be flagged as a non-issue not.","No same-page section shares this trackingId, so the ""tag landed on a re-added twin"" explanation was tested and does not hold."
QA2-032,1,Tag record disagrees with platform,1,Investigation,https://county_template.devmny.org/the_risk/natural_hazards/lightning,the_risk/natural_hazards/lightning,1545775,(untitled),1545716,Card,v2,NRI Counties - Hazard Normalized,,"workbook row T5-706 is Status=Closed / Notes=Needs Tag / Date fixed=2026-08-28, but the live section has tags=""""",Reconcile before writing: confirm whether the workbook Draft section ID is stale or the tag write did not land. Do not re-apply blind.,Open,,,Irrelevant,"User excluded tags here because they break the design, but the requirements were met elsewhere. This can be flagged as a non-issue not.","No same-page section shares this trackingId, so the ""tag landed on a re-added twin"" explanation was tested and does not hold."
QA2-033,1,Tag record disagrees with platform,1,Investigation,https://county_template.devmny.org/the_risk/natural_hazards/lightning,the_risk/natural_hazards/lightning,1545775,(untitled),1545717,Card,v2,AVAIL - Fusion Events V2,,"workbook row T5-822 is Status=Closed / Notes=Needs Tag / Date fixed=2026-08-28, but the live section has tags=""""",Reconcile before writing: confirm whether the workbook Draft section ID is stale or the tag write did not land. Do not re-apply blind.,Open,,,Irrelevant,"User excluded tags here because they break the design, but the requirements were met elsewhere. This can be flagged as a non-issue not.","No same-page section shares this trackingId, so the ""tag landed on a re-added twin"" explanation was tested and does not hold."
QA2-034,1,Tag record disagrees with platform,1,Investigation,https://county_template.devmny.org/the_risk/natural_hazards/snowstorm,the_risk/natural_hazards/snowstorm,1546774,(untitled),1676873,Card,v2,Hazards_of_Concern,,"workbook row T5-740 is Status=Closed / Notes=Needs Tag / Date fixed=2026-08-28, but the live section has tags=""""",Reconcile before writing: confirm whether the workbook Draft section ID is stale or the tag write did not land. Do not re-apply blind.,Open,,,Irrelevant,"User excluded tags here because they break the design, but the requirements were met elsewhere. This can be flagged as a non-issue not.","No same-page section shares this trackingId, so the ""tag landed on a re-added twin"" explanation was tested and does not hold."
QA2-035,1,Tag record disagrees with platform,1,Investigation,https://county_template.devmny.org/the_risk/natural_hazards/snowstorm,the_risk/natural_hazards/snowstorm,1546774,(untitled),1548811,Card,v2,NRI Counties - Hazard Normalized,,"workbook row T5-741 is Status=Closed / Notes=Needs Tag / Date fixed=2026-08-28, but the live section has tags=""""",Reconcile before writing: confirm whether the workbook Draft section ID is stale or the tag write did not land. Do not re-apply blind.,Open,,,Irrelevant,"User excluded tags here because they break the design, but the requirements were met elsewhere. This can be flagged as a non-issue not.","No same-page section shares this trackingId, so the ""tag landed on a re-added twin"" explanation was tested and does not hold."
QA2-036,1,Tag record disagrees with platform,1,Investigation,https://county_template.devmny.org/the_risk/natural_hazards/snowstorm,the_risk/natural_hazards/snowstorm,1546774,(untitled),1548812,Card,v2,AVAIL - Fusion Events V2,,"workbook row T5-742 is Status=Closed / Notes=Needs Tag / Date fixed=2026-08-28, but the live section has tags=""""",Reconcile before writing: confirm whether the workbook Draft section ID is stale or the tag write did not land. Do not re-apply blind.,Open,,,Irrelevant,"User excluded tags here because they break the design, but the requirements were met elsewhere. This can be flagged as a non-issue not.","No same-page section shares this trackingId, so the ""tag landed on a re-added twin"" explanation was tested and does not hold."
QA2-037,1,Tag record disagrees with platform,1,Investigation,https://county_template.devmny.org/the_risk/natural_hazards/tornado,the_risk/natural_hazards/tornado,1545899,(untitled),1676875,Card,v2,Hazards_of_Concern,,"workbook row T5-765 is Status=Closed / Notes=Needs Tag / Date fixed=2026-08-28, but the live section has tags=""""",Reconcile before writing: confirm whether the workbook Draft section ID is stale or the tag write did not land. Do not re-apply blind.,Open,,,Irrelevant,"User excluded tags here because they break the design, but the requirements were met elsewhere. This can be flagged as a non-issue not.","No same-page section shares this trackingId, so the ""tag landed on a re-added twin"" explanation was tested and does not hold."
QA2-038,1,Tag record disagrees with platform,1,Investigation,https://county_template.devmny.org/the_risk/natural_hazards/tornado,the_risk/natural_hazards/tornado,1545899,(untitled),1545840,Card,v2,NRI Counties - Hazard Normalized,,"workbook row T5-835 is Status=Closed / Notes=Needs Tag / Date fixed=2026-08-28, but the live section has tags=""""",Reconcile before writing: confirm whether the workbook Draft section ID is stale or the tag write did not land. Do not re-apply blind.,Open,,,Irrelevant,"User excluded tags here because they break the design, but the requirements were met elsewhere. This can be flagged as a non-issue not.","No same-page section shares this trackingId, so the ""tag landed on a re-added twin"" explanation was tested and does not hold."
QA2-039,1,Tag record disagrees with platform,1,Investigation,https://county_template.devmny.org/the_risk/natural_hazards/tornado,the_risk/natural_hazards/tornado,1545899,(untitled),1545841,Card,v2,AVAIL - Fusion Events V2,,"workbook row T5-768 is Status=Closed / Notes=Needs Tag / Date fixed=2026-08-28, but the live section has tags=""""",Reconcile before writing: confirm whether the workbook Draft section ID is stale or the tag write did not land. Do not re-apply blind.,Open,,,Irrelevant,"User excluded tags here because they break the design, but the requirements were met elsewhere. This can be flagged as a non-issue not.","No same-page section shares this trackingId, so the ""tag landed on a re-added twin"" explanation was tested and does not hold."
QA2-040,1,Tag record disagrees with platform,1,Investigation,https://county_template.devmny.org/the_risk/natural_hazards/wildfire,the_risk/natural_hazards/wildfire,1546087,(untitled),1676877,Card,v2,Hazards_of_Concern,,"workbook row T5-804 is Status=Closed / Notes=Needs Tag / Date fixed=2026-08-28, but the live section has tags=""""",Reconcile before writing: confirm whether the workbook Draft section ID is stale or the tag write did not land. Do not re-apply blind.,Open,,,Irrelevant,"User excluded tags here because they break the design, but the requirements were met elsewhere. This can be flagged as a non-issue not.","No same-page section shares this trackingId, so the ""tag landed on a re-added twin"" explanation was tested and does not hold."
QA2-041,1,Tag record disagrees with platform,1,Investigation,https://county_template.devmny.org/the_risk/natural_hazards/wildfire,the_risk/natural_hazards/wildfire,1546087,(untitled),1546028,Card,v2,NRI Counties - Hazard Normalized,,"workbook row T5-805 is Status=Closed / Notes=Needs Tag / Date fixed=2026-08-28, but the live section has tags=""""",Reconcile before writing: confirm whether the workbook Draft section ID is stale or the tag write did not land. Do not re-apply blind.,Open,,,Irrelevant,"User excluded tags here because they break the design, but the requirements were met elsewhere. This can be flagged as a non-issue not.","No same-page section shares this trackingId, so the ""tag landed on a re-added twin"" explanation was tested and does not hold."
QA2-042,1,Tag record disagrees with platform,1,Investigation,https://county_template.devmny.org/the_risk/natural_hazards/wildfire,the_risk/natural_hazards/wildfire,1546087,(untitled),1546029,Card,v2,AVAIL - Fusion Events V2,,"workbook row T5-806 is Status=Closed / Notes=Needs Tag / Date fixed=2026-08-28, but the live section has tags=""""",Reconcile before writing: confirm whether the workbook Draft section ID is stale or the tag write did not land. Do not re-apply blind.,Open,,,Irrelevant,"User excluded tags here because they break the design, but the requirements were met elsewhere. This can be flagged as a non-issue not.","No same-page section shares this trackingId, so the ""tag landed on a re-added twin"" explanation was tested and does not hold."
QA2-043,1,Tag record disagrees with platform,1,Investigation,https://county_template.devmny.org/the_risk/natural_hazards/wind,the_risk/natural_hazards/wind,1546213,(untitled),1676879,Card,v2,Hazards_of_Concern,,"workbook row T5-821 is Status=Closed / Notes=Needs Tag / Date fixed=2026-08-28, but the live section has tags=""""",Reconcile before writing: confirm whether the workbook Draft section ID is stale or the tag write did not land. Do not re-apply blind.,Open,,,Irrelevant,"User excluded tags here because they break the design, but the requirements were met elsewhere. This can be flagged as a non-issue not.","No same-page section shares this trackingId, so the ""tag landed on a re-added twin"" explanation was tested and does not hold."
QA2-044,2,No Data Fetch Mode,1,Component setting,https://county_template.devmny.org/the_plan/capabilities_assessment,the_plan/capabilities_assessment,1425510,State Mitigation Capabilities,1426488,Spreadsheet,v1,Capabilities_Catalogue,C1-a,"display.fetchMode absent; resolves to ""smart"" via the readyToLoad fallback","Section Settings > Data Fetch Mode = Force (always re-fetch) - internal DMS source, per the owner rule of 2026-08-28.",Open,,,relevant,requires fetch mode update to force re-fetch,"Stored as v1 (sourceInfo), so scan_fetchmode.mjs never selected it. The admin shows it as v2 because of the read-time adapter."
QA2-045,2,No Data Fetch Mode,1,Component setting,https://county_template.devmny.org/the_plan/capabilities_assessment,the_plan/capabilities_assessment,1425510,Local Capabilities Table,1426493,Spreadsheet,v1,Capabilities_Catalogue,C1-a,"display.fetchMode absent; resolves to ""smart"" via the readyToLoad fallback","Section Settings > Data Fetch Mode = Force (always re-fetch) - internal DMS source, per the owner rule of 2026-08-28.",Open,,,relevant,requires fetch mode update to force re-fetch,"Stored as v1 (sourceInfo), so scan_fetchmode.mjs never selected it. The admin shows it as v2 because of the read-time adapter."
QA2-046,2,No Data Fetch Mode,1,Component setting,https://county_template.devmny.org/the_plan/capabilities_assessment,the_plan/capabilities_assessment,1425510,State Mitigation Capabilities,1426509,Spreadsheet,v1,Capabilities_Catalogue,C1-a,"display.fetchMode absent; resolves to ""smart"" via the readyToLoad fallback","Section Settings > Data Fetch Mode = Force (always re-fetch) - internal DMS source, per the owner rule of 2026-08-28.",Open,,,relevant,requires fetch mode update to force re-fetch,"Stored as v1 (sourceInfo), so scan_fetchmode.mjs never selected it. The admin shows it as v2 because of the read-time adapter."
QA2-047,2,No Data Fetch Mode,1,Component setting,https://county_template.devmny.org/the_plan/capabilities_assessment,the_plan/capabilities_assessment,1425510,Local Capabilities Table,1426515,Spreadsheet,v1,Capabilities_Catalogue,C1-a,"display.fetchMode absent; resolves to ""smart"" via the readyToLoad fallback","Section Settings > Data Fetch Mode = Force (always re-fetch) - internal DMS source, per the owner rule of 2026-08-28.",Open,,,relevant,requires fetch mode update to force re-fetch,"Stored as v1 (sourceInfo), so scan_fetchmode.mjs never selected it. The admin shows it as v2 because of the read-time adapter."
QA2-048,2,No Data Fetch Mode,1,Component setting,https://county_template.devmny.org/the_plan/capabilities_assessment,the_plan/capabilities_assessment,1425510,State Mitigation Capabilities,1426542,Spreadsheet,v1,Capabilities_Catalogue,C1-a,"display.fetchMode absent; resolves to ""smart"" via the readyToLoad fallback","Section Settings > Data Fetch Mode = Force (always re-fetch) - internal DMS source, per the owner rule of 2026-08-28.",Open,,,relevant,requires fetch mode update to force re-fetch,"Stored as v1 (sourceInfo), so scan_fetchmode.mjs never selected it. The admin shows it as v2 because of the read-time adapter."
QA2-049,2,No Data Fetch Mode,1,Component setting,https://county_template.devmny.org/the_plan/capabilities_assessment,the_plan/capabilities_assessment,1425510,Local Financial Capabilities,1426552,Spreadsheet,v1,Capabilities_Catalogue,C1-a,"display.fetchMode absent; resolves to ""smart"" via the readyToLoad fallback","Section Settings > Data Fetch Mode = Force (always re-fetch) - internal DMS source, per the owner rule of 2026-08-28.",Open,,,relevant,requires fetch mode update to force re-fetch,"Stored as v1 (sourceInfo), so scan_fetchmode.mjs never selected it. The admin shows it as v2 because of the read-time adapter."
QA2-050,2,No Data Fetch Mode,1,Component setting,https://county_template.devmny.org/the_plan/jurisdictional_annexes,the_plan/jurisdictional_annexes,1300933,Jurisdictional Annex Table,2380934,Spreadsheet,v1,Jurisdictions,H2,"display.fetchMode absent; resolves to ""smart"" via the readyToLoad fallback","Section Settings > Data Fetch Mode = Force (always re-fetch) - internal DMS source, per the owner rule of 2026-08-28.",Open,,,relevant,requires fetch mode update to force re-fetch,"Stored as v1 (sourceInfo), so scan_fetchmode.mjs never selected it. The admin shows it as v2 because of the read-time adapter."
QA2-051,2,No Data Fetch Mode,1,Component setting,https://county_template.devmny.org/the_plan/jurisdictional_annexes/select_jurisdiction,the_plan/jurisdictional_annexes/select_jurisdiction,1348541,(untitled),1348566,Card,v1,Jurisdictions,H2,"display.fetchMode absent; resolves to ""smart"" via the readyToLoad fallback","Section Settings > Data Fetch Mode = Force (always re-fetch) - internal DMS source, per the owner rule of 2026-08-28.",Open,,,relevant,requires fetch mode update to force re-fetch,"Stored as v1 (sourceInfo), so scan_fetchmode.mjs never selected it. The admin shows it as v2 because of the read-time adapter."
QA2-052,2,No Data Fetch Mode,1,Component setting,https://county_template.devmny.org/the_plan/jurisdictional_annexes/select_jurisdiction,the_plan/jurisdictional_annexes/select_jurisdiction,1348541,Planning Process,1496881,Card,v1,Jurisdictions,A1-a,"display.fetchMode absent; resolves to ""smart"" via the readyToLoad fallback","Section Settings > Data Fetch Mode = Force (always re-fetch) - internal DMS source, per the owner rule of 2026-08-28.",Open,,,relevant,requires fetch mode update to force re-fetch,"Stored as v1 (sourceInfo), so scan_fetchmode.mjs never selected it. The admin shows it as v2 because of the read-time adapter."
QA2-053,2,No Data Fetch Mode,1,Component setting,https://county_template.devmny.org/the_plan/jurisdictional_annexes/select_jurisdiction,the_plan/jurisdictional_annexes/select_jurisdiction,1348541,Jurisdictional Profile,1436110,Card,v1,Jurisdictions,H2,"display.fetchMode absent; resolves to ""smart"" via the readyToLoad fallback","Section Settings > Data Fetch Mode = Force (always re-fetch) - internal DMS source, per the owner rule of 2026-08-28.",Open,,,relevant,requires fetch mode update to force re-fetch,"Stored as v1 (sourceInfo), so scan_fetchmode.mjs never selected it. The admin shows it as v2 because of the read-time adapter."
QA2-054,2,No Data Fetch Mode,1,Component setting,https://county_template.devmny.org/the_plan/jurisdictional_annexes/select_jurisdiction,the_plan/jurisdictional_annexes/select_jurisdiction,1348541,Local Context,1436150,Card,v1,Jurisdictions,H2,"display.fetchMode absent; resolves to ""smart"" via the readyToLoad fallback","Section Settings > Data Fetch Mode = Force (always re-fetch) - internal DMS source, per the owner rule of 2026-08-28.",Open,,,relevant,requires fetch mode update to force re-fetch,"Stored as v1 (sourceInfo), so scan_fetchmode.mjs never selected it. The admin shows it as v2 because of the read-time adapter."
QA2-055,2,No Data Fetch Mode,1,Component setting,https://county_template.devmny.org/the_plan/jurisdictional_annexes/select_jurisdiction,the_plan/jurisdictional_annexes/select_jurisdiction,1348541,Critical Buildings,1436166,Card,v1,Jurisdictions,H2,"display.fetchMode absent; resolves to ""smart"" via the readyToLoad fallback","Section Settings > Data Fetch Mode = Force (always re-fetch) - internal DMS source, per the owner rule of 2026-08-28.",Open,,,relevant,requires fetch mode update to force re-fetch,"Stored as v1 (sourceInfo), so scan_fetchmode.mjs never selected it. The admin shows it as v2 because of the read-time adapter."
QA2-056,2,No Data Fetch Mode,1,Component setting,https://county_template.devmny.org/the_plan/jurisdictional_annexes/select_jurisdiction,the_plan/jurisdictional_annexes/select_jurisdiction,1348541,Critical Infrastructure,1437360,Card,v1,Jurisdictions,H2,"display.fetchMode absent; resolves to ""smart"" via the readyToLoad fallback","Section Settings > Data Fetch Mode = Force (always re-fetch) - internal DMS source, per the owner rule of 2026-08-28.",Open,,,relevant,requires fetch mode update to force re-fetch,"Stored as v1 (sourceInfo), so scan_fetchmode.mjs never selected it. The admin shows it as v2 because of the read-time adapter."
QA2-057,2,No Data Fetch Mode,1,Component setting,https://county_template.devmny.org/the_plan/jurisdictional_annexes/select_jurisdiction,the_plan/jurisdictional_annexes/select_jurisdiction,1348541,Growth and Development Trends,1516987,Card,v1,Jurisdictions,"E1-a,H2","display.fetchMode absent; resolves to ""smart"" via the readyToLoad fallback","Section Settings > Data Fetch Mode = Force (always re-fetch) - internal DMS source, per the owner rule of 2026-08-28.",Open,,,relevant,requires fetch mode update to force re-fetch,"Stored as v1 (sourceInfo), so scan_fetchmode.mjs never selected it. The admin shows it as v2 because of the read-time adapter."
QA2-058,2,No Data Fetch Mode,1,Component setting,https://county_template.devmny.org/the_plan/jurisdictional_annexes/select_jurisdiction,the_plan/jurisdictional_annexes/select_jurisdiction,1348541,Additional Context (Municipal),1957291,Card,v1,Jurisdictions,H2,"display.fetchMode absent; resolves to ""smart"" via the readyToLoad fallback","Section Settings > Data Fetch Mode = Force (always re-fetch) - internal DMS source, per the owner rule of 2026-08-28.",Open,,,relevant,requires fetch mode update to force re-fetch,"Stored as v1 (sourceInfo), so scan_fetchmode.mjs never selected it. The admin shows it as v2 because of the read-time adapter."
QA2-059,2,No Data Fetch Mode,1,Component setting,https://county_template.devmny.org/the_plan/jurisdictional_annexes/select_jurisdiction,the_plan/jurisdictional_annexes/select_jurisdiction,1348541,Risk,1440560,Card,v1,Jurisdictions,"B1-a,B1-f,H2,B2-a","display.fetchMode absent; resolves to ""smart"" via the readyToLoad fallback","Section Settings > Data Fetch Mode = Force (always re-fetch) - internal DMS source, per the owner rule of 2026-08-28.",Open,,,relevant,requires fetch mode update to force re-fetch,"Stored as v1 (sourceInfo), so scan_fetchmode.mjs never selected it. The admin shows it as v2 because of the read-time adapter."
QA2-060,2,No Data Fetch Mode,1,Component setting,https://county_template.devmny.org/the_plan/jurisdictional_annexes/select_jurisdiction,the_plan/jurisdictional_annexes/select_jurisdiction,1348541,Historic Occurances,1440572,Card,v1,Jurisdictions,"H2,B1-d","display.fetchMode absent; resolves to ""smart"" via the readyToLoad fallback","Section Settings > Data Fetch Mode = Force (always re-fetch) - internal DMS source, per the owner rule of 2026-08-28.",Open,,,relevant,requires fetch mode update to force re-fetch,"Stored as v1 (sourceInfo), so scan_fetchmode.mjs never selected it. The admin shows it as v2 because of the read-time adapter."
QA2-061,2,No Data Fetch Mode,1,Component setting,https://county_template.devmny.org/the_plan/jurisdictional_annexes/select_jurisdiction,the_plan/jurisdictional_annexes/select_jurisdiction,1348541,Declared Disasters,1440586,Card,v1,Jurisdictions,"H2,B1-d","display.fetchMode absent; resolves to ""smart"" via the readyToLoad fallback","Section Settings > Data Fetch Mode = Force (always re-fetch) - internal DMS source, per the owner rule of 2026-08-28.",Open,,,relevant,requires fetch mode update to force re-fetch,"Stored as v1 (sourceInfo), so scan_fetchmode.mjs never selected it. The admin shows it as v2 because of the read-time adapter."
QA2-062,2,No Data Fetch Mode,1,Component setting,https://county_template.devmny.org/the_plan/jurisdictional_annexes/select_jurisdiction,the_plan/jurisdictional_annexes/select_jurisdiction,1348541,Problem Areas,1437132,Card,v1,Jurisdictions,"B1-f,B2-a,H2,B1-b","display.fetchMode absent; resolves to ""smart"" via the readyToLoad fallback","Section Settings > Data Fetch Mode = Force (always re-fetch) - internal DMS source, per the owner rule of 2026-08-28.",Open,,,relevant,requires fetch mode update to force re-fetch,"Stored as v1 (sourceInfo), so scan_fetchmode.mjs never selected it. The admin shows it as v2 because of the read-time adapter."
QA2-063,2,No Data Fetch Mode,1,Component setting,https://county_template.devmny.org/the_plan/jurisdictional_annexes/select_jurisdiction,the_plan/jurisdictional_annexes/select_jurisdiction,1348541,Cascading Impacts from Hazards,1684993,Card,v1,Jurisdictions,,"display.fetchMode absent; resolves to ""smart"" via the readyToLoad fallback","Section Settings > Data Fetch Mode = Force (always re-fetch) - internal DMS source, per the owner rule of 2026-08-28.",Open,,,relevant,requires fetch mode update to force re-fetch,"Stored as v1 (sourceInfo), so scan_fetchmode.mjs never selected it. The admin shows it as v2 because of the read-time adapter."
QA2-064,2,No Data Fetch Mode,1,Component setting,https://county_template.devmny.org/the_plan/jurisdictional_annexes/select_jurisdiction,the_plan/jurisdictional_annexes/select_jurisdiction,1348541,Other Hazards,1499931,Card,v1,Jurisdictions,,"display.fetchMode absent; resolves to ""smart"" via the readyToLoad fallback","Section Settings > Data Fetch Mode = Force (always re-fetch) - internal DMS source, per the owner rule of 2026-08-28.",Open,,,relevant,requires fetch mode update to force re-fetch,"Stored as v1 (sourceInfo), so scan_fetchmode.mjs never selected it. The admin shows it as v2 because of the read-time adapter."
QA2-065,2,No Data Fetch Mode,1,Component setting,https://county_template.devmny.org/the_plan/jurisdictional_annexes/select_jurisdiction,the_plan/jurisdictional_annexes/select_jurisdiction,1348541,Additional Context (Risk),1499252,Card,v1,Jurisdictions,H2,"display.fetchMode absent; resolves to ""smart"" via the readyToLoad fallback","Section Settings > Data Fetch Mode = Force (always re-fetch) - internal DMS source, per the owner rule of 2026-08-28.",Open,,,relevant,requires fetch mode update to force re-fetch,"Stored as v1 (sourceInfo), so scan_fetchmode.mjs never selected it. The admin shows it as v2 because of the read-time adapter."
QA2-066,2,No Data Fetch Mode,1,Component setting,https://county_template.devmny.org/the_plan/jurisdictional_annexes/select_jurisdiction,the_plan/jurisdictional_annexes/select_jurisdiction,1348541,Evaluation of Previously Identified Actions,1440676,Card,v1,Jurisdictions,"H2,E2-b","display.fetchMode absent; resolves to ""smart"" via the readyToLoad fallback","Section Settings > Data Fetch Mode = Force (always re-fetch) - internal DMS source, per the owner rule of 2026-08-28.",Open,,,relevant,requires fetch mode update to force re-fetch,"Stored as v1 (sourceInfo), so scan_fetchmode.mjs never selected it. The admin shows it as v2 because of the read-time adapter."
QA2-067,2,No Data Fetch Mode,1,Component setting,https://county_template.devmny.org/the_plan/jurisdictional_annexes/select_jurisdiction,the_plan/jurisdictional_annexes/select_jurisdiction,1348541,Action Development,1440801,Card,v1,Jurisdictions,"H2,C4-a","display.fetchMode absent; resolves to ""smart"" via the readyToLoad fallback","Section Settings > Data Fetch Mode = Force (always re-fetch) - internal DMS source, per the owner rule of 2026-08-28.",Open,,,relevant,requires fetch mode update to force re-fetch,"Stored as v1 (sourceInfo), so scan_fetchmode.mjs never selected it. The admin shows it as v2 because of the read-time adapter."
QA2-068,2,No Data Fetch Mode,1,Component setting,https://county_template.devmny.org/the_plan/jurisdictional_annexes/select_jurisdiction,the_plan/jurisdictional_annexes/select_jurisdiction,1348541,Local Context,1440806,Card,v1,Jurisdictions,C5-a,"display.fetchMode absent; resolves to ""smart"" via the readyToLoad fallback","Section Settings > Data Fetch Mode = Force (always re-fetch) - internal DMS source, per the owner rule of 2026-08-28.",Open,,,relevant,requires fetch mode update to force re-fetch,"Stored as v1 (sourceInfo), so scan_fetchmode.mjs never selected it. The admin shows it as v2 because of the read-time adapter."
QA2-069,2,No Data Fetch Mode,1,Component setting,https://county_template.devmny.org/the_plan/jurisdictional_annexes/select_jurisdiction,the_plan/jurisdictional_annexes/select_jurisdiction,1348541,Additional Context (Strategy),1499254,Card,v1,Jurisdictions,,"display.fetchMode absent; resolves to ""smart"" via the readyToLoad fallback","Section Settings > Data Fetch Mode = Force (always re-fetch) - internal DMS source, per the owner rule of 2026-08-28.",Open,,,relevant,requires fetch mode update to force re-fetch,"Stored as v1 (sourceInfo), so scan_fetchmode.mjs never selected it. The admin shows it as v2 because of the read-time adapter."
QA2-070,2,No Data Fetch Mode,1,Component setting,https://county_template.devmny.org/the_plan/jurisdictional_annexes/select_jurisdiction,the_plan/jurisdictional_annexes/select_jurisdiction,1348541,Capacity To Implement,1440867,Card,v1,Jurisdictions,"C1-a,C1-b,C2-a,H2,D3-b","display.fetchMode absent; resolves to ""smart"" via the readyToLoad fallback","Section Settings > Data Fetch Mode = Force (always re-fetch) - internal DMS source, per the owner rule of 2026-08-28.",Open,,,relevant,requires fetch mode update to force re-fetch,"Stored as v1 (sourceInfo), so scan_fetchmode.mjs never selected it. The admin shows it as v2 because of the read-time adapter."
QA2-071,2,No Data Fetch Mode,1,Component setting,https://county_template.devmny.org/the_plan/jurisdictional_annexes/select_jurisdiction,the_plan/jurisdictional_annexes/select_jurisdiction,1348541,Integration,1440875,Card,v1,Jurisdictions,"D3-a,D3-c,D3-c","display.fetchMode absent; resolves to ""smart"" via the readyToLoad fallback","Section Settings > Data Fetch Mode = Force (always re-fetch) - internal DMS source, per the owner rule of 2026-08-28.",Open,,,relevant,requires fetch mode update to force re-fetch,"Stored as v1 (sourceInfo), so scan_fetchmode.mjs never selected it. The admin shows it as v2 because of the read-time adapter."
QA2-072,2,No Data Fetch Mode,1,Component setting,https://county_template.devmny.org/the_plan/jurisdictional_annexes/select_jurisdiction,the_plan/jurisdictional_annexes/select_jurisdiction,1348541,Additional Context (Capacity to Implement),1499256,Card,v1,Jurisdictions,C1-a,"display.fetchMode absent; resolves to ""smart"" via the readyToLoad fallback","Section Settings > Data Fetch Mode = Force (always re-fetch) - internal DMS source, per the owner rule of 2026-08-28.",Open,,,relevant,requires fetch mode update to force re-fetch,"Stored as v1 (sourceInfo), so scan_fetchmode.mjs never selected it. The admin shows it as v2 because of the read-time adapter."
QA2-073,2,No Data Fetch Mode,1,Component setting,https://county_template.devmny.org/the_plan/jurisdictional_annexes/select_jurisdiction,the_plan/jurisdictional_annexes/select_jurisdiction,1348541,Complete Actions,1900682,Card,v1,Jurisdictions,"H2,E2-b","display.fetchMode absent; resolves to ""smart"" via the readyToLoad fallback","Section Settings > Data Fetch Mode = Force (always re-fetch) - internal DMS source, per the owner rule of 2026-08-28.",Open,,,relevant,requires fetch mode update to force re-fetch,"Stored as v1 (sourceInfo), so scan_fetchmode.mjs never selected it. The admin shows it as v2 because of the read-time adapter."
QA2-074,2,No Data Fetch Mode,1,Component setting,https://county_template.devmny.org/the_plan/jurisdictional_annexes/select_jurisdiction,the_plan/jurisdictional_annexes/select_jurisdiction,1348541,In-Progress Actions,1441011,Card,v1,Jurisdictions,"C4-a,C5-b,E2-b,H2,H3,C4-b","display.fetchMode absent; resolves to ""smart"" via the readyToLoad fallback","Section Settings > Data Fetch Mode = Force (always re-fetch) - internal DMS source, per the owner rule of 2026-08-28.",Open,,,relevant,requires fetch mode update to force re-fetch,"Stored as v1 (sourceInfo), so scan_fetchmode.mjs never selected it. The admin shows it as v2 because of the read-time adapter."
QA2-075,2,No Data Fetch Mode,1,Component setting,https://county_template.devmny.org/the_plan/jurisdictional_annexes/select_jurisdiction,the_plan/jurisdictional_annexes/select_jurisdiction,1348541,Proposed Actions,1499999,Card,v1,Jurisdictions,"H2,H3,C5-b","display.fetchMode absent; resolves to ""smart"" via the readyToLoad fallback","Section Settings > Data Fetch Mode = Force (always re-fetch) - internal DMS source, per the owner rule of 2026-08-28.",Open,,,relevant,requires fetch mode update to force re-fetch,"Stored as v1 (sourceInfo), so scan_fetchmode.mjs never selected it. The admin shows it as v2 because of the read-time adapter."
QA2-076,2,No Data Fetch Mode,1,Component setting,https://county_template.devmny.org/the_plan/jurisdictional_annexes/select_jurisdiction,the_plan/jurisdictional_annexes/select_jurisdiction,1348541,Additional Context (Progress),1499264,Card,v1,Jurisdictions,,"display.fetchMode absent; resolves to ""smart"" via the readyToLoad fallback","Section Settings > Data Fetch Mode = Force (always re-fetch) - internal DMS source, per the owner rule of 2026-08-28.",Open,,,relevant,requires fetch mode update to force re-fetch,"Stored as v1 (sourceInfo), so scan_fetchmode.mjs never selected it. The admin shows it as v2 because of the read-time adapter."
QA2-077,2,No Data Fetch Mode,1,Component setting,https://county_template.devmny.org/the_risk/natural_hazards/hurricane,the_risk/natural_hazards/hurricane,1545403,(untitled),1992599,Spreadsheet,v1,Hazards_of_Concern,"B2-a,B2-b","display.fetchMode absent; resolves to ""smart"" via the readyToLoad fallback","Section Settings > Data Fetch Mode = Force (always re-fetch) - internal DMS source, per the owner rule of 2026-08-28.",Open,,,relevant,requires fetch mode update to force re-fetch,"Stored as v1 (sourceInfo), so scan_fetchmode.mjs never selected it. The admin shows it as v2 because of the read-time adapter."
QA2-078,3,Source snapshot out of date,1,Component setting,https://county_template.devmny.org/the_local_environment/natural_environment,the_local_environment/natural_environment,1300819,Overview,1703867,Card,v1,LHMP_IA,B2-a,"component holds a 22-column snapshot of LHMP_IA, which now has 48",Open the component and save it - the save re-binds the snapshot to the current source generation.,Open,,,Irrelevant,"disregard for now, we will review this in a separate udpate",
QA2-079,3,Source snapshot out of date,1,Component setting,https://county_template.devmny.org/the_local_environment/natural_environment,the_local_environment/natural_environment,1300819,Open Space Summary,1703870,Card,v1,LHMP_IA,B2-a,"component holds a 22-column snapshot of LHMP_IA, which now has 48",Open the component and save it - the save re-binds the snapshot to the current source generation.,Open,,,Irrelevant,"disregard for now, we will review this in a separate udpate",
QA2-080,3,Source snapshot out of date,1,Component setting,https://county_template.devmny.org/the_local_environment/natural_environment,the_local_environment/natural_environment,1300819,Community Rating System,1703879,Card,v1,LHMP_IA,"C1-a,A1-a","component holds a 22-column snapshot of LHMP_IA, which now has 48",Open the component and save it - the save re-binds the snapshot to the current source generation.,Open,,,Irrelevant,"disregard for now, we will review this in a separate udpate",
QA2-081,3,Source snapshot out of date,1,Component setting,https://county_template.devmny.org/the_local_environment/natural_environment,the_local_environment/natural_environment,1300819,Water and Air,1703885,Card,v1,LHMP_IA,B2-a,"component holds a 22-column snapshot of LHMP_IA, which now has 48",Open the component and save it - the save re-binds the snapshot to the current source generation.,Open,,,Irrelevant,"disregard for now, we will review this in a separate udpate",
QA2-082,3,Source snapshot out of date,1,Component setting,https://county_template.devmny.org/the_local_environment/natural_environment,the_local_environment/natural_environment,1300819,Wildlife,1703892,Card,v1,LHMP_IA,B2-a,"component holds a 40-column snapshot of LHMP_IA, which now has 48",Open the component and save it - the save re-binds the snapshot to the current source generation.,Open,,,Irrelevant,"disregard for now, we will review this in a separate udpate",
QA2-083,3,Source snapshot out of date,1,Component setting,https://county_template.devmny.org/the_local_environment/natural_environment,the_local_environment/natural_environment,1300819,Forestry,1703895,Card,v1,LHMP_IA,B2-a,"component holds a 40-column snapshot of LHMP_IA, which now has 48",Open the component and save it - the save re-binds the snapshot to the current source generation.,Open,,,Irrelevant,"disregard for now, we will review this in a separate udpate",
QA2-084,3,Source snapshot out of date,1,Component setting,https://county_template.devmny.org/the_local_environment/natural_environment,the_local_environment/natural_environment,1300819,Vulnerability,1703898,Card,v1,LHMP_IA,B2-a,"component holds a 22-column snapshot of LHMP_IA, which now has 48",Open the component and save it - the save re-binds the snapshot to the current source generation.,Open,,,Irrelevant,"disregard for now, we will review this in a separate udpate",
QA2-085,3,Source snapshot out of date,1,Component setting,https://county_template.devmny.org/the_local_environment/natural_environment,the_local_environment/natural_environment,1300819,Hazard Impacts to the Natural Environment,1703899,Card,v1,LHMP_IA,B2-b,"component holds a 22-column snapshot of LHMP_IA, which now has 48",Open the component and save it - the save re-binds the snapshot to the current source generation.,Open,,,Irrelevant,"disregard for now, we will review this in a separate udpate",
QA2-086,3,Source snapshot out of date,1,Component setting,https://county_template.devmny.org/the_plan/about_the_process,the_plan/about_the_process,1300807,Overview,1515010,Card,v1,LHMP_IA,,"component holds a 22-column snapshot of LHMP_IA, which now has 48",Open the component and save it - the save re-binds the snapshot to the current source generation.,Open,,,Irrelevant,"disregard for now, we will review this in a separate udpate",
QA2-087,3,Source snapshot out of date,1,Component setting,https://county_template.devmny.org/the_plan/about_the_process,the_plan/about_the_process,1300807,Maintenance,1515033,Card,v1,LHMP_IA,,"component holds a 22-column snapshot of LHMP_IA, which now has 48",Open the component and save it - the save re-binds the snapshot to the current source generation.,Open,,,Irrelevant,"disregard for now, we will review this in a separate udpate",
QA2-088,3,Source snapshot out of date,1,Component setting,https://county_template.devmny.org/the_plan/capabilities_assessment,the_plan/capabilities_assessment,1425510,State Mitigation Capabilities,1426488,Spreadsheet,v1,Capabilities_Catalogue,C1-a,"component holds a 130-column snapshot of Capabilities_Catalogue, which now has 136",Open the component and save it - the save re-binds the snapshot to the current source generation.,Open,,,Irrelevant,"disregard for now, we will review this in a separate udpate",
QA2-089,3,Source snapshot out of date,1,Component setting,https://county_template.devmny.org/the_plan/capabilities_assessment,the_plan/capabilities_assessment,1425510,Local Capabilities Table,1426493,Spreadsheet,v1,Capabilities_Catalogue,C1-a,"component holds a 130-column snapshot of Capabilities_Catalogue, which now has 136",Open the component and save it - the save re-binds the snapshot to the current source generation.,Open,,,Irrelevant,"disregard for now, we will review this in a separate udpate",
QA2-090,3,Source snapshot out of date,1,Component setting,https://county_template.devmny.org/the_plan/capabilities_assessment,the_plan/capabilities_assessment,1425510,Education / Outreach,1447521,Card,v1,LHMP_IA,C1-a,"component holds a 22-column snapshot of LHMP_IA, which now has 48",Open the component and save it - the save re-binds the snapshot to the current source generation.,Open,,,Irrelevant,"disregard for now, we will review this in a separate udpate",
QA2-091,3,Source snapshot out of date,1,Component setting,https://county_template.devmny.org/the_plan/capabilities_assessment,the_plan/capabilities_assessment,1425510,State Mitigation Capabilities,1426509,Spreadsheet,v1,Capabilities_Catalogue,C1-a,"component holds a 130-column snapshot of Capabilities_Catalogue, which now has 136",Open the component and save it - the save re-binds the snapshot to the current source generation.,Open,,,Irrelevant,"disregard for now, we will review this in a separate udpate",
QA2-092,3,Source snapshot out of date,1,Component setting,https://county_template.devmny.org/the_plan/capabilities_assessment,the_plan/capabilities_assessment,1425510,Local Capabilities Table,1426515,Spreadsheet,v1,Capabilities_Catalogue,C1-a,"component holds a 130-column snapshot of Capabilities_Catalogue, which now has 136",Open the component and save it - the save re-binds the snapshot to the current source generation.,Open,,,Irrelevant,"disregard for now, we will review this in a separate udpate",
QA2-093,3,Source snapshot out of date,1,Component setting,https://county_template.devmny.org/the_plan/capabilities_assessment,the_plan/capabilities_assessment,1425510,State Mitigation Capabilities,1426542,Spreadsheet,v1,Capabilities_Catalogue,C1-a,"component holds a 130-column snapshot of Capabilities_Catalogue, which now has 136",Open the component and save it - the save re-binds the snapshot to the current source generation.,Open,,,Irrelevant,"disregard for now, we will review this in a separate udpate",
QA2-094,3,Source snapshot out of date,1,Component setting,https://county_template.devmny.org/the_plan/capabilities_assessment,the_plan/capabilities_assessment,1425510,Local Financial Capabilities,1426552,Spreadsheet,v1,Capabilities_Catalogue,C1-a,"component holds a 130-column snapshot of Capabilities_Catalogue, which now has 136",Open the component and save it - the save re-binds the snapshot to the current source generation.,Open,,,Irrelevant,"disregard for now, we will review this in a separate udpate",
QA2-095,3,Source snapshot out of date,1,Component setting,https://county_template.devmny.org/the_plan/jurisdictional_annexes,the_plan/jurisdictional_annexes,1300933,Jurisdictional Annex Table,2380934,Spreadsheet,v1,Jurisdictions,H2,"component holds a 39-column snapshot of Jurisdictions, which now has 42",Open the component and save it - the save re-binds the snapshot to the current source generation.,Open,,,Irrelevant,"disregard for now, we will review this in a separate udpate",
QA2-096,3,Source snapshot out of date,1,Component setting,https://county_template.devmny.org/the_plan/jurisdictional_annexes/select_jurisdiction,the_plan/jurisdictional_annexes/select_jurisdiction,1348541,(untitled),1348542,Header: MNY Data,v1,Jurisdictions,,"component holds a 6-column snapshot of Jurisdictions, which now has 42",Open the component and save it - the save re-binds the snapshot to the current source generation.,Open,,,Irrelevant,"disregard for now, we will review this in a separate udpate",
QA2-097,3,Source snapshot out of date,1,Component setting,https://county_template.devmny.org/the_plan/jurisdictional_annexes/select_jurisdiction,the_plan/jurisdictional_annexes/select_jurisdiction,1348541,(untitled),1348566,Card,v1,Jurisdictions,H2,"component holds a 39-column snapshot of Jurisdictions, which now has 42",Open the component and save it - the save re-binds the snapshot to the current source generation.,Open,,,Irrelevant,"disregard for now, we will review this in a separate udpate",
QA2-098,3,Source snapshot out of date,1,Component setting,https://county_template.devmny.org/the_plan/jurisdictional_annexes/select_jurisdiction,the_plan/jurisdictional_annexes/select_jurisdiction,1348541,Planning Process,1496881,Card,v1,Jurisdictions,A1-a,"component holds a 39-column snapshot of Jurisdictions, which now has 42",Open the component and save it - the save re-binds the snapshot to the current source generation.,Open,,,Irrelevant,"disregard for now, we will review this in a separate udpate",
QA2-099,3,Source snapshot out of date,1,Component setting,https://county_template.devmny.org/the_plan/jurisdictional_annexes/select_jurisdiction,the_plan/jurisdictional_annexes/select_jurisdiction,1348541,Jurisdictional Profile,1436110,Card,v1,Jurisdictions,H2,"component holds a 39-column snapshot of Jurisdictions, which now has 42",Open the component and save it - the save re-binds the snapshot to the current source generation.,Open,,,Irrelevant,"disregard for now, we will review this in a separate udpate",
QA2-100,3,Source snapshot out of date,1,Component setting,https://county_template.devmny.org/the_plan/jurisdictional_annexes/select_jurisdiction,the_plan/jurisdictional_annexes/select_jurisdiction,1348541,Local Context,1436150,Card,v1,Jurisdictions,H2,"component holds a 39-column snapshot of Jurisdictions, which now has 42",Open the component and save it - the save re-binds the snapshot to the current source generation.,Open,,,Irrelevant,"disregard for now, we will review this in a separate udpate",
QA2-101,3,Source snapshot out of date,1,Component setting,https://county_template.devmny.org/the_plan/jurisdictional_annexes/select_jurisdiction,the_plan/jurisdictional_annexes/select_jurisdiction,1348541,Critical Buildings,1436166,Card,v1,Jurisdictions,H2,"component holds a 39-column snapshot of Jurisdictions, which now has 42",Open the component and save it - the save re-binds the snapshot to the current source generation.,Open,,,Irrelevant,"disregard for now, we will review this in a separate udpate",
QA2-102,3,Source snapshot out of date,1,Component setting,https://county_template.devmny.org/the_plan/jurisdictional_annexes/select_jurisdiction,the_plan/jurisdictional_annexes/select_jurisdiction,1348541,Critical Infrastructure,1437360,Card,v1,Jurisdictions,H2,"component holds a 39-column snapshot of Jurisdictions, which now has 42",Open the component and save it - the save re-binds the snapshot to the current source generation.,Open,,,Irrelevant,"disregard for now, we will review this in a separate udpate",
QA2-103,3,Source snapshot out of date,1,Component setting,https://county_template.devmny.org/the_plan/jurisdictional_annexes/select_jurisdiction,the_plan/jurisdictional_annexes/select_jurisdiction,1348541,Growth and Development Trends,1516987,Card,v1,Jurisdictions,"E1-a,H2","component holds a 39-column snapshot of Jurisdictions, which now has 42",Open the component and save it - the save re-binds the snapshot to the current source generation.,Open,,,Irrelevant,"disregard for now, we will review this in a separate udpate",
QA2-104,3,Source snapshot out of date,1,Component setting,https://county_template.devmny.org/the_plan/jurisdictional_annexes/select_jurisdiction,the_plan/jurisdictional_annexes/select_jurisdiction,1348541,Additional Context (Municipal),1957291,Card,v1,Jurisdictions,H2,"component holds a 39-column snapshot of Jurisdictions, which now has 42",Open the component and save it - the save re-binds the snapshot to the current source generation.,Open,,,Irrelevant,"disregard for now, we will review this in a separate udpate",
QA2-105,3,Source snapshot out of date,1,Component setting,https://county_template.devmny.org/the_plan/jurisdictional_annexes/select_jurisdiction,the_plan/jurisdictional_annexes/select_jurisdiction,1348541,Risk,1440560,Card,v1,Jurisdictions,"B1-a,B1-f,H2,B2-a","component holds a 39-column snapshot of Jurisdictions, which now has 42",Open the component and save it - the save re-binds the snapshot to the current source generation.,Open,,,Irrelevant,"disregard for now, we will review this in a separate udpate",
QA2-106,3,Source snapshot out of date,1,Component setting,https://county_template.devmny.org/the_plan/jurisdictional_annexes/select_jurisdiction,the_plan/jurisdictional_annexes/select_jurisdiction,1348541,Historic Occurances,1440572,Card,v1,Jurisdictions,"H2,B1-d","component holds a 39-column snapshot of Jurisdictions, which now has 42",Open the component and save it - the save re-binds the snapshot to the current source generation.,Open,,,Irrelevant,"disregard for now, we will review this in a separate udpate",
QA2-107,3,Source snapshot out of date,1,Component setting,https://county_template.devmny.org/the_plan/jurisdictional_annexes/select_jurisdiction,the_plan/jurisdictional_annexes/select_jurisdiction,1348541,Declared Disasters,1440586,Card,v1,Jurisdictions,"H2,B1-d","component holds a 39-column snapshot of Jurisdictions, which now has 42",Open the component and save it - the save re-binds the snapshot to the current source generation.,Open,,,Irrelevant,"disregard for now, we will review this in a separate udpate",
QA2-108,3,Source snapshot out of date,1,Component setting,https://county_template.devmny.org/the_plan/jurisdictional_annexes/select_jurisdiction,the_plan/jurisdictional_annexes/select_jurisdiction,1348541,Problem Areas,1437132,Card,v1,Jurisdictions,"B1-f,B2-a,H2,B1-b","component holds a 39-column snapshot of Jurisdictions, which now has 42",Open the component and save it - the save re-binds the snapshot to the current source generation.,Open,,,Irrelevant,"disregard for now, we will review this in a separate udpate",
QA2-109,3,Source snapshot out of date,1,Component setting,https://county_template.devmny.org/the_plan/jurisdictional_annexes/select_jurisdiction,the_plan/jurisdictional_annexes/select_jurisdiction,1348541,Cascading Impacts from Hazards,1684993,Card,v1,Jurisdictions,,"component holds a 39-column snapshot of Jurisdictions, which now has 42",Open the component and save it - the save re-binds the snapshot to the current source generation.,Open,,,Irrelevant,"disregard for now, we will review this in a separate udpate",
QA2-110,3,Source snapshot out of date,1,Component setting,https://county_template.devmny.org/the_plan/jurisdictional_annexes/select_jurisdiction,the_plan/jurisdictional_annexes/select_jurisdiction,1348541,Other Hazards,1499931,Card,v1,Jurisdictions,,"component holds a 39-column snapshot of Jurisdictions, which now has 42",Open the component and save it - the save re-binds the snapshot to the current source generation.,Open,,,Irrelevant,"disregard for now, we will review this in a separate udpate",
QA2-111,3,Source snapshot out of date,1,Component setting,https://county_template.devmny.org/the_plan/jurisdictional_annexes/select_jurisdiction,the_plan/jurisdictional_annexes/select_jurisdiction,1348541,Additional Context (Risk),1499252,Card,v1,Jurisdictions,H2,"component holds a 39-column snapshot of Jurisdictions, which now has 42",Open the component and save it - the save re-binds the snapshot to the current source generation.,Open,,,Irrelevant,"disregard for now, we will review this in a separate udpate",
QA2-112,3,Source snapshot out of date,1,Component setting,https://county_template.devmny.org/the_plan/jurisdictional_annexes/select_jurisdiction,the_plan/jurisdictional_annexes/select_jurisdiction,1348541,Evaluation of Previously Identified Actions,1440676,Card,v1,Jurisdictions,"H2,E2-b","component holds a 39-column snapshot of Jurisdictions, which now has 42",Open the component and save it - the save re-binds the snapshot to the current source generation.,Open,,,Irrelevant,"disregard for now, we will review this in a separate udpate",
QA2-113,3,Source snapshot out of date,1,Component setting,https://county_template.devmny.org/the_plan/jurisdictional_annexes/select_jurisdiction,the_plan/jurisdictional_annexes/select_jurisdiction,1348541,Action Development,1440801,Card,v1,Jurisdictions,"H2,C4-a","component holds a 39-column snapshot of Jurisdictions, which now has 42",Open the component and save it - the save re-binds the snapshot to the current source generation.,Open,,,Irrelevant,"disregard for now, we will review this in a separate udpate",
QA2-114,3,Source snapshot out of date,1,Component setting,https://county_template.devmny.org/the_plan/jurisdictional_annexes/select_jurisdiction,the_plan/jurisdictional_annexes/select_jurisdiction,1348541,Local Context,1440806,Card,v1,Jurisdictions,C5-a,"component holds a 39-column snapshot of Jurisdictions, which now has 42",Open the component and save it - the save re-binds the snapshot to the current source generation.,Open,,,Irrelevant,"disregard for now, we will review this in a separate udpate",
QA2-115,3,Source snapshot out of date,1,Component setting,https://county_template.devmny.org/the_plan/jurisdictional_annexes/select_jurisdiction,the_plan/jurisdictional_annexes/select_jurisdiction,1348541,Additional Context (Strategy),1499254,Card,v1,Jurisdictions,,"component holds a 39-column snapshot of Jurisdictions, which now has 42",Open the component and save it - the save re-binds the snapshot to the current source generation.,Open,,,Irrelevant,"disregard for now, we will review this in a separate udpate",
QA2-116,3,Source snapshot out of date,1,Component setting,https://county_template.devmny.org/the_plan/jurisdictional_annexes/select_jurisdiction,the_plan/jurisdictional_annexes/select_jurisdiction,1348541,Capacity To Implement,1440867,Card,v1,Jurisdictions,"C1-a,C1-b,C2-a,H2,D3-b","component holds a 39-column snapshot of Jurisdictions, which now has 42",Open the component and save it - the save re-binds the snapshot to the current source generation.,Open,,,Irrelevant,"disregard for now, we will review this in a separate udpate",
QA2-117,3,Source snapshot out of date,1,Component setting,https://county_template.devmny.org/the_plan/jurisdictional_annexes/select_jurisdiction,the_plan/jurisdictional_annexes/select_jurisdiction,1348541,Integration,1440875,Card,v1,Jurisdictions,"D3-a,D3-c,D3-c","component holds a 39-column snapshot of Jurisdictions, which now has 42",Open the component and save it - the save re-binds the snapshot to the current source generation.,Open,,,Irrelevant,"disregard for now, we will review this in a separate udpate",
QA2-118,3,Source snapshot out of date,1,Component setting,https://county_template.devmny.org/the_plan/jurisdictional_annexes/select_jurisdiction,the_plan/jurisdictional_annexes/select_jurisdiction,1348541,Additional Context (Capacity to Implement),1499256,Card,v1,Jurisdictions,C1-a,"component holds a 39-column snapshot of Jurisdictions, which now has 42",Open the component and save it - the save re-binds the snapshot to the current source generation.,Open,,,Irrelevant,"disregard for now, we will review this in a separate udpate",
QA2-119,3,Source snapshot out of date,1,Component setting,https://county_template.devmny.org/the_plan/jurisdictional_annexes/select_jurisdiction,the_plan/jurisdictional_annexes/select_jurisdiction,1348541,Complete Actions,1900682,Card,v1,Jurisdictions,"H2,E2-b","component holds a 39-column snapshot of Jurisdictions, which now has 42",Open the component and save it - the save re-binds the snapshot to the current source generation.,Open,,,Irrelevant,"disregard for now, we will review this in a separate udpate",
QA2-120,3,Source snapshot out of date,1,Component setting,https://county_template.devmny.org/the_plan/jurisdictional_annexes/select_jurisdiction,the_plan/jurisdictional_annexes/select_jurisdiction,1348541,In-Progress Actions,1441011,Card,v1,Jurisdictions,"C4-a,C5-b,E2-b,H2,H3,C4-b","component holds a 39-column snapshot of Jurisdictions, which now has 42",Open the component and save it - the save re-binds the snapshot to the current source generation.,Open,,,Irrelevant,"disregard for now, we will review this in a separate udpate",
QA2-121,3,Source snapshot out of date,1,Component setting,https://county_template.devmny.org/the_plan/jurisdictional_annexes/select_jurisdiction,the_plan/jurisdictional_annexes/select_jurisdiction,1348541,Proposed Actions,1499999,Card,v1,Jurisdictions,"H2,H3,C5-b","component holds a 39-column snapshot of Jurisdictions, which now has 42",Open the component and save it - the save re-binds the snapshot to the current source generation.,Open,,,Irrelevant,"disregard for now, we will review this in a separate udpate",
QA2-122,3,Source snapshot out of date,1,Component setting,https://county_template.devmny.org/the_plan/jurisdictional_annexes/select_jurisdiction,the_plan/jurisdictional_annexes/select_jurisdiction,1348541,Additional Context (Progress),1499264,Card,v1,Jurisdictions,,"component holds a 39-column snapshot of Jurisdictions, which now has 42",Open the component and save it - the save re-binds the snapshot to the current source generation.,Open,,,Irrelevant,"disregard for now, we will review this in a separate udpate",
QA2-123,3,Source snapshot out of date,1,Component setting,https://county_template.devmny.org/the_risk/natural_hazards,the_risk/natural_hazards,1300806,Overview,2413404,Card,v1,LHMP_IA,B1-a,"component holds a 22-column snapshot of LHMP_IA, which now has 48",Open the component and save it - the save re-binds the snapshot to the current source generation.,Open,,,Irrelevant,"disregard for now, we will review this in a separate udpate",
QA2-124,3,Source snapshot out of date,1,Component setting,https://county_template.devmny.org/the_risk/natural_hazards,the_risk/natural_hazards,1300806,Hazards of Concern,2413406,Card,v1,LHMP_IA,"B1-a,B1-d,B2-a,B2-b,C4-b","component holds a 26-column snapshot of LHMP_IA, which now has 48",Open the component and save it - the save re-binds the snapshot to the current source generation.,Open,,,Irrelevant,"disregard for now, we will review this in a separate udpate",
QA2-125,3,Source snapshot out of date,1,Component setting,https://county_template.devmny.org/the_risk/natural_hazards,the_risk/natural_hazards,1300806,Modeled Risk,2413413,Card,v1,LHMP_IA,B2-b,"component holds a 22-column snapshot of LHMP_IA, which now has 48",Open the component and save it - the save re-binds the snapshot to the current source generation.,Open,,,Irrelevant,"disregard for now, we will review this in a separate udpate",
QA2-126,3,Source snapshot out of date,1,Component setting,https://county_template.devmny.org/the_risk/natural_hazards,the_risk/natural_hazards,1300806,Historic Loss,2413416,Card,v1,LHMP_IA,B1-d,"component holds a 22-column snapshot of LHMP_IA, which now has 48",Open the component and save it - the save re-binds the snapshot to the current source generation.,Open,,,Irrelevant,"disregard for now, we will review this in a separate udpate",
QA2-127,3,Source snapshot out of date,1,Component setting,https://county_template.devmny.org/the_risk/natural_hazards,the_risk/natural_hazards,1300806,(untitled),2413421,Card,v1,LHMP_IA,B1-d,"component holds a 26-column snapshot of LHMP_IA, which now has 48",Open the component and save it - the save re-binds the snapshot to the current source generation.,Open,,,Irrelevant,"disregard for now, we will review this in a separate udpate",
QA2-128,3,Source snapshot out of date,1,Component setting,https://county_template.devmny.org/the_risk/natural_hazards,the_risk/natural_hazards,1300806,Other Hazard Events,2413423,Card,v1,LHMP_IA,B1-d,"component holds a 22-column snapshot of LHMP_IA, which now has 48",Open the component and save it - the save re-binds the snapshot to the current source generation.,Open,,,Irrelevant,"disregard for now, we will review this in a separate udpate",
QA2-129,3,Source snapshot out of date,1,Component setting,https://county_template.devmny.org/the_risk/natural_hazards,the_risk/natural_hazards,1300806,Historic Loss By Year And By Disaster Number,2413426,Card,v1,LHMP_IA,B1-d,"component holds a 22-column snapshot of LHMP_IA, which now has 48",Open the component and save it - the save re-binds the snapshot to the current source generation.,Open,,,Irrelevant,"disregard for now, we will review this in a separate udpate",
QA2-130,3,Source snapshot out of date,1,Component setting,https://county_template.devmny.org/the_risk/natural_hazards,the_risk/natural_hazards,1300806,Historic Loss By Month,2413428,Card,v1,LHMP_IA,B1-d,"component holds a 22-column snapshot of LHMP_IA, which now has 48",Open the component and save it - the save re-binds the snapshot to the current source generation.,Open,,,Irrelevant,"disregard for now, we will review this in a separate udpate",
QA2-131,3,Source snapshot out of date,1,Component setting,https://county_template.devmny.org/the_risk/natural_hazards/avalanche,the_risk/natural_hazards/avalanche,1544721,Total Losses in $ by Month,2176952,Card,v1,LHMP_IA,B1-d,"component holds a 26-column snapshot of LHMP_IA, which now has 48",Open the component and save it - the save re-binds the snapshot to the current source generation.,Open,,,Irrelevant,"disregard for now, we will review this in a separate udpate",
QA2-132,3,Source snapshot out of date,1,Component setting,https://county_template.devmny.org/the_risk/natural_hazards/avalanche,the_risk/natural_hazards/avalanche,1544721,Measures Inventory,2176985,Spreadsheet,v1,Mitigation_Measures,C4-a,"component holds a 54-column snapshot of Mitigation_Measures, which now has 53",Open the component and save it - the save re-binds the snapshot to the current source generation.,Open,,,Irrelevant,"disregard for now, we will review this in a separate udpate",Snapshot is AHEAD of the source: it carries a column the source has since dropped.
QA2-133,3,Source snapshot out of date,1,Component setting,https://county_template.devmny.org/the_risk/natural_hazards/avalanche,the_risk/natural_hazards/avalanche,1544721,(untitled),2179714,Card,v2,Actions_Revised,"C4-a,C4-b","component holds a 147-column snapshot of Actions_Revised, which now has 160",Open the component and save it - the save re-binds the snapshot to the current source generation.,Open,,,Irrelevant,"disregard for now, we will review this in a separate udpate",
QA2-134,3,Source snapshot out of date,1,Component setting,https://county_template.devmny.org/the_risk/natural_hazards/avalanche,the_risk/natural_hazards/avalanche,1544721,Local Actions Table,2179732,Spreadsheet,v2,Actions_Revised,"C4-a,C4-b","component holds a 147-column snapshot of Actions_Revised, which now has 160",Open the component and save it - the save re-binds the snapshot to the current source generation.,Open,,,Irrelevant,"disregard for now, we will review this in a separate udpate",
QA2-135,3,Source snapshot out of date,1,Component setting,https://county_template.devmny.org/the_risk/natural_hazards/coastal_hazards,the_risk/natural_hazards/coastal_hazards,1544317,(untitled),1544203,Card,v1,LHMP_IA,B2-b,"component holds a 26-column snapshot of LHMP_IA, which now has 48",Open the component and save it - the save re-binds the snapshot to the current source generation.,Open,,,Irrelevant,"disregard for now, we will review this in a separate udpate",
QA2-136,3,Source snapshot out of date,1,Component setting,https://county_template.devmny.org/the_risk/natural_hazards/coastal_hazards,the_risk/natural_hazards/coastal_hazards,1544317,Potential Impacts,1544204,Card,v1,LHMP_IA,B2-b,"component holds a 26-column snapshot of LHMP_IA, which now has 48",Open the component and save it - the save re-binds the snapshot to the current source generation.,Open,,,Irrelevant,"disregard for now, we will review this in a separate udpate",
QA2-137,3,Source snapshot out of date,1,Component setting,https://county_template.devmny.org/the_risk/natural_hazards/coastal_hazards,the_risk/natural_hazards/coastal_hazards,1544317,(untitled),2179715,Card,v2,Actions_Revised,"C4-a,C4-b","component holds a 147-column snapshot of Actions_Revised, which now has 160",Open the component and save it - the save re-binds the snapshot to the current source generation.,Open,,,Irrelevant,"disregard for now, we will review this in a separate udpate",
QA2-138,3,Source snapshot out of date,1,Component setting,https://county_template.devmny.org/the_risk/natural_hazards/coastal_hazards,the_risk/natural_hazards/coastal_hazards,1544317,Local Actions Table,2179734,Spreadsheet,v2,Actions_Revised,"C4-a,C4-b","component holds a 147-column snapshot of Actions_Revised, which now has 160",Open the component and save it - the save re-binds the snapshot to the current source generation.,Open,,,Irrelevant,"disregard for now, we will review this in a separate udpate",
QA2-139,3,Source snapshot out of date,1,Component setting,https://county_template.devmny.org/the_risk/natural_hazards/drought,the_risk/natural_hazards/drought,1545217,(untitled),1898202,Card,v1,LHMP_IA,B2-b,"component holds a 26-column snapshot of LHMP_IA, which now has 48",Open the component and save it - the save re-binds the snapshot to the current source generation.,Open,,,Irrelevant,"disregard for now, we will review this in a separate udpate",
QA2-140,3,Source snapshot out of date,1,Component setting,https://county_template.devmny.org/the_risk/natural_hazards/drought,the_risk/natural_hazards/drought,1545217,Measures Inventory,1898248,Spreadsheet,v1,Mitigation_Measures,C4-a,"component holds a 54-column snapshot of Mitigation_Measures, which now has 53",Open the component and save it - the save re-binds the snapshot to the current source generation.,Open,,,Irrelevant,"disregard for now, we will review this in a separate udpate",Snapshot is AHEAD of the source: it carries a column the source has since dropped.
QA2-141,3,Source snapshot out of date,1,Component setting,https://county_template.devmny.org/the_risk/natural_hazards/drought,the_risk/natural_hazards/drought,1545217,Actions,1898254,Card,v1,LHMP_IA,"C4-a,C4-b","component holds a 22-column snapshot of LHMP_IA, which now has 48",Open the component and save it - the save re-binds the snapshot to the current source generation.,Open,,,Irrelevant,"disregard for now, we will review this in a separate udpate",
QA2-142,3,Source snapshot out of date,1,Component setting,https://county_template.devmny.org/the_risk/natural_hazards/drought,the_risk/natural_hazards/drought,1545217,(untitled),2179717,Card,v2,Actions_Revised,"C4-a,C4-b","component holds a 147-column snapshot of Actions_Revised, which now has 160",Open the component and save it - the save re-binds the snapshot to the current source generation.,Open,,,Irrelevant,"disregard for now, we will review this in a separate udpate",
QA2-143,3,Source snapshot out of date,1,Component setting,https://county_template.devmny.org/the_risk/natural_hazards/drought,the_risk/natural_hazards/drought,1545217,Local Actions Table,2179735,Spreadsheet,v2,Actions_Revised,"C4-a,C4-b","component holds a 147-column snapshot of Actions_Revised, which now has 160",Open the component and save it - the save re-binds the snapshot to the current source generation.,Open,,,Irrelevant,"disregard for now, we will review this in a separate udpate",
QA2-144,3,Source snapshot out of date,1,Component setting,https://county_template.devmny.org/the_risk/natural_hazards/earthquake,the_risk/natural_hazards/earthquake,1544597,(untitled),1544544,Card,v1,LHMP_IA,B2-b,"component holds a 26-column snapshot of LHMP_IA, which now has 48",Open the component and save it - the save re-binds the snapshot to the current source generation.,Open,,,Irrelevant,"disregard for now, we will review this in a separate udpate",
QA2-145,3,Source snapshot out of date,1,Component setting,https://county_template.devmny.org/the_risk/natural_hazards/earthquake,the_risk/natural_hazards/earthquake,1544597,Measures Inventory,1544584,Spreadsheet,v1,Mitigation_Measures,C4-a,"component holds a 54-column snapshot of Mitigation_Measures, which now has 53",Open the component and save it - the save re-binds the snapshot to the current source generation.,Open,,,Irrelevant,"disregard for now, we will review this in a separate udpate",Snapshot is AHEAD of the source: it carries a column the source has since dropped.
QA2-146,3,Source snapshot out of date,1,Component setting,https://county_template.devmny.org/the_risk/natural_hazards/earthquake,the_risk/natural_hazards/earthquake,1544597,(untitled),2179719,Card,v2,Actions_Revised,"C4-a,C4-b","component holds a 147-column snapshot of Actions_Revised, which now has 160",Open the component and save it - the save re-binds the snapshot to the current source generation.,Open,,,Irrelevant,"disregard for now, we will review this in a separate udpate",
QA2-147,3,Source snapshot out of date,1,Component setting,https://county_template.devmny.org/the_risk/natural_hazards/earthquake,the_risk/natural_hazards/earthquake,1544597,Local Actions Table,2179736,Spreadsheet,v2,Actions_Revised,"C4-a,C4-b","component holds a 147-column snapshot of Actions_Revised, which now has 160",Open the component and save it - the save re-binds the snapshot to the current source generation.,Open,,,Irrelevant,"disregard for now, we will review this in a separate udpate",
QA2-148,3,Source snapshot out of date,1,Component setting,https://county_template.devmny.org/the_risk/natural_hazards/extreme_cold,the_risk/natural_hazards/extreme_cold,1544845,(untitled),1544792,Card,v1,LHMP_IA,B2-b,"component holds a 26-column snapshot of LHMP_IA, which now has 48",Open the component and save it - the save re-binds the snapshot to the current source generation.,Open,,,Irrelevant,"disregard for now, we will review this in a separate udpate",
QA2-149,3,Source snapshot out of date,1,Component setting,https://county_template.devmny.org/the_risk/natural_hazards/extreme_cold,the_risk/natural_hazards/extreme_cold,1544845,Measures Inventory,1544832,Spreadsheet,v1,Mitigation_Measures,C4-a,"component holds a 54-column snapshot of Mitigation_Measures, which now has 53",Open the component and save it - the save re-binds the snapshot to the current source generation.,Open,,,Irrelevant,"disregard for now, we will review this in a separate udpate",Snapshot is AHEAD of the source: it carries a column the source has since dropped.
QA2-150,3,Source snapshot out of date,1,Component setting,https://county_template.devmny.org/the_risk/natural_hazards/extreme_cold,the_risk/natural_hazards/extreme_cold,1544845,(untitled),1544839,Card,v2,Actions_Revised,"C4-a,C4-b","component holds a 147-column snapshot of Actions_Revised, which now has 160",Open the component and save it - the save re-binds the snapshot to the current source generation.,Open,,,Irrelevant,"disregard for now, we will review this in a separate udpate",
QA2-151,3,Source snapshot out of date,1,Component setting,https://county_template.devmny.org/the_risk/natural_hazards/extreme_cold,the_risk/natural_hazards/extreme_cold,1544845,Local Actions Table,2179231,Spreadsheet,v2,Actions_Revised,"C4-a,C4-b","component holds a 147-column snapshot of Actions_Revised, which now has 160",Open the component and save it - the save re-binds the snapshot to the current source generation.,Open,,,Irrelevant,"disregard for now, we will review this in a separate udpate",
QA2-152,3,Source snapshot out of date,1,Component setting,https://county_template.devmny.org/the_risk/natural_hazards/extreme_heat,the_risk/natural_hazards/extreme_heat,1544969,(untitled),1544916,Card,v1,LHMP_IA,B2-b,"component holds a 26-column snapshot of LHMP_IA, which now has 48",Open the component and save it - the save re-binds the snapshot to the current source generation.,Open,,,Irrelevant,"disregard for now, we will review this in a separate udpate",
QA2-153,3,Source snapshot out of date,1,Component setting,https://county_template.devmny.org/the_risk/natural_hazards/extreme_heat,the_risk/natural_hazards/extreme_heat,1544969,Measures Inventory,1544956,Spreadsheet,v1,Mitigation_Measures,C4-a,"component holds a 54-column snapshot of Mitigation_Measures, which now has 53",Open the component and save it - the save re-binds the snapshot to the current source generation.,Open,,,Irrelevant,"disregard for now, we will review this in a separate udpate",Snapshot is AHEAD of the source: it carries a column the source has since dropped.
QA2-154,3,Source snapshot out of date,1,Component setting,https://county_template.devmny.org/the_risk/natural_hazards/extreme_heat,the_risk/natural_hazards/extreme_heat,1544969,(untitled),2179720,Card,v2,Actions_Revised,"C4-a,C4-b","component holds a 147-column snapshot of Actions_Revised, which now has 160",Open the component and save it - the save re-binds the snapshot to the current source generation.,Open,,,Irrelevant,"disregard for now, we will review this in a separate udpate",
QA2-155,3,Source snapshot out of date,1,Component setting,https://county_template.devmny.org/the_risk/natural_hazards/extreme_heat,the_risk/natural_hazards/extreme_heat,1544969,Local Actions Table,2179737,Spreadsheet,v2,Actions_Revised,"C4-a,C4-b","component holds a 147-column snapshot of Actions_Revised, which now has 160",Open the component and save it - the save re-binds the snapshot to the current source generation.,Open,,,Irrelevant,"disregard for now, we will review this in a separate udpate",
QA2-156,3,Source snapshot out of date,1,Component setting,https://county_template.devmny.org/the_risk/natural_hazards/flooding,the_risk/natural_hazards/flooding,1450290,(untitled),1682912,Card,v1,LHMP_IA,B2-b,"component holds a 26-column snapshot of LHMP_IA, which now has 48",Open the component and save it - the save re-binds the snapshot to the current source generation.,Open,,,Irrelevant,"disregard for now, we will review this in a separate udpate",
QA2-157,3,Source snapshot out of date,1,Component setting,https://county_template.devmny.org/the_risk/natural_hazards/flooding,the_risk/natural_hazards/flooding,1450290,Measures Inventory,1682989,Spreadsheet,v1,Mitigation_Measures,C4-a,"component holds a 54-column snapshot of Mitigation_Measures, which now has 53",Open the component and save it - the save re-binds the snapshot to the current source generation.,Open,,,Irrelevant,"disregard for now, we will review this in a separate udpate",Snapshot is AHEAD of the source: it carries a column the source has since dropped.
QA2-158,3,Source snapshot out of date,1,Component setting,https://county_template.devmny.org/the_risk/natural_hazards/flooding,the_risk/natural_hazards/flooding,1450290,(untitled),2179634,Card,v2,Actions_Revised,"C4-a,C4-b","component holds a 147-column snapshot of Actions_Revised, which now has 160",Open the component and save it - the save re-binds the snapshot to the current source generation.,Open,,,Irrelevant,"disregard for now, we will review this in a separate udpate",
QA2-159,3,Source snapshot out of date,1,Component setting,https://county_template.devmny.org/the_risk/natural_hazards/flooding,the_risk/natural_hazards/flooding,1450290,Local Actions Table,2179733,Spreadsheet,v2,Actions_Revised,"C4-a,C4-b","component holds a 147-column snapshot of Actions_Revised, which now has 160",Open the component and save it - the save re-binds the snapshot to the current source generation.,Open,,,Irrelevant,"disregard for now, we will review this in a separate udpate",
QA2-160,3,Source snapshot out of date,1,Component setting,https://county_template.devmny.org/the_risk/natural_hazards/hail,the_risk/natural_hazards/hail,1545093,(untitled),1545040,Card,v1,LHMP_IA,B2-b,"component holds a 26-column snapshot of LHMP_IA, which now has 48",Open the component and save it - the save re-binds the snapshot to the current source generation.,Open,,,Irrelevant,"disregard for now, we will review this in a separate udpate",
QA2-161,3,Source snapshot out of date,1,Component setting,https://county_template.devmny.org/the_risk/natural_hazards/hail,the_risk/natural_hazards/hail,1545093,Measures Inventory,1545080,Spreadsheet,v1,Mitigation_Measures,C4-a,"component holds a 54-column snapshot of Mitigation_Measures, which now has 53",Open the component and save it - the save re-binds the snapshot to the current source generation.,Open,,,Irrelevant,"disregard for now, we will review this in a separate udpate",Snapshot is AHEAD of the source: it carries a column the source has since dropped.
QA2-162,3,Source snapshot out of date,1,Component setting,https://county_template.devmny.org/the_risk/natural_hazards/hail,the_risk/natural_hazards/hail,1545093,(untitled),2179722,Card,v2,Actions_Revised,"C4-a,C4-b","component holds a 147-column snapshot of Actions_Revised, which now has 160",Open the component and save it - the save re-binds the snapshot to the current source generation.,Open,,,Irrelevant,"disregard for now, we will review this in a separate udpate",
QA2-163,3,Source snapshot out of date,1,Component setting,https://county_template.devmny.org/the_risk/natural_hazards/hail,the_risk/natural_hazards/hail,1545093,Local Actions Table,2179738,Spreadsheet,v2,Actions_Revised,"C4-a,C4-b","component holds a 147-column snapshot of Actions_Revised, which now has 160",Open the component and save it - the save re-binds the snapshot to the current source generation.,Open,,,Irrelevant,"disregard for now, we will review this in a separate udpate",
QA2-164,3,Source snapshot out of date,1,Component setting,https://county_template.devmny.org/the_risk/natural_hazards/hurricane,the_risk/natural_hazards/hurricane,1545403,(untitled),2179716,Card,v2,Actions_Revised,"C4-a,C4-b","component holds a 147-column snapshot of Actions_Revised, which now has 160",Open the component and save it - the save re-binds the snapshot to the current source generation.,Open,,,Irrelevant,"disregard for now, we will review this in a separate udpate",
QA2-165,3,Source snapshot out of date,1,Component setting,https://county_template.devmny.org/the_risk/natural_hazards/hurricane,the_risk/natural_hazards/hurricane,1545403,Local Actions Table,2179739,Spreadsheet,v2,Actions_Revised,"C4-a,C4-b","component holds a 147-column snapshot of Actions_Revised, which now has 160",Open the component and save it - the save re-binds the snapshot to the current source generation.,Open,,,Irrelevant,"disregard for now, we will review this in a separate udpate",
QA2-166,3,Source snapshot out of date,1,Component setting,https://county_template.devmny.org/the_risk/natural_hazards/ice_storm,the_risk/natural_hazards/ice_storm,1545527,Measures Inventory,1602206,Spreadsheet,v1,Mitigation_Measures,C4-a,"component holds a 54-column snapshot of Mitigation_Measures, which now has 53",Open the component and save it - the save re-binds the snapshot to the current source generation.,Open,,,Irrelevant,"disregard for now, we will review this in a separate udpate",Snapshot is AHEAD of the source: it carries a column the source has since dropped.
QA2-167,3,Source snapshot out of date,1,Component setting,https://county_template.devmny.org/the_risk/natural_hazards/ice_storm,the_risk/natural_hazards/ice_storm,1545527,(untitled),2179723,Card,v2,Actions_Revised,"C4-a,C4-b","component holds a 147-column snapshot of Actions_Revised, which now has 160",Open the component and save it - the save re-binds the snapshot to the current source generation.,Open,,,Irrelevant,"disregard for now, we will review this in a separate udpate",
QA2-168,3,Source snapshot out of date,1,Component setting,https://county_template.devmny.org/the_risk/natural_hazards/ice_storm,the_risk/natural_hazards/ice_storm,1545527,Local Actions Table,2179740,Spreadsheet,v2,Actions_Revised,"C4-a,C4-b","component holds a 147-column snapshot of Actions_Revised, which now has 160",Open the component and save it - the save re-binds the snapshot to the current source generation.,Open,,,Irrelevant,"disregard for now, we will review this in a separate udpate",
QA2-169,3,Source snapshot out of date,1,Component setting,https://county_template.devmny.org/the_risk/natural_hazards/landslide,the_risk/natural_hazards/landslide,1545651,(untitled),2179725,Card,v2,Actions_Revised,"C4-a,C4-b","component holds a 147-column snapshot of Actions_Revised, which now has 160",Open the component and save it - the save re-binds the snapshot to the current source generation.,Open,,,Irrelevant,"disregard for now, we will review this in a separate udpate",
QA2-170,3,Source snapshot out of date,1,Component setting,https://county_template.devmny.org/the_risk/natural_hazards/landslide,the_risk/natural_hazards/landslide,1545651,Local Actions Table,2179741,Spreadsheet,v2,Actions_Revised,"C4-a,C4-b","component holds a 147-column snapshot of Actions_Revised, which now has 160",Open the component and save it - the save re-binds the snapshot to the current source generation.,Open,,,Irrelevant,"disregard for now, we will review this in a separate udpate",
QA2-171,3,Source snapshot out of date,1,Component setting,https://county_template.devmny.org/the_risk/natural_hazards/lightning,the_risk/natural_hazards/lightning,1545775,(untitled),2179726,Card,v2,Actions_Revised,"C4-a,C4-b","component holds a 147-column snapshot of Actions_Revised, which now has 160",Open the component and save it - the save re-binds the snapshot to the current source generation.,Open,,,Irrelevant,"disregard for now, we will review this in a separate udpate",
QA2-172,3,Source snapshot out of date,1,Component setting,https://county_template.devmny.org/the_risk/natural_hazards/lightning,the_risk/natural_hazards/lightning,1545775,Local Actions Table,2179742,Spreadsheet,v2,Actions_Revised,"C4-a,C4-b","component holds a 147-column snapshot of Actions_Revised, which now has 160",Open the component and save it - the save re-binds the snapshot to the current source generation.,Open,,,Irrelevant,"disregard for now, we will review this in a separate udpate",
QA2-173,3,Source snapshot out of date,1,Component setting,https://county_template.devmny.org/the_risk/natural_hazards/snowstorm,the_risk/natural_hazards/snowstorm,1546774,(untitled),2179727,Card,v2,Actions_Revised,"C4-a,C4-b","component holds a 147-column snapshot of Actions_Revised, which now has 160",Open the component and save it - the save re-binds the snapshot to the current source generation.,Open,,,Irrelevant,"disregard for now, we will review this in a separate udpate",
QA2-174,3,Source snapshot out of date,1,Component setting,https://county_template.devmny.org/the_risk/natural_hazards/snowstorm,the_risk/natural_hazards/snowstorm,1546774,Local Actions Table,2179743,Spreadsheet,v2,Actions_Revised,"C4-a,C4-b","component holds a 147-column snapshot of Actions_Revised, which now has 160",Open the component and save it - the save re-binds the snapshot to the current source generation.,Open,,,Irrelevant,"disregard for now, we will review this in a separate udpate",
QA2-175,3,Source snapshot out of date,1,Component setting,https://county_template.devmny.org/the_risk/natural_hazards/tornado,the_risk/natural_hazards/tornado,1545899,Total Events and Losses in $: Declared Disasters and Non-Declared Events,1545851,Card,v1,LHMP_IA,,"component holds a 26-column snapshot of LHMP_IA, which now has 48",Open the component and save it - the save re-binds the snapshot to the current source generation.,Open,,,Irrelevant,"disregard for now, we will review this in a separate udpate",
QA2-176,3,Source snapshot out of date,1,Component setting,https://county_template.devmny.org/the_risk/natural_hazards/tornado,the_risk/natural_hazards/tornado,1545899,(untitled),2179729,Card,v2,Actions_Revised,"C4-a,C4-b","component holds a 147-column snapshot of Actions_Revised, which now has 160",Open the component and save it - the save re-binds the snapshot to the current source generation.,Open,,,Irrelevant,"disregard for now, we will review this in a separate udpate",
QA2-177,3,Source snapshot out of date,1,Component setting,https://county_template.devmny.org/the_risk/natural_hazards/tornado,the_risk/natural_hazards/tornado,1545899,Local Actions Table,2179744,Spreadsheet,v2,Actions_Revised,"C4-a,C4-b","component holds a 147-column snapshot of Actions_Revised, which now has 160",Open the component and save it - the save re-binds the snapshot to the current source generation.,Open,,,Irrelevant,"disregard for now, we will review this in a separate udpate",
QA2-178,3,Source snapshot out of date,1,Component setting,https://county_template.devmny.org/the_risk/natural_hazards/wildfire,the_risk/natural_hazards/wildfire,1546087,(untitled),2179730,Card,v2,Actions_Revised,"C4-a,C4-b","component holds a 147-column snapshot of Actions_Revised, which now has 160",Open the component and save it - the save re-binds the snapshot to the current source generation.,Open,,,Irrelevant,"disregard for now, we will review this in a separate udpate",
QA2-179,3,Source snapshot out of date,1,Component setting,https://county_template.devmny.org/the_risk/natural_hazards/wildfire,the_risk/natural_hazards/wildfire,1546087,Local Actions Table,2179745,Spreadsheet,v2,Actions_Revised,"C4-a,C4-b","component holds a 147-column snapshot of Actions_Revised, which now has 160",Open the component and save it - the save re-binds the snapshot to the current source generation.,Open,,,Irrelevant,"disregard for now, we will review this in a separate udpate",
QA2-180,3,Source snapshot out of date,1,Component setting,https://county_template.devmny.org/the_risk/natural_hazards/wind,the_risk/natural_hazards/wind,1546213,(untitled),2179731,Card,v2,Actions_Revised,"C4-a,C4-b","component holds a 147-column snapshot of Actions_Revised, which now has 160",Open the component and save it - the save re-binds the snapshot to the current source generation.,Open,,,Irrelevant,"disregard for now, we will review this in a separate udpate",
QA2-181,3,Source snapshot out of date,1,Component setting,https://county_template.devmny.org/the_risk/natural_hazards/wind,the_risk/natural_hazards/wind,1546213,Local Actions Table,2179746,Spreadsheet,v2,Actions_Revised,"C4-a,C4-b","component holds a 147-column snapshot of Actions_Revised, which now has 160",Open the component and save it - the save re-binds the snapshot to the current source generation.,Open,,,Irrelevant,"disregard for now, we will review this in a separate udpate",
QA2-182,4,Stores a row count of zero,2,Investigation,https://county_template.devmny.org/the_plan/capabilities_assessment,the_plan/capabilities_assessment,1425510,Local Capabilities Table,1426467,Spreadsheet,v2,Capabilities_Catalogue,"C1-a,C2-a","display.totalLength is 0 with no cached rows - a computed zero, not an absent count",Triage into genuinely-empty / filter-no-longer-matches / count-written-before-data. These look identical in config and have opposite fixes.,Open,,,Relevant,Fixed,
QA2-183,4,Stores a row count of zero,2,Investigation,https://county_template.devmny.org/the_plan/capabilities_assessment,the_plan/capabilities_assessment,1425510,Local Capabilities Table,1426493,Spreadsheet,v1,Capabilities_Catalogue,C1-a,"display.totalLength is 0 with no cached rows - a computed zero, not an absent count",Triage into genuinely-empty / filter-no-longer-matches / count-written-before-data. These look identical in config and have opposite fixes.,Open,,,Relevant,Fixed,
QA2-184,4,Stores a row count of zero,2,Investigation,https://county_template.devmny.org/the_plan/capabilities_assessment,the_plan/capabilities_assessment,1425510,Local Capabilities Table,1426515,Spreadsheet,v1,Capabilities_Catalogue,C1-a,"display.totalLength is 0 with no cached rows - a computed zero, not an absent count",Triage into genuinely-empty / filter-no-longer-matches / count-written-before-data. These look identical in config and have opposite fixes.,Open,,,Relevant,Fixed,
QA2-185,4,Stores a row count of zero,2,Investigation,https://county_template.devmny.org/the_plan/capabilities_assessment,the_plan/capabilities_assessment,1425510,Local Financial Capabilities,1426552,Spreadsheet,v1,Capabilities_Catalogue,C1-a,"display.totalLength is 0 with no cached rows - a computed zero, not an absent count",Triage into genuinely-empty / filter-no-longer-matches / count-written-before-data. These look identical in config and have opposite fixes.,Open,,,Relevant,Fixed,
QA2-186,4,Stores a row count of zero,2,Investigation,https://county_template.devmny.org/the_plan/jurisdictional_annexes/select_jurisdiction,the_plan/jurisdictional_annexes/select_jurisdiction,1348541,(untitled),1348542,Header: MNY Data,v1,Jurisdictions,,"display.totalLength is 0 with no cached rows - a computed zero, not an absent count",Triage into genuinely-empty / filter-no-longer-matches / count-written-before-data. These look identical in config and have opposite fixes.,Open,,,Irrelevant,"disregard for now, we will review this in a separate udpate",Untitled - likely an empty shell rather than a broken binding; see type 6.
QA2-187,4,Stores a row count of zero,2,Investigation,https://county_template.devmny.org/the_plan/jurisdictional_annexes/select_jurisdiction,the_plan/jurisdictional_annexes/select_jurisdiction,1348541,(untitled),1509612,Spreadsheet,v2,Participation,A1-a,"display.totalLength is 0 with no cached rows - a computed zero, not an absent count",Triage into genuinely-empty / filter-no-longer-matches / count-written-before-data. These look identical in config and have opposite fixes.,Open,,,Irrelevant,"disregard for now, we will review this in a separate udpate",Untitled - likely an empty shell rather than a broken binding; see type 6.
QA2-188,4,Stores a row count of zero,2,Investigation,https://county_template.devmny.org/the_plan/jurisdictional_annexes/select_jurisdiction,the_plan/jurisdictional_annexes/select_jurisdiction,1348541,Infrastructure,1450927,Card,v1,LHMP_IA,H2,"display.totalLength is 0 with no cached rows - a computed zero, not an absent count",Triage into genuinely-empty / filter-no-longer-matches / count-written-before-data. These look identical in config and have opposite fixes.,Open,,,Relevant,Fixed,
QA2-189,4,Stores a row count of zero,2,Investigation,https://county_template.devmny.org/the_plan/jurisdictional_annexes/select_jurisdiction,the_plan/jurisdictional_annexes/select_jurisdiction,1348541,Completed Actions Table,2407717,Spreadsheet,v2,Actions_Revised,"H2,E2-b","display.totalLength is 0 with no cached rows - a computed zero, not an absent count",Triage into genuinely-empty / filter-no-longer-matches / count-written-before-data. These look identical in config and have opposite fixes.,Open,,,Irrelevant,Table configured correctly. The jurisdiction does not have any Completed Actions in the database to fill it out so it presents as a blank table.,
QA2-190,4,Stores a row count of zero,2,Investigation,https://county_template.devmny.org/the_risk/disasters/disaster_template,the_risk/disasters/disaster_template,1421118,United States Department of Agriculture Crop Loss in the County,1421141,Spreadsheet,v1,USDA Crop Loss Enhanced,B1-d,"display.totalLength is 0 with no cached rows - a computed zero, not an absent count",Triage into genuinely-empty / filter-no-longer-matches / count-written-before-data. These look identical in config and have opposite fixes.,Open,,,Irrelevant,Table configured correctly. The disaster so it presents as a blank table.,
QA2-191,4,Stores a row count of zero,2,Investigation,https://county_template.devmny.org/the_risk/natural_hazards/avalanche,the_risk/natural_hazards/avalanche,1544721,(untitled),2176931,Card,v2,Hazards_of_Concern,,"display.totalLength is 0 with no cached rows - a computed zero, not an absent count",Triage into genuinely-empty / filter-no-longer-matches / count-written-before-data. These look identical in config and have opposite fixes.,Open,,,Irrelevant,"disregard for now, we will review this in a separate udpate",Untitled - likely an empty shell rather than a broken binding; see type 6.
QA2-192,4,Stores a row count of zero,2,Investigation,https://county_template.devmny.org/the_risk/natural_hazards/avalanche,the_risk/natural_hazards/avalanche,1544721,(untitled),2176946,Card,v2,AVAIL - Fusion Events V2,B1-d,"display.totalLength is 0 with no cached rows - a computed zero, not an absent count",Triage into genuinely-empty / filter-no-longer-matches / count-written-before-data. These look identical in config and have opposite fixes.,Open,,,Irrelevant,"disregard for now, we will review this in a separate udpate",Untitled - likely an empty shell rather than a broken binding; see type 6.
QA2-193,4,Stores a row count of zero,2,Investigation,https://county_template.devmny.org/the_risk/natural_hazards/avalanche,the_risk/natural_hazards/avalanche,1544721,(untitled),2176953,Graph,v2,AVAIL - Fusion Events V2,B1-d,"display.totalLength is 0 with no cached rows - a computed zero, not an absent count",Triage into genuinely-empty / filter-no-longer-matches / count-written-before-data. These look identical in config and have opposite fixes.,Open,,,Irrelevant,"disregard for now, we will review this in a separate udpate",Untitled - likely an empty shell rather than a broken binding; see type 6.
QA2-194,4,Stores a row count of zero,2,Investigation,https://county_template.devmny.org/the_risk/natural_hazards/avalanche,the_risk/natural_hazards/avalanche,1544721,(untitled),2176961,Spreadsheet,v2,AVAIL - Fusion Events V2,B1-d,"display.totalLength is 0 with no cached rows - a computed zero, not an absent count",Triage into genuinely-empty / filter-no-longer-matches / count-written-before-data. These look identical in config and have opposite fixes.,Open,,,Irrelevant,"disregard for now, we will review this in a separate udpate",Untitled - likely an empty shell rather than a broken binding; see type 6.
QA2-195,4,Stores a row count of zero,2,Investigation,https://county_template.devmny.org/the_risk/natural_hazards/avalanche,the_risk/natural_hazards/avalanche,1544721,(untitled),2176990,Spreadsheet,v2,Capabilities_Catalogue,C1-a,"display.totalLength is 0 with no cached rows - a computed zero, not an absent count",Triage into genuinely-empty / filter-no-longer-matches / count-written-before-data. These look identical in config and have opposite fixes.,Open,,,Irrelevant,"disregard for now, we will review this in a separate udpate",Untitled - likely an empty shell rather than a broken binding; see type 6.
QA2-196,4,Stores a row count of zero,2,Investigation,https://county_template.devmny.org/the_risk/natural_hazards/coastal_hazards,the_risk/natural_hazards/coastal_hazards,1544317,(untitled),1676739,Card,v2,Hazards_of_Concern,,"display.totalLength is 0 with no cached rows - a computed zero, not an absent count",Triage into genuinely-empty / filter-no-longer-matches / count-written-before-data. These look identical in config and have opposite fixes.,Open,,,Irrelevant,"disregard for now, we will review this in a separate udpate",Untitled - likely an empty shell rather than a broken binding; see type 6.
QA2-197,4,Stores a row count of zero,2,Investigation,https://county_template.devmny.org/the_risk/natural_hazards/coastal_hazards,the_risk/natural_hazards/coastal_hazards,1544317,(untitled),1544210,Card,v2,AVAIL - Fusion Events V2,B1-d,"display.totalLength is 0 with no cached rows - a computed zero, not an absent count",Triage into genuinely-empty / filter-no-longer-matches / count-written-before-data. These look identical in config and have opposite fixes.,Open,,,Irrelevant,"disregard for now, we will review this in a separate udpate",Untitled - likely an empty shell rather than a broken binding; see type 6.
QA2-198,4,Stores a row count of zero,2,Investigation,https://county_template.devmny.org/the_risk/natural_hazards/coastal_hazards,the_risk/natural_hazards/coastal_hazards,1544317,(untitled),1544225,Spreadsheet,v2,AVAIL - Fusion Events V2,B1-d,"display.totalLength is 0 with no cached rows - a computed zero, not an absent count",Triage into genuinely-empty / filter-no-longer-matches / count-written-before-data. These look identical in config and have opposite fixes.,Open,,,Irrelevant,"disregard for now, we will review this in a separate udpate",Untitled - likely an empty shell rather than a broken binding; see type 6.
QA2-199,4,Stores a row count of zero,2,Investigation,https://county_template.devmny.org/the_risk/natural_hazards/coastal_hazards,the_risk/natural_hazards/coastal_hazards,1544317,(untitled),2383864,Spreadsheet,v2,Capabilities_Catalogue,C1-a,"display.totalLength is 0 with no cached rows - a computed zero, not an absent count",Triage into genuinely-empty / filter-no-longer-matches / count-written-before-data. These look identical in config and have opposite fixes.,Open,,,Irrelevant,"disregard for now, we will review this in a separate udpate",Untitled - likely an empty shell rather than a broken binding; see type 6.
QA2-200,4,Stores a row count of zero,2,Investigation,https://county_template.devmny.org/the_risk/natural_hazards/drought,the_risk/natural_hazards/drought,1545217,(untitled),1898195,Card,v2,Hazards_of_Concern,,"display.totalLength is 0 with no cached rows - a computed zero, not an absent count",Triage into genuinely-empty / filter-no-longer-matches / count-written-before-data. These look identical in config and have opposite fixes.,Open,,,Irrelevant,"disregard for now, we will review this in a separate udpate",Untitled - likely an empty shell rather than a broken binding; see type 6.
QA2-201,4,Stores a row count of zero,2,Investigation,https://county_template.devmny.org/the_risk/natural_hazards/drought,the_risk/natural_hazards/drought,1545217,(untitled),2383891,Spreadsheet,v2,Capabilities_Catalogue,C1-a,"display.totalLength is 0 with no cached rows - a computed zero, not an absent count",Triage into genuinely-empty / filter-no-longer-matches / count-written-before-data. These look identical in config and have opposite fixes.,Open,,,Irrelevant,"disregard for now, we will review this in a separate udpate",Untitled - likely an empty shell rather than a broken binding; see type 6.
QA2-202,4,Stores a row count of zero,2,Investigation,https://county_template.devmny.org/the_risk/natural_hazards/earthquake,the_risk/natural_hazards/earthquake,1544597,(untitled),1676741,Card,v2,Hazards_of_Concern,,"display.totalLength is 0 with no cached rows - a computed zero, not an absent count",Triage into genuinely-empty / filter-no-longer-matches / count-written-before-data. These look identical in config and have opposite fixes.,Open,,,Irrelevant,"disregard for now, we will review this in a separate udpate",Untitled - likely an empty shell rather than a broken binding; see type 6.
QA2-203,4,Stores a row count of zero,2,Investigation,https://county_template.devmny.org/the_risk/natural_hazards/earthquake,the_risk/natural_hazards/earthquake,1544597,(untitled),1544551,Card,v2,AVAIL - Fusion Events V2,B1-d,"display.totalLength is 0 with no cached rows - a computed zero, not an absent count",Triage into genuinely-empty / filter-no-longer-matches / count-written-before-data. These look identical in config and have opposite fixes.,Open,,,Irrelevant,"disregard for now, we will review this in a separate udpate",Untitled - likely an empty shell rather than a broken binding; see type 6.
QA2-204,4,Stores a row count of zero,2,Investigation,https://county_template.devmny.org/the_risk/natural_hazards/earthquake,the_risk/natural_hazards/earthquake,1544597,(untitled),1544559,Graph,v2,AVAIL - Fusion Events V2,B1-d,"display.totalLength is 0 with no cached rows - a computed zero, not an absent count",Triage into genuinely-empty / filter-no-longer-matches / count-written-before-data. These look identical in config and have opposite fixes.,Open,,,Irrelevant,"disregard for now, we will review this in a separate udpate",Untitled - likely an empty shell rather than a broken binding; see type 6.
QA2-205,4,Stores a row count of zero,2,Investigation,https://county_template.devmny.org/the_risk/natural_hazards/earthquake,the_risk/natural_hazards/earthquake,1544597,(untitled),1544566,Spreadsheet,v2,AVAIL - Fusion Events V2,B1-d,"display.totalLength is 0 with no cached rows - a computed zero, not an absent count",Triage into genuinely-empty / filter-no-longer-matches / count-written-before-data. These look identical in config and have opposite fixes.,Open,,,Irrelevant,"disregard for now, we will review this in a separate udpate",Untitled - likely an empty shell rather than a broken binding; see type 6.
QA2-206,4,Stores a row count of zero,2,Investigation,https://county_template.devmny.org/the_risk/natural_hazards/earthquake,the_risk/natural_hazards/earthquake,1544597,(untitled),2384040,Spreadsheet,v2,Capabilities_Catalogue,C1-a,"display.totalLength is 0 with no cached rows - a computed zero, not an absent count",Triage into genuinely-empty / filter-no-longer-matches / count-written-before-data. These look identical in config and have opposite fixes.,Open,,,Irrelevant,"disregard for now, we will review this in a separate udpate",Untitled - likely an empty shell rather than a broken binding; see type 6.
QA2-207,4,Stores a row count of zero,2,Investigation,https://county_template.devmny.org/the_risk/natural_hazards/extreme_cold,the_risk/natural_hazards/extreme_cold,1544845,(untitled),1676743,Card,v2,Hazards_of_Concern,,"display.totalLength is 0 with no cached rows - a computed zero, not an absent count",Triage into genuinely-empty / filter-no-longer-matches / count-written-before-data. These look identical in config and have opposite fixes.,Open,,,Irrelevant,"disregard for now, we will review this in a separate udpate",Untitled - likely an empty shell rather than a broken binding; see type 6.
QA2-208,4,Stores a row count of zero,2,Investigation,https://county_template.devmny.org/the_risk/natural_hazards/extreme_cold,the_risk/natural_hazards/extreme_cold,1544845,(untitled),2383866,Spreadsheet,v2,Capabilities_Catalogue,C1-a,"display.totalLength is 0 with no cached rows - a computed zero, not an absent count",Triage into genuinely-empty / filter-no-longer-matches / count-written-before-data. These look identical in config and have opposite fixes.,Open,,,Irrelevant,"disregard for now, we will review this in a separate udpate",Untitled - likely an empty shell rather than a broken binding; see type 6.
QA2-209,4,Stores a row count of zero,2,Investigation,https://county_template.devmny.org/the_risk/natural_hazards/extreme_heat,the_risk/natural_hazards/extreme_heat,1544969,(untitled),1676745,Card,v2,Hazards_of_Concern,,"display.totalLength is 0 with no cached rows - a computed zero, not an absent count",Triage into genuinely-empty / filter-no-longer-matches / count-written-before-data. These look identical in config and have opposite fixes.,Open,,,Irrelevant,"disregard for now, we will review this in a separate udpate",Untitled - likely an empty shell rather than a broken binding; see type 6.
QA2-210,4,Stores a row count of zero,2,Investigation,https://county_template.devmny.org/the_risk/natural_hazards/extreme_heat,the_risk/natural_hazards/extreme_heat,1544969,(untitled),2384188,Spreadsheet,v2,Capabilities_Catalogue,C1-a,"display.totalLength is 0 with no cached rows - a computed zero, not an absent count",Triage into genuinely-empty / filter-no-longer-matches / count-written-before-data. These look identical in config and have opposite fixes.,Open,,,Irrelevant,"disregard for now, we will review this in a separate udpate",Untitled - likely an empty shell rather than a broken binding; see type 6.
QA2-211,4,Stores a row count of zero,2,Investigation,https://county_template.devmny.org/the_risk/natural_hazards/flooding,the_risk/natural_hazards/flooding,1450290,(untitled),1682901,Card,v2,Hazards_of_Concern,,"display.totalLength is 0 with no cached rows - a computed zero, not an absent count",Triage into genuinely-empty / filter-no-longer-matches / count-written-before-data. These look identical in config and have opposite fixes.,Open,,,Irrelevant,"disregard for now, we will review this in a separate udpate",Untitled - likely an empty shell rather than a broken binding; see type 6.
QA2-212,4,Stores a row count of zero,2,Investigation,https://county_template.devmny.org/the_risk/natural_hazards/hail,the_risk/natural_hazards/hail,1545093,(untitled),1676822,Card,v2,Hazards_of_Concern,,"display.totalLength is 0 with no cached rows - a computed zero, not an absent count",Triage into genuinely-empty / filter-no-longer-matches / count-written-before-data. These look identical in config and have opposite fixes.,Open,,,Irrelevant,"disregard for now, we will review this in a separate udpate",Untitled - likely an empty shell rather than a broken binding; see type 6.
QA2-213,4,Stores a row count of zero,2,Investigation,https://county_template.devmny.org/the_risk/natural_hazards/hail,the_risk/natural_hazards/hail,1545093,(untitled),2384419,Spreadsheet,v2,Capabilities_Catalogue,C1-a,"display.totalLength is 0 with no cached rows - a computed zero, not an absent count",Triage into genuinely-empty / filter-no-longer-matches / count-written-before-data. These look identical in config and have opposite fixes.,Open,,,Irrelevant,"disregard for now, we will review this in a separate udpate",Untitled - likely an empty shell rather than a broken binding; see type 6.
QA2-214,4,Stores a row count of zero,2,Investigation,https://county_template.devmny.org/the_risk/natural_hazards/hurricane,the_risk/natural_hazards/hurricane,1545403,(untitled),2416263,Card,v2,Hazards_of_Concern,,"display.totalLength is 0 with no cached rows - a computed zero, not an absent count",Triage into genuinely-empty / filter-no-longer-matches / count-written-before-data. These look identical in config and have opposite fixes.,Open,,,Irrelevant,"disregard for now, we will review this in a separate udpate",Untitled - likely an empty shell rather than a broken binding; see type 6.
QA2-215,4,Stores a row count of zero,2,Investigation,https://county_template.devmny.org/the_risk/natural_hazards/hurricane,the_risk/natural_hazards/hurricane,1545403,(untitled),1992590,Spreadsheet,v2,AVAIL - Fusion Events V2,B1-d,"display.totalLength is 0 with no cached rows - a computed zero, not an absent count",Triage into genuinely-empty / filter-no-longer-matches / count-written-before-data. These look identical in config and have opposite fixes.,Open,,,Irrelevant,"disregard for now, we will review this in a separate udpate",Untitled - likely an empty shell rather than a broken binding; see type 6.
QA2-216,4,Stores a row count of zero,2,Investigation,https://county_template.devmny.org/the_risk/natural_hazards/hurricane,the_risk/natural_hazards/hurricane,1545403,(untitled),2384518,Spreadsheet,v2,Capabilities_Catalogue,C1-a,"display.totalLength is 0 with no cached rows - a computed zero, not an absent count",Triage into genuinely-empty / filter-no-longer-matches / count-written-before-data. These look identical in config and have opposite fixes.,Open,,,Irrelevant,"disregard for now, we will review this in a separate udpate",Untitled - likely an empty shell rather than a broken binding; see type 6.
QA2-217,4,Stores a row count of zero,2,Investigation,https://county_template.devmny.org/the_risk/natural_hazards/ice_storm,the_risk/natural_hazards/ice_storm,1545527,(untitled),1676867,Card,v2,Hazards_of_Concern,,"display.totalLength is 0 with no cached rows - a computed zero, not an absent count",Triage into genuinely-empty / filter-no-longer-matches / count-written-before-data. These look identical in config and have opposite fixes.,Open,,,Irrelevant,"disregard for now, we will review this in a separate udpate",Untitled - likely an empty shell rather than a broken binding; see type 6.
QA2-218,4,Stores a row count of zero,2,Investigation,https://county_template.devmny.org/the_risk/natural_hazards/ice_storm,the_risk/natural_hazards/ice_storm,1545527,(untitled),2383011,Spreadsheet,v2,Hazards_of_Concern,"B2-a,B2-b","display.totalLength is 0 with no cached rows - a computed zero, not an absent count",Triage into genuinely-empty / filter-no-longer-matches / count-written-before-data. These look identical in config and have opposite fixes.,Open,,,Irrelevant,"disregard for now, we will review this in a separate udpate",Untitled - likely an empty shell rather than a broken binding; see type 6.
QA2-219,4,Stores a row count of zero,2,Investigation,https://county_template.devmny.org/the_risk/natural_hazards/ice_storm,the_risk/natural_hazards/ice_storm,1545527,(untitled),2383865,Spreadsheet,v2,Capabilities_Catalogue,C1-a,"display.totalLength is 0 with no cached rows - a computed zero, not an absent count",Triage into genuinely-empty / filter-no-longer-matches / count-written-before-data. These look identical in config and have opposite fixes.,Open,,,Irrelevant,"disregard for now, we will review this in a separate udpate",Untitled - likely an empty shell rather than a broken binding; see type 6.
QA2-220,4,Stores a row count of zero,2,Investigation,https://county_template.devmny.org/the_risk/natural_hazards/landslide,the_risk/natural_hazards/landslide,1545651,(untitled),1676869,Card,v2,Hazards_of_Concern,,"display.totalLength is 0 with no cached rows - a computed zero, not an absent count",Triage into genuinely-empty / filter-no-longer-matches / count-written-before-data. These look identical in config and have opposite fixes.,Open,,,Irrelevant,"disregard for now, we will review this in a separate udpate",Untitled - likely an empty shell rather than a broken binding; see type 6.
QA2-221,4,Stores a row count of zero,2,Investigation,https://county_template.devmny.org/the_risk/natural_hazards/landslide,the_risk/natural_hazards/landslide,1545651,(untitled),1545605,Card,v2,AVAIL - Fusion Events V2,B1-d,"display.totalLength is 0 with no cached rows - a computed zero, not an absent count",Triage into genuinely-empty / filter-no-longer-matches / count-written-before-data. These look identical in config and have opposite fixes.,Open,,,Irrelevant,"disregard for now, we will review this in a separate udpate",Untitled - likely an empty shell rather than a broken binding; see type 6.
QA2-222,4,Stores a row count of zero,2,Investigation,https://county_template.devmny.org/the_risk/natural_hazards/landslide,the_risk/natural_hazards/landslide,1545651,(untitled),1545610,Graph,v2,AVAIL - Fusion Events V2,S3-a2,"display.totalLength is 0 with no cached rows - a computed zero, not an absent count",Triage into genuinely-empty / filter-no-longer-matches / count-written-before-data. These look identical in config and have opposite fixes.,Open,,,Irrelevant,"disregard for now, we will review this in a separate udpate",Untitled - likely an empty shell rather than a broken binding; see type 6.
QA2-223,4,Stores a row count of zero,2,Investigation,https://county_template.devmny.org/the_risk/natural_hazards/landslide,the_risk/natural_hazards/landslide,1545651,(untitled),1545613,Graph,v2,AVAIL - Fusion Events V2,B1-d,"display.totalLength is 0 with no cached rows - a computed zero, not an absent count",Triage into genuinely-empty / filter-no-longer-matches / count-written-before-data. These look identical in config and have opposite fixes.,Open,,,Irrelevant,"disregard for now, we will review this in a separate udpate",Untitled - likely an empty shell rather than a broken binding; see type 6.
QA2-224,4,Stores a row count of zero,2,Investigation,https://county_template.devmny.org/the_risk/natural_hazards/landslide,the_risk/natural_hazards/landslide,1545651,(untitled),1545620,Spreadsheet,v2,AVAIL - Fusion Events V2,B1-d,"display.totalLength is 0 with no cached rows - a computed zero, not an absent count",Triage into genuinely-empty / filter-no-longer-matches / count-written-before-data. These look identical in config and have opposite fixes.,Open,,,Irrelevant,"disregard for now, we will review this in a separate udpate",Untitled - likely an empty shell rather than a broken binding; see type 6.
QA2-225,4,Stores a row count of zero,2,Investigation,https://county_template.devmny.org/the_risk/natural_hazards/landslide,the_risk/natural_hazards/landslide,1545651,(untitled),2384692,Spreadsheet,v2,Capabilities_Catalogue,C1-a,"display.totalLength is 0 with no cached rows - a computed zero, not an absent count",Triage into genuinely-empty / filter-no-longer-matches / count-written-before-data. These look identical in config and have opposite fixes.,Open,,,Irrelevant,"disregard for now, we will review this in a separate udpate",Untitled - likely an empty shell rather than a broken binding; see type 6.
QA2-226,4,Stores a row count of zero,2,Investigation,https://county_template.devmny.org/the_risk/natural_hazards/lightning,the_risk/natural_hazards/lightning,1545775,(untitled),1676871,Card,v2,Hazards_of_Concern,,"display.totalLength is 0 with no cached rows - a computed zero, not an absent count",Triage into genuinely-empty / filter-no-longer-matches / count-written-before-data. These look identical in config and have opposite fixes.,Open,,,Irrelevant,"disregard for now, we will review this in a separate udpate",Untitled - likely an empty shell rather than a broken binding; see type 6.
QA2-227,4,Stores a row count of zero,2,Investigation,https://county_template.devmny.org/the_risk/natural_hazards/lightning,the_risk/natural_hazards/lightning,1545775,(untitled),2384767,Spreadsheet,v2,Capabilities_Catalogue,C1-a,"display.totalLength is 0 with no cached rows - a computed zero, not an absent count",Triage into genuinely-empty / filter-no-longer-matches / count-written-before-data. These look identical in config and have opposite fixes.,Open,,,Irrelevant,"disregard for now, we will review this in a separate udpate",Untitled - likely an empty shell rather than a broken binding; see type 6.
QA2-228,4,Stores a row count of zero,2,Investigation,https://county_template.devmny.org/the_risk/natural_hazards/snowstorm,the_risk/natural_hazards/snowstorm,1546774,(untitled),1676873,Card,v2,Hazards_of_Concern,,"display.totalLength is 0 with no cached rows - a computed zero, not an absent count",Triage into genuinely-empty / filter-no-longer-matches / count-written-before-data. These look identical in config and have opposite fixes.,Open,,,Irrelevant,"disregard for now, we will review this in a separate udpate",Untitled - likely an empty shell rather than a broken binding; see type 6.
QA2-229,4,Stores a row count of zero,2,Investigation,https://county_template.devmny.org/the_risk/natural_hazards/snowstorm,the_risk/natural_hazards/snowstorm,1546774,(untitled),2384842,Spreadsheet,v2,Capabilities_Catalogue,C1-a,"display.totalLength is 0 with no cached rows - a computed zero, not an absent count",Triage into genuinely-empty / filter-no-longer-matches / count-written-before-data. These look identical in config and have opposite fixes.,Open,,,Irrelevant,"disregard for now, we will review this in a separate udpate",Untitled - likely an empty shell rather than a broken binding; see type 6.
QA2-230,4,Stores a row count of zero,2,Investigation,https://county_template.devmny.org/the_risk/natural_hazards/tornado,the_risk/natural_hazards/tornado,1545899,(untitled),1676875,Card,v2,Hazards_of_Concern,,"display.totalLength is 0 with no cached rows - a computed zero, not an absent count",Triage into genuinely-empty / filter-no-longer-matches / count-written-before-data. These look identical in config and have opposite fixes.,Open,,,Irrelevant,"disregard for now, we will review this in a separate udpate",Untitled - likely an empty shell rather than a broken binding; see type 6.
QA2-231,4,Stores a row count of zero,2,Investigation,https://county_template.devmny.org/the_risk/natural_hazards/tornado,the_risk/natural_hazards/tornado,1545899,(untitled),2384916,Spreadsheet,v2,Capabilities_Catalogue,C1-a,"display.totalLength is 0 with no cached rows - a computed zero, not an absent count",Triage into genuinely-empty / filter-no-longer-matches / count-written-before-data. These look identical in config and have opposite fixes.,Open,,,Irrelevant,"disregard for now, we will review this in a separate udpate",Untitled - likely an empty shell rather than a broken binding; see type 6.
QA2-232,4,Stores a row count of zero,2,Investigation,https://county_template.devmny.org/the_risk/natural_hazards/wildfire,the_risk/natural_hazards/wildfire,1546087,(untitled),1676877,Card,v2,Hazards_of_Concern,,"display.totalLength is 0 with no cached rows - a computed zero, not an absent count",Triage into genuinely-empty / filter-no-longer-matches / count-written-before-data. These look identical in config and have opposite fixes.,Open,,,Irrelevant,"disregard for now, we will review this in a separate udpate",Untitled - likely an empty shell rather than a broken binding; see type 6.
QA2-233,4,Stores a row count of zero,2,Investigation,https://county_template.devmny.org/the_risk/natural_hazards/wildfire,the_risk/natural_hazards/wildfire,1546087,(untitled),1546041,Card,v2,AVAIL - Fusion Events V2,B1-d,"display.totalLength is 0 with no cached rows - a computed zero, not an absent count",Triage into genuinely-empty / filter-no-longer-matches / count-written-before-data. These look identical in config and have opposite fixes.,Open,,,Irrelevant,"disregard for now, we will review this in a separate udpate",Untitled - likely an empty shell rather than a broken binding; see type 6.
QA2-234,4,Stores a row count of zero,2,Investigation,https://county_template.devmny.org/the_risk/natural_hazards/wildfire,the_risk/natural_hazards/wildfire,1546087,(untitled),1546046,Graph,v2,AVAIL - Fusion Events V2,B1-d,"display.totalLength is 0 with no cached rows - a computed zero, not an absent count",Triage into genuinely-empty / filter-no-longer-matches / count-written-before-data. These look identical in config and have opposite fixes.,Open,,,Irrelevant,"disregard for now, we will review this in a separate udpate",Untitled - likely an empty shell rather than a broken binding; see type 6.
QA2-235,4,Stores a row count of zero,2,Investigation,https://county_template.devmny.org/the_risk/natural_hazards/wildfire,the_risk/natural_hazards/wildfire,1546087,(untitled),1546049,Graph,v2,AVAIL - Fusion Events V2,B1-d,"display.totalLength is 0 with no cached rows - a computed zero, not an absent count",Triage into genuinely-empty / filter-no-longer-matches / count-written-before-data. These look identical in config and have opposite fixes.,Open,,,Irrelevant,"disregard for now, we will review this in a separate udpate",Untitled - likely an empty shell rather than a broken binding; see type 6.
QA2-236,4,Stores a row count of zero,2,Investigation,https://county_template.devmny.org/the_risk/natural_hazards/wildfire,the_risk/natural_hazards/wildfire,1546087,(untitled),1546056,Spreadsheet,v2,AVAIL - Fusion Events V2,B1-d,"display.totalLength is 0 with no cached rows - a computed zero, not an absent count",Triage into genuinely-empty / filter-no-longer-matches / count-written-before-data. These look identical in config and have opposite fixes.,Open,,,Irrelevant,"disregard for now, we will review this in a separate udpate",Untitled - likely an empty shell rather than a broken binding; see type 6.
QA2-237,4,Stores a row count of zero,2,Investigation,https://county_template.devmny.org/the_risk/natural_hazards/wildfire,the_risk/natural_hazards/wildfire,1546087,(untitled),2384991,Spreadsheet,v2,Capabilities_Catalogue,C1-a,"display.totalLength is 0 with no cached rows - a computed zero, not an absent count",Triage into genuinely-empty / filter-no-longer-matches / count-written-before-data. These look identical in config and have opposite fixes.,Open,,,Irrelevant,"disregard for now, we will review this in a separate udpate",Untitled - likely an empty shell rather than a broken binding; see type 6.
QA2-238,4,Stores a row count of zero,2,Investigation,https://county_template.devmny.org/the_risk/natural_hazards/wind,the_risk/natural_hazards/wind,1546213,(untitled),1676879,Card,v2,Hazards_of_Concern,,"display.totalLength is 0 with no cached rows - a computed zero, not an absent count",Triage into genuinely-empty / filter-no-longer-matches / count-written-before-data. These look identical in config and have opposite fixes.,Open,,,Irrelevant,"disregard for now, we will review this in a separate udpate",Untitled - likely an empty shell rather than a broken binding; see type 6.
QA2-239,4,Stores a row count of zero,2,Investigation,https://county_template.devmny.org/the_risk/natural_hazards/wind,the_risk/natural_hazards/wind,1546213,(untitled),2385066,Spreadsheet,v2,Capabilities_Catalogue,C1-a,"display.totalLength is 0 with no cached rows - a computed zero, not an absent count",Triage into genuinely-empty / filter-no-longer-matches / count-written-before-data. These look identical in config and have opposite fixes.,Open,,,Irrelevant,"disregard for now, we will review this in a separate udpate",Untitled - likely an empty shell rather than a broken binding; see type 6.
QA2-240,5,No requirement tag,2,Component setting,https://county_template.devmny.org/the_local_environment/high_hazard_dams,the_local_environment/high_hazard_dams,1300814,Local Context,1657662,lexical,none,,,"no Section Settings > Tags value, and the section is not in any work list","Assign the 44 CFR 201.6 element this section satisfies, using the vocabulary already on the other tagged sections (comma-joined, no spaces).",Open,,,Relevant,,Never listed in the T5 workbook - this is the fresh hideInView-aware scan that task lists as outstanding.
QA2-241,5,No requirement tag,2,Component setting,https://county_template.devmny.org/the_local_environment/natural_environment,the_local_environment/natural_environment,1300819,County Open Space Plan,1703876,lexical,none,,,"no Section Settings > Tags value, and the section is not in any work list","Assign the 44 CFR 201.6 element this section satisfies, using the vocabulary already on the other tagged sections (comma-joined, no spaces).",Open,,,Relevant,,Never listed in the T5 workbook - this is the fresh hideInView-aware scan that task lists as outstanding.
QA2-242,5,No requirement tag,2,Component setting,https://county_template.devmny.org/the_plan/about_the_process,the_plan/about_the_process,1300807,Other Related Planning Processes,1515074,lexical,none,,,"no Section Settings > Tags value, and the section is not in any work list","Assign the 44 CFR 201.6 element this section satisfies, using the vocabulary already on the other tagged sections (comma-joined, no spaces).",Open,,,Relevant,,Never listed in the T5 workbook - this is the fresh hideInView-aware scan that task lists as outstanding.
QA2-243,5,No requirement tag,2,Component setting,https://county_template.devmny.org/the_plan/about_the_process,the_plan/about_the_process,1300807,Local Context,1678480,lexical,none,,,"no Section Settings > Tags value, and the section is not in any work list","Assign the 44 CFR 201.6 element this section satisfies, using the vocabulary already on the other tagged sections (comma-joined, no spaces).",Open,,,Relevant,Fixed,Never listed in the T5 workbook - this is the fresh hideInView-aware scan that task lists as outstanding.
QA2-244,5,No requirement tag,2,Component setting,https://county_template.devmny.org/the_plan/jurisdictional_annexes/select_jurisdiction,the_plan/jurisdictional_annexes/select_jurisdiction,1348541,Buildings in The Floodplain,1920837,Spreadsheet,v1,BILD 2026 Simplified Draft V1,,"no Section Settings > Tags value, and the section is not in any work list","Assign the 44 CFR 201.6 element this section satisfies, using the vocabulary already on the other tagged sections (comma-joined, no spaces).",Open,,,Relevant,,Never listed in the T5 workbook - this is the fresh hideInView-aware scan that task lists as outstanding.
QA2-245,5,No requirement tag,2,Component setting,https://county_template.devmny.org/the_plan/jurisdictional_annexes/select_jurisdiction,the_plan/jurisdictional_annexes/select_jurisdiction,1348541,Critical Buildings in The Floodplain,1920935,Spreadsheet,v1,BILD 2026 Simplified Draft V1,,"no Section Settings > Tags value, and the section is not in any work list","Assign the 44 CFR 201.6 element this section satisfies, using the vocabulary already on the other tagged sections (comma-joined, no spaces).",Open,,,Relevant,,Never listed in the T5 workbook - this is the fresh hideInView-aware scan that task lists as outstanding.
QA2-246,5,No requirement tag,2,Component setting,https://county_template.devmny.org/the_plan/jurisdictional_annexes/select_jurisdiction,the_plan/jurisdictional_annexes/select_jurisdiction,1348541,Cascading Impacts from Hazards,1684993,Card,v1,Jurisdictions,,"no Section Settings > Tags value, and the section is not in any work list","Assign the 44 CFR 201.6 element this section satisfies, using the vocabulary already on the other tagged sections (comma-joined, no spaces).",Open,,,Relevant,,Never listed in the T5 workbook - this is the fresh hideInView-aware scan that task lists as outstanding.
QA2-247,5,No requirement tag,2,Component setting,https://county_template.devmny.org/the_plan/jurisdictional_annexes/select_jurisdiction,the_plan/jurisdictional_annexes/select_jurisdiction,1348541,Other Hazards,1499931,Card,v1,Jurisdictions,,"no Section Settings > Tags value, and the section is not in any work list","Assign the 44 CFR 201.6 element this section satisfies, using the vocabulary already on the other tagged sections (comma-joined, no spaces).",Open,,,Relevant,,Never listed in the T5 workbook - this is the fresh hideInView-aware scan that task lists as outstanding.
QA2-248,5,No requirement tag,2,Component setting,https://county_template.devmny.org/the_plan/jurisdictional_annexes/select_jurisdiction,the_plan/jurisdictional_annexes/select_jurisdiction,1348541,Additional Context (Strategy),1499254,Card,v1,Jurisdictions,,"no Section Settings > Tags value, and the section is not in any work list","Assign the 44 CFR 201.6 element this section satisfies, using the vocabulary already on the other tagged sections (comma-joined, no spaces).",Open,,,Relevant,,Never listed in the T5 workbook - this is the fresh hideInView-aware scan that task lists as outstanding.
QA2-249,5,No requirement tag,2,Component setting,https://county_template.devmny.org/the_plan/jurisdictional_annexes/select_jurisdiction,the_plan/jurisdictional_annexes/select_jurisdiction,1348541,Additional Context (Progress),1499264,Card,v1,Jurisdictions,,"no Section Settings > Tags value, and the section is not in any work list","Assign the 44 CFR 201.6 element this section satisfies, using the vocabulary already on the other tagged sections (comma-joined, no spaces).",Open,,,Relevant,,Never listed in the T5 workbook - this is the fresh hideInView-aware scan that task lists as outstanding.
QA2-250,6,Untitled contentless shell,3,Investigation,https://county_template.devmny.org/the_local_environment/built_environment,the_local_environment/built_environment,1300809,(untitled),2011170,Card,v2,LHMP_IA,,"visible section with no title, no tag and nothing to render","Triage delete-or-fill, the same call the 67 components already removed by the T5 task received. Remove page-side, leave the row.",Open,,,Relevant,,Not in any work list. These are what makes a page look like it lists components that are not really there.
QA2-251,6,Untitled contentless shell,3,Investigation,https://county_template.devmny.org/the_local_environment/built_environment,the_local_environment/built_environment,1300809,(untitled),2011219,Header: MNY Data,v1,,,"visible section with no title, no tag and nothing to render","Triage delete-or-fill, the same call the 67 components already removed by the T5 task received. Remove page-side, leave the row.",Open,,,Irrelevant,"Header, footer, filter, map components, and the card on the hazard pages showing up as headerless and contentless is a false signal. THey are all showing up as expected.",Not in any work list. These are what makes a page look like it lists components that are not really there.
QA2-252,6,Untitled contentless shell,3,Investigation,https://county_template.devmny.org/the_local_environment/built_environment,the_local_environment/built_environment,1300809,(untitled),2011220,Footer: MNY Footer,v1,,,"visible section with no title, no tag and nothing to render","Triage delete-or-fill, the same call the 67 components already removed by the T5 task received. Remove page-side, leave the row.",Open,,,Irrelevant,"Header, footer, filter, map components, and the card on the hazard pages showing up as headerless and contentless is a false signal. THey are all showing up as expected.",Not in any work list. These are what makes a page look like it lists components that are not really there.
QA2-253,6,Untitled contentless shell,3,Investigation,https://county_template.devmny.org/the_local_environment/high_hazard_dams,the_local_environment/high_hazard_dams,1300814,(untitled),1458944,Header: MNY Data,v1,,,"visible section with no title, no tag and nothing to render","Triage delete-or-fill, the same call the 67 components already removed by the T5 task received. Remove page-side, leave the row.",Open,,,Irrelevant,"Header, footer, filter, map components, and the card on the hazard pages showing up as headerless and contentless is a false signal. THey are all showing up as expected.",Not in any work list. These are what makes a page look like it lists components that are not really there.
QA2-254,6,Untitled contentless shell,3,Investigation,https://county_template.devmny.org/the_local_environment/high_hazard_dams,the_local_environment/high_hazard_dams,1300814,(untitled),1466515,Map,none,,,"visible section with no title, no tag and nothing to render","Triage delete-or-fill, the same call the 67 components already removed by the T5 task received. Remove page-side, leave the row.",Open,,,Irrelevant,"Header, footer, filter, map components, and the card on the hazard pages showing up as headerless and contentless is a false signal. THey are all showing up as expected.",Not in any work list. These are what makes a page look like it lists components that are not really there.
QA2-255,6,Untitled contentless shell,3,Investigation,https://county_template.devmny.org/the_local_environment/high_hazard_dams,the_local_environment/high_hazard_dams,1300814,(untitled),1673180,Footer: MNY Footer,v1,,,"visible section with no title, no tag and nothing to render","Triage delete-or-fill, the same call the 67 components already removed by the T5 task received. Remove page-side, leave the row.",Open,,,Irrelevant,"Header, footer, filter, map components, and the card on the hazard pages showing up as headerless and contentless is a false signal. THey are all showing up as expected.",Not in any work list. These are what makes a page look like it lists components that are not really there.
QA2-256,6,Untitled contentless shell,3,Investigation,https://county_template.devmny.org/the_local_environment/natural_environment,the_local_environment/natural_environment,1300819,(untitled),1703901,Header: MNY Data,v1,,,"visible section with no title, no tag and nothing to render","Triage delete-or-fill, the same call the 67 components already removed by the T5 task received. Remove page-side, leave the row.",Open,,,Irrelevant,"Header, footer, filter, map components, and the card on the hazard pages showing up as headerless and contentless is a false signal. THey are all showing up as expected.",Not in any work list. These are what makes a page look like it lists components that are not really there.
QA2-257,6,Untitled contentless shell,3,Investigation,https://county_template.devmny.org/the_local_environment/natural_environment,the_local_environment/natural_environment,1300819,(untitled),2242963,Footer: MNY Footer,none,,,"visible section with no title, no tag and nothing to render","Triage delete-or-fill, the same call the 67 components already removed by the T5 task received. Remove page-side, leave the row.",Open,,,Irrelevant,"Header, footer, filter, map components, and the card on the hazard pages showing up as headerless and contentless is a false signal. THey are all showing up as expected.",Not in any work list. These are what makes a page look like it lists components that are not really there.
QA2-258,6,Untitled contentless shell,3,Investigation,https://county_template.devmny.org/the_plan/about_the_process,the_plan/about_the_process,1300807,(untitled),1553498,Header: MNY Data,v1,,,"visible section with no title, no tag and nothing to render","Triage delete-or-fill, the same call the 67 components already removed by the T5 task received. Remove page-side, leave the row.",Open,,,Irrelevant,"Header, footer, filter, map components, and the card on the hazard pages showing up as headerless and contentless is a false signal. THey are all showing up as expected.",Not in any work list. These are what makes a page look like it lists components that are not really there.
QA2-259,6,Untitled contentless shell,3,Investigation,https://county_template.devmny.org/the_plan/about_the_process,the_plan/about_the_process,1300807,(untitled),1672896,Footer: MNY Footer,v1,,,"visible section with no title, no tag and nothing to render","Triage delete-or-fill, the same call the 67 components already removed by the T5 task received. Remove page-side, leave the row.",Open,,,Irrelevant,"Header, footer, filter, map components, and the card on the hazard pages showing up as headerless and contentless is a false signal. THey are all showing up as expected.",Not in any work list. These are what makes a page look like it lists components that are not really there.
QA2-260,6,Untitled contentless shell,3,Investigation,https://county_template.devmny.org/the_plan/capabilities_assessment,the_plan/capabilities_assessment,1425510,(untitled),1517057,Header: MNY Data,v1,,,"visible section with no title, no tag and nothing to render","Triage delete-or-fill, the same call the 67 components already removed by the T5 task received. Remove page-side, leave the row.",Open,,,Irrelevant,"Header, footer, filter, map components, and the card on the hazard pages showing up as headerless and contentless is a false signal. THey are all showing up as expected.",Not in any work list. These are what makes a page look like it lists components that are not really there.
QA2-261,6,Untitled contentless shell,3,Investigation,https://county_template.devmny.org/the_plan/capabilities_assessment,the_plan/capabilities_assessment,1425510,(untitled),1672898,Footer: MNY Footer,v1,,,"visible section with no title, no tag and nothing to render","Triage delete-or-fill, the same call the 67 components already removed by the T5 task received. Remove page-side, leave the row.",Open,,,Irrelevant,"Header, footer, filter, map components, and the card on the hazard pages showing up as headerless and contentless is a false signal. THey are all showing up as expected.",Not in any work list. These are what makes a page look like it lists components that are not really there.
QA2-262,6,Untitled contentless shell,3,Investigation,https://county_template.devmny.org/the_plan/jurisdictional_annexes,the_plan/jurisdictional_annexes,1300933,(untitled),2380935,Header: MNY Data,v1,,,"visible section with no title, no tag and nothing to render","Triage delete-or-fill, the same call the 67 components already removed by the T5 task received. Remove page-side, leave the row.",Open,,,Irrelevant,"Header, footer, filter, map components, and the card on the hazard pages showing up as headerless and contentless is a false signal. THey are all showing up as expected.",Not in any work list. These are what makes a page look like it lists components that are not really there.
QA2-263,6,Untitled contentless shell,3,Investigation,https://county_template.devmny.org/the_plan/jurisdictional_annexes,the_plan/jurisdictional_annexes,1300933,(untitled),2380936,Footer: MNY Footer,v1,,,"visible section with no title, no tag and nothing to render","Triage delete-or-fill, the same call the 67 components already removed by the T5 task received. Remove page-side, leave the row.",Open,,,Irrelevant,"Header, footer, filter, map components, and the card on the hazard pages showing up as headerless and contentless is a false signal. THey are all showing up as expected.",Not in any work list. These are what makes a page look like it lists components that are not really there.
QA2-264,6,Untitled contentless shell,3,Investigation,https://county_template.devmny.org/the_plan/jurisdictional_annexes/select_jurisdiction,the_plan/jurisdictional_annexes/select_jurisdiction,1348541,(untitled),1348542,Header: MNY Data,v1,Jurisdictions,,"visible section with no title, no tag and nothing to render","Triage delete-or-fill, the same call the 67 components already removed by the T5 task received. Remove page-side, leave the row.",Open,,,Irrelevant,"Header, footer, filter, map components, and the card on the hazard pages showing up as headerless and contentless is a false signal. THey are all showing up as expected.",Not in any work list. These are what makes a page look like it lists components that are not really there.
QA2-265,6,Untitled contentless shell,3,Investigation,https://county_template.devmny.org/the_plan/jurisdictional_annexes/select_jurisdiction,the_plan/jurisdictional_annexes/select_jurisdiction,1348541,(untitled),2242962,Filter,v2,Jurisdictions,,"visible section with no title, no tag and nothing to render","Triage delete-or-fill, the same call the 67 components already removed by the T5 task received. Remove page-side, leave the row.",Open,,,Irrelevant,"Header, footer, filter, map components, and the card on the hazard pages showing up as headerless and contentless is a false signal. THey are all showing up as expected.",Not in any work list. These are what makes a page look like it lists components that are not really there.
QA2-266,6,Untitled contentless shell,3,Investigation,https://county_template.devmny.org/the_plan/jurisdictional_annexes/select_jurisdiction,the_plan/jurisdictional_annexes/select_jurisdiction,1348541,(untitled),1496523,Spreadsheet,v2,Capabilities_Catalogue,,"visible section with no title, no tag and nothing to render","Triage delete-or-fill, the same call the 67 components already removed by the T5 task received. Remove page-side, leave the row.",Open,,,Irrelevant,"Header, footer, filter, map components, and the card on the hazard pages showing up as headerless and contentless is a false signal. THey are all showing up as expected.",Not in any work list. These are what makes a page look like it lists components that are not really there.
QA2-267,6,Untitled contentless shell,3,Investigation,https://county_template.devmny.org/the_risk,the_risk,1300894,(untitled),2005386,Header: MNY Data,v1,,,"visible section with no title, no tag and nothing to render","Triage delete-or-fill, the same call the 67 components already removed by the T5 task received. Remove page-side, leave the row.",Open,,,Irrelevant,"Header, footer, filter, map components, and the card on the hazard pages showing up as headerless and contentless is a false signal. THey are all showing up as expected.",Not in any work list. These are what makes a page look like it lists components that are not really there.
QA2-268,6,Untitled contentless shell,3,Investigation,https://county_template.devmny.org/the_risk,the_risk,1300894,(untitled),2178617,Footer: MNY Footer,none,,,"visible section with no title, no tag and nothing to render","Triage delete-or-fill, the same call the 67 components already removed by the T5 task received. Remove page-side, leave the row.",Open,,,Irrelevant,"Header, footer, filter, map components, and the card on the hazard pages showing up as headerless and contentless is a false signal. THey are all showing up as expected.",Not in any work list. These are what makes a page look like it lists components that are not really there.
QA2-269,6,Untitled contentless shell,3,Investigation,https://county_template.devmny.org/the_risk/disasters/disaster_template,the_risk/disasters/disaster_template,1421118,(untitled),2249218,Filter,v2,AVAIL - Fusion Events V2,,"visible section with no title, no tag and nothing to render","Triage delete-or-fill, the same call the 67 components already removed by the T5 task received. Remove page-side, leave the row.",Open,,,Irrelevant,"Header, footer, filter, map components, and the card on the hazard pages showing up as headerless and contentless is a false signal. THey are all showing up as expected.",Not in any work list. These are what makes a page look like it lists components that are not really there.
QA2-270,6,Untitled contentless shell,3,Investigation,https://county_template.devmny.org/the_risk/natural_hazards,the_risk/natural_hazards,1300806,(untitled),2413433,Footer: MNY Footer,none,,,"visible section with no title, no tag and nothing to render","Triage delete-or-fill, the same call the 67 components already removed by the T5 task received. Remove page-side, leave the row.",Open,,,Irrelevant,"Header, footer, filter, map components, and the card on the hazard pages showing up as headerless and contentless is a false signal. THey are all showing up as expected.",Not in any work list. These are what makes a page look like it lists components that are not really there.
QA2-271,6,Untitled contentless shell,3,Investigation,https://county_template.devmny.org/the_risk/natural_hazards,the_risk/natural_hazards,1300806,(untitled),2413434,Header: MNY Data,v1,,,"visible section with no title, no tag and nothing to render","Triage delete-or-fill, the same call the 67 components already removed by the T5 task received. Remove page-side, leave the row.",Open,,,Irrelevant,"Header, footer, filter, map components, and the card on the hazard pages showing up as headerless and contentless is a false signal. THey are all showing up as expected.",Not in any work list. These are what makes a page look like it lists components that are not really there.
QA2-272,6,Untitled contentless shell,3,Investigation,https://county_template.devmny.org/the_risk/natural_hazards/avalanche,the_risk/natural_hazards/avalanche,1544721,(untitled),2176930,Card,v2,AVAIL - Fusion Events V2,,"visible section with no title, no tag and nothing to render","Triage delete-or-fill, the same call the 67 components already removed by the T5 task received. Remove page-side, leave the row.",Open,,,Irrelevant,"Header, footer, filter, map components, and the card on the hazard pages showing up as headerless and contentless is a false signal. THey are all showing up as expected.",Not in any work list. These are what makes a page look like it lists components that are not really there.
QA2-273,6,Untitled contentless shell,3,Investigation,https://county_template.devmny.org/the_risk/natural_hazards/avalanche,the_risk/natural_hazards/avalanche,1544721,(untitled),2177000,Header: MNY Data,v1,,,"visible section with no title, no tag and nothing to render","Triage delete-or-fill, the same call the 67 components already removed by the T5 task received. Remove page-side, leave the row.",Open,,,Irrelevant,"Header, footer, filter, map components, and the card on the hazard pages showing up as headerless and contentless is a false signal. THey are all showing up as expected.",Not in any work list. These are what makes a page look like it lists components that are not really there.
QA2-274,6,Untitled contentless shell,3,Investigation,https://county_template.devmny.org/the_risk/natural_hazards/avalanche,the_risk/natural_hazards/avalanche,1544721,(untitled),2177001,Footer: MNY Footer,v1,,,"visible section with no title, no tag and nothing to render","Triage delete-or-fill, the same call the 67 components already removed by the T5 task received. Remove page-side, leave the row.",Open,,,Irrelevant,"Header, footer, filter, map components, and the card on the hazard pages showing up as headerless and contentless is a false signal. THey are all showing up as expected.",Not in any work list. These are what makes a page look like it lists components that are not really there.
QA2-275,6,Untitled contentless shell,3,Investigation,https://county_template.devmny.org/the_risk/natural_hazards/coastal_hazards,the_risk/natural_hazards/coastal_hazards,1544317,(untitled),1544196,Card,v2,AVAIL - Fusion Events V2,,"visible section with no title, no tag and nothing to render","Triage delete-or-fill, the same call the 67 components already removed by the T5 task received. Remove page-side, leave the row.",Open,,,Irrelevant,"Header, footer, filter, map components, and the card on the hazard pages showing up as headerless and contentless is a false signal. THey are all showing up as expected.",Not in any work list. These are what makes a page look like it lists components that are not really there.
QA2-276,6,Untitled contentless shell,3,Investigation,https://county_template.devmny.org/the_risk/natural_hazards/coastal_hazards,the_risk/natural_hazards/coastal_hazards,1544317,(untitled),1544313,Header: MNY Data,v1,,,"visible section with no title, no tag and nothing to render","Triage delete-or-fill, the same call the 67 components already removed by the T5 task received. Remove page-side, leave the row.",Open,,,Irrelevant,"Header, footer, filter, map components, and the card on the hazard pages showing up as headerless and contentless is a false signal. THey are all showing up as expected.",Not in any work list. These are what makes a page look like it lists components that are not really there.
QA2-277,6,Untitled contentless shell,3,Investigation,https://county_template.devmny.org/the_risk/natural_hazards/coastal_hazards,the_risk/natural_hazards/coastal_hazards,1544317,(untitled),2239903,Footer: MNY Footer,none,,,"visible section with no title, no tag and nothing to render","Triage delete-or-fill, the same call the 67 components already removed by the T5 task received. Remove page-side, leave the row.",Open,,,Irrelevant,"Header, footer, filter, map components, and the card on the hazard pages showing up as headerless and contentless is a false signal. THey are all showing up as expected.",Not in any work list. These are what makes a page look like it lists components that are not really there.
QA2-278,6,Untitled contentless shell,3,Investigation,https://county_template.devmny.org/the_risk/natural_hazards/drought,the_risk/natural_hazards/drought,1545217,(untitled),1898194,Card,v2,AVAIL - Fusion Events V2,,"visible section with no title, no tag and nothing to render","Triage delete-or-fill, the same call the 67 components already removed by the T5 task received. Remove page-side, leave the row.",Open,,,Irrelevant,"Header, footer, filter, map components, and the card on the hazard pages showing up as headerless and contentless is a false signal. THey are all showing up as expected.",Not in any work list. These are what makes a page look like it lists components that are not really there.
QA2-279,6,Untitled contentless shell,3,Investigation,https://county_template.devmny.org/the_risk/natural_hazards/drought,the_risk/natural_hazards/drought,1545217,(untitled),1898263,Header: MNY Data,v1,,,"visible section with no title, no tag and nothing to render","Triage delete-or-fill, the same call the 67 components already removed by the T5 task received. Remove page-side, leave the row.",Open,,,Irrelevant,"Header, footer, filter, map components, and the card on the hazard pages showing up as headerless and contentless is a false signal. THey are all showing up as expected.",Not in any work list. These are what makes a page look like it lists components that are not really there.
QA2-280,6,Untitled contentless shell,3,Investigation,https://county_template.devmny.org/the_risk/natural_hazards/drought,the_risk/natural_hazards/drought,1545217,(untitled),2239990,Footer: MNY Footer,none,,,"visible section with no title, no tag and nothing to render","Triage delete-or-fill, the same call the 67 components already removed by the T5 task received. Remove page-side, leave the row.",Open,,,Irrelevant,"Header, footer, filter, map components, and the card on the hazard pages showing up as headerless and contentless is a false signal. THey are all showing up as expected.",Not in any work list. These are what makes a page look like it lists components that are not really there.
QA2-281,6,Untitled contentless shell,3,Investigation,https://county_template.devmny.org/the_risk/natural_hazards/earthquake,the_risk/natural_hazards/earthquake,1544597,(untitled),1544537,Card,v2,AVAIL - Fusion Events V2,,"visible section with no title, no tag and nothing to render","Triage delete-or-fill, the same call the 67 components already removed by the T5 task received. Remove page-side, leave the row.",Open,,,Irrelevant,"Header, footer, filter, map components, and the card on the hazard pages showing up as headerless and contentless is a false signal. THey are all showing up as expected.",Not in any work list. These are what makes a page look like it lists components that are not really there.
QA2-282,6,Untitled contentless shell,3,Investigation,https://county_template.devmny.org/the_risk/natural_hazards/earthquake,the_risk/natural_hazards/earthquake,1544597,(untitled),1544596,Header: MNY Data,v1,,,"visible section with no title, no tag and nothing to render","Triage delete-or-fill, the same call the 67 components already removed by the T5 task received. Remove page-side, leave the row.",Open,,,Irrelevant,"Header, footer, filter, map components, and the card on the hazard pages showing up as headerless and contentless is a false signal. THey are all showing up as expected.",Not in any work list. These are what makes a page look like it lists components that are not really there.
QA2-283,6,Untitled contentless shell,3,Investigation,https://county_template.devmny.org/the_risk/natural_hazards/earthquake,the_risk/natural_hazards/earthquake,1544597,(untitled),2240405,Footer: MNY Footer,none,,,"visible section with no title, no tag and nothing to render","Triage delete-or-fill, the same call the 67 components already removed by the T5 task received. Remove page-side, leave the row.",Open,,,Irrelevant,"Header, footer, filter, map components, and the card on the hazard pages showing up as headerless and contentless is a false signal. THey are all showing up as expected.",Not in any work list. These are what makes a page look like it lists components that are not really there.
QA2-284,6,Untitled contentless shell,3,Investigation,https://county_template.devmny.org/the_risk/natural_hazards/extreme_cold,the_risk/natural_hazards/extreme_cold,1544845,(untitled),1544785,Card,v2,AVAIL - Fusion Events V2,,"visible section with no title, no tag and nothing to render","Triage delete-or-fill, the same call the 67 components already removed by the T5 task received. Remove page-side, leave the row.",Open,,,Irrelevant,"Header, footer, filter, map components, and the card on the hazard pages showing up as headerless and contentless is a false signal. THey are all showing up as expected.",Not in any work list. These are what makes a page look like it lists components that are not really there.
QA2-285,6,Untitled contentless shell,3,Investigation,https://county_template.devmny.org/the_risk/natural_hazards/extreme_cold,the_risk/natural_hazards/extreme_cold,1544845,(untitled),1544844,Header: MNY Data,v1,,,"visible section with no title, no tag and nothing to render","Triage delete-or-fill, the same call the 67 components already removed by the T5 task received. Remove page-side, leave the row.",Open,,,Irrelevant,"Header, footer, filter, map components, and the card on the hazard pages showing up as headerless and contentless is a false signal. THey are all showing up as expected.",Not in any work list. These are what makes a page look like it lists components that are not really there.
QA2-286,6,Untitled contentless shell,3,Investigation,https://county_template.devmny.org/the_risk/natural_hazards/extreme_cold,the_risk/natural_hazards/extreme_cold,1544845,(untitled),2240651,Footer: MNY Footer,none,,,"visible section with no title, no tag and nothing to render","Triage delete-or-fill, the same call the 67 components already removed by the T5 task received. Remove page-side, leave the row.",Open,,,Irrelevant,"Header, footer, filter, map components, and the card on the hazard pages showing up as headerless and contentless is a false signal. THey are all showing up as expected.",Not in any work list. These are what makes a page look like it lists components that are not really there.
QA2-287,6,Untitled contentless shell,3,Investigation,https://county_template.devmny.org/the_risk/natural_hazards/extreme_heat,the_risk/natural_hazards/extreme_heat,1544969,(untitled),1544909,Card,v2,AVAIL - Fusion Events V2,,"visible section with no title, no tag and nothing to render","Triage delete-or-fill, the same call the 67 components already removed by the T5 task received. Remove page-side, leave the row.",Open,,,Irrelevant,"Header, footer, filter, map components, and the card on the hazard pages showing up as headerless and contentless is a false signal. THey are all showing up as expected.",Not in any work list. These are what makes a page look like it lists components that are not really there.
QA2-288,6,Untitled contentless shell,3,Investigation,https://county_template.devmny.org/the_risk/natural_hazards/extreme_heat,the_risk/natural_hazards/extreme_heat,1544969,(untitled),1544968,Header: MNY Data,v1,,,"visible section with no title, no tag and nothing to render","Triage delete-or-fill, the same call the 67 components already removed by the T5 task received. Remove page-side, leave the row.",Open,,,Irrelevant,"Header, footer, filter, map components, and the card on the hazard pages showing up as headerless and contentless is a false signal. THey are all showing up as expected.",Not in any work list. These are what makes a page look like it lists components that are not really there.
QA2-289,6,Untitled contentless shell,3,Investigation,https://county_template.devmny.org/the_risk/natural_hazards/extreme_heat,the_risk/natural_hazards/extreme_heat,1544969,(untitled),2243003,Footer: MNY Footer,none,,,"visible section with no title, no tag and nothing to render","Triage delete-or-fill, the same call the 67 components already removed by the T5 task received. Remove page-side, leave the row.",Open,,,Irrelevant,"Header, footer, filter, map components, and the card on the hazard pages showing up as headerless and contentless is a false signal. THey are all showing up as expected.",Not in any work list. These are what makes a page look like it lists components that are not really there.
QA2-290,6,Untitled contentless shell,3,Investigation,https://county_template.devmny.org/the_risk/natural_hazards/flooding,the_risk/natural_hazards/flooding,1450290,(untitled),1682899,Card,v2,AVAIL - Fusion Events V2,,"visible section with no title, no tag and nothing to render","Triage delete-or-fill, the same call the 67 components already removed by the T5 task received. Remove page-side, leave the row.",Open,,,Irrelevant,"Header, footer, filter, map components, and the card on the hazard pages showing up as headerless and contentless is a false signal. THey are all showing up as expected.",Not in any work list. These are what makes a page look like it lists components that are not really there.
QA2-291,6,Untitled contentless shell,3,Investigation,https://county_template.devmny.org/the_risk/natural_hazards/flooding,the_risk/natural_hazards/flooding,1450290,(untitled),1683001,Header: MNY Data,v1,,,"visible section with no title, no tag and nothing to render","Triage delete-or-fill, the same call the 67 components already removed by the T5 task received. Remove page-side, leave the row.",Open,,,Irrelevant,"Header, footer, filter, map components, and the card on the hazard pages showing up as headerless and contentless is a false signal. THey are all showing up as expected.",Not in any work list. These are what makes a page look like it lists components that are not really there.
QA2-292,6,Untitled contentless shell,3,Investigation,https://county_template.devmny.org/the_risk/natural_hazards/flooding,the_risk/natural_hazards/flooding,1450290,(untitled),2240807,Footer: MNY Footer,none,,,"visible section with no title, no tag and nothing to render","Triage delete-or-fill, the same call the 67 components already removed by the T5 task received. Remove page-side, leave the row.",Open,,,Irrelevant,"Header, footer, filter, map components, and the card on the hazard pages showing up as headerless and contentless is a false signal. THey are all showing up as expected.",Not in any work list. These are what makes a page look like it lists components that are not really there.
QA2-293,6,Untitled contentless shell,3,Investigation,https://county_template.devmny.org/the_risk/natural_hazards/hail,the_risk/natural_hazards/hail,1545093,(untitled),1545033,Card,v2,AVAIL - Fusion Events V2,,"visible section with no title, no tag and nothing to render","Triage delete-or-fill, the same call the 67 components already removed by the T5 task received. Remove page-side, leave the row.",Open,,,Irrelevant,"Header, footer, filter, map components, and the card on the hazard pages showing up as headerless and contentless is a false signal. THey are all showing up as expected.",Not in any work list. These are what makes a page look like it lists components that are not really there.
QA2-294,6,Untitled contentless shell,3,Investigation,https://county_template.devmny.org/the_risk/natural_hazards/hail,the_risk/natural_hazards/hail,1545093,(untitled),1545092,Header: MNY Data,v1,,,"visible section with no title, no tag and nothing to render","Triage delete-or-fill, the same call the 67 components already removed by the T5 task received. Remove page-side, leave the row.",Open,,,Irrelevant,"Header, footer, filter, map components, and the card on the hazard pages showing up as headerless and contentless is a false signal. THey are all showing up as expected.",Not in any work list. These are what makes a page look like it lists components that are not really there.
QA2-295,6,Untitled contentless shell,3,Investigation,https://county_template.devmny.org/the_risk/natural_hazards/hail,the_risk/natural_hazards/hail,1545093,(untitled),2241073,Footer: MNY Footer,none,,,"visible section with no title, no tag and nothing to render","Triage delete-or-fill, the same call the 67 components already removed by the T5 task received. Remove page-side, leave the row.",Open,,,Irrelevant,"Header, footer, filter, map components, and the card on the hazard pages showing up as headerless and contentless is a false signal. THey are all showing up as expected.",Not in any work list. These are what makes a page look like it lists components that are not really there.
QA2-296,6,Untitled contentless shell,3,Investigation,https://county_template.devmny.org/the_risk/natural_hazards/hurricane,the_risk/natural_hazards/hurricane,1545403,(untitled),2416262,Card,v2,AVAIL - Fusion Events V2,,"visible section with no title, no tag and nothing to render","Triage delete-or-fill, the same call the 67 components already removed by the T5 task received. Remove page-side, leave the row.",Open,,,Irrelevant,"Header, footer, filter, map components, and the card on the hazard pages showing up as headerless and contentless is a false signal. THey are all showing up as expected.",Not in any work list. These are what makes a page look like it lists components that are not really there.
QA2-297,6,Untitled contentless shell,3,Investigation,https://county_template.devmny.org/the_risk/natural_hazards/hurricane,the_risk/natural_hazards/hurricane,1545403,(untitled),2416263,Card,v2,Hazards_of_Concern,,"visible section with no title, no tag and nothing to render","Triage delete-or-fill, the same call the 67 components already removed by the T5 task received. Remove page-side, leave the row.",Open,,,Irrelevant,"Header, footer, filter, map components, and the card on the hazard pages showing up as headerless and contentless is a false signal. THey are all showing up as expected.",Not in any work list. These are what makes a page look like it lists components that are not really there.
QA2-298,6,Untitled contentless shell,3,Investigation,https://county_template.devmny.org/the_risk/natural_hazards/hurricane,the_risk/natural_hazards/hurricane,1545403,(untitled),2416266,Card,v2,NRI Counties - Hazard Normalized,,"visible section with no title, no tag and nothing to render","Triage delete-or-fill, the same call the 67 components already removed by the T5 task received. Remove page-side, leave the row.",Open,,,Irrelevant,"Header, footer, filter, map components, and the card on the hazard pages showing up as headerless and contentless is a false signal. THey are all showing up as expected.",Not in any work list. These are what makes a page look like it lists components that are not really there.
QA2-299,6,Untitled contentless shell,3,Investigation,https://county_template.devmny.org/the_risk/natural_hazards/hurricane,the_risk/natural_hazards/hurricane,1545403,(untitled),2416265,Card,v2,AVAIL - Fusion Events V2,,"visible section with no title, no tag and nothing to render","Triage delete-or-fill, the same call the 67 components already removed by the T5 task received. Remove page-side, leave the row.",Open,,,Irrelevant,"Header, footer, filter, map components, and the card on the hazard pages showing up as headerless and contentless is a false signal. THey are all showing up as expected.",Not in any work list. These are what makes a page look like it lists components that are not really there.
QA2-300,6,Untitled contentless shell,3,Investigation,https://county_template.devmny.org/the_risk/natural_hazards/hurricane,the_risk/natural_hazards/hurricane,1545403,(untitled),1992629,Header: MNY Data,v1,,,"visible section with no title, no tag and nothing to render","Triage delete-or-fill, the same call the 67 components already removed by the T5 task received. Remove page-side, leave the row.",Open,,,Irrelevant,"Header, footer, filter, map components, and the card on the hazard pages showing up as headerless and contentless is a false signal. THey are all showing up as expected.",Not in any work list. These are what makes a page look like it lists components that are not really there.
QA2-301,6,Untitled contentless shell,3,Investigation,https://county_template.devmny.org/the_risk/natural_hazards/hurricane,the_risk/natural_hazards/hurricane,1545403,(untitled),1992630,Footer: MNY Footer,v1,,,"visible section with no title, no tag and nothing to render","Triage delete-or-fill, the same call the 67 components already removed by the T5 task received. Remove page-side, leave the row.",Open,,,Irrelevant,"Header, footer, filter, map components, and the card on the hazard pages showing up as headerless and contentless is a false signal. THey are all showing up as expected.",Not in any work list. These are what makes a page look like it lists components that are not really there.
QA2-302,6,Untitled contentless shell,3,Investigation,https://county_template.devmny.org/the_risk/natural_hazards/ice_storm,the_risk/natural_hazards/ice_storm,1545527,(untitled),1602160,Card,v2,AVAIL - Fusion Events V2,,"visible section with no title, no tag and nothing to render","Triage delete-or-fill, the same call the 67 components already removed by the T5 task received. Remove page-side, leave the row.",Open,,,Irrelevant,"Header, footer, filter, map components, and the card on the hazard pages showing up as headerless and contentless is a false signal. THey are all showing up as expected.",Not in any work list. These are what makes a page look like it lists components that are not really there.
QA2-303,6,Untitled contentless shell,3,Investigation,https://county_template.devmny.org/the_risk/natural_hazards/ice_storm,the_risk/natural_hazards/ice_storm,1545527,(untitled),1602218,Header: MNY Data,v1,,,"visible section with no title, no tag and nothing to render","Triage delete-or-fill, the same call the 67 components already removed by the T5 task received. Remove page-side, leave the row.",Open,,,Irrelevant,"Header, footer, filter, map components, and the card on the hazard pages showing up as headerless and contentless is a false signal. THey are all showing up as expected.",Not in any work list. These are what makes a page look like it lists components that are not really there.
QA2-304,6,Untitled contentless shell,3,Investigation,https://county_template.devmny.org/the_risk/natural_hazards/ice_storm,the_risk/natural_hazards/ice_storm,1545527,(untitled),1674544,Footer: MNY Footer,v1,,,"visible section with no title, no tag and nothing to render","Triage delete-or-fill, the same call the 67 components already removed by the T5 task received. Remove page-side, leave the row.",Open,,,Irrelevant,"Header, footer, filter, map components, and the card on the hazard pages showing up as headerless and contentless is a false signal. THey are all showing up as expected.",Not in any work list. These are what makes a page look like it lists components that are not really there.
QA2-305,6,Untitled contentless shell,3,Investigation,https://county_template.devmny.org/the_risk/natural_hazards/landslide,the_risk/natural_hazards/landslide,1545651,(untitled),1545591,Card,v2,AVAIL - Fusion Events V2,,"visible section with no title, no tag and nothing to render","Triage delete-or-fill, the same call the 67 components already removed by the T5 task received. Remove page-side, leave the row.",Open,,,Irrelevant,"Header, footer, filter, map components, and the card on the hazard pages showing up as headerless and contentless is a false signal. THey are all showing up as expected.",Not in any work list. These are what makes a page look like it lists components that are not really there.
QA2-306,6,Untitled contentless shell,3,Investigation,https://county_template.devmny.org/the_risk/natural_hazards/landslide,the_risk/natural_hazards/landslide,1545651,(untitled),1545650,Header: MNY Data,v1,,,"visible section with no title, no tag and nothing to render","Triage delete-or-fill, the same call the 67 components already removed by the T5 task received. Remove page-side, leave the row.",Open,,,Irrelevant,"Header, footer, filter, map components, and the card on the hazard pages showing up as headerless and contentless is a false signal. THey are all showing up as expected.",Not in any work list. These are what makes a page look like it lists components that are not really there.
QA2-307,6,Untitled contentless shell,3,Investigation,https://county_template.devmny.org/the_risk/natural_hazards/landslide,the_risk/natural_hazards/landslide,1545651,(untitled),1674608,Footer: MNY Footer,v1,,,"visible section with no title, no tag and nothing to render","Triage delete-or-fill, the same call the 67 components already removed by the T5 task received. Remove page-side, leave the row.",Open,,,Irrelevant,"Header, footer, filter, map components, and the card on the hazard pages showing up as headerless and contentless is a false signal. THey are all showing up as expected.",Not in any work list. These are what makes a page look like it lists components that are not really there.
QA2-308,6,Untitled contentless shell,3,Investigation,https://county_template.devmny.org/the_risk/natural_hazards/lightning,the_risk/natural_hazards/lightning,1545775,(untitled),1545715,Card,v2,AVAIL - Fusion Events V2,,"visible section with no title, no tag and nothing to render","Triage delete-or-fill, the same call the 67 components already removed by the T5 task received. Remove page-side, leave the row.",Open,,,Irrelevant,"Header, footer, filter, map components, and the card on the hazard pages showing up as headerless and contentless is a false signal. THey are all showing up as expected.",Not in any work list. These are what makes a page look like it lists components that are not really there.
QA2-309,6,Untitled contentless shell,3,Investigation,https://county_template.devmny.org/the_risk/natural_hazards/lightning,the_risk/natural_hazards/lightning,1545775,(untitled),1545774,Header: MNY Data,v1,,,"visible section with no title, no tag and nothing to render","Triage delete-or-fill, the same call the 67 components already removed by the T5 task received. Remove page-side, leave the row.",Open,,,Irrelevant,"Header, footer, filter, map components, and the card on the hazard pages showing up as headerless and contentless is a false signal. THey are all showing up as expected.",Not in any work list. These are what makes a page look like it lists components that are not really there.
QA2-310,6,Untitled contentless shell,3,Investigation,https://county_template.devmny.org/the_risk/natural_hazards/lightning,the_risk/natural_hazards/lightning,1545775,(untitled),1674895,Footer: MNY Footer,v1,,,"visible section with no title, no tag and nothing to render","Triage delete-or-fill, the same call the 67 components already removed by the T5 task received. Remove page-side, leave the row.",Open,,,Irrelevant,"Header, footer, filter, map components, and the card on the hazard pages showing up as headerless and contentless is a false signal. THey are all showing up as expected.",Not in any work list. These are what makes a page look like it lists components that are not really there.
QA2-311,6,Untitled contentless shell,3,Investigation,https://county_template.devmny.org/the_risk/natural_hazards/snowstorm,the_risk/natural_hazards/snowstorm,1546774,(untitled),1548810,Card,v2,AVAIL - Fusion Events V2,,"visible section with no title, no tag and nothing to render","Triage delete-or-fill, the same call the 67 components already removed by the T5 task received. Remove page-side, leave the row.",Open,,,Irrelevant,"Header, footer, filter, map components, and the card on the hazard pages showing up as headerless and contentless is a false signal. THey are all showing up as expected.",Not in any work list. These are what makes a page look like it lists components that are not really there.
QA2-312,6,Untitled contentless shell,3,Investigation,https://county_template.devmny.org/the_risk/natural_hazards/snowstorm,the_risk/natural_hazards/snowstorm,1546774,(untitled),1548747,Header: MNY Data,v1,,,"visible section with no title, no tag and nothing to render","Triage delete-or-fill, the same call the 67 components already removed by the T5 task received. Remove page-side, leave the row.",Open,,,Irrelevant,"Header, footer, filter, map components, and the card on the hazard pages showing up as headerless and contentless is a false signal. THey are all showing up as expected.",Not in any work list. These are what makes a page look like it lists components that are not really there.
QA2-313,6,Untitled contentless shell,3,Investigation,https://county_template.devmny.org/the_risk/natural_hazards/snowstorm,the_risk/natural_hazards/snowstorm,1546774,(untitled),1675011,Footer: MNY Footer,v1,,,"visible section with no title, no tag and nothing to render","Triage delete-or-fill, the same call the 67 components already removed by the T5 task received. Remove page-side, leave the row.",Open,,,Irrelevant,"Header, footer, filter, map components, and the card on the hazard pages showing up as headerless and contentless is a false signal. THey are all showing up as expected.",Not in any work list. These are what makes a page look like it lists components that are not really there.
QA2-314,6,Untitled contentless shell,3,Investigation,https://county_template.devmny.org/the_risk/natural_hazards/tornado,the_risk/natural_hazards/tornado,1545899,(untitled),1545839,Card,v2,AVAIL - Fusion Events V2,,"visible section with no title, no tag and nothing to render","Triage delete-or-fill, the same call the 67 components already removed by the T5 task received. Remove page-side, leave the row.",Open,,,Irrelevant,"Header, footer, filter, map components, and the card on the hazard pages showing up as headerless and contentless is a false signal. THey are all showing up as expected.",Not in any work list. These are what makes a page look like it lists components that are not really there.
QA2-315,6,Untitled contentless shell,3,Investigation,https://county_template.devmny.org/the_risk/natural_hazards/tornado,the_risk/natural_hazards/tornado,1545899,(untitled),1545898,Header: MNY Data,v1,,,"visible section with no title, no tag and nothing to render","Triage delete-or-fill, the same call the 67 components already removed by the T5 task received. Remove page-side, leave the row.",Open,,,Irrelevant,"Header, footer, filter, map components, and the card on the hazard pages showing up as headerless and contentless is a false signal. THey are all showing up as expected.",Not in any work list. These are what makes a page look like it lists components that are not really there.
QA2-316,6,Untitled contentless shell,3,Investigation,https://county_template.devmny.org/the_risk/natural_hazards/tornado,the_risk/natural_hazards/tornado,1545899,(untitled),2242519,Footer: MNY Footer,none,,,"visible section with no title, no tag and nothing to render","Triage delete-or-fill, the same call the 67 components already removed by the T5 task received. Remove page-side, leave the row.",Open,,,Irrelevant,"Header, footer, filter, map components, and the card on the hazard pages showing up as headerless and contentless is a false signal. THey are all showing up as expected.",Not in any work list. These are what makes a page look like it lists components that are not really there.
QA2-317,6,Untitled contentless shell,3,Investigation,https://county_template.devmny.org/the_risk/natural_hazards/wildfire,the_risk/natural_hazards/wildfire,1546087,(untitled),1546027,Card,v2,AVAIL - Fusion Events V2,,"visible section with no title, no tag and nothing to render","Triage delete-or-fill, the same call the 67 components already removed by the T5 task received. Remove page-side, leave the row.",Open,,,Irrelevant,"Header, footer, filter, map components, and the card on the hazard pages showing up as headerless and contentless is a false signal. THey are all showing up as expected.",Not in any work list. These are what makes a page look like it lists components that are not really there.
QA2-318,6,Untitled contentless shell,3,Investigation,https://county_template.devmny.org/the_risk/natural_hazards/wildfire,the_risk/natural_hazards/wildfire,1546087,(untitled),1546086,Header: MNY Data,v1,,,"visible section with no title, no tag and nothing to render","Triage delete-or-fill, the same call the 67 components already removed by the T5 task received. Remove page-side, leave the row.",Open,,,Irrelevant,"Header, footer, filter, map components, and the card on the hazard pages showing up as headerless and contentless is a false signal. THey are all showing up as expected.",Not in any work list. These are what makes a page look like it lists components that are not really there.
QA2-319,6,Untitled contentless shell,3,Investigation,https://county_template.devmny.org/the_risk/natural_hazards/wildfire,the_risk/natural_hazards/wildfire,1546087,(untitled),1675298,Footer: MNY Footer,v1,,,"visible section with no title, no tag and nothing to render","Triage delete-or-fill, the same call the 67 components already removed by the T5 task received. Remove page-side, leave the row.",Open,,,Irrelevant,"Header, footer, filter, map components, and the card on the hazard pages showing up as headerless and contentless is a false signal. THey are all showing up as expected.",Not in any work list. These are what makes a page look like it lists components that are not really there.
QA2-320,6,Untitled contentless shell,3,Investigation,https://county_template.devmny.org/the_risk/natural_hazards/wind,the_risk/natural_hazards/wind,1546213,(untitled),2416268,Card,v2,AVAIL - Fusion Events V2,,"visible section with no title, no tag and nothing to render","Triage delete-or-fill, the same call the 67 components already removed by the T5 task received. Remove page-side, leave the row.",Open,,,Irrelevant,"Header, footer, filter, map components, and the card on the hazard pages showing up as headerless and contentless is a false signal. THey are all showing up as expected.",Not in any work list. These are what makes a page look like it lists components that are not really there.
QA2-321,6,Untitled contentless shell,3,Investigation,https://county_template.devmny.org/the_risk/natural_hazards/wind,the_risk/natural_hazards/wind,1546213,(untitled),2416269,Card,v2,NRI Counties - Hazard Normalized,,"visible section with no title, no tag and nothing to render","Triage delete-or-fill, the same call the 67 components already removed by the T5 task received. Remove page-side, leave the row.",Open,,,Irrelevant,"Header, footer, filter, map components, and the card on the hazard pages showing up as headerless and contentless is a false signal. THey are all showing up as expected.",Not in any work list. These are what makes a page look like it lists components that are not really there.
QA2-322,6,Untitled contentless shell,3,Investigation,https://county_template.devmny.org/the_risk/natural_hazards/wind,the_risk/natural_hazards/wind,1546213,(untitled),2416270,Card,v2,AVAIL - Fusion Events V2,,"visible section with no title, no tag and nothing to render","Triage delete-or-fill, the same call the 67 components already removed by the T5 task received. Remove page-side, leave the row.",Open,,,Irrelevant,"Header, footer, filter, map components, and the card on the hazard pages showing up as headerless and contentless is a false signal. THey are all showing up as expected.",Not in any work list. These are what makes a page look like it lists components that are not really there.
QA2-323,6,Untitled contentless shell,3,Investigation,https://county_template.devmny.org/the_risk/natural_hazards/wind,the_risk/natural_hazards/wind,1546213,(untitled),1546212,Header: MNY Data,v1,,,"visible section with no title, no tag and nothing to render","Triage delete-or-fill, the same call the 67 components already removed by the T5 task received. Remove page-side, leave the row.",Open,,,Irrelevant,"Header, footer, filter, map components, and the card on the hazard pages showing up as headerless and contentless is a false signal. THey are all showing up as expected.",Not in any work list. These are what makes a page look like it lists components that are not really there.
QA2-324,6,Untitled contentless shell,3,Investigation,https://county_template.devmny.org/the_risk/natural_hazards/wind,the_risk/natural_hazards/wind,1546213,(untitled),1673736,Footer: MNY Footer,v1,,,"visible section with no title, no tag and nothing to render","Triage delete-or-fill, the same call the 67 components already removed by the T5 task received. Remove page-side, leave the row.",Open,,,Irrelevant,"Header, footer, filter, map components, and the card on the hazard pages showing up as headerless and contentless is a false signal. THey are all showing up as expected.",Not in any work list. These are what makes a page look like it lists components that are not really there.
QA2-325,7,SHMP narrative not permission locked,2,Component setting,https://county_template.devmny.org/the_local_environment/built_environment,the_local_environment/built_environment,1300809,(untitled),2011170,Card,v2,LHMP_IA,,authPermissions absent - any editor can change this SHMP narrative,"Section Settings > Permissions: {""users"":{},""groups"":{""LHMP Template Editor"":[""*""]}} - the value the other 377 LHMP_IA sections carry.",Open,,,Relevent,,
QA2-326,7,SHMP narrative not permission locked,2,Component setting,https://county_template.devmny.org/the_local_environment/natural_environment,the_local_environment/natural_environment,1300819,(untitled),1703871,Card,v2,LHMP_IA,B2-a,authPermissions absent - any editor can change this SHMP narrative,"Section Settings > Permissions: {""users"":{},""groups"":{""LHMP Template Editor"":[""*""]}} - the value the other 377 LHMP_IA sections carry.",Open,,,Relevent,,
QA2-327,7,SHMP narrative not permission locked,2,Component setting,https://county_template.devmny.org/the_risk/natural_hazards/avalanche,the_risk/natural_hazards/avalanche,1544721,Overview,2416267,Card,v2,LHMP_IA,B1-a,authPermissions absent - any editor can change this SHMP narrative,"Section Settings > Permissions: {""users"":{},""groups"":{""LHMP Template Editor"":[""*""]}} - the value the other 377 LHMP_IA sections carry.",Open,,,Relevent,,
QA2-328,7,SHMP narrative not permission locked,2,Component setting,https://county_template.devmny.org/the_risk/natural_hazards/flooding,the_risk/natural_hazards/flooding,1450290,(untitled),1682909,Card,v2,LHMP_IA,B1-c,authPermissions absent - any editor can change this SHMP narrative,"Section Settings > Permissions: {""users"":{},""groups"":{""LHMP Template Editor"":[""*""]}} - the value the other 377 LHMP_IA sections carry.",Open,,,Relevent,,
QA2-329,7,SHMP narrative not permission locked,2,Component setting,https://county_template.devmny.org/the_risk/natural_hazards/flooding,the_risk/natural_hazards/flooding,1450290,(untitled),1682918,Card,v2,LHMP_IA,B1-d,authPermissions absent - any editor can change this SHMP narrative,"Section Settings > Permissions: {""users"":{},""groups"":{""LHMP Template Editor"":[""*""]}} - the value the other 377 LHMP_IA sections carry.",Open,,,Relevent,,
QA2-330,7,SHMP narrative not permission locked,2,Component setting,https://county_template.devmny.org/the_risk/natural_hazards/flooding,the_risk/natural_hazards/flooding,1450290,(untitled),1682929,Card,v2,LHMP_IA,B1-d,authPermissions absent - any editor can change this SHMP narrative,"Section Settings > Permissions: {""users"":{},""groups"":{""LHMP Template Editor"":[""*""]}} - the value the other 377 LHMP_IA sections carry.",Open,,,Relevent,,
QA2-331,7,SHMP narrative not permission locked,2,Component setting,https://county_template.devmny.org/the_risk/natural_hazards/flooding,the_risk/natural_hazards/flooding,1450290,(untitled),1682947,Card,v2,LHMP_IA,B1-d,authPermissions absent - any editor can change this SHMP narrative,"Section Settings > Permissions: {""users"":{},""groups"":{""LHMP Template Editor"":[""*""]}} - the value the other 377 LHMP_IA sections carry.",Open,,,Relevent,,
QA2-332,7,SHMP narrative not permission locked,2,Component setting,https://county_template.devmny.org/the_risk/natural_hazards/hurricane,the_risk/natural_hazards/hurricane,1545403,Overview,1992558,Card,v2,LHMP_IA,B1-a,authPermissions absent - any editor can change this SHMP narrative,"Section Settings > Permissions: {""users"":{},""groups"":{""LHMP Template Editor"":[""*""]}} - the value the other 377 LHMP_IA sections carry.",Open,,,Relevent,,
QA2-333,7,SHMP narrative not permission locked,2,Component setting,https://county_template.devmny.org/the_risk/natural_hazards/hurricane,the_risk/natural_hazards/hurricane,1545403,(untitled),1992564,Card,v2,LHMP_IA,B1-c,authPermissions absent - any editor can change this SHMP narrative,"Section Settings > Permissions: {""users"":{},""groups"":{""LHMP Template Editor"":[""*""]}} - the value the other 377 LHMP_IA sections carry.",Open,,,Relevent,,
QA2-334,7,SHMP narrative not permission locked,2,Component setting,https://county_template.devmny.org/the_risk/natural_hazards/hurricane,the_risk/natural_hazards/hurricane,1545403,(untitled),1992576,Card,v2,LHMP_IA,B1-d,authPermissions absent - any editor can change this SHMP narrative,"Section Settings > Permissions: {""users"":{},""groups"":{""LHMP Template Editor"":[""*""]}} - the value the other 377 LHMP_IA sections carry.",Open,,,Relevent,,
QA2-335,7,SHMP narrative not permission locked,2,Component setting,https://county_template.devmny.org/the_risk/natural_hazards/ice_storm,the_risk/natural_hazards/ice_storm,1545527,(untitled),1602164,Card,v2,LHMP_IA,B1-c,authPermissions absent - any editor can change this SHMP narrative,"Section Settings > Permissions: {""users"":{},""groups"":{""LHMP Template Editor"":[""*""]}} - the value the other 377 LHMP_IA sections carry.",Open,,,Relevent,,
QA2-336,7,SHMP narrative not permission locked,2,Component setting,https://county_template.devmny.org/the_risk/natural_hazards/ice_storm,the_risk/natural_hazards/ice_storm,1545527,(untitled),1602167,Card,v2,LHMP_IA,"B2-a,B2-b",authPermissions absent - any editor can change this SHMP narrative,"Section Settings > Permissions: {""users"":{},""groups"":{""LHMP Template Editor"":[""*""]}} - the value the other 377 LHMP_IA sections carry.",Open,,,Relevent,,
QA2-337,7,SHMP narrative not permission locked,2,Component setting,https://county_template.devmny.org/the_risk/natural_hazards/ice_storm,the_risk/natural_hazards/ice_storm,1545527,(untitled),1602171,Card,v2,LHMP_IA,B1-d,authPermissions absent - any editor can change this SHMP narrative,"Section Settings > Permissions: {""users"":{},""groups"":{""LHMP Template Editor"":[""*""]}} - the value the other 377 LHMP_IA sections carry.",Open,,,Relevent,,
QA2-338,7,SHMP narrative not permission locked,2,Component setting,https://county_template.devmny.org/the_risk/natural_hazards/landslide,the_risk/natural_hazards/landslide,1545651,(untitled),1545595,Card,v2,LHMP_IA,B1-c,authPermissions absent - any editor can change this SHMP narrative,"Section Settings > Permissions: {""users"":{},""groups"":{""LHMP Template Editor"":[""*""]}} - the value the other 377 LHMP_IA sections carry.",Open,,,Relevent,,
QA2-339,7,SHMP narrative not permission locked,2,Component setting,https://county_template.devmny.org/the_risk/natural_hazards/lightning,the_risk/natural_hazards/lightning,1545775,(untitled),1545719,Card,v2,LHMP_IA,B1-c,authPermissions absent - any editor can change this SHMP narrative,"Section Settings > Permissions: {""users"":{},""groups"":{""LHMP Template Editor"":[""*""]}} - the value the other 377 LHMP_IA sections carry.",Open,,,Relevent,,
QA2-340,7,SHMP narrative not permission locked,2,Component setting,https://county_template.devmny.org/the_risk/natural_hazards/lightning,the_risk/natural_hazards/lightning,1545775,Historic Occurrences,1545725,Card,v2,LHMP_IA,B1-d,authPermissions absent - any editor can change this SHMP narrative,"Section Settings > Permissions: {""users"":{},""groups"":{""LHMP Template Editor"":[""*""]}} - the value the other 377 LHMP_IA sections carry.",Open,,,Relevent,,
QA2-341,7,SHMP narrative not permission locked,2,Component setting,https://county_template.devmny.org/the_risk/natural_hazards/snowstorm,the_risk/natural_hazards/snowstorm,1546774,(untitled),1548814,Card,v2,LHMP_IA,B1-c,authPermissions absent - any editor can change this SHMP narrative,"Section Settings > Permissions: {""users"":{},""groups"":{""LHMP Template Editor"":[""*""]}} - the value the other 377 LHMP_IA sections carry.",Open,,,Relevent,,
QA2-342,7,SHMP narrative not permission locked,2,Component setting,https://county_template.devmny.org/the_risk/natural_hazards/tornado,the_risk/natural_hazards/tornado,1545899,(untitled),1545843,Card,v2,LHMP_IA,B1-c,authPermissions absent - any editor can change this SHMP narrative,"Section Settings > Permissions: {""users"":{},""groups"":{""LHMP Template Editor"":[""*""]}} - the value the other 377 LHMP_IA sections carry.",Open,,,Relevent,,
QA2-343,7,SHMP narrative not permission locked,2,Component setting,https://county_template.devmny.org/the_risk/natural_hazards/wildfire,the_risk/natural_hazards/wildfire,1546087,(untitled),1546031,Card,v2,LHMP_IA,B1-c,authPermissions absent - any editor can change this SHMP narrative,"Section Settings > Permissions: {""users"":{},""groups"":{""LHMP Template Editor"":[""*""]}} - the value the other 377 LHMP_IA sections carry.",Open,,,Relevent,,
QA2-344,7,SHMP narrative not permission locked,2,Component setting,https://county_template.devmny.org/the_risk/natural_hazards/wind,the_risk/natural_hazards/wind,1546213,(untitled),1546157,Card,v2,LHMP_IA,B1-c,authPermissions absent - any editor can change this SHMP narrative,"Section Settings > Permissions: {""users"":{},""groups"":{""LHMP Template Editor"":[""*""]}} - the value the other 377 LHMP_IA sections carry.",Open,,,Relevent,,
QA2-345,7,SHMP narrative not permission locked,2,Component setting,https://county_template.devmny.org/the_risk/natural_hazards/wind,the_risk/natural_hazards/wind,1546213,(untitled),1546169,Card,v2,LHMP_IA,B1-d,authPermissions absent - any editor can change this SHMP narrative,"Section Settings > Permissions: {""users"":{},""groups"":{""LHMP Template Editor"":[""*""]}} - the value the other 377 LHMP_IA sections carry.",Open,,,Relevent,,
QA2-346,8,Unscoped collection on a per-subject page,3,Component setting,https://county_template.devmny.org/the_risk/natural_hazards/ice_storm,the_risk/natural_hazards/ice_storm,1545527,Measures Inventory,1602206,Spreadsheet,v1,Mitigation_Measures,C4-a,no filter block on a page that is about one subject - renders every subject's rows,"Add a filter leaf scoping the section to the page subject, matching the sibling sections on the same page.",Open,,,Irrelevant,"The filters were filtering the component down to by the hazard Ice Storm. Worth noting that the QA sweep should have picked up the ""deprecated"" label on a column being used.",
QA2-347,8,Unscoped collection on a per-subject page,3,Component setting,https://county_template.devmny.org/the_risk/natural_hazards/tornado,the_risk/natural_hazards/tornado,1545899,Total Events and Losses in $: Declared Disasters and Non-Declared Events,1545851,Card,v1,LHMP_IA,,no filter block on a page that is about one subject - renders every subject's rows,"Add a filter leaf scoping the section to the page subject, matching the sibling sections on the same page.",Open,,,Irrelevant,Component is filtering correctly and displaying the anticipated content correctly.,
QA2-348,9,Bound to a source that does not resolve,2,Investigation,https://county_template.devmny.org/the_local_environment/built_environment,the_local_environment/built_environment,1300809,County Building Stock,2011173,Card,v1,AVAIL BILD V3.1,B2-a,"source id 1117 has no resolvable row, so no snapshot or column check can be run against it","Identify the source (most are probably DaMa-side, outside this app's tables) so these components can be assessed at all.",Open,,,Irrelevant,"disregard for now, we will review this in a separate udpate",Not evidence of a defect - evidence that this report cannot see them.
QA2-349,9,Bound to a source that does not resolve,2,Investigation,https://county_template.devmny.org/the_local_environment/built_environment,the_local_environment/built_environment,1300809,Critical Buildings,2011177,Spreadsheet,v1,BILD 2026 Simplified Draft V1,B2-a,"source id 1651 has no resolvable row, so no snapshot or column check can be run against it","Identify the source (most are probably DaMa-side, outside this app's tables) so these components can be assessed at all.",Open,,,Irrelevant,"disregard for now, we will review this in a separate udpate",Not evidence of a defect - evidence that this report cannot see them.
QA2-350,9,Bound to a source that does not resolve,2,Investigation,https://county_template.devmny.org/the_local_environment/built_environment,the_local_environment/built_environment,1300809,Buildings By Landuse Summary,2011197,Spreadsheet,v1,BILD 2026 Simplified Draft V1,B2-a,"source id 1651 has no resolvable row, so no snapshot or column check can be run against it","Identify the source (most are probably DaMa-side, outside this app's tables) so these components can be assessed at all.",Open,,,Irrelevant,"disregard for now, we will review this in a separate udpate",Not evidence of a defect - evidence that this report cannot see them.
QA2-351,9,Bound to a source that does not resolve,2,Investigation,https://county_template.devmny.org/the_local_environment/built_environment,the_local_environment/built_environment,1300809,Buildings in The Floodplain by Jurisdiction,2011198,Spreadsheet,v1,BILD 2026 Simplified Draft V1,B2-a,"source id 1651 has no resolvable row, so no snapshot or column check can be run against it","Identify the source (most are probably DaMa-side, outside this app's tables) so these components can be assessed at all.",Open,,,Irrelevant,"disregard for now, we will review this in a separate udpate",Not evidence of a defect - evidence that this report cannot see them.
QA2-352,9,Bound to a source that does not resolve,2,Investigation,https://county_template.devmny.org/the_local_environment/built_environment,the_local_environment/built_environment,1300809,Historic Buildings,2011202,Spreadsheet,v2,BILD 2026 Simplified Draft V1,B2-a,"source id 1651 has no resolvable row, so no snapshot or column check can be run against it","Identify the source (most are probably DaMa-side, outside this app's tables) so these components can be assessed at all.",Open,,,Irrelevant,"disregard for now, we will review this in a separate udpate",Not evidence of a defect - evidence that this report cannot see them.
QA2-353,9,Bound to a source that does not resolve,2,Investigation,https://county_template.devmny.org/the_local_environment/built_environment,the_local_environment/built_environment,1300809,NFIP Table,2011214,Spreadsheet,v1,NFIP Claims Enhanced (V2),"B2-c,C2-a","source id 831 has no resolvable row, so no snapshot or column check can be run against it","Identify the source (most are probably DaMa-side, outside this app's tables) so these components can be assessed at all.",Open,,,Irrelevant,"disregard for now, we will review this in a separate udpate",Not evidence of a defect - evidence that this report cannot see them.
QA2-354,9,Bound to a source that does not resolve,2,Investigation,https://county_template.devmny.org/the_local_environment/natural_environment,the_local_environment/natural_environment,1300819,Open Space Parcel Statistics,1703874,Spreadsheet,v1,NYS Tax Parcels Map,B2-a,"source id 423 has no resolvable row, so no snapshot or column check can be run against it","Identify the source (most are probably DaMa-side, outside this app's tables) so these components can be assessed at all.",Open,,,Irrelevant,"disregard for now, we will review this in a separate udpate",Not evidence of a defect - evidence that this report cannot see them.
QA2-355,9,Bound to a source that does not resolve,2,Investigation,https://county_template.devmny.org/the_plan/jurisdictional_annexes/select_jurisdiction,the_plan/jurisdictional_annexes/select_jurisdiction,1348541,BUILDINGS BY LANDUSE,1716681,Spreadsheet,v1,BILD 2026 Simplified Draft V1,H2,"source id 1651 has no resolvable row, so no snapshot or column check can be run against it","Identify the source (most are probably DaMa-side, outside this app's tables) so these components can be assessed at all.",Open,,,Irrelevant,"disregard for now, we will review this in a separate udpate",Not evidence of a defect - evidence that this report cannot see them.
QA2-356,9,Bound to a source that does not resolve,2,Investigation,https://county_template.devmny.org/the_plan/jurisdictional_annexes/select_jurisdiction,the_plan/jurisdictional_annexes/select_jurisdiction,1348541,Critical Buildings,1716686,Spreadsheet,v1,BILD 2026 Simplified Draft V1,H2,"source id 1651 has no resolvable row, so no snapshot or column check can be run against it","Identify the source (most are probably DaMa-side, outside this app's tables) so these components can be assessed at all.",Open,,,Irrelevant,"disregard for now, we will review this in a separate udpate",Not evidence of a defect - evidence that this report cannot see them.
QA2-357,9,Bound to a source that does not resolve,2,Investigation,https://county_template.devmny.org/the_plan/jurisdictional_annexes/select_jurisdiction,the_plan/jurisdictional_annexes/select_jurisdiction,1348541,NFIP Loss,1682239,Card,v1,nfip claims enhance (incl jurisdiction geoms) v1.1,C2-a,"source id 1558 has no resolvable row, so no snapshot or column check can be run against it","Identify the source (most are probably DaMa-side, outside this app's tables) so these components can be assessed at all.",Open,,,Irrelevant,"disregard for now, we will review this in a separate udpate",Not evidence of a defect - evidence that this report cannot see them.
QA2-358,9,Bound to a source that does not resolve,2,Investigation,https://county_template.devmny.org/the_plan/jurisdictional_annexes/select_jurisdiction,the_plan/jurisdictional_annexes/select_jurisdiction,1348541,Buildings in The Floodplain,1920837,Spreadsheet,v1,BILD 2026 Simplified Draft V1,,"source id 1651 has no resolvable row, so no snapshot or column check can be run against it","Identify the source (most are probably DaMa-side, outside this app's tables) so these components can be assessed at all.",Open,,,Irrelevant,"disregard for now, we will review this in a separate udpate",Not evidence of a defect - evidence that this report cannot see them.
QA2-359,9,Bound to a source that does not resolve,2,Investigation,https://county_template.devmny.org/the_plan/jurisdictional_annexes/select_jurisdiction,the_plan/jurisdictional_annexes/select_jurisdiction,1348541,Critical Buildings in The Floodplain,1920935,Spreadsheet,v1,BILD 2026 Simplified Draft V1,,"source id 1651 has no resolvable row, so no snapshot or column check can be run against it","Identify the source (most are probably DaMa-side, outside this app's tables) so these components can be assessed at all.",Open,,,Irrelevant,"disregard for now, we will review this in a separate udpate",Not evidence of a defect - evidence that this report cannot see them.
QA2-360,9,Bound to a source that does not resolve,2,Investigation,https://county_template.devmny.org/the_risk/disasters/disaster_template,the_risk/disasters/disaster_template,1421118,(untitled),2249218,Filter,v2,AVAIL - Fusion Events V2,,"source id 870 has no resolvable row, so no snapshot or column check can be run against it","Identify the source (most are probably DaMa-side, outside this app's tables) so these components can be assessed at all.",Open,,,Irrelevant,"disregard for now, we will review this in a separate udpate",Not evidence of a defect - evidence that this report cannot see them.
QA2-361,9,Bound to a source that does not resolve,2,Investigation,https://county_template.devmny.org/the_risk/disasters/disaster_template,the_risk/disasters/disaster_template,1421118,(untitled),2249214,Card,v2,AVAIL - Fusion Events V2,B1-d,"source id 870 has no resolvable row, so no snapshot or column check can be run against it","Identify the source (most are probably DaMa-side, outside this app's tables) so these components can be assessed at all.",Open,,,Irrelevant,"disregard for now, we will review this in a separate udpate",Not evidence of a defect - evidence that this report cannot see them.
QA2-362,9,Bound to a source that does not resolve,2,Investigation,https://county_template.devmny.org/the_risk/disasters/disaster_template,the_risk/disasters/disaster_template,1421118,Total Loss by Program,2249216,Card,v2,Disaster Loss Summary (V2),B1-d,"source id 858 has no resolvable row, so no snapshot or column check can be run against it","Identify the source (most are probably DaMa-side, outside this app's tables) so these components can be assessed at all.",Open,,,Irrelevant,"disregard for now, we will review this in a separate udpate",Not evidence of a defect - evidence that this report cannot see them.
QA2-363,9,Bound to a source that does not resolve,2,Investigation,https://county_template.devmny.org/the_risk/disasters/disaster_template,the_risk/disasters/disaster_template,1421118,PUBLIC ASSISTANCE (PA) for the County,1421131,Spreadsheet,v1,PA Funded Projects Enhanced,B1-d,"source id 372 has no resolvable row, so no snapshot or column check can be run against it","Identify the source (most are probably DaMa-side, outside this app's tables) so these components can be assessed at all.",Open,,,Irrelevant,"disregard for now, we will review this in a separate udpate",Not evidence of a defect - evidence that this report cannot see them.
QA2-364,9,Bound to a source that does not resolve,2,Investigation,https://county_template.devmny.org/the_risk/disasters/disaster_template,the_risk/disasters/disaster_template,1421118,Individual Assistance (IA) - County Damage Values,1421133,Spreadsheet,v1,IHP Enhanced,B1-d,"source id 854 has no resolvable row, so no snapshot or column check can be run against it","Identify the source (most are probably DaMa-side, outside this app's tables) so these components can be assessed at all.",Open,,,Irrelevant,"disregard for now, we will review this in a separate udpate",Not evidence of a defect - evidence that this report cannot see them.
QA2-365,9,Bound to a source that does not resolve,2,Investigation,https://county_template.devmny.org/the_risk/disasters/disaster_template,the_risk/disasters/disaster_template,1421118,IA - Approved Assistance Amounts in the County,1421135,Spreadsheet,v1,IHP Enhanced,B1-d,"source id 854 has no resolvable row, so no snapshot or column check can be run against it","Identify the source (most are probably DaMa-side, outside this app's tables) so these components can be assessed at all.",Open,,,Irrelevant,"disregard for now, we will review this in a separate udpate",Not evidence of a defect - evidence that this report cannot see them.
QA2-366,9,Bound to a source that does not resolve,2,Investigation,https://county_template.devmny.org/the_risk/disasters/disaster_template,the_risk/disasters/disaster_template,1421118,Small Business Administration (SBA) Disaster Loan Program - County Losses,1421137,Spreadsheet,v1,Small Business Administration (SBA) - Disaster Loan Data,B1-d,"source id 88 has no resolvable row, so no snapshot or column check can be run against it","Identify the source (most are probably DaMa-side, outside this app's tables) so these components can be assessed at all.",Open,,,Irrelevant,"disregard for now, we will review this in a separate udpate",Not evidence of a defect - evidence that this report cannot see them.
QA2-367,9,Bound to a source that does not resolve,2,Investigation,https://county_template.devmny.org/the_risk/disasters/disaster_template,the_risk/disasters/disaster_template,1421118,NATIONAL FLOOD INSURANCE PROGRAM (NFIP) - County Claims,1421139,Spreadsheet,v1,NFIP Claims Enhanced (V2),B1-d,"source id 831 has no resolvable row, so no snapshot or column check can be run against it","Identify the source (most are probably DaMa-side, outside this app's tables) so these components can be assessed at all.",Open,,,Irrelevant,"disregard for now, we will review this in a separate udpate",Not evidence of a defect - evidence that this report cannot see them.
QA2-368,9,Bound to a source that does not resolve,2,Investigation,https://county_template.devmny.org/the_risk/disasters/disaster_template,the_risk/disasters/disaster_template,1421118,United States Department of Agriculture Crop Loss in the County,1421141,Spreadsheet,v1,USDA Crop Loss Enhanced,B1-d,"source id 342 has no resolvable row, so no snapshot or column check can be run against it","Identify the source (most are probably DaMa-side, outside this app's tables) so these components can be assessed at all.",Open,,,Irrelevant,"disregard for now, we will review this in a separate udpate",Not evidence of a defect - evidence that this report cannot see them.
QA2-369,9,Bound to a source that does not resolve,2,Investigation,https://county_template.devmny.org/the_risk/natural_hazards,the_risk/natural_hazards,1300806,Total Expected Annual Loss by Hazard Category,2413414,Graph,v1,FEMA - National Risk Index (NRI) Counties,B2-b,"source id 159 has no resolvable row, so no snapshot or column check can be run against it","Identify the source (most are probably DaMa-side, outside this app's tables) so these components can be assessed at all.",Open,,,Irrelevant,"disregard for now, we will review this in a separate udpate",Not evidence of a defect - evidence that this report cannot see them.
QA2-370,9,Bound to a source that does not resolve,2,Investigation,https://county_template.devmny.org/the_risk/natural_hazards,the_risk/natural_hazards,1300806,(untitled),2413418,Graph,v2,AVAIL - Fusion Events V2,B1-d,"source id 870 has no resolvable row, so no snapshot or column check can be run against it","Identify the source (most are probably DaMa-side, outside this app's tables) so these components can be assessed at all.",Open,,,Irrelevant,"disregard for now, we will review this in a separate udpate",Not evidence of a defect - evidence that this report cannot see them.
QA2-371,9,Bound to a source that does not resolve,2,Investigation,https://county_template.devmny.org/the_risk/natural_hazards,the_risk/natural_hazards,1300806,(untitled),2413419,Card,v1,AVAIL - Fusion Events V2,B1-d,"source id 870 has no resolvable row, so no snapshot or column check can be run against it","Identify the source (most are probably DaMa-side, outside this app's tables) so these components can be assessed at all.",Open,,,Irrelevant,"disregard for now, we will review this in a separate udpate",Not evidence of a defect - evidence that this report cannot see them.
QA2-372,9,Bound to a source that does not resolve,2,Investigation,https://county_template.devmny.org/the_risk/natural_hazards,the_risk/natural_hazards,1300806,(untitled),2413422,Spreadsheet,v2,AVAIL - Fusion Events V2,B1-d,"source id 870 has no resolvable row, so no snapshot or column check can be run against it","Identify the source (most are probably DaMa-side, outside this app's tables) so these components can be assessed at all.",Open,,,Irrelevant,"disregard for now, we will review this in a separate udpate",Not evidence of a defect - evidence that this report cannot see them.
QA2-373,9,Bound to a source that does not resolve,2,Investigation,https://county_template.devmny.org/the_risk/natural_hazards,the_risk/natural_hazards,1300806,(untitled),2413424,Spreadsheet,v2,AVAIL - NCEI Storm Events Enhanced,B1-d,"source id 198 has no resolvable row, so no snapshot or column check can be run against it","Identify the source (most are probably DaMa-side, outside this app's tables) so these components can be assessed at all.",Open,,,Irrelevant,"disregard for now, we will review this in a separate udpate",Not evidence of a defect - evidence that this report cannot see them.
QA2-374,9,Bound to a source that does not resolve,2,Investigation,https://county_template.devmny.org/the_risk/natural_hazards,the_risk/natural_hazards,1300806,Loss by Hazard Category,2413425,Spreadsheet,v2,AVAIL - Fusion Events V2,B1-d,"source id 870 has no resolvable row, so no snapshot or column check can be run against it","Identify the source (most are probably DaMa-side, outside this app's tables) so these components can be assessed at all.",Open,,,Irrelevant,"disregard for now, we will review this in a separate udpate",Not evidence of a defect - evidence that this report cannot see them.
QA2-375,9,Bound to a source that does not resolve,2,Investigation,https://county_template.devmny.org/the_risk/natural_hazards,the_risk/natural_hazards,1300806,(untitled),2413427,Graph,v2,AVAIL - Fusion Events V2,B1-d,"source id 870 has no resolvable row, so no snapshot or column check can be run against it","Identify the source (most are probably DaMa-side, outside this app's tables) so these components can be assessed at all.",Open,,,Irrelevant,"disregard for now, we will review this in a separate udpate",Not evidence of a defect - evidence that this report cannot see them.
QA2-376,9,Bound to a source that does not resolve,2,Investigation,https://county_template.devmny.org/the_risk/natural_hazards,the_risk/natural_hazards,1300806,(untitled),2413429,Graph,v2,AVAIL - Fusion Events V2,B1-d,"source id 870 has no resolvable row, so no snapshot or column check can be run against it","Identify the source (most are probably DaMa-side, outside this app's tables) so these components can be assessed at all.",Open,,,Irrelevant,"disregard for now, we will review this in a separate udpate",Not evidence of a defect - evidence that this report cannot see them.
QA2-377,9,Bound to a source that does not resolve,2,Investigation,https://county_template.devmny.org/the_risk/natural_hazards,the_risk/natural_hazards,1300806,The Last 5 Years - Events,2413430,Graph,v2,AVAIL - Fusion Events V2,B1-d,"source id 870 has no resolvable row, so no snapshot or column check can be run against it","Identify the source (most are probably DaMa-side, outside this app's tables) so these components can be assessed at all.",Open,,,Irrelevant,"disregard for now, we will review this in a separate udpate",Not evidence of a defect - evidence that this report cannot see them.
QA2-378,9,Bound to a source that does not resolve,2,Investigation,https://county_template.devmny.org/the_risk/natural_hazards,the_risk/natural_hazards,1300806,The Last 5 Years - Fusion Damage,2413431,Graph,v2,AVAIL - Fusion Events V2,B1-d,"source id 870 has no resolvable row, so no snapshot or column check can be run against it","Identify the source (most are probably DaMa-side, outside this app's tables) so these components can be assessed at all.",Open,,,Irrelevant,"disregard for now, we will review this in a separate udpate",Not evidence of a defect - evidence that this report cannot see them.
QA2-379,9,Bound to a source that does not resolve,2,Investigation,https://county_template.devmny.org/the_risk/natural_hazards/avalanche,the_risk/natural_hazards/avalanche,1544721,(untitled),2176930,Card,v2,AVAIL - Fusion Events V2,,"source id 870 has no resolvable row, so no snapshot or column check can be run against it","Identify the source (most are probably DaMa-side, outside this app's tables) so these components can be assessed at all.",Open,,,Irrelevant,"disregard for now, we will review this in a separate udpate",Not evidence of a defect - evidence that this report cannot see them.
QA2-380,9,Bound to a source that does not resolve,2,Investigation,https://county_template.devmny.org/the_risk/natural_hazards/avalanche,the_risk/natural_hazards/avalanche,1544721,(untitled),2176932,Card,v2,NRI Counties - Hazard Normalized,,"source id 1508 has no resolvable row, so no snapshot or column check can be run against it","Identify the source (most are probably DaMa-side, outside this app's tables) so these components can be assessed at all.",Open,,,Irrelevant,"disregard for now, we will review this in a separate udpate",Not evidence of a defect - evidence that this report cannot see them.
QA2-381,9,Bound to a source that does not resolve,2,Investigation,https://county_template.devmny.org/the_risk/natural_hazards/avalanche,the_risk/natural_hazards/avalanche,1544721,(untitled),2176933,Card,v2,AVAIL - Fusion Events V2,,"source id 870 has no resolvable row, so no snapshot or column check can be run against it","Identify the source (most are probably DaMa-side, outside this app's tables) so these components can be assessed at all.",Open,,,Irrelevant,"disregard for now, we will review this in a separate udpate",Not evidence of a defect - evidence that this report cannot see them.
QA2-382,9,Bound to a source that does not resolve,2,Investigation,https://county_template.devmny.org/the_risk/natural_hazards/avalanche,the_risk/natural_hazards/avalanche,1544721,(untitled),2176945,Graph,v1,AVAIL - Fusion Events V2,B1-d,"source id 870 has no resolvable row, so no snapshot or column check can be run against it","Identify the source (most are probably DaMa-side, outside this app's tables) so these components can be assessed at all.",Open,,,Irrelevant,"disregard for now, we will review this in a separate udpate",Not evidence of a defect - evidence that this report cannot see them.
QA2-383,9,Bound to a source that does not resolve,2,Investigation,https://county_template.devmny.org/the_risk/natural_hazards/avalanche,the_risk/natural_hazards/avalanche,1544721,(untitled),2176946,Card,v2,AVAIL - Fusion Events V2,B1-d,"source id 870 has no resolvable row, so no snapshot or column check can be run against it","Identify the source (most are probably DaMa-side, outside this app's tables) so these components can be assessed at all.",Open,,,Irrelevant,"disregard for now, we will review this in a separate udpate",Not evidence of a defect - evidence that this report cannot see them.
QA2-384,9,Bound to a source that does not resolve,2,Investigation,https://county_template.devmny.org/the_risk/natural_hazards/avalanche,the_risk/natural_hazards/avalanche,1544721,(untitled),2176950,Graph,v2,AVAIL - Fusion Events V2,B1-d,"source id 870 has no resolvable row, so no snapshot or column check can be run against it","Identify the source (most are probably DaMa-side, outside this app's tables) so these components can be assessed at all.",Open,,,Irrelevant,"disregard for now, we will review this in a separate udpate",Not evidence of a defect - evidence that this report cannot see them.
QA2-385,9,Bound to a source that does not resolve,2,Investigation,https://county_template.devmny.org/the_risk/natural_hazards/avalanche,the_risk/natural_hazards/avalanche,1544721,(untitled),2176953,Graph,v2,AVAIL - Fusion Events V2,B1-d,"source id 870 has no resolvable row, so no snapshot or column check can be run against it","Identify the source (most are probably DaMa-side, outside this app's tables) so these components can be assessed at all.",Open,,,Irrelevant,"disregard for now, we will review this in a separate udpate",Not evidence of a defect - evidence that this report cannot see them.
QA2-386,9,Bound to a source that does not resolve,2,Investigation,https://county_template.devmny.org/the_risk/natural_hazards/avalanche,the_risk/natural_hazards/avalanche,1544721,(untitled),2176956,Spreadsheet,v1,AVAIL - Fusion Events V2,B1-d,"source id 870 has no resolvable row, so no snapshot or column check can be run against it","Identify the source (most are probably DaMa-side, outside this app's tables) so these components can be assessed at all.",Open,,,Irrelevant,"disregard for now, we will review this in a separate udpate",Not evidence of a defect - evidence that this report cannot see them.
QA2-387,9,Bound to a source that does not resolve,2,Investigation,https://county_template.devmny.org/the_risk/natural_hazards/avalanche,the_risk/natural_hazards/avalanche,1544721,(untitled),2176961,Spreadsheet,v2,AVAIL - Fusion Events V2,B1-d,"source id 870 has no resolvable row, so no snapshot or column check can be run against it","Identify the source (most are probably DaMa-side, outside this app's tables) so these components can be assessed at all.",Open,,,Irrelevant,"disregard for now, we will review this in a separate udpate",Not evidence of a defect - evidence that this report cannot see them.
QA2-388,9,Bound to a source that does not resolve,2,Investigation,https://county_template.devmny.org/the_risk/natural_hazards/avalanche,the_risk/natural_hazards/avalanche,1544721,(untitled),2176972,Card,v1,NRI Counties - Hazard Normalized,B2-b,"source id 1508 has no resolvable row, so no snapshot or column check can be run against it","Identify the source (most are probably DaMa-side, outside this app's tables) so these components can be assessed at all.",Open,,,Irrelevant,"disregard for now, we will review this in a separate udpate",Not evidence of a defect - evidence that this report cannot see them.
QA2-389,9,Bound to a source that does not resolve,2,Investigation,https://county_template.devmny.org/the_risk/natural_hazards/coastal_hazards,the_risk/natural_hazards/coastal_hazards,1544317,(untitled),1544196,Card,v2,AVAIL - Fusion Events V2,,"source id 870 has no resolvable row, so no snapshot or column check can be run against it","Identify the source (most are probably DaMa-side, outside this app's tables) so these components can be assessed at all.",Open,,,Irrelevant,"disregard for now, we will review this in a separate udpate",Not evidence of a defect - evidence that this report cannot see them.
QA2-390,9,Bound to a source that does not resolve,2,Investigation,https://county_template.devmny.org/the_risk/natural_hazards/coastal_hazards,the_risk/natural_hazards/coastal_hazards,1544317,(untitled),1544197,Card,v2,NRI Counties - Hazard Normalized,,"source id 1508 has no resolvable row, so no snapshot or column check can be run against it","Identify the source (most are probably DaMa-side, outside this app's tables) so these components can be assessed at all.",Open,,,Irrelevant,"disregard for now, we will review this in a separate udpate",Not evidence of a defect - evidence that this report cannot see them.
QA2-391,9,Bound to a source that does not resolve,2,Investigation,https://county_template.devmny.org/the_risk/natural_hazards/coastal_hazards,the_risk/natural_hazards/coastal_hazards,1544317,(untitled),1544198,Card,v2,AVAIL - Fusion Events V2,,"source id 870 has no resolvable row, so no snapshot or column check can be run against it","Identify the source (most are probably DaMa-side, outside this app's tables) so these components can be assessed at all.",Open,,,Irrelevant,"disregard for now, we will review this in a separate udpate",Not evidence of a defect - evidence that this report cannot see them.
QA2-392,9,Bound to a source that does not resolve,2,Investigation,https://county_template.devmny.org/the_risk/natural_hazards/coastal_hazards,the_risk/natural_hazards/coastal_hazards,1544317,(untitled),1544209,Graph,v1,AVAIL - Fusion Events V2,B1-d,"source id 870 has no resolvable row, so no snapshot or column check can be run against it","Identify the source (most are probably DaMa-side, outside this app's tables) so these components can be assessed at all.",Open,,,Irrelevant,"disregard for now, we will review this in a separate udpate",Not evidence of a defect - evidence that this report cannot see them.
QA2-393,9,Bound to a source that does not resolve,2,Investigation,https://county_template.devmny.org/the_risk/natural_hazards/coastal_hazards,the_risk/natural_hazards/coastal_hazards,1544317,(untitled),1544210,Card,v2,AVAIL - Fusion Events V2,B1-d,"source id 870 has no resolvable row, so no snapshot or column check can be run against it","Identify the source (most are probably DaMa-side, outside this app's tables) so these components can be assessed at all.",Open,,,Irrelevant,"disregard for now, we will review this in a separate udpate",Not evidence of a defect - evidence that this report cannot see them.
QA2-394,9,Bound to a source that does not resolve,2,Investigation,https://county_template.devmny.org/the_risk/natural_hazards/coastal_hazards,the_risk/natural_hazards/coastal_hazards,1544317,(untitled),1544215,Graph,v2,AVAIL - Fusion Events V2,B1-d,"source id 870 has no resolvable row, so no snapshot or column check can be run against it","Identify the source (most are probably DaMa-side, outside this app's tables) so these components can be assessed at all.",Open,,,Irrelevant,"disregard for now, we will review this in a separate udpate",Not evidence of a defect - evidence that this report cannot see them.
QA2-395,9,Bound to a source that does not resolve,2,Investigation,https://county_template.devmny.org/the_risk/natural_hazards/coastal_hazards,the_risk/natural_hazards/coastal_hazards,1544317,(untitled),1544218,Graph,v2,AVAIL - Fusion Events V2,B1-d,"source id 870 has no resolvable row, so no snapshot or column check can be run against it","Identify the source (most are probably DaMa-side, outside this app's tables) so these components can be assessed at all.",Open,,,Irrelevant,"disregard for now, we will review this in a separate udpate",Not evidence of a defect - evidence that this report cannot see them.
QA2-396,9,Bound to a source that does not resolve,2,Investigation,https://county_template.devmny.org/the_risk/natural_hazards/coastal_hazards,the_risk/natural_hazards/coastal_hazards,1544317,(untitled),1544221,Spreadsheet,v1,AVAIL - Fusion Events V2,B1-d,"source id 870 has no resolvable row, so no snapshot or column check can be run against it","Identify the source (most are probably DaMa-side, outside this app's tables) so these components can be assessed at all.",Open,,,Irrelevant,"disregard for now, we will review this in a separate udpate",Not evidence of a defect - evidence that this report cannot see them.
QA2-397,9,Bound to a source that does not resolve,2,Investigation,https://county_template.devmny.org/the_risk/natural_hazards/coastal_hazards,the_risk/natural_hazards/coastal_hazards,1544317,(untitled),1544225,Spreadsheet,v2,AVAIL - Fusion Events V2,B1-d,"source id 870 has no resolvable row, so no snapshot or column check can be run against it","Identify the source (most are probably DaMa-side, outside this app's tables) so these components can be assessed at all.",Open,,,Irrelevant,"disregard for now, we will review this in a separate udpate",Not evidence of a defect - evidence that this report cannot see them.
QA2-398,9,Bound to a source that does not resolve,2,Investigation,https://county_template.devmny.org/the_risk/natural_hazards/coastal_hazards,the_risk/natural_hazards/coastal_hazards,1544317,(untitled),1544233,Card,v1,NRI Counties - Hazard Normalized,B2-b,"source id 1508 has no resolvable row, so no snapshot or column check can be run against it","Identify the source (most are probably DaMa-side, outside this app's tables) so these components can be assessed at all.",Open,,,Irrelevant,"disregard for now, we will review this in a separate udpate",Not evidence of a defect - evidence that this report cannot see them.
QA2-399,9,Bound to a source that does not resolve,2,Investigation,https://county_template.devmny.org/the_risk/natural_hazards/drought,the_risk/natural_hazards/drought,1545217,(untitled),1898194,Card,v2,AVAIL - Fusion Events V2,,"source id 870 has no resolvable row, so no snapshot or column check can be run against it","Identify the source (most are probably DaMa-side, outside this app's tables) so these components can be assessed at all.",Open,,,Irrelevant,"disregard for now, we will review this in a separate udpate",Not evidence of a defect - evidence that this report cannot see them.
QA2-400,9,Bound to a source that does not resolve,2,Investigation,https://county_template.devmny.org/the_risk/natural_hazards/drought,the_risk/natural_hazards/drought,1545217,(untitled),1898196,Card,v2,NRI Counties - Hazard Normalized,,"source id 1508 has no resolvable row, so no snapshot or column check can be run against it","Identify the source (most are probably DaMa-side, outside this app's tables) so these components can be assessed at all.",Open,,,Irrelevant,"disregard for now, we will review this in a separate udpate",Not evidence of a defect - evidence that this report cannot see them.
QA2-401,9,Bound to a source that does not resolve,2,Investigation,https://county_template.devmny.org/the_risk/natural_hazards/drought,the_risk/natural_hazards/drought,1545217,(untitled),1898197,Card,v2,AVAIL - Fusion Events V2,,"source id 870 has no resolvable row, so no snapshot or column check can be run against it","Identify the source (most are probably DaMa-side, outside this app's tables) so these components can be assessed at all.",Open,,,Irrelevant,"disregard for now, we will review this in a separate udpate",Not evidence of a defect - evidence that this report cannot see them.
QA2-402,9,Bound to a source that does not resolve,2,Investigation,https://county_template.devmny.org/the_risk/natural_hazards/drought,the_risk/natural_hazards/drought,1545217,(untitled),1898208,Graph,v1,AVAIL - Fusion Events V2,B1-d,"source id 870 has no resolvable row, so no snapshot or column check can be run against it","Identify the source (most are probably DaMa-side, outside this app's tables) so these components can be assessed at all.",Open,,,Irrelevant,"disregard for now, we will review this in a separate udpate",Not evidence of a defect - evidence that this report cannot see them.
QA2-403,9,Bound to a source that does not resolve,2,Investigation,https://county_template.devmny.org/the_risk/natural_hazards/drought,the_risk/natural_hazards/drought,1545217,(untitled),1898209,Card,v2,AVAIL - Fusion Events V2,B1-d,"source id 870 has no resolvable row, so no snapshot or column check can be run against it","Identify the source (most are probably DaMa-side, outside this app's tables) so these components can be assessed at all.",Open,,,Irrelevant,"disregard for now, we will review this in a separate udpate",Not evidence of a defect - evidence that this report cannot see them.
QA2-404,9,Bound to a source that does not resolve,2,Investigation,https://county_template.devmny.org/the_risk/natural_hazards/drought,the_risk/natural_hazards/drought,1545217,(untitled),1898213,Graph,v2,AVAIL - Fusion Events V2,B1-d,"source id 870 has no resolvable row, so no snapshot or column check can be run against it","Identify the source (most are probably DaMa-side, outside this app's tables) so these components can be assessed at all.",Open,,,Irrelevant,"disregard for now, we will review this in a separate udpate",Not evidence of a defect - evidence that this report cannot see them.
QA2-405,9,Bound to a source that does not resolve,2,Investigation,https://county_template.devmny.org/the_risk/natural_hazards/drought,the_risk/natural_hazards/drought,1545217,(untitled),1898216,Graph,v2,AVAIL - Fusion Events V2,B1-d,"source id 870 has no resolvable row, so no snapshot or column check can be run against it","Identify the source (most are probably DaMa-side, outside this app's tables) so these components can be assessed at all.",Open,,,Irrelevant,"disregard for now, we will review this in a separate udpate",Not evidence of a defect - evidence that this report cannot see them.
QA2-406,9,Bound to a source that does not resolve,2,Investigation,https://county_template.devmny.org/the_risk/natural_hazards/drought,the_risk/natural_hazards/drought,1545217,(untitled),1898219,Spreadsheet,v1,AVAIL - Fusion Events V2,B1-d,"source id 870 has no resolvable row, so no snapshot or column check can be run against it","Identify the source (most are probably DaMa-side, outside this app's tables) so these components can be assessed at all.",Open,,,Irrelevant,"disregard for now, we will review this in a separate udpate",Not evidence of a defect - evidence that this report cannot see them.
QA2-407,9,Bound to a source that does not resolve,2,Investigation,https://county_template.devmny.org/the_risk/natural_hazards/drought,the_risk/natural_hazards/drought,1545217,(untitled),1898224,Spreadsheet,v2,AVAIL - Fusion Events V2,B1-d,"source id 870 has no resolvable row, so no snapshot or column check can be run against it","Identify the source (most are probably DaMa-side, outside this app's tables) so these components can be assessed at all.",Open,,,Irrelevant,"disregard for now, we will review this in a separate udpate",Not evidence of a defect - evidence that this report cannot see them.
QA2-408,9,Bound to a source that does not resolve,2,Investigation,https://county_template.devmny.org/the_risk/natural_hazards/drought,the_risk/natural_hazards/drought,1545217,(untitled),1898235,Card,v1,NRI Counties - Hazard Normalized,B2-b,"source id 1508 has no resolvable row, so no snapshot or column check can be run against it","Identify the source (most are probably DaMa-side, outside this app's tables) so these components can be assessed at all.",Open,,,Irrelevant,"disregard for now, we will review this in a separate udpate",Not evidence of a defect - evidence that this report cannot see them.
QA2-409,9,Bound to a source that does not resolve,2,Investigation,https://county_template.devmny.org/the_risk/natural_hazards/earthquake,the_risk/natural_hazards/earthquake,1544597,(untitled),1544537,Card,v2,AVAIL - Fusion Events V2,,"source id 870 has no resolvable row, so no snapshot or column check can be run against it","Identify the source (most are probably DaMa-side, outside this app's tables) so these components can be assessed at all.",Open,,,Irrelevant,"disregard for now, we will review this in a separate udpate",Not evidence of a defect - evidence that this report cannot see them.
QA2-410,9,Bound to a source that does not resolve,2,Investigation,https://county_template.devmny.org/the_risk/natural_hazards/earthquake,the_risk/natural_hazards/earthquake,1544597,(untitled),1544538,Card,v2,NRI Counties - Hazard Normalized,,"source id 1508 has no resolvable row, so no snapshot or column check can be run against it","Identify the source (most are probably DaMa-side, outside this app's tables) so these components can be assessed at all.",Open,,,Irrelevant,"disregard for now, we will review this in a separate udpate",Not evidence of a defect - evidence that this report cannot see them.
QA2-411,9,Bound to a source that does not resolve,2,Investigation,https://county_template.devmny.org/the_risk/natural_hazards/earthquake,the_risk/natural_hazards/earthquake,1544597,(untitled),1544539,Card,v2,AVAIL - Fusion Events V2,,"source id 870 has no resolvable row, so no snapshot or column check can be run against it","Identify the source (most are probably DaMa-side, outside this app's tables) so these components can be assessed at all.",Open,,,Irrelevant,"disregard for now, we will review this in a separate udpate",Not evidence of a defect - evidence that this report cannot see them.
QA2-412,9,Bound to a source that does not resolve,2,Investigation,https://county_template.devmny.org/the_risk/natural_hazards/earthquake,the_risk/natural_hazards/earthquake,1544597,(untitled),1544550,Graph,v1,AVAIL - Fusion Events V2,B1-d,"source id 870 has no resolvable row, so no snapshot or column check can be run against it","Identify the source (most are probably DaMa-side, outside this app's tables) so these components can be assessed at all.",Open,,,Irrelevant,"disregard for now, we will review this in a separate udpate",Not evidence of a defect - evidence that this report cannot see them.
QA2-413,9,Bound to a source that does not resolve,2,Investigation,https://county_template.devmny.org/the_risk/natural_hazards/earthquake,the_risk/natural_hazards/earthquake,1544597,(untitled),1544551,Card,v2,AVAIL - Fusion Events V2,B1-d,"source id 870 has no resolvable row, so no snapshot or column check can be run against it","Identify the source (most are probably DaMa-side, outside this app's tables) so these components can be assessed at all.",Open,,,Irrelevant,"disregard for now, we will review this in a separate udpate",Not evidence of a defect - evidence that this report cannot see them.
QA2-414,9,Bound to a source that does not resolve,2,Investigation,https://county_template.devmny.org/the_risk/natural_hazards/earthquake,the_risk/natural_hazards/earthquake,1544597,(untitled),1544556,Graph,v2,AVAIL - Fusion Events V2,B1-d,"source id 870 has no resolvable row, so no snapshot or column check can be run against it","Identify the source (most are probably DaMa-side, outside this app's tables) so these components can be assessed at all.",Open,,,Irrelevant,"disregard for now, we will review this in a separate udpate",Not evidence of a defect - evidence that this report cannot see them.
QA2-415,9,Bound to a source that does not resolve,2,Investigation,https://county_template.devmny.org/the_risk/natural_hazards/earthquake,the_risk/natural_hazards/earthquake,1544597,(untitled),1544559,Graph,v2,AVAIL - Fusion Events V2,B1-d,"source id 870 has no resolvable row, so no snapshot or column check can be run against it","Identify the source (most are probably DaMa-side, outside this app's tables) so these components can be assessed at all.",Open,,,Irrelevant,"disregard for now, we will review this in a separate udpate",Not evidence of a defect - evidence that this report cannot see them.
QA2-416,9,Bound to a source that does not resolve,2,Investigation,https://county_template.devmny.org/the_risk/natural_hazards/earthquake,the_risk/natural_hazards/earthquake,1544597,(untitled),1544562,Spreadsheet,v1,AVAIL - Fusion Events V2,B1-d,"source id 870 has no resolvable row, so no snapshot or column check can be run against it","Identify the source (most are probably DaMa-side, outside this app's tables) so these components can be assessed at all.",Open,,,Irrelevant,"disregard for now, we will review this in a separate udpate",Not evidence of a defect - evidence that this report cannot see them.
QA2-417,9,Bound to a source that does not resolve,2,Investigation,https://county_template.devmny.org/the_risk/natural_hazards/earthquake,the_risk/natural_hazards/earthquake,1544597,(untitled),1544566,Spreadsheet,v2,AVAIL - Fusion Events V2,B1-d,"source id 870 has no resolvable row, so no snapshot or column check can be run against it","Identify the source (most are probably DaMa-side, outside this app's tables) so these components can be assessed at all.",Open,,,Irrelevant,"disregard for now, we will review this in a separate udpate",Not evidence of a defect - evidence that this report cannot see them.
QA2-418,9,Bound to a source that does not resolve,2,Investigation,https://county_template.devmny.org/the_risk/natural_hazards/earthquake,the_risk/natural_hazards/earthquake,1544597,(untitled),1544574,Card,v1,NRI Counties - Hazard Normalized,B2-b,"source id 1508 has no resolvable row, so no snapshot or column check can be run against it","Identify the source (most are probably DaMa-side, outside this app's tables) so these components can be assessed at all.",Open,,,Irrelevant,"disregard for now, we will review this in a separate udpate",Not evidence of a defect - evidence that this report cannot see them.
QA2-419,9,Bound to a source that does not resolve,2,Investigation,https://county_template.devmny.org/the_risk/natural_hazards/extreme_cold,the_risk/natural_hazards/extreme_cold,1544845,(untitled),1544785,Card,v2,AVAIL - Fusion Events V2,,"source id 870 has no resolvable row, so no snapshot or column check can be run against it","Identify the source (most are probably DaMa-side, outside this app's tables) so these components can be assessed at all.",Open,,,Irrelevant,"disregard for now, we will review this in a separate udpate",Not evidence of a defect - evidence that this report cannot see them.
QA2-420,9,Bound to a source that does not resolve,2,Investigation,https://county_template.devmny.org/the_risk/natural_hazards/extreme_cold,the_risk/natural_hazards/extreme_cold,1544845,(untitled),1544786,Card,v2,NRI Counties - Hazard Normalized,,"source id 1508 has no resolvable row, so no snapshot or column check can be run against it","Identify the source (most are probably DaMa-side, outside this app's tables) so these components can be assessed at all.",Open,,,Irrelevant,"disregard for now, we will review this in a separate udpate",Not evidence of a defect - evidence that this report cannot see them.
QA2-421,9,Bound to a source that does not resolve,2,Investigation,https://county_template.devmny.org/the_risk/natural_hazards/extreme_cold,the_risk/natural_hazards/extreme_cold,1544845,(untitled),1544787,Card,v2,AVAIL - Fusion Events V2,,"source id 870 has no resolvable row, so no snapshot or column check can be run against it","Identify the source (most are probably DaMa-side, outside this app's tables) so these components can be assessed at all.",Open,,,Irrelevant,"disregard for now, we will review this in a separate udpate",Not evidence of a defect - evidence that this report cannot see them.
QA2-422,9,Bound to a source that does not resolve,2,Investigation,https://county_template.devmny.org/the_risk/natural_hazards/extreme_cold,the_risk/natural_hazards/extreme_cold,1544845,(untitled),1544798,Graph,v1,AVAIL - Fusion Events V2,B1-d,"source id 870 has no resolvable row, so no snapshot or column check can be run against it","Identify the source (most are probably DaMa-side, outside this app's tables) so these components can be assessed at all.",Open,,,Irrelevant,"disregard for now, we will review this in a separate udpate",Not evidence of a defect - evidence that this report cannot see them.
QA2-423,9,Bound to a source that does not resolve,2,Investigation,https://county_template.devmny.org/the_risk/natural_hazards/extreme_cold,the_risk/natural_hazards/extreme_cold,1544845,(untitled),1544799,Card,v2,AVAIL - Fusion Events V2,B1-d,"source id 870 has no resolvable row, so no snapshot or column check can be run against it","Identify the source (most are probably DaMa-side, outside this app's tables) so these components can be assessed at all.",Open,,,Irrelevant,"disregard for now, we will review this in a separate udpate",Not evidence of a defect - evidence that this report cannot see them.
QA2-424,9,Bound to a source that does not resolve,2,Investigation,https://county_template.devmny.org/the_risk/natural_hazards/extreme_cold,the_risk/natural_hazards/extreme_cold,1544845,(untitled),1544804,Graph,v2,AVAIL - Fusion Events V2,B1-d,"source id 870 has no resolvable row, so no snapshot or column check can be run against it","Identify the source (most are probably DaMa-side, outside this app's tables) so these components can be assessed at all.",Open,,,Irrelevant,"disregard for now, we will review this in a separate udpate",Not evidence of a defect - evidence that this report cannot see them.
QA2-425,9,Bound to a source that does not resolve,2,Investigation,https://county_template.devmny.org/the_risk/natural_hazards/extreme_cold,the_risk/natural_hazards/extreme_cold,1544845,(untitled),1544807,Graph,v2,AVAIL - Fusion Events V2,B1-d,"source id 870 has no resolvable row, so no snapshot or column check can be run against it","Identify the source (most are probably DaMa-side, outside this app's tables) so these components can be assessed at all.",Open,,,Irrelevant,"disregard for now, we will review this in a separate udpate",Not evidence of a defect - evidence that this report cannot see them.
QA2-426,9,Bound to a source that does not resolve,2,Investigation,https://county_template.devmny.org/the_risk/natural_hazards/extreme_cold,the_risk/natural_hazards/extreme_cold,1544845,(untitled),1544810,Spreadsheet,v1,AVAIL - Fusion Events V2,B1-d,"source id 870 has no resolvable row, so no snapshot or column check can be run against it","Identify the source (most are probably DaMa-side, outside this app's tables) so these components can be assessed at all.",Open,,,Irrelevant,"disregard for now, we will review this in a separate udpate",Not evidence of a defect - evidence that this report cannot see them.
QA2-427,9,Bound to a source that does not resolve,2,Investigation,https://county_template.devmny.org/the_risk/natural_hazards/extreme_cold,the_risk/natural_hazards/extreme_cold,1544845,(untitled),1544814,Spreadsheet,v2,AVAIL - Fusion Events V2,B1-d,"source id 870 has no resolvable row, so no snapshot or column check can be run against it","Identify the source (most are probably DaMa-side, outside this app's tables) so these components can be assessed at all.",Open,,,Irrelevant,"disregard for now, we will review this in a separate udpate",Not evidence of a defect - evidence that this report cannot see them.
QA2-428,9,Bound to a source that does not resolve,2,Investigation,https://county_template.devmny.org/the_risk/natural_hazards/extreme_cold,the_risk/natural_hazards/extreme_cold,1544845,(untitled),1544822,Card,v1,NRI Counties - Hazard Normalized,B2-b,"source id 1508 has no resolvable row, so no snapshot or column check can be run against it","Identify the source (most are probably DaMa-side, outside this app's tables) so these components can be assessed at all.",Open,,,Irrelevant,"disregard for now, we will review this in a separate udpate",Not evidence of a defect - evidence that this report cannot see them.
QA2-429,9,Bound to a source that does not resolve,2,Investigation,https://county_template.devmny.org/the_risk/natural_hazards/extreme_heat,the_risk/natural_hazards/extreme_heat,1544969,(untitled),1544909,Card,v2,AVAIL - Fusion Events V2,,"source id 870 has no resolvable row, so no snapshot or column check can be run against it","Identify the source (most are probably DaMa-side, outside this app's tables) so these components can be assessed at all.",Open,,,Irrelevant,"disregard for now, we will review this in a separate udpate",Not evidence of a defect - evidence that this report cannot see them.
QA2-430,9,Bound to a source that does not resolve,2,Investigation,https://county_template.devmny.org/the_risk/natural_hazards/extreme_heat,the_risk/natural_hazards/extreme_heat,1544969,(untitled),1544910,Card,v2,NRI Counties - Hazard Normalized,,"source id 1508 has no resolvable row, so no snapshot or column check can be run against it","Identify the source (most are probably DaMa-side, outside this app's tables) so these components can be assessed at all.",Open,,,Irrelevant,"disregard for now, we will review this in a separate udpate",Not evidence of a defect - evidence that this report cannot see them.
QA2-431,9,Bound to a source that does not resolve,2,Investigation,https://county_template.devmny.org/the_risk/natural_hazards/extreme_heat,the_risk/natural_hazards/extreme_heat,1544969,(untitled),1544911,Card,v2,AVAIL - Fusion Events V2,,"source id 870 has no resolvable row, so no snapshot or column check can be run against it","Identify the source (most are probably DaMa-side, outside this app's tables) so these components can be assessed at all.",Open,,,Irrelevant,"disregard for now, we will review this in a separate udpate",Not evidence of a defect - evidence that this report cannot see them.
QA2-432,9,Bound to a source that does not resolve,2,Investigation,https://county_template.devmny.org/the_risk/natural_hazards/extreme_heat,the_risk/natural_hazards/extreme_heat,1544969,(untitled),1544922,Graph,v1,AVAIL - Fusion Events V2,B1-d,"source id 870 has no resolvable row, so no snapshot or column check can be run against it","Identify the source (most are probably DaMa-side, outside this app's tables) so these components can be assessed at all.",Open,,,Irrelevant,"disregard for now, we will review this in a separate udpate",Not evidence of a defect - evidence that this report cannot see them.
QA2-433,9,Bound to a source that does not resolve,2,Investigation,https://county_template.devmny.org/the_risk/natural_hazards/extreme_heat,the_risk/natural_hazards/extreme_heat,1544969,(untitled),1544923,Card,v2,AVAIL - Fusion Events V2,B1-d,"source id 870 has no resolvable row, so no snapshot or column check can be run against it","Identify the source (most are probably DaMa-side, outside this app's tables) so these components can be assessed at all.",Open,,,Irrelevant,"disregard for now, we will review this in a separate udpate",Not evidence of a defect - evidence that this report cannot see them.
QA2-434,9,Bound to a source that does not resolve,2,Investigation,https://county_template.devmny.org/the_risk/natural_hazards/extreme_heat,the_risk/natural_hazards/extreme_heat,1544969,(untitled),1544928,Graph,v2,AVAIL - Fusion Events V2,B1-d,"source id 870 has no resolvable row, so no snapshot or column check can be run against it","Identify the source (most are probably DaMa-side, outside this app's tables) so these components can be assessed at all.",Open,,,Irrelevant,"disregard for now, we will review this in a separate udpate",Not evidence of a defect - evidence that this report cannot see them.
QA2-435,9,Bound to a source that does not resolve,2,Investigation,https://county_template.devmny.org/the_risk/natural_hazards/extreme_heat,the_risk/natural_hazards/extreme_heat,1544969,(untitled),1544931,Graph,v2,AVAIL - Fusion Events V2,B1-d,"source id 870 has no resolvable row, so no snapshot or column check can be run against it","Identify the source (most are probably DaMa-side, outside this app's tables) so these components can be assessed at all.",Open,,,Irrelevant,"disregard for now, we will review this in a separate udpate",Not evidence of a defect - evidence that this report cannot see them.
QA2-436,9,Bound to a source that does not resolve,2,Investigation,https://county_template.devmny.org/the_risk/natural_hazards/extreme_heat,the_risk/natural_hazards/extreme_heat,1544969,(untitled),1544934,Spreadsheet,v1,AVAIL - Fusion Events V2,B1-d,"source id 870 has no resolvable row, so no snapshot or column check can be run against it","Identify the source (most are probably DaMa-side, outside this app's tables) so these components can be assessed at all.",Open,,,Irrelevant,"disregard for now, we will review this in a separate udpate",Not evidence of a defect - evidence that this report cannot see them.
QA2-437,9,Bound to a source that does not resolve,2,Investigation,https://county_template.devmny.org/the_risk/natural_hazards/extreme_heat,the_risk/natural_hazards/extreme_heat,1544969,(untitled),1544938,Spreadsheet,v2,AVAIL - Fusion Events V2,B1-d,"source id 870 has no resolvable row, so no snapshot or column check can be run against it","Identify the source (most are probably DaMa-side, outside this app's tables) so these components can be assessed at all.",Open,,,Irrelevant,"disregard for now, we will review this in a separate udpate",Not evidence of a defect - evidence that this report cannot see them.
QA2-438,9,Bound to a source that does not resolve,2,Investigation,https://county_template.devmny.org/the_risk/natural_hazards/extreme_heat,the_risk/natural_hazards/extreme_heat,1544969,(untitled),1544946,Card,v1,NRI Counties - Hazard Normalized,B2-b,"source id 1508 has no resolvable row, so no snapshot or column check can be run against it","Identify the source (most are probably DaMa-side, outside this app's tables) so these components can be assessed at all.",Open,,,Irrelevant,"disregard for now, we will review this in a separate udpate",Not evidence of a defect - evidence that this report cannot see them.
QA2-439,9,Bound to a source that does not resolve,2,Investigation,https://county_template.devmny.org/the_risk/natural_hazards/flooding,the_risk/natural_hazards/flooding,1450290,(untitled),1682899,Card,v2,AVAIL - Fusion Events V2,,"source id 870 has no resolvable row, so no snapshot or column check can be run against it","Identify the source (most are probably DaMa-side, outside this app's tables) so these components can be assessed at all.",Open,,,Irrelevant,"disregard for now, we will review this in a separate udpate",Not evidence of a defect - evidence that this report cannot see them.
QA2-440,9,Bound to a source that does not resolve,2,Investigation,https://county_template.devmny.org/the_risk/natural_hazards/flooding,the_risk/natural_hazards/flooding,1450290,(untitled),1682904,Card,v2,NRI Counties - Hazard Normalized,,"source id 1508 has no resolvable row, so no snapshot or column check can be run against it","Identify the source (most are probably DaMa-side, outside this app's tables) so these components can be assessed at all.",Open,,,Irrelevant,"disregard for now, we will review this in a separate udpate",Not evidence of a defect - evidence that this report cannot see them.
QA2-441,9,Bound to a source that does not resolve,2,Investigation,https://county_template.devmny.org/the_risk/natural_hazards/flooding,the_risk/natural_hazards/flooding,1450290,(untitled),1682906,Card,v2,AVAIL - Fusion Events V2,,"source id 870 has no resolvable row, so no snapshot or column check can be run against it","Identify the source (most are probably DaMa-side, outside this app's tables) so these components can be assessed at all.",Open,,,Irrelevant,"disregard for now, we will review this in a separate udpate",Not evidence of a defect - evidence that this report cannot see them.
QA2-442,9,Bound to a source that does not resolve,2,Investigation,https://county_template.devmny.org/the_risk/natural_hazards/flooding,the_risk/natural_hazards/flooding,1450290,(untitled),1682858,Graph,v1,AVAIL - Fusion Events V2,B1-d,"source id 870 has no resolvable row, so no snapshot or column check can be run against it","Identify the source (most are probably DaMa-side, outside this app's tables) so these components can be assessed at all.",Open,,,Irrelevant,"disregard for now, we will review this in a separate udpate",Not evidence of a defect - evidence that this report cannot see them.
QA2-443,9,Bound to a source that does not resolve,2,Investigation,https://county_template.devmny.org/the_risk/natural_hazards/flooding,the_risk/natural_hazards/flooding,1450290,(untitled),1682925,Card,v2,AVAIL - Fusion Events V2,B1-d,"source id 870 has no resolvable row, so no snapshot or column check can be run against it","Identify the source (most are probably DaMa-side, outside this app's tables) so these components can be assessed at all.",Open,,,Irrelevant,"disregard for now, we will review this in a separate udpate",Not evidence of a defect - evidence that this report cannot see them.
QA2-444,9,Bound to a source that does not resolve,2,Investigation,https://county_template.devmny.org/the_risk/natural_hazards/flooding,the_risk/natural_hazards/flooding,1450290,(untitled),1682933,Graph,v2,AVAIL - Fusion Events V2,B1-d,"source id 870 has no resolvable row, so no snapshot or column check can be run against it","Identify the source (most are probably DaMa-side, outside this app's tables) so these components can be assessed at all.",Open,,,Irrelevant,"disregard for now, we will review this in a separate udpate",Not evidence of a defect - evidence that this report cannot see them.
QA2-445,9,Bound to a source that does not resolve,2,Investigation,https://county_template.devmny.org/the_risk/natural_hazards/flooding,the_risk/natural_hazards/flooding,1450290,(untitled),1682939,Graph,v2,AVAIL - Fusion Events V2,B1-d,"source id 870 has no resolvable row, so no snapshot or column check can be run against it","Identify the source (most are probably DaMa-side, outside this app's tables) so these components can be assessed at all.",Open,,,Irrelevant,"disregard for now, we will review this in a separate udpate",Not evidence of a defect - evidence that this report cannot see them.
QA2-446,9,Bound to a source that does not resolve,2,Investigation,https://county_template.devmny.org/the_risk/natural_hazards/flooding,the_risk/natural_hazards/flooding,1450290,(untitled),1682943,Spreadsheet,v1,AVAIL - Fusion Events V2,B1-d,"source id 870 has no resolvable row, so no snapshot or column check can be run against it","Identify the source (most are probably DaMa-side, outside this app's tables) so these components can be assessed at all.",Open,,,Irrelevant,"disregard for now, we will review this in a separate udpate",Not evidence of a defect - evidence that this report cannot see them.
QA2-447,9,Bound to a source that does not resolve,2,Investigation,https://county_template.devmny.org/the_risk/natural_hazards/flooding,the_risk/natural_hazards/flooding,1450290,(untitled),1682948,Spreadsheet,v2,AVAIL - Fusion Events V2,B1-d,"source id 870 has no resolvable row, so no snapshot or column check can be run against it","Identify the source (most are probably DaMa-side, outside this app's tables) so these components can be assessed at all.",Open,,,Irrelevant,"disregard for now, we will review this in a separate udpate",Not evidence of a defect - evidence that this report cannot see them.
QA2-448,9,Bound to a source that does not resolve,2,Investigation,https://county_template.devmny.org/the_risk/natural_hazards/flooding,the_risk/natural_hazards/flooding,1450290,(untitled),1682959,Card,v1,NRI Counties - Hazard Normalized,B2-b,"source id 1508 has no resolvable row, so no snapshot or column check can be run against it","Identify the source (most are probably DaMa-side, outside this app's tables) so these components can be assessed at all.",Open,,,Irrelevant,"disregard for now, we will review this in a separate udpate",Not evidence of a defect - evidence that this report cannot see them.
QA2-449,9,Bound to a source that does not resolve,2,Investigation,https://county_template.devmny.org/the_risk/natural_hazards/flooding,the_risk/natural_hazards/flooding,1450290,(untitled),1682973,Spreadsheet,v1,AVAIL BILD 2023 Parcels as Points,"B2-a,B2-b","source id 1505 has no resolvable row, so no snapshot or column check can be run against it","Identify the source (most are probably DaMa-side, outside this app's tables) so these components can be assessed at all.",Open,,,Irrelevant,"disregard for now, we will review this in a separate udpate",Not evidence of a defect - evidence that this report cannot see them.
QA2-450,9,Bound to a source that does not resolve,2,Investigation,https://county_template.devmny.org/the_risk/natural_hazards/hail,the_risk/natural_hazards/hail,1545093,(untitled),1545033,Card,v2,AVAIL - Fusion Events V2,,"source id 870 has no resolvable row, so no snapshot or column check can be run against it","Identify the source (most are probably DaMa-side, outside this app's tables) so these components can be assessed at all.",Open,,,Irrelevant,"disregard for now, we will review this in a separate udpate",Not evidence of a defect - evidence that this report cannot see them.
QA2-451,9,Bound to a source that does not resolve,2,Investigation,https://county_template.devmny.org/the_risk/natural_hazards/hail,the_risk/natural_hazards/hail,1545093,(untitled),1545034,Card,v2,NRI Counties - Hazard Normalized,,"source id 1508 has no resolvable row, so no snapshot or column check can be run against it","Identify the source (most are probably DaMa-side, outside this app's tables) so these components can be assessed at all.",Open,,,Irrelevant,"disregard for now, we will review this in a separate udpate",Not evidence of a defect - evidence that this report cannot see them.
QA2-452,9,Bound to a source that does not resolve,2,Investigation,https://county_template.devmny.org/the_risk/natural_hazards/hail,the_risk/natural_hazards/hail,1545093,(untitled),1545035,Card,v2,AVAIL - Fusion Events V2,,"source id 870 has no resolvable row, so no snapshot or column check can be run against it","Identify the source (most are probably DaMa-side, outside this app's tables) so these components can be assessed at all.",Open,,,Irrelevant,"disregard for now, we will review this in a separate udpate",Not evidence of a defect - evidence that this report cannot see them.
QA2-453,9,Bound to a source that does not resolve,2,Investigation,https://county_template.devmny.org/the_risk/natural_hazards/hail,the_risk/natural_hazards/hail,1545093,(untitled),1545046,Graph,v1,AVAIL - Fusion Events V2,B1-d,"source id 870 has no resolvable row, so no snapshot or column check can be run against it","Identify the source (most are probably DaMa-side, outside this app's tables) so these components can be assessed at all.",Open,,,Irrelevant,"disregard for now, we will review this in a separate udpate",Not evidence of a defect - evidence that this report cannot see them.
QA2-454,9,Bound to a source that does not resolve,2,Investigation,https://county_template.devmny.org/the_risk/natural_hazards/hail,the_risk/natural_hazards/hail,1545093,(untitled),1545047,Card,v2,AVAIL - Fusion Events V2,B1-d,"source id 870 has no resolvable row, so no snapshot or column check can be run against it","Identify the source (most are probably DaMa-side, outside this app's tables) so these components can be assessed at all.",Open,,,Irrelevant,"disregard for now, we will review this in a separate udpate",Not evidence of a defect - evidence that this report cannot see them.
QA2-455,9,Bound to a source that does not resolve,2,Investigation,https://county_template.devmny.org/the_risk/natural_hazards/hail,the_risk/natural_hazards/hail,1545093,(untitled),1545052,Graph,v2,AVAIL - Fusion Events V2,S3-a2,"source id 870 has no resolvable row, so no snapshot or column check can be run against it","Identify the source (most are probably DaMa-side, outside this app's tables) so these components can be assessed at all.",Open,,,Irrelevant,"disregard for now, we will review this in a separate udpate",Not evidence of a defect - evidence that this report cannot see them.
QA2-456,9,Bound to a source that does not resolve,2,Investigation,https://county_template.devmny.org/the_risk/natural_hazards/hail,the_risk/natural_hazards/hail,1545093,(untitled),1545055,Graph,v2,AVAIL - Fusion Events V2,S3,"source id 870 has no resolvable row, so no snapshot or column check can be run against it","Identify the source (most are probably DaMa-side, outside this app's tables) so these components can be assessed at all.",Open,,,Irrelevant,"disregard for now, we will review this in a separate udpate",Not evidence of a defect - evidence that this report cannot see them.
QA2-457,9,Bound to a source that does not resolve,2,Investigation,https://county_template.devmny.org/the_risk/natural_hazards/hail,the_risk/natural_hazards/hail,1545093,(untitled),1545058,Spreadsheet,v1,AVAIL - Fusion Events V2,B1-d,"source id 870 has no resolvable row, so no snapshot or column check can be run against it","Identify the source (most are probably DaMa-side, outside this app's tables) so these components can be assessed at all.",Open,,,Irrelevant,"disregard for now, we will review this in a separate udpate",Not evidence of a defect - evidence that this report cannot see them.
QA2-458,9,Bound to a source that does not resolve,2,Investigation,https://county_template.devmny.org/the_risk/natural_hazards/hail,the_risk/natural_hazards/hail,1545093,(untitled),1545062,Spreadsheet,v2,AVAIL - Fusion Events V2,B1-d,"source id 870 has no resolvable row, so no snapshot or column check can be run against it","Identify the source (most are probably DaMa-side, outside this app's tables) so these components can be assessed at all.",Open,,,Irrelevant,"disregard for now, we will review this in a separate udpate",Not evidence of a defect - evidence that this report cannot see them.
QA2-459,9,Bound to a source that does not resolve,2,Investigation,https://county_template.devmny.org/the_risk/natural_hazards/hail,the_risk/natural_hazards/hail,1545093,(untitled),1545070,Card,v1,NRI Counties - Hazard Normalized,B2-b,"source id 1508 has no resolvable row, so no snapshot or column check can be run against it","Identify the source (most are probably DaMa-side, outside this app's tables) so these components can be assessed at all.",Open,,,Irrelevant,"disregard for now, we will review this in a separate udpate",Not evidence of a defect - evidence that this report cannot see them.
QA2-460,9,Bound to a source that does not resolve,2,Investigation,https://county_template.devmny.org/the_risk/natural_hazards/hurricane,the_risk/natural_hazards/hurricane,1545403,(untitled),2416262,Card,v2,AVAIL - Fusion Events V2,,"source id 870 has no resolvable row, so no snapshot or column check can be run against it","Identify the source (most are probably DaMa-side, outside this app's tables) so these components can be assessed at all.",Open,,,Irrelevant,"disregard for now, we will review this in a separate udpate",Not evidence of a defect - evidence that this report cannot see them.
QA2-461,9,Bound to a source that does not resolve,2,Investigation,https://county_template.devmny.org/the_risk/natural_hazards/hurricane,the_risk/natural_hazards/hurricane,1545403,(untitled),2416266,Card,v2,NRI Counties - Hazard Normalized,,"source id 1508 has no resolvable row, so no snapshot or column check can be run against it","Identify the source (most are probably DaMa-side, outside this app's tables) so these components can be assessed at all.",Open,,,Irrelevant,"disregard for now, we will review this in a separate udpate",Not evidence of a defect - evidence that this report cannot see them.
QA2-462,9,Bound to a source that does not resolve,2,Investigation,https://county_template.devmny.org/the_risk/natural_hazards/hurricane,the_risk/natural_hazards/hurricane,1545403,(untitled),2416265,Card,v2,AVAIL - Fusion Events V2,,"source id 870 has no resolvable row, so no snapshot or column check can be run against it","Identify the source (most are probably DaMa-side, outside this app's tables) so these components can be assessed at all.",Open,,,Irrelevant,"disregard for now, we will review this in a separate udpate",Not evidence of a defect - evidence that this report cannot see them.
QA2-463,9,Bound to a source that does not resolve,2,Investigation,https://county_template.devmny.org/the_risk/natural_hazards/hurricane,the_risk/natural_hazards/hurricane,1545403,(untitled),1992573,Graph,v1,AVAIL - Fusion Events V2,B1-d,"source id 870 has no resolvable row, so no snapshot or column check can be run against it","Identify the source (most are probably DaMa-side, outside this app's tables) so these components can be assessed at all.",Open,,,Irrelevant,"disregard for now, we will review this in a separate udpate",Not evidence of a defect - evidence that this report cannot see them.
QA2-464,9,Bound to a source that does not resolve,2,Investigation,https://county_template.devmny.org/the_risk/natural_hazards/hurricane,the_risk/natural_hazards/hurricane,1545403,(untitled),1992574,Card,v2,AVAIL - Fusion Events V2,B1-d,"source id 870 has no resolvable row, so no snapshot or column check can be run against it","Identify the source (most are probably DaMa-side, outside this app's tables) so these components can be assessed at all.",Open,,,Irrelevant,"disregard for now, we will review this in a separate udpate",Not evidence of a defect - evidence that this report cannot see them.
QA2-465,9,Bound to a source that does not resolve,2,Investigation,https://county_template.devmny.org/the_risk/natural_hazards/hurricane,the_risk/natural_hazards/hurricane,1545403,(untitled),1992579,Graph,v2,AVAIL - Fusion Events V2,B1-d,"source id 870 has no resolvable row, so no snapshot or column check can be run against it","Identify the source (most are probably DaMa-side, outside this app's tables) so these components can be assessed at all.",Open,,,Irrelevant,"disregard for now, we will review this in a separate udpate",Not evidence of a defect - evidence that this report cannot see them.
QA2-466,9,Bound to a source that does not resolve,2,Investigation,https://county_template.devmny.org/the_risk/natural_hazards/hurricane,the_risk/natural_hazards/hurricane,1545403,(untitled),1992582,Graph,v2,AVAIL - Fusion Events V2,B1-d,"source id 870 has no resolvable row, so no snapshot or column check can be run against it","Identify the source (most are probably DaMa-side, outside this app's tables) so these components can be assessed at all.",Open,,,Irrelevant,"disregard for now, we will review this in a separate udpate",Not evidence of a defect - evidence that this report cannot see them.
QA2-467,9,Bound to a source that does not resolve,2,Investigation,https://county_template.devmny.org/the_risk/natural_hazards/hurricane,the_risk/natural_hazards/hurricane,1545403,(untitled),1992585,Spreadsheet,v1,AVAIL - Fusion Events V2,B1-d,"source id 870 has no resolvable row, so no snapshot or column check can be run against it","Identify the source (most are probably DaMa-side, outside this app's tables) so these components can be assessed at all.",Open,,,Irrelevant,"disregard for now, we will review this in a separate udpate",Not evidence of a defect - evidence that this report cannot see them.
QA2-468,9,Bound to a source that does not resolve,2,Investigation,https://county_template.devmny.org/the_risk/natural_hazards/hurricane,the_risk/natural_hazards/hurricane,1545403,(untitled),1992590,Spreadsheet,v2,AVAIL - Fusion Events V2,B1-d,"source id 870 has no resolvable row, so no snapshot or column check can be run against it","Identify the source (most are probably DaMa-side, outside this app's tables) so these components can be assessed at all.",Open,,,Irrelevant,"disregard for now, we will review this in a separate udpate",Not evidence of a defect - evidence that this report cannot see them.
QA2-469,9,Bound to a source that does not resolve,2,Investigation,https://county_template.devmny.org/the_risk/natural_hazards/hurricane,the_risk/natural_hazards/hurricane,1545403,(untitled),1992601,Card,v1,NRI Counties - Hazard Normalized,B2-b,"source id 1508 has no resolvable row, so no snapshot or column check can be run against it","Identify the source (most are probably DaMa-side, outside this app's tables) so these components can be assessed at all.",Open,,,Irrelevant,"disregard for now, we will review this in a separate udpate",Not evidence of a defect - evidence that this report cannot see them.
QA2-470,9,Bound to a source that does not resolve,2,Investigation,https://county_template.devmny.org/the_risk/natural_hazards/ice_storm,the_risk/natural_hazards/ice_storm,1545527,(untitled),1602160,Card,v2,AVAIL - Fusion Events V2,,"source id 870 has no resolvable row, so no snapshot or column check can be run against it","Identify the source (most are probably DaMa-side, outside this app's tables) so these components can be assessed at all.",Open,,,Irrelevant,"disregard for now, we will review this in a separate udpate",Not evidence of a defect - evidence that this report cannot see them.
QA2-471,9,Bound to a source that does not resolve,2,Investigation,https://county_template.devmny.org/the_risk/natural_hazards/ice_storm,the_risk/natural_hazards/ice_storm,1545527,(untitled),1602161,Card,v2,NRI Counties - Hazard Normalized,,"source id 1508 has no resolvable row, so no snapshot or column check can be run against it","Identify the source (most are probably DaMa-side, outside this app's tables) so these components can be assessed at all.",Open,,,Irrelevant,"disregard for now, we will review this in a separate udpate",Not evidence of a defect - evidence that this report cannot see them.
QA2-472,9,Bound to a source that does not resolve,2,Investigation,https://county_template.devmny.org/the_risk/natural_hazards/ice_storm,the_risk/natural_hazards/ice_storm,1545527,(untitled),1602162,Card,v2,AVAIL - Fusion Events V2,,"source id 870 has no resolvable row, so no snapshot or column check can be run against it","Identify the source (most are probably DaMa-side, outside this app's tables) so these components can be assessed at all.",Open,,,Irrelevant,"disregard for now, we will review this in a separate udpate",Not evidence of a defect - evidence that this report cannot see them.
QA2-473,9,Bound to a source that does not resolve,2,Investigation,https://county_template.devmny.org/the_risk/natural_hazards/ice_storm,the_risk/natural_hazards/ice_storm,1545527,(untitled),1602173,Graph,v1,AVAIL - Fusion Events V2,B1-d,"source id 870 has no resolvable row, so no snapshot or column check can be run against it","Identify the source (most are probably DaMa-side, outside this app's tables) so these components can be assessed at all.",Open,,,Irrelevant,"disregard for now, we will review this in a separate udpate",Not evidence of a defect - evidence that this report cannot see them.
QA2-474,9,Bound to a source that does not resolve,2,Investigation,https://county_template.devmny.org/the_risk/natural_hazards/ice_storm,the_risk/natural_hazards/ice_storm,1545527,(untitled),1602174,Card,v2,AVAIL - Fusion Events V2,B1-d,"source id 870 has no resolvable row, so no snapshot or column check can be run against it","Identify the source (most are probably DaMa-side, outside this app's tables) so these components can be assessed at all.",Open,,,Irrelevant,"disregard for now, we will review this in a separate udpate",Not evidence of a defect - evidence that this report cannot see them.
QA2-475,9,Bound to a source that does not resolve,2,Investigation,https://county_template.devmny.org/the_risk/natural_hazards/ice_storm,the_risk/natural_hazards/ice_storm,1545527,(untitled),1602178,Graph,v2,AVAIL - Fusion Events V2,B1-d,"source id 870 has no resolvable row, so no snapshot or column check can be run against it","Identify the source (most are probably DaMa-side, outside this app's tables) so these components can be assessed at all.",Open,,,Irrelevant,"disregard for now, we will review this in a separate udpate",Not evidence of a defect - evidence that this report cannot see them.
QA2-476,9,Bound to a source that does not resolve,2,Investigation,https://county_template.devmny.org/the_risk/natural_hazards/ice_storm,the_risk/natural_hazards/ice_storm,1545527,(untitled),1602181,Graph,v2,AVAIL - Fusion Events V2,B1-d,"source id 870 has no resolvable row, so no snapshot or column check can be run against it","Identify the source (most are probably DaMa-side, outside this app's tables) so these components can be assessed at all.",Open,,,Irrelevant,"disregard for now, we will review this in a separate udpate",Not evidence of a defect - evidence that this report cannot see them.
QA2-477,9,Bound to a source that does not resolve,2,Investigation,https://county_template.devmny.org/the_risk/natural_hazards/ice_storm,the_risk/natural_hazards/ice_storm,1545527,(untitled),1602184,Spreadsheet,v1,AVAIL - Fusion Events V2,B1-d,"source id 870 has no resolvable row, so no snapshot or column check can be run against it","Identify the source (most are probably DaMa-side, outside this app's tables) so these components can be assessed at all.",Open,,,Irrelevant,"disregard for now, we will review this in a separate udpate",Not evidence of a defect - evidence that this report cannot see them.
QA2-478,9,Bound to a source that does not resolve,2,Investigation,https://county_template.devmny.org/the_risk/natural_hazards/ice_storm,the_risk/natural_hazards/ice_storm,1545527,(untitled),1602188,Spreadsheet,v2,AVAIL - Fusion Events V2,B1-d,"source id 870 has no resolvable row, so no snapshot or column check can be run against it","Identify the source (most are probably DaMa-side, outside this app's tables) so these components can be assessed at all.",Open,,,Irrelevant,"disregard for now, we will review this in a separate udpate",Not evidence of a defect - evidence that this report cannot see them.
QA2-479,9,Bound to a source that does not resolve,2,Investigation,https://county_template.devmny.org/the_risk/natural_hazards/ice_storm,the_risk/natural_hazards/ice_storm,1545527,(untitled),1602196,Card,v1,NRI Counties - Hazard Normalized,B2-b,"source id 1508 has no resolvable row, so no snapshot or column check can be run against it","Identify the source (most are probably DaMa-side, outside this app's tables) so these components can be assessed at all.",Open,,,Irrelevant,"disregard for now, we will review this in a separate udpate",Not evidence of a defect - evidence that this report cannot see them.
QA2-480,9,Bound to a source that does not resolve,2,Investigation,https://county_template.devmny.org/the_risk/natural_hazards/landslide,the_risk/natural_hazards/landslide,1545651,(untitled),1545591,Card,v2,AVAIL - Fusion Events V2,,"source id 870 has no resolvable row, so no snapshot or column check can be run against it","Identify the source (most are probably DaMa-side, outside this app's tables) so these components can be assessed at all.",Open,,,Irrelevant,"disregard for now, we will review this in a separate udpate",Not evidence of a defect - evidence that this report cannot see them.
QA2-481,9,Bound to a source that does not resolve,2,Investigation,https://county_template.devmny.org/the_risk/natural_hazards/landslide,the_risk/natural_hazards/landslide,1545651,(untitled),1545592,Card,v2,NRI Counties - Hazard Normalized,,"source id 1508 has no resolvable row, so no snapshot or column check can be run against it","Identify the source (most are probably DaMa-side, outside this app's tables) so these components can be assessed at all.",Open,,,Irrelevant,"disregard for now, we will review this in a separate udpate",Not evidence of a defect - evidence that this report cannot see them.
QA2-482,9,Bound to a source that does not resolve,2,Investigation,https://county_template.devmny.org/the_risk/natural_hazards/landslide,the_risk/natural_hazards/landslide,1545651,(untitled),1545593,Card,v2,AVAIL - Fusion Events V2,,"source id 870 has no resolvable row, so no snapshot or column check can be run against it","Identify the source (most are probably DaMa-side, outside this app's tables) so these components can be assessed at all.",Open,,,Irrelevant,"disregard for now, we will review this in a separate udpate",Not evidence of a defect - evidence that this report cannot see them.
QA2-483,9,Bound to a source that does not resolve,2,Investigation,https://county_template.devmny.org/the_risk/natural_hazards/landslide,the_risk/natural_hazards/landslide,1545651,(untitled),1545604,Graph,v1,AVAIL - Fusion Events V2,B1-d,"source id 870 has no resolvable row, so no snapshot or column check can be run against it","Identify the source (most are probably DaMa-side, outside this app's tables) so these components can be assessed at all.",Open,,,Irrelevant,"disregard for now, we will review this in a separate udpate",Not evidence of a defect - evidence that this report cannot see them.
QA2-484,9,Bound to a source that does not resolve,2,Investigation,https://county_template.devmny.org/the_risk/natural_hazards/landslide,the_risk/natural_hazards/landslide,1545651,(untitled),1545605,Card,v2,AVAIL - Fusion Events V2,B1-d,"source id 870 has no resolvable row, so no snapshot or column check can be run against it","Identify the source (most are probably DaMa-side, outside this app's tables) so these components can be assessed at all.",Open,,,Irrelevant,"disregard for now, we will review this in a separate udpate",Not evidence of a defect - evidence that this report cannot see them.
QA2-485,9,Bound to a source that does not resolve,2,Investigation,https://county_template.devmny.org/the_risk/natural_hazards/landslide,the_risk/natural_hazards/landslide,1545651,(untitled),1545610,Graph,v2,AVAIL - Fusion Events V2,S3-a2,"source id 870 has no resolvable row, so no snapshot or column check can be run against it","Identify the source (most are probably DaMa-side, outside this app's tables) so these components can be assessed at all.",Open,,,Irrelevant,"disregard for now, we will review this in a separate udpate",Not evidence of a defect - evidence that this report cannot see them.
QA2-486,9,Bound to a source that does not resolve,2,Investigation,https://county_template.devmny.org/the_risk/natural_hazards/landslide,the_risk/natural_hazards/landslide,1545651,(untitled),1545613,Graph,v2,AVAIL - Fusion Events V2,B1-d,"source id 870 has no resolvable row, so no snapshot or column check can be run against it","Identify the source (most are probably DaMa-side, outside this app's tables) so these components can be assessed at all.",Open,,,Irrelevant,"disregard for now, we will review this in a separate udpate",Not evidence of a defect - evidence that this report cannot see them.
QA2-487,9,Bound to a source that does not resolve,2,Investigation,https://county_template.devmny.org/the_risk/natural_hazards/landslide,the_risk/natural_hazards/landslide,1545651,(untitled),1545616,Spreadsheet,v1,AVAIL - Fusion Events V2,B1-d,"source id 870 has no resolvable row, so no snapshot or column check can be run against it","Identify the source (most are probably DaMa-side, outside this app's tables) so these components can be assessed at all.",Open,,,Irrelevant,"disregard for now, we will review this in a separate udpate",Not evidence of a defect - evidence that this report cannot see them.
QA2-488,9,Bound to a source that does not resolve,2,Investigation,https://county_template.devmny.org/the_risk/natural_hazards/landslide,the_risk/natural_hazards/landslide,1545651,(untitled),1545620,Spreadsheet,v2,AVAIL - Fusion Events V2,B1-d,"source id 870 has no resolvable row, so no snapshot or column check can be run against it","Identify the source (most are probably DaMa-side, outside this app's tables) so these components can be assessed at all.",Open,,,Irrelevant,"disregard for now, we will review this in a separate udpate",Not evidence of a defect - evidence that this report cannot see them.
QA2-489,9,Bound to a source that does not resolve,2,Investigation,https://county_template.devmny.org/the_risk/natural_hazards/landslide,the_risk/natural_hazards/landslide,1545651,(untitled),1545628,Card,v1,NRI Counties - Hazard Normalized,B2-b,"source id 1508 has no resolvable row, so no snapshot or column check can be run against it","Identify the source (most are probably DaMa-side, outside this app's tables) so these components can be assessed at all.",Open,,,Irrelevant,"disregard for now, we will review this in a separate udpate",Not evidence of a defect - evidence that this report cannot see them.
QA2-490,9,Bound to a source that does not resolve,2,Investigation,https://county_template.devmny.org/the_risk/natural_hazards/lightning,the_risk/natural_hazards/lightning,1545775,(untitled),1545715,Card,v2,AVAIL - Fusion Events V2,,"source id 870 has no resolvable row, so no snapshot or column check can be run against it","Identify the source (most are probably DaMa-side, outside this app's tables) so these components can be assessed at all.",Open,,,Irrelevant,"disregard for now, we will review this in a separate udpate",Not evidence of a defect - evidence that this report cannot see them.
QA2-491,9,Bound to a source that does not resolve,2,Investigation,https://county_template.devmny.org/the_risk/natural_hazards/lightning,the_risk/natural_hazards/lightning,1545775,(untitled),1545716,Card,v2,NRI Counties - Hazard Normalized,,"source id 1508 has no resolvable row, so no snapshot or column check can be run against it","Identify the source (most are probably DaMa-side, outside this app's tables) so these components can be assessed at all.",Open,,,Irrelevant,"disregard for now, we will review this in a separate udpate",Not evidence of a defect - evidence that this report cannot see them.
QA2-492,9,Bound to a source that does not resolve,2,Investigation,https://county_template.devmny.org/the_risk/natural_hazards/lightning,the_risk/natural_hazards/lightning,1545775,(untitled),1545717,Card,v2,AVAIL - Fusion Events V2,,"source id 870 has no resolvable row, so no snapshot or column check can be run against it","Identify the source (most are probably DaMa-side, outside this app's tables) so these components can be assessed at all.",Open,,,Irrelevant,"disregard for now, we will review this in a separate udpate",Not evidence of a defect - evidence that this report cannot see them.
QA2-493,9,Bound to a source that does not resolve,2,Investigation,https://county_template.devmny.org/the_risk/natural_hazards/lightning,the_risk/natural_hazards/lightning,1545775,(untitled),1545728,Graph,v1,AVAIL - Fusion Events V2,B1-d,"source id 870 has no resolvable row, so no snapshot or column check can be run against it","Identify the source (most are probably DaMa-side, outside this app's tables) so these components can be assessed at all.",Open,,,Irrelevant,"disregard for now, we will review this in a separate udpate",Not evidence of a defect - evidence that this report cannot see them.
QA2-494,9,Bound to a source that does not resolve,2,Investigation,https://county_template.devmny.org/the_risk/natural_hazards/lightning,the_risk/natural_hazards/lightning,1545775,(untitled),1545729,Card,v2,AVAIL - Fusion Events V2,B1-d,"source id 870 has no resolvable row, so no snapshot or column check can be run against it","Identify the source (most are probably DaMa-side, outside this app's tables) so these components can be assessed at all.",Open,,,Irrelevant,"disregard for now, we will review this in a separate udpate",Not evidence of a defect - evidence that this report cannot see them.
QA2-495,9,Bound to a source that does not resolve,2,Investigation,https://county_template.devmny.org/the_risk/natural_hazards/lightning,the_risk/natural_hazards/lightning,1545775,(untitled),1545734,Graph,v2,AVAIL - Fusion Events V2,B1-d,"source id 870 has no resolvable row, so no snapshot or column check can be run against it","Identify the source (most are probably DaMa-side, outside this app's tables) so these components can be assessed at all.",Open,,,Irrelevant,"disregard for now, we will review this in a separate udpate",Not evidence of a defect - evidence that this report cannot see them.
QA2-496,9,Bound to a source that does not resolve,2,Investigation,https://county_template.devmny.org/the_risk/natural_hazards/lightning,the_risk/natural_hazards/lightning,1545775,(untitled),1545737,Graph,v2,AVAIL - Fusion Events V2,B1-d,"source id 870 has no resolvable row, so no snapshot or column check can be run against it","Identify the source (most are probably DaMa-side, outside this app's tables) so these components can be assessed at all.",Open,,,Irrelevant,"disregard for now, we will review this in a separate udpate",Not evidence of a defect - evidence that this report cannot see them.
QA2-497,9,Bound to a source that does not resolve,2,Investigation,https://county_template.devmny.org/the_risk/natural_hazards/lightning,the_risk/natural_hazards/lightning,1545775,(untitled),1545740,Spreadsheet,v1,AVAIL - Fusion Events V2,B1-d,"source id 870 has no resolvable row, so no snapshot or column check can be run against it","Identify the source (most are probably DaMa-side, outside this app's tables) so these components can be assessed at all.",Open,,,Irrelevant,"disregard for now, we will review this in a separate udpate",Not evidence of a defect - evidence that this report cannot see them.
QA2-498,9,Bound to a source that does not resolve,2,Investigation,https://county_template.devmny.org/the_risk/natural_hazards/lightning,the_risk/natural_hazards/lightning,1545775,(untitled),1545744,Spreadsheet,v2,AVAIL - Fusion Events V2,B1-d,"source id 870 has no resolvable row, so no snapshot or column check can be run against it","Identify the source (most are probably DaMa-side, outside this app's tables) so these components can be assessed at all.",Open,,,Irrelevant,"disregard for now, we will review this in a separate udpate",Not evidence of a defect - evidence that this report cannot see them.
QA2-499,9,Bound to a source that does not resolve,2,Investigation,https://county_template.devmny.org/the_risk/natural_hazards/lightning,the_risk/natural_hazards/lightning,1545775,(untitled),1545752,Card,v1,NRI Counties - Hazard Normalized,B2-b,"source id 1508 has no resolvable row, so no snapshot or column check can be run against it","Identify the source (most are probably DaMa-side, outside this app's tables) so these components can be assessed at all.",Open,,,Irrelevant,"disregard for now, we will review this in a separate udpate",Not evidence of a defect - evidence that this report cannot see them.
QA2-500,9,Bound to a source that does not resolve,2,Investigation,https://county_template.devmny.org/the_risk/natural_hazards/snowstorm,the_risk/natural_hazards/snowstorm,1546774,(untitled),1548810,Card,v2,AVAIL - Fusion Events V2,,"source id 870 has no resolvable row, so no snapshot or column check can be run against it","Identify the source (most are probably DaMa-side, outside this app's tables) so these components can be assessed at all.",Open,,,Irrelevant,"disregard for now, we will review this in a separate udpate",Not evidence of a defect - evidence that this report cannot see them.
QA2-501,9,Bound to a source that does not resolve,2,Investigation,https://county_template.devmny.org/the_risk/natural_hazards/snowstorm,the_risk/natural_hazards/snowstorm,1546774,(untitled),1548811,Card,v2,NRI Counties - Hazard Normalized,,"source id 1508 has no resolvable row, so no snapshot or column check can be run against it","Identify the source (most are probably DaMa-side, outside this app's tables) so these components can be assessed at all.",Open,,,Irrelevant,"disregard for now, we will review this in a separate udpate",Not evidence of a defect - evidence that this report cannot see them.
QA2-502,9,Bound to a source that does not resolve,2,Investigation,https://county_template.devmny.org/the_risk/natural_hazards/snowstorm,the_risk/natural_hazards/snowstorm,1546774,(untitled),1548812,Card,v2,AVAIL - Fusion Events V2,,"source id 870 has no resolvable row, so no snapshot or column check can be run against it","Identify the source (most are probably DaMa-side, outside this app's tables) so these components can be assessed at all.",Open,,,Irrelevant,"disregard for now, we will review this in a separate udpate",Not evidence of a defect - evidence that this report cannot see them.
QA2-503,9,Bound to a source that does not resolve,2,Investigation,https://county_template.devmny.org/the_risk/natural_hazards/snowstorm,the_risk/natural_hazards/snowstorm,1546774,(untitled),1548823,Graph,v1,AVAIL - Fusion Events V2,B1-d,"source id 870 has no resolvable row, so no snapshot or column check can be run against it","Identify the source (most are probably DaMa-side, outside this app's tables) so these components can be assessed at all.",Open,,,Irrelevant,"disregard for now, we will review this in a separate udpate",Not evidence of a defect - evidence that this report cannot see them.
QA2-504,9,Bound to a source that does not resolve,2,Investigation,https://county_template.devmny.org/the_risk/natural_hazards/snowstorm,the_risk/natural_hazards/snowstorm,1546774,(untitled),1548824,Card,v2,AVAIL - Fusion Events V2,B1-d,"source id 870 has no resolvable row, so no snapshot or column check can be run against it","Identify the source (most are probably DaMa-side, outside this app's tables) so these components can be assessed at all.",Open,,,Irrelevant,"disregard for now, we will review this in a separate udpate",Not evidence of a defect - evidence that this report cannot see them.
QA2-505,9,Bound to a source that does not resolve,2,Investigation,https://county_template.devmny.org/the_risk/natural_hazards/snowstorm,the_risk/natural_hazards/snowstorm,1546774,(untitled),1548829,Graph,v2,AVAIL - Fusion Events V2,B1-d,"source id 870 has no resolvable row, so no snapshot or column check can be run against it","Identify the source (most are probably DaMa-side, outside this app's tables) so these components can be assessed at all.",Open,,,Irrelevant,"disregard for now, we will review this in a separate udpate",Not evidence of a defect - evidence that this report cannot see them.
QA2-506,9,Bound to a source that does not resolve,2,Investigation,https://county_template.devmny.org/the_risk/natural_hazards/snowstorm,the_risk/natural_hazards/snowstorm,1546774,(untitled),1548832,Graph,v2,AVAIL - Fusion Events V2,B1-d,"source id 870 has no resolvable row, so no snapshot or column check can be run against it","Identify the source (most are probably DaMa-side, outside this app's tables) so these components can be assessed at all.",Open,,,Irrelevant,"disregard for now, we will review this in a separate udpate",Not evidence of a defect - evidence that this report cannot see them.
QA2-507,9,Bound to a source that does not resolve,2,Investigation,https://county_template.devmny.org/the_risk/natural_hazards/snowstorm,the_risk/natural_hazards/snowstorm,1546774,(untitled),1548835,Spreadsheet,v1,AVAIL - Fusion Events V2,B1-d,"source id 870 has no resolvable row, so no snapshot or column check can be run against it","Identify the source (most are probably DaMa-side, outside this app's tables) so these components can be assessed at all.",Open,,,Irrelevant,"disregard for now, we will review this in a separate udpate",Not evidence of a defect - evidence that this report cannot see them.
QA2-508,9,Bound to a source that does not resolve,2,Investigation,https://county_template.devmny.org/the_risk/natural_hazards/snowstorm,the_risk/natural_hazards/snowstorm,1546774,(untitled),1548839,Spreadsheet,v2,AVAIL - Fusion Events V2,B1-d,"source id 870 has no resolvable row, so no snapshot or column check can be run against it","Identify the source (most are probably DaMa-side, outside this app's tables) so these components can be assessed at all.",Open,,,Irrelevant,"disregard for now, we will review this in a separate udpate",Not evidence of a defect - evidence that this report cannot see them.
QA2-509,9,Bound to a source that does not resolve,2,Investigation,https://county_template.devmny.org/the_risk/natural_hazards/snowstorm,the_risk/natural_hazards/snowstorm,1546774,(untitled),1548847,Card,v1,NRI Counties - Hazard Normalized,B2-b,"source id 1508 has no resolvable row, so no snapshot or column check can be run against it","Identify the source (most are probably DaMa-side, outside this app's tables) so these components can be assessed at all.",Open,,,Irrelevant,"disregard for now, we will review this in a separate udpate",Not evidence of a defect - evidence that this report cannot see them.
QA2-510,9,Bound to a source that does not resolve,2,Investigation,https://county_template.devmny.org/the_risk/natural_hazards/tornado,the_risk/natural_hazards/tornado,1545899,(untitled),1545839,Card,v2,AVAIL - Fusion Events V2,,"source id 870 has no resolvable row, so no snapshot or column check can be run against it","Identify the source (most are probably DaMa-side, outside this app's tables) so these components can be assessed at all.",Open,,,Irrelevant,"disregard for now, we will review this in a separate udpate",Not evidence of a defect - evidence that this report cannot see them.
QA2-511,9,Bound to a source that does not resolve,2,Investigation,https://county_template.devmny.org/the_risk/natural_hazards/tornado,the_risk/natural_hazards/tornado,1545899,(untitled),1545840,Card,v2,NRI Counties - Hazard Normalized,,"source id 1508 has no resolvable row, so no snapshot or column check can be run against it","Identify the source (most are probably DaMa-side, outside this app's tables) so these components can be assessed at all.",Open,,,Irrelevant,"disregard for now, we will review this in a separate udpate",Not evidence of a defect - evidence that this report cannot see them.
QA2-512,9,Bound to a source that does not resolve,2,Investigation,https://county_template.devmny.org/the_risk/natural_hazards/tornado,the_risk/natural_hazards/tornado,1545899,(untitled),1545841,Card,v2,AVAIL - Fusion Events V2,,"source id 870 has no resolvable row, so no snapshot or column check can be run against it","Identify the source (most are probably DaMa-side, outside this app's tables) so these components can be assessed at all.",Open,,,Irrelevant,"disregard for now, we will review this in a separate udpate",Not evidence of a defect - evidence that this report cannot see them.
QA2-513,9,Bound to a source that does not resolve,2,Investigation,https://county_template.devmny.org/the_risk/natural_hazards/tornado,the_risk/natural_hazards/tornado,1545899,(untitled),1545852,Graph,v1,AVAIL - Fusion Events V2,B1-d,"source id 870 has no resolvable row, so no snapshot or column check can be run against it","Identify the source (most are probably DaMa-side, outside this app's tables) so these components can be assessed at all.",Open,,,Irrelevant,"disregard for now, we will review this in a separate udpate",Not evidence of a defect - evidence that this report cannot see them.
QA2-514,9,Bound to a source that does not resolve,2,Investigation,https://county_template.devmny.org/the_risk/natural_hazards/tornado,the_risk/natural_hazards/tornado,1545899,(untitled),1545853,Card,v2,AVAIL - Fusion Events V2,B1-d,"source id 870 has no resolvable row, so no snapshot or column check can be run against it","Identify the source (most are probably DaMa-side, outside this app's tables) so these components can be assessed at all.",Open,,,Irrelevant,"disregard for now, we will review this in a separate udpate",Not evidence of a defect - evidence that this report cannot see them.
QA2-515,9,Bound to a source that does not resolve,2,Investigation,https://county_template.devmny.org/the_risk/natural_hazards/tornado,the_risk/natural_hazards/tornado,1545899,(untitled),1545858,Graph,v2,AVAIL - Fusion Events V2,B1-d,"source id 870 has no resolvable row, so no snapshot or column check can be run against it","Identify the source (most are probably DaMa-side, outside this app's tables) so these components can be assessed at all.",Open,,,Irrelevant,"disregard for now, we will review this in a separate udpate",Not evidence of a defect - evidence that this report cannot see them.
QA2-516,9,Bound to a source that does not resolve,2,Investigation,https://county_template.devmny.org/the_risk/natural_hazards/tornado,the_risk/natural_hazards/tornado,1545899,(untitled),1545861,Graph,v2,AVAIL - Fusion Events V2,B1-d,"source id 870 has no resolvable row, so no snapshot or column check can be run against it","Identify the source (most are probably DaMa-side, outside this app's tables) so these components can be assessed at all.",Open,,,Irrelevant,"disregard for now, we will review this in a separate udpate",Not evidence of a defect - evidence that this report cannot see them.
QA2-517,9,Bound to a source that does not resolve,2,Investigation,https://county_template.devmny.org/the_risk/natural_hazards/tornado,the_risk/natural_hazards/tornado,1545899,(untitled),1545864,Spreadsheet,v1,AVAIL - Fusion Events V2,B1-d,"source id 870 has no resolvable row, so no snapshot or column check can be run against it","Identify the source (most are probably DaMa-side, outside this app's tables) so these components can be assessed at all.",Open,,,Irrelevant,"disregard for now, we will review this in a separate udpate",Not evidence of a defect - evidence that this report cannot see them.
QA2-518,9,Bound to a source that does not resolve,2,Investigation,https://county_template.devmny.org/the_risk/natural_hazards/tornado,the_risk/natural_hazards/tornado,1545899,(untitled),1545868,Spreadsheet,v2,AVAIL - Fusion Events V2,B1-d,"source id 870 has no resolvable row, so no snapshot or column check can be run against it","Identify the source (most are probably DaMa-side, outside this app's tables) so these components can be assessed at all.",Open,,,Irrelevant,"disregard for now, we will review this in a separate udpate",Not evidence of a defect - evidence that this report cannot see them.
QA2-519,9,Bound to a source that does not resolve,2,Investigation,https://county_template.devmny.org/the_risk/natural_hazards/tornado,the_risk/natural_hazards/tornado,1545899,(untitled),1545876,Card,v1,NRI Counties - Hazard Normalized,B2-b,"source id 1508 has no resolvable row, so no snapshot or column check can be run against it","Identify the source (most are probably DaMa-side, outside this app's tables) so these components can be assessed at all.",Open,,,Irrelevant,"disregard for now, we will review this in a separate udpate",Not evidence of a defect - evidence that this report cannot see them.
QA2-520,9,Bound to a source that does not resolve,2,Investigation,https://county_template.devmny.org/the_risk/natural_hazards/wildfire,the_risk/natural_hazards/wildfire,1546087,(untitled),1546027,Card,v2,AVAIL - Fusion Events V2,,"source id 870 has no resolvable row, so no snapshot or column check can be run against it","Identify the source (most are probably DaMa-side, outside this app's tables) so these components can be assessed at all.",Open,,,Irrelevant,"disregard for now, we will review this in a separate udpate",Not evidence of a defect - evidence that this report cannot see them.
QA2-521,9,Bound to a source that does not resolve,2,Investigation,https://county_template.devmny.org/the_risk/natural_hazards/wildfire,the_risk/natural_hazards/wildfire,1546087,(untitled),1546028,Card,v2,NRI Counties - Hazard Normalized,,"source id 1508 has no resolvable row, so no snapshot or column check can be run against it","Identify the source (most are probably DaMa-side, outside this app's tables) so these components can be assessed at all.",Open,,,Irrelevant,"disregard for now, we will review this in a separate udpate",Not evidence of a defect - evidence that this report cannot see them.
QA2-522,9,Bound to a source that does not resolve,2,Investigation,https://county_template.devmny.org/the_risk/natural_hazards/wildfire,the_risk/natural_hazards/wildfire,1546087,(untitled),1546029,Card,v2,AVAIL - Fusion Events V2,,"source id 870 has no resolvable row, so no snapshot or column check can be run against it","Identify the source (most are probably DaMa-side, outside this app's tables) so these components can be assessed at all.",Open,,,Irrelevant,"disregard for now, we will review this in a separate udpate",Not evidence of a defect - evidence that this report cannot see them.
QA2-523,9,Bound to a source that does not resolve,2,Investigation,https://county_template.devmny.org/the_risk/natural_hazards/wildfire,the_risk/natural_hazards/wildfire,1546087,(untitled),1546040,Graph,v1,AVAIL - Fusion Events V2,B1-d,"source id 870 has no resolvable row, so no snapshot or column check can be run against it","Identify the source (most are probably DaMa-side, outside this app's tables) so these components can be assessed at all.",Open,,,Irrelevant,"disregard for now, we will review this in a separate udpate",Not evidence of a defect - evidence that this report cannot see them.
QA2-524,9,Bound to a source that does not resolve,2,Investigation,https://county_template.devmny.org/the_risk/natural_hazards/wildfire,the_risk/natural_hazards/wildfire,1546087,(untitled),1546041,Card,v2,AVAIL - Fusion Events V2,B1-d,"source id 870 has no resolvable row, so no snapshot or column check can be run against it","Identify the source (most are probably DaMa-side, outside this app's tables) so these components can be assessed at all.",Open,,,Irrelevant,"disregard for now, we will review this in a separate udpate",Not evidence of a defect - evidence that this report cannot see them.
QA2-525,9,Bound to a source that does not resolve,2,Investigation,https://county_template.devmny.org/the_risk/natural_hazards/wildfire,the_risk/natural_hazards/wildfire,1546087,(untitled),1546046,Graph,v2,AVAIL - Fusion Events V2,B1-d,"source id 870 has no resolvable row, so no snapshot or column check can be run against it","Identify the source (most are probably DaMa-side, outside this app's tables) so these components can be assessed at all.",Open,,,Irrelevant,"disregard for now, we will review this in a separate udpate",Not evidence of a defect - evidence that this report cannot see them.
QA2-526,9,Bound to a source that does not resolve,2,Investigation,https://county_template.devmny.org/the_risk/natural_hazards/wildfire,the_risk/natural_hazards/wildfire,1546087,(untitled),1546049,Graph,v2,AVAIL - Fusion Events V2,B1-d,"source id 870 has no resolvable row, so no snapshot or column check can be run against it","Identify the source (most are probably DaMa-side, outside this app's tables) so these components can be assessed at all.",Open,,,Irrelevant,"disregard for now, we will review this in a separate udpate",Not evidence of a defect - evidence that this report cannot see them.
QA2-527,9,Bound to a source that does not resolve,2,Investigation,https://county_template.devmny.org/the_risk/natural_hazards/wildfire,the_risk/natural_hazards/wildfire,1546087,(untitled),1546052,Spreadsheet,v1,AVAIL - Fusion Events V2,B1-d,"source id 870 has no resolvable row, so no snapshot or column check can be run against it","Identify the source (most are probably DaMa-side, outside this app's tables) so these components can be assessed at all.",Open,,,Irrelevant,"disregard for now, we will review this in a separate udpate",Not evidence of a defect - evidence that this report cannot see them.
QA2-528,9,Bound to a source that does not resolve,2,Investigation,https://county_template.devmny.org/the_risk/natural_hazards/wildfire,the_risk/natural_hazards/wildfire,1546087,(untitled),1546056,Spreadsheet,v2,AVAIL - Fusion Events V2,B1-d,"source id 870 has no resolvable row, so no snapshot or column check can be run against it","Identify the source (most are probably DaMa-side, outside this app's tables) so these components can be assessed at all.",Open,,,Irrelevant,"disregard for now, we will review this in a separate udpate",Not evidence of a defect - evidence that this report cannot see them.
QA2-529,9,Bound to a source that does not resolve,2,Investigation,https://county_template.devmny.org/the_risk/natural_hazards/wildfire,the_risk/natural_hazards/wildfire,1546087,(untitled),1546064,Card,v1,NRI Counties - Hazard Normalized,B2-b,"source id 1508 has no resolvable row, so no snapshot or column check can be run against it","Identify the source (most are probably DaMa-side, outside this app's tables) so these components can be assessed at all.",Open,,,Irrelevant,"disregard for now, we will review this in a separate udpate",Not evidence of a defect - evidence that this report cannot see them.
QA2-530,9,Bound to a source that does not resolve,2,Investigation,https://county_template.devmny.org/the_risk/natural_hazards/wind,the_risk/natural_hazards/wind,1546213,(untitled),2416268,Card,v2,AVAIL - Fusion Events V2,,"source id 870 has no resolvable row, so no snapshot or column check can be run against it","Identify the source (most are probably DaMa-side, outside this app's tables) so these components can be assessed at all.",Open,,,Irrelevant,"disregard for now, we will review this in a separate udpate",Not evidence of a defect - evidence that this report cannot see them.
QA2-531,9,Bound to a source that does not resolve,2,Investigation,https://county_template.devmny.org/the_risk/natural_hazards/wind,the_risk/natural_hazards/wind,1546213,(untitled),2416269,Card,v2,NRI Counties - Hazard Normalized,,"source id 1508 has no resolvable row, so no snapshot or column check can be run against it","Identify the source (most are probably DaMa-side, outside this app's tables) so these components can be assessed at all.",Open,,,Irrelevant,"disregard for now, we will review this in a separate udpate",Not evidence of a defect - evidence that this report cannot see them.
QA2-532,9,Bound to a source that does not resolve,2,Investigation,https://county_template.devmny.org/the_risk/natural_hazards/wind,the_risk/natural_hazards/wind,1546213,(untitled),2416270,Card,v2,AVAIL - Fusion Events V2,,"source id 870 has no resolvable row, so no snapshot or column check can be run against it","Identify the source (most are probably DaMa-side, outside this app's tables) so these components can be assessed at all.",Open,,,Irrelevant,"disregard for now, we will review this in a separate udpate",Not evidence of a defect - evidence that this report cannot see them.
QA2-493,9,Bound to a source that does not resolve,2,Investigation,https://county_template.devmny.org/the_risk/natural_hazards/wind,the_risk/natural_hazards/wind,1546213,(untitled),1545728,Graph,v1,AVAIL - Fusion Events V2,B1-d,"source id 870 has no resolvable row, so no snapshot or column check can be run against it","Identify the source (most are probably DaMa-side, outside this app's tables) so these components can be assessed at all.",Open,,,Irrelevant,"disregard for now, we will review this in a separate udpate",Not evidence of a defect - evidence that this report cannot see them.
QA2-494,9,Bound to a source that does not resolve,2,Investigation,https://county_template.devmny.org/the_risk/natural_hazards/wind,the_risk/natural_hazards/wind,1546213,(untitled),1545729,Card,v2,AVAIL - Fusion Events V2,B1-d,"source id 870 has no resolvable row, so no snapshot or column check can be run against it","Identify the source (most are probably DaMa-side, outside this app's tables) so these components can be assessed at all.",Open,,,Irrelevant,"disregard for now, we will review this in a separate udpate",Not evidence of a defect - evidence that this report cannot see them.
QA2-495,9,Bound to a source that does not resolve,2,Investigation,https://county_template.devmny.org/the_risk/natural_hazards/wind,the_risk/natural_hazards/wind,1546213,(untitled),1545734,Graph,v2,AVAIL - Fusion Events V2,B1-d,"source id 870 has no resolvable row, so no snapshot or column check can be run against it","Identify the source (most are probably DaMa-side, outside this app's tables) so these components can be assessed at all.",Open,,,Irrelevant,"disregard for now, we will review this in a separate udpate",Not evidence of a defect - evidence that this report cannot see them.
QA2-496,9,Bound to a source that does not resolve,2,Investigation,https://county_template.devmny.org/the_risk/natural_hazards/wind,the_risk/natural_hazards/wind,1546213,(untitled),1545737,Graph,v2,AVAIL - Fusion Events V2,B1-d,"source id 870 has no resolvable row, so no snapshot or column check can be run against it","Identify the source (most are probably DaMa-side, outside this app's tables) so these components can be assessed at all.",Open,,,Irrelevant,"disregard for now, we will review this in a separate udpate",Not evidence of a defect - evidence that this report cannot see them.
QA2-533,9,Bound to a source that does not resolve,2,Investigation,https://county_template.devmny.org/the_risk/natural_hazards/wind,the_risk/natural_hazards/wind,1546213,(untitled),1546178,Spreadsheet,v1,AVAIL - Fusion Events V2,B1-d,"source id 870 has no resolvable row, so no snapshot or column check can be run against it","Identify the source (most are probably DaMa-side, outside this app's tables) so these components can be assessed at all.",Open,,,Irrelevant,"disregard for now, we will review this in a separate udpate",Not evidence of a defect - evidence that this report cannot see them.
QA2-498,9,Bound to a source that does not resolve,2,Investigation,https://county_template.devmny.org/the_risk/natural_hazards/wind,the_risk/natural_hazards/wind,1546213,(untitled),1545744,Spreadsheet,v2,AVAIL - Fusion Events V2,B1-d,"source id 870 has no resolvable row, so no snapshot or column check can be run against it","Identify the source (most are probably DaMa-side, outside this app's tables) so these components can be assessed at all.",Open,,,Irrelevant,"disregard for now, we will review this in a separate udpate",Not evidence of a defect - evidence that this report cannot see them.
QA2-519,9,Bound to a source that does not resolve,2,Investigation,https://county_template.devmny.org/the_risk/natural_hazards/wind,the_risk/natural_hazards/wind,1546213,(untitled),1545876,Card,v1,NRI Counties - Hazard Normalized,B2-b,"source id 1508 has no resolvable row, so no snapshot or column check can be run against it","Identify the source (most are probably DaMa-side, outside this app's tables) so these components can be assessed at all.",Open,,,Irrelevant,"disregard for now, we will review this in a separate udpate",Not evidence of a defect - evidence that this report cannot see them.