Fix ID,Parent finding,Pattern ID,Page URL,Page,Page ID,Section title,Draft section ID,Tracking ID,Component kind,Draft index,Hidden from view,Source name,Source label (as shown in picker),Source class,Source ID,View ID,Source env (srcEnv),Has join,Stored fetch mode,readyToLoad,Resolved behaviour,Relies on implicit fallback,Recommended fetch mode,Recommended fix,Fix needed,Status,Assigned to,Date fixed,Notes
T6-C001,T6-001,1300890,https://county_template.devmny.org/home,home,1300803,County Hazard Profiles,2175348,d78ea23f-24e4-41fb-96f0-be7760d31b7b,Card,10,,AVAIL - Fusion Events V2,AVAIL - Fusion Events V2 [external],external,870,1648,hazmit_dama,,(not set),TRUE,Smart (fetch on change),TRUE,Smart (fetch on change),"Section Settings > Data Fetch Mode: set Smart (fetch on change) (external source). Currently unset (behaving as Smart (fetch on change) via the implicit fallback, readyToLoad=TRUE).",Yes - set,Open,,,
T6-C002,T6-001,1300890,https://county_template.devmny.org/the_local_environment/built_environment,the_local_environment/built_environment,1300809,Overview,2011169,b50f6b90-a250-43a9-a963-648dc7bac6aa,Card,1,,LHMP_IA,LHMP_IA [test_meta_forms],internal,1441680,1441681,mitigat-ny-prod+test_meta_forms,,(not set),TRUE,Smart (fetch on change),TRUE,Force (always re-fetch),"Section Settings > Data Fetch Mode: set Force (always re-fetch) (internal source). Currently unset (behaving as Smart (fetch on change) via the implicit fallback, readyToLoad=TRUE).",Yes - set,Open,,,
T6-C003,T6-001,1300890,https://county_template.devmny.org/the_local_environment/built_environment,the_local_environment/built_environment,1300809,(untitled Card),2011170,e64cbc3b-5174-4f81-8a61-1eac390b2a09,Card,2,,LHMP_IA,LHMP_IA [test_meta_forms],internal,1441680,1441681,mitigat-ny-prod+test_meta_forms,,(not set),TRUE,Smart (fetch on change),TRUE,Force (always re-fetch),"Section Settings > Data Fetch Mode: set Force (always re-fetch) (internal source). Currently unset (behaving as Smart (fetch on change) via the implicit fallback, readyToLoad=TRUE).",Yes - set,Open,,,
T6-C004,T6-001,1300890,https://county_template.devmny.org/the_local_environment/built_environment,the_local_environment/built_environment,1300809,Critical Buildings and Infrastructure,2011174,ba85f1b4-584c-43aa-ae1d-4169d1638246,Card,6,,LHMP_IA,LHMP_IA [test-meta-forms],internal,1441680,1441681,mitigat-ny-prod+test-meta-forms,,(not set),TRUE,Smart (fetch on change),TRUE,Force (always re-fetch),"Section Settings > Data Fetch Mode: set Force (always re-fetch) (internal source). Currently unset (behaving as Smart (fetch on change) via the implicit fallback, readyToLoad=TRUE).",Yes - set,Open,,,
T6-C005,T6-001,1300890,https://county_template.devmny.org/the_local_environment/built_environment,the_local_environment/built_environment,1300809,Water Infrastructure,2011181,3ff003a7-9f29-446f-a4d6-c55fa7868153,Card,13,,LHMP_IA,LHMP_IA [test-meta-forms],internal,1441680,1441681,mitigat-ny-prod+test-meta-forms,,(not set),TRUE,Smart (fetch on change),TRUE,Force (always re-fetch),"Section Settings > Data Fetch Mode: set Force (always re-fetch) (internal source). Currently unset (behaving as Smart (fetch on change) via the implicit fallback, readyToLoad=TRUE).",Yes - set,Open,,,
T6-C006,T6-001,1300890,https://county_template.devmny.org/the_local_environment/built_environment,the_local_environment/built_environment,1300809,(untitled Card),2011184,21e3a458-a1f2-4a4f-96f7-e5f8d749a984,Card,16,,LHMP_IA,LHMP_IA [test-meta-forms],internal,1441680,1441681,mitigat-ny-prod+test-meta-forms,,(not set),TRUE,Smart (fetch on change),TRUE,Force (always re-fetch),"Section Settings > Data Fetch Mode: set Force (always re-fetch) (internal source). Currently unset (behaving as Smart (fetch on change) via the implicit fallback, readyToLoad=TRUE).",Yes - set,Open,,,
T6-C007,T6-001,1300890,https://county_template.devmny.org/the_local_environment/built_environment,the_local_environment/built_environment,1300809,Transportation,2011185,0fac2426-1328-4895-91c6-b13534329b70,Card,17,,LHMP_IA,LHMP_IA [test-meta-forms],internal,1441680,1441681,mitigat-ny-prod+test-meta-forms,,(not set),TRUE,Smart (fetch on change),TRUE,Force (always re-fetch),"Section Settings > Data Fetch Mode: set Force (always re-fetch) (internal source). Currently unset (behaving as Smart (fetch on change) via the implicit fallback, readyToLoad=TRUE).",Yes - set,Open,,,
T6-C008,T6-001,1300890,https://county_template.devmny.org/the_local_environment/built_environment,the_local_environment/built_environment,1300809,(untitled Card),2011201,e925d487-4363-4b80-a01b-9b77e0ab0382,Card,33,,LHMP_IA,LHMP_IA [test_meta_forms],internal,1441680,1441681,mitigat-ny-prod+test_meta_forms,,(not set),TRUE,Smart (fetch on change),TRUE,Force (always re-fetch),"Section Settings > Data Fetch Mode: set Force (always re-fetch) (internal source). Currently unset (behaving as Smart (fetch on change) via the implicit fallback, readyToLoad=TRUE).",Yes - set,Open,,,
T6-C009,T6-001,1300890,https://county_template.devmny.org/the_local_environment/built_environment,the_local_environment/built_environment,1300809,Historic Buildings,2011202,b33c8150-1034-49c1-b4a7-d2894862e74d,Spreadsheet,34,,BILD 2026 Simplified Draft V1,BILD 2026 Simplified Draft V1 [external],external,1651,2357,hazmit_dama,,(not set),TRUE,Smart (fetch on change),TRUE,Smart (fetch on change),"Section Settings > Data Fetch Mode: set Smart (fetch on change) (external source). Currently unset (behaving as Smart (fetch on change) via the implicit fallback, readyToLoad=TRUE).",Yes - set,Open,,,
T6-C010,T6-001,1300890,https://county_template.devmny.org/the_local_environment/built_environment,the_local_environment/built_environment,1300809,(untitled Spreadsheet),2011218,ebc2d586-bf59-4999-9ee3-bbb50e113062,Spreadsheet,50,,R_and_V_Matrix,R_and_V_Matrix [prod],internal,1068982,1068985,mitigat-ny-prod+prod,,(not set),TRUE,Smart (fetch on change),TRUE,Force (always re-fetch),"Section Settings > Data Fetch Mode: set Force (always re-fetch) (internal source). Currently unset (behaving as Smart (fetch on change) via the implicit fallback, readyToLoad=TRUE).",Yes - set,Open,,,
T6-C011,T6-001,1300890,https://county_template.devmny.org/the_local_environment/high_hazard_dams,the_local_environment/high_hazard_dams,1300814,Overview,1626214,fb07da63-0306-4d9a-b1c0-64ca6c1ad5a7,Card,2,,LHMP_IA,LHMP_IA [test-meta-forms],internal,1441680,1441681,mitigat-ny-prod+test-meta-forms,,(not set),TRUE,Smart (fetch on change),TRUE,Force (always re-fetch),"Section Settings > Data Fetch Mode: set Force (always re-fetch) (internal source). Currently unset (behaving as Smart (fetch on change) via the implicit fallback, readyToLoad=TRUE).",Yes - set,Open,,,
T6-C012,T6-001,1300890,https://county_template.devmny.org/the_local_environment/high_hazard_dams,the_local_environment/high_hazard_dams,1300814,(untitled Card),1480275,a3ae9aab-22ab-407a-b5f5-fe82d24babaa,Card,3,TRUE,LHMP_IA,LHMP_IA [test_meta_forms],internal,1441680,1441681,mitigat-ny-prod+test_meta_forms,,(not set),TRUE,Smart (fetch on change),TRUE,Force (always re-fetch),"Section Settings > Data Fetch Mode: set Force (always re-fetch) (internal source). Currently unset (behaving as Smart (fetch on change) via the implicit fallback, readyToLoad=TRUE).",Yes - set,Open,,,"Hidden from view (data.hideInView), so it never renders and the setting has no runtime effect today - set it anyway for template consistency, or defer. Owner decision."
T6-C013,T6-001,1300890,https://county_template.devmny.org/the_local_environment/high_hazard_dams,the_local_environment/high_hazard_dams,1300814,DEC Dam Inventory,1465878,c9d0327b-9008-47b6-b788-372563997d7f,Spreadsheet,6,,NYS_Dams,NYS_Dams [test-meta-forms],internal,1459525,1459528,mitigat-ny-prod+test-meta-forms,,(not set),TRUE,Smart (fetch on change),TRUE,Force (always re-fetch),"Section Settings > Data Fetch Mode: set Force (always re-fetch) (internal source). Currently unset (behaving as Smart (fetch on change) via the implicit fallback, readyToLoad=TRUE).",Yes - set,Open,,,
T6-C014,T6-001,1300890,https://county_template.devmny.org/the_local_environment/high_hazard_dams/high_hazard_dams_view_card,the_local_environment/high_hazard_dams/high_hazard_dams_view_card,1458959,Risk Assessment Process,2380306,bbabc65a-f53d-4105-b9ee-90321b356a29,Card,5,,NYS_Dams,NYS_Dams [prod],internal,1459525,1459528,mitigat-ny-prod+prod,,Smart (fetch on change),TRUE,Smart (fetch on change),,Force (always re-fetch),Section Settings > Data Fetch Mode: set Force (always re-fetch) (internal source). Currently set to Smart (fetch on change).,Yes - change,Open,,,
T6-C015,T6-001,1300890,https://county_template.devmny.org/the_local_environment/high_hazard_dams/high_hazard_dams_view_card,the_local_environment/high_hazard_dams/high_hazard_dams_view_card,1458959,Dam Risks and Failure Impact,2380307,2ce0356d-48f7-4ee7-9d8f-d1d54b0ffbad,Card,6,,NYS_Dams,NYS_Dams [prod],internal,1459525,1459528,mitigat-ny-prod+prod,,Smart (fetch on change),TRUE,Smart (fetch on change),,Force (always re-fetch),Section Settings > Data Fetch Mode: set Force (always re-fetch) (internal source). Currently set to Smart (fetch on change).,Yes - change,Open,,,
T6-C016,T6-001,1300890,https://county_template.devmny.org/the_local_environment/high_hazard_dams/high_hazard_dams_view_card,the_local_environment/high_hazard_dams/high_hazard_dams_view_card,1458959,Mitigation Plan Goal,2380308,e026d0fd-3062-4aca-be37-aa5049ba16f1,Card,7,,NYS_Dams,NYS_Dams [prod],internal,1459525,1459528,mitigat-ny-prod+prod,,Smart (fetch on change),TRUE,Smart (fetch on change),,Force (always re-fetch),Section Settings > Data Fetch Mode: set Force (always re-fetch) (internal source). Currently set to Smart (fetch on change).,Yes - change,Open,,,
T6-C017,T6-001,1300890,https://county_template.devmny.org/the_local_environment/high_hazard_dams/high_hazard_dams_view_card,the_local_environment/high_hazard_dams/high_hazard_dams_view_card,1458959,Planned Mitigation Actions / Projects,2380309,8a3e571a-dc94-4589-a469-399ca8a83fde,Card,8,,NYS_Dams,NYS_Dams [prod],internal,1459525,1459528,mitigat-ny-prod+prod,,Smart (fetch on change),TRUE,Smart (fetch on change),,Force (always re-fetch),Section Settings > Data Fetch Mode: set Force (always re-fetch) (internal source). Currently set to Smart (fetch on change).,Yes - change,Open,,,
T6-C018,T6-001,1300890,https://county_template.devmny.org/the_local_environment/high_hazard_dams/high_hazard_dams_view_card,the_local_environment/high_hazard_dams/high_hazard_dams_view_card,1458959,Risk Assessment Process,1689476,7c1f9d4f-db48-437c-a961-db7504ae5520,Card,10,TRUE,NYS_Dams,NYS_Dams [prod],internal,1459525,1459528,mitigat-ny-prod+prod,,Smart (fetch on change),TRUE,Smart (fetch on change),,Force (always re-fetch),Section Settings > Data Fetch Mode: set Force (always re-fetch) (internal source). Currently set to Smart (fetch on change).,Yes - change,Open,,,"Hidden from view (data.hideInView), so it never renders and the setting has no runtime effect today - set it anyway for template consistency, or defer. Owner decision."
T6-C019,T6-001,1300890,https://county_template.devmny.org/the_local_environment/high_hazard_dams/high_hazard_dams_view_card,the_local_environment/high_hazard_dams/high_hazard_dams_view_card,1458959,Dam Risks and Failure Impact,1689477,2ce0356d-48f7-4ee7-9d8f-d1d54b0ffbad,Card,11,TRUE,NYS_Dams,NYS_Dams [prod],internal,1459525,1459528,mitigat-ny-prod+prod,,Smart (fetch on change),TRUE,Smart (fetch on change),,Force (always re-fetch),Section Settings > Data Fetch Mode: set Force (always re-fetch) (internal source). Currently set to Smart (fetch on change).,Yes - change,Open,,,"Hidden from view (data.hideInView), so it never renders and the setting has no runtime effect today - set it anyway for template consistency, or defer. Owner decision."
T6-C020,T6-001,1300890,https://county_template.devmny.org/the_local_environment/high_hazard_dams/high_hazard_dams_view_card,the_local_environment/high_hazard_dams/high_hazard_dams_view_card,1458959,Mitigation Plan Goal,1689478,fa537e2f-c1be-4181-adf8-4df6665820b5,Card,12,TRUE,NYS_Dams,NYS_Dams [prod],internal,1459525,1459528,mitigat-ny-prod+prod,,Smart (fetch on change),TRUE,Smart (fetch on change),,Force (always re-fetch),Section Settings > Data Fetch Mode: set Force (always re-fetch) (internal source). Currently set to Smart (fetch on change).,Yes - change,Open,,,"Hidden from view (data.hideInView), so it never renders and the setting has no runtime effect today - set it anyway for template consistency, or defer. Owner decision."
T6-C021,T6-001,1300890,https://county_template.devmny.org/the_local_environment/high_hazard_dams/high_hazard_dams_view_card,the_local_environment/high_hazard_dams/high_hazard_dams_view_card,1458959,Planned Mitigation Actions / Projects,1689479,219f836c-ca96-4fb1-b6bf-22a25cbed77e,Card,13,TRUE,NYS_Dams,NYS_Dams [prod],internal,1459525,1459528,mitigat-ny-prod+prod,,Smart (fetch on change),TRUE,Smart (fetch on change),,Force (always re-fetch),Section Settings > Data Fetch Mode: set Force (always re-fetch) (internal source). Currently set to Smart (fetch on change).,Yes - change,Open,,,"Hidden from view (data.hideInView), so it never renders and the setting has no runtime effect today - set it anyway for template consistency, or defer. Owner decision."
T6-C022,T6-001,1300890,https://county_template.devmny.org/the_local_environment/high_hazard_dams/high_hazard_dams_view_card,the_local_environment/high_hazard_dams/high_hazard_dams_view_card,1458959,Additional Comments or Notes,1689480,49447670-7084-4b2d-82fd-c46f4fcf8746,Card,14,TRUE,NYS_Dams,NYS_Dams [prod],internal,1459525,1459528,mitigat-ny-prod+prod,,(not set),TRUE,Smart (fetch on change),TRUE,Force (always re-fetch),"Section Settings > Data Fetch Mode: set Force (always re-fetch) (internal source). Currently unset (behaving as Smart (fetch on change) via the implicit fallback, readyToLoad=TRUE).",Yes - set,Open,,,"Hidden from view (data.hideInView), so it never renders and the setting has no runtime effect today - set it anyway for template consistency, or defer. Owner decision."
T6-C023,T6-001,1300890,https://county_template.devmny.org/the_local_environment/natural_environment,the_local_environment/natural_environment,1300819,(untitled Card),1703871,09082df3-a3de-4a1c-ac58-e0ea24ebdbce,Card,5,,LHMP_IA,LHMP_IA [test_meta_forms],internal,1441680,1441681,mitigat-ny-prod+test_meta_forms,,(not set),TRUE,Smart (fetch on change),TRUE,Force (always re-fetch),"Section Settings > Data Fetch Mode: set Force (always re-fetch) (internal source). Currently unset (behaving as Smart (fetch on change) via the implicit fallback, readyToLoad=TRUE).",Yes - set,Open,,,
T6-C024,T6-001,1300890,https://county_template.devmny.org/the_local_environment/natural_environment,the_local_environment/natural_environment,1300819,(untitled Card),1703878,309ec693-91ee-4dc9-8189-b721309e7a7a,Card,12,,LHMP_IA,LHMP_IA [test-meta-forms],internal,1441680,1441681,mitigat-ny-prod+test-meta-forms,,(not set),TRUE,Smart (fetch on change),TRUE,Force (always re-fetch),"Section Settings > Data Fetch Mode: set Force (always re-fetch) (internal source). Currently unset (behaving as Smart (fetch on change) via the implicit fallback, readyToLoad=TRUE).",Yes - set,Open,,,
T6-C025,T6-001,1300890,https://county_template.devmny.org/the_local_environment/natural_environment,the_local_environment/natural_environment,1300819,(untitled Card),1703884,9c8b446a-a03f-4294-ba21-16bb63532277,Card,18,,LHMP_IA,LHMP_IA [test_meta_forms],internal,1441680,1441681,mitigat-ny-prod+test_meta_forms,,(not set),TRUE,Smart (fetch on change),TRUE,Force (always re-fetch),"Section Settings > Data Fetch Mode: set Force (always re-fetch) (internal source). Currently unset (behaving as Smart (fetch on change) via the implicit fallback, readyToLoad=TRUE).",Yes - set,Open,,,
T6-C026,T6-001,1300890,https://county_template.devmny.org/the_local_environment/nfip_floodplain_management,the_local_environment/nfip_floodplain_management,1421876,Floodplain Administrators,1603946,8796270a-7ee5-4e0c-893a-25bc8b8795b8,Card,7,,Roles,Roles [test_meta_forms],internal,1473295,1473296,mitigat-ny-prod+test_meta_forms,,Smart (fetch on change),TRUE,Smart (fetch on change),,Force (always re-fetch),Section Settings > Data Fetch Mode: set Force (always re-fetch) (internal source). Currently set to Smart (fetch on change).,Yes - change,Open,,,
T6-C027,T6-001,1300890,https://county_template.devmny.org/the_local_environment/nfip_floodplain_management,the_local_environment/nfip_floodplain_management,1421876,(untitled Card),1677994,944ed673-0506-4852-8a06-e45a7d8bbedd,Card,8,TRUE,LHMP_IA,LHMP_IA [test_meta_forms],internal,1441680,1441681,mitigat-ny-prod+test_meta_forms,,(not set),TRUE,Smart (fetch on change),TRUE,Force (always re-fetch),"Section Settings > Data Fetch Mode: set Force (always re-fetch) (internal source). Currently unset (behaving as Smart (fetch on change) via the implicit fallback, readyToLoad=TRUE).",Yes - set,Open,,,"Hidden from view (data.hideInView), so it never renders and the setting has no runtime effect today - set it anyway for template consistency, or defer. Owner decision."
T6-C028,T6-001,1300890,https://county_template.devmny.org/the_local_environment/nfip_floodplain_management,the_local_environment/nfip_floodplain_management,1421876,NFIP Loss By Jurisdiction,1676713,79c401f1-c079-4ab0-9781-f6b00aee808b,Spreadsheet,11,,nfip claims enhance (incl jurisdiction geoms) v1.2,nfip claims enhance (incl jurisdiction geoms) v1.2 [external],external,1610,2583,hazmit_dama,,(not set),TRUE,Smart (fetch on change),TRUE,Smart (fetch on change),"Section Settings > Data Fetch Mode: set Smart (fetch on change) (external source). Currently unset (behaving as Smart (fetch on change) via the implicit fallback, readyToLoad=TRUE).",Yes - set,Open,,,
T6-C029,T6-001,1300890,https://county_template.devmny.org/the_local_environment/people_and_communities,the_local_environment/people_and_communities,1300810,(untitled Card),2003784,2ab40c67-d37d-4023-a3df-0a8dae151d49,Card,17,,LHMP_IA,LHMP_IA [test-meta-forms],internal,1441680,1441681,mitigat-ny-prod+test-meta-forms,,(not set),TRUE,Smart (fetch on change),TRUE,Force (always re-fetch),"Section Settings > Data Fetch Mode: set Force (always re-fetch) (internal source). Currently unset (behaving as Smart (fetch on change) via the implicit fallback, readyToLoad=TRUE).",Yes - set,Open,,,
T6-C030,T6-001,1300890,https://county_template.devmny.org/the_plan/about_the_process,the_plan/about_the_process,1300807,(untitled Card),1518167,956bd1da-de8c-45ce-965f-94bd2a02f616,Card,11,TRUE,LHMP_IA,LHMP_IA [test-meta-forms],internal,1441680,1441681,mitigat-ny-prod+test-meta-forms,,(not set),TRUE,Smart (fetch on change),TRUE,Force (always re-fetch),"Section Settings > Data Fetch Mode: set Force (always re-fetch) (internal source). Currently unset (behaving as Smart (fetch on change) via the implicit fallback, readyToLoad=TRUE).",Yes - set,Open,,,"Hidden from view (data.hideInView), so it never renders and the setting has no runtime effect today - set it anyway for template consistency, or defer. Owner decision."
T6-C031,T6-001,1300890,https://county_template.devmny.org/the_plan/about_the_process,the_plan/about_the_process,1300807,Planning Participants,1515016,50f8e46b-5c8c-490d-a44f-9cda6174e160,Spreadsheet,16,,Roles,Roles [test_meta_forms],internal,1473295,1473296,mitigat-ny-prod+test_meta_forms,,(not set),TRUE,Smart (fetch on change),TRUE,Force (always re-fetch),"Section Settings > Data Fetch Mode: set Force (always re-fetch) (internal source). Currently unset (behaving as Smart (fetch on change) via the implicit fallback, readyToLoad=TRUE).",Yes - set,Open,,,
T6-C032,T6-001,1300890,https://county_template.devmny.org/the_plan/about_the_process,the_plan/about_the_process,1300807,(untitled Card),1518169,c2dabab1-a403-4353-abed-2dbc3ba7574e,Card,17,TRUE,LHMP_IA,LHMP_IA [test-meta-forms],internal,1441680,1441681,mitigat-ny-prod+test-meta-forms,,(not set),TRUE,Smart (fetch on change),TRUE,Force (always re-fetch),"Section Settings > Data Fetch Mode: set Force (always re-fetch) (internal source). Currently unset (behaving as Smart (fetch on change) via the implicit fallback, readyToLoad=TRUE).",Yes - set,Open,,,"Hidden from view (data.hideInView), so it never renders and the setting has no runtime effect today - set it anyway for template consistency, or defer. Owner decision."
T6-C033,T6-001,1300890,https://county_template.devmny.org/the_plan/about_the_process,the_plan/about_the_process,1300807,Planning Meetings,1515018,731c2f3a-9ab5-4ab0-baf7-f13fc55e412f,Spreadsheet,18,,Participation,Participation [test_meta_forms],internal,1473468,1473469,mitigat-ny-prod+test_meta_forms,,(not set),TRUE,Smart (fetch on change),TRUE,Force (always re-fetch),"Section Settings > Data Fetch Mode: set Force (always re-fetch) (internal source). Currently unset (behaving as Smart (fetch on change) via the implicit fallback, readyToLoad=TRUE).",Yes - set,Open,,,
T6-C034,T6-001,1300890,https://county_template.devmny.org/the_plan/about_the_process,the_plan/about_the_process,1300807,(untitled Card),1515030,60f12a0b-2ff5-42da-9d17-82736dc75b6b,Card,26,TRUE,LHMP_IA,LHMP_IA [test-meta-forms],internal,1441680,1441681,mitigat-ny-prod+test-meta-forms,,(not set),TRUE,Smart (fetch on change),TRUE,Force (always re-fetch),"Section Settings > Data Fetch Mode: set Force (always re-fetch) (internal source). Currently unset (behaving as Smart (fetch on change) via the implicit fallback, readyToLoad=TRUE).",Yes - set,Open,,,"Hidden from view (data.hideInView), so it never renders and the setting has no runtime effect today - set it anyway for template consistency, or defer. Owner decision."
T6-C035,T6-001,1300890,https://county_template.devmny.org/the_plan/about_the_process,the_plan/about_the_process,1300807,County Capabilities Table,1685651,fb1cda18-be36-4d79-9837-518adfa24ac4,Spreadsheet,27,,Capabilities_Catalogue,Capabilities_Catalogue [test_meta_forms],internal,1068273,1172519,mitigat-ny-prod+test_meta_forms,,(not set),TRUE,Smart (fetch on change),TRUE,Force (always re-fetch),"Section Settings > Data Fetch Mode: set Force (always re-fetch) (internal source). Currently unset (behaving as Smart (fetch on change) via the implicit fallback, readyToLoad=TRUE).",Yes - set,Open,,,
T6-C036,T6-001,1300890,https://county_template.devmny.org/the_plan/about_the_process,the_plan/about_the_process,1300807,Jurisdictional Resources and Capabilities,1685653,e741135c-94f0-4a11-958c-c5b15726a5be,Spreadsheet,29,,Capabilities_Catalogue,Capabilities_Catalogue [test_meta_forms],internal,1068273,1172519,mitigat-ny-prod+test_meta_forms,,(not set),TRUE,Smart (fetch on change),TRUE,Force (always re-fetch),"Section Settings > Data Fetch Mode: set Force (always re-fetch) (internal source). Currently unset (behaving as Smart (fetch on change) via the implicit fallback, readyToLoad=TRUE).",Yes - set,Open,,,
T6-C037,T6-001,1300890,https://county_template.devmny.org/the_plan/capabilities_assessment,the_plan/capabilities_assessment,1425510,Overview,1447507,5106058d-945a-4795-af84-98a71ec8deae,Card,1,,LHMP_IA,LHMP_IA [test_meta_forms],internal,1441680,1441681,mitigat-ny-prod+test_meta_forms,,(not set),TRUE,Smart (fetch on change),TRUE,Force (always re-fetch),"Section Settings > Data Fetch Mode: set Force (always re-fetch) (internal source). Currently unset (behaving as Smart (fetch on change) via the implicit fallback, readyToLoad=TRUE).",Yes - set,Open,,,
T6-C038,T6-001,1300890,https://county_template.devmny.org/the_plan/capabilities_assessment,the_plan/capabilities_assessment,1425510,State Mitigation Capabilities,1426481,3f9ab902-55ed-40c5-be06-400ce0bc86ac,Spreadsheet,3,,Capabilities_Catalogue,Capabilities_Catalogue [test_meta_forms],internal,1068273,1172519,mitigat-ny-prod+test_meta_forms,,(not set),TRUE,Smart (fetch on change),TRUE,Force (always re-fetch),"Section Settings > Data Fetch Mode: set Force (always re-fetch) (internal source). Currently unset (behaving as Smart (fetch on change) via the implicit fallback, readyToLoad=TRUE).",Yes - set,Open,,,
T6-C039,T6-001,1300890,https://county_template.devmny.org/the_plan/capabilities_assessment,the_plan/capabilities_assessment,1425510,(untitled Card),1517086,954df9d2-690f-452f-8fc7-2ec4c0532253,Card,6,TRUE,LHMP_IA,LHMP_IA [test_meta_forms],internal,1441680,1441681,mitigat-ny-prod+test_meta_forms,,(not set),TRUE,Smart (fetch on change),TRUE,Force (always re-fetch),"Section Settings > Data Fetch Mode: set Force (always re-fetch) (internal source). Currently unset (behaving as Smart (fetch on change) via the implicit fallback, readyToLoad=TRUE).",Yes - set,Open,,,"Hidden from view (data.hideInView), so it never renders and the setting has no runtime effect today - set it anyway for template consistency, or defer. Owner decision."
T6-C040,T6-001,1300890,https://county_template.devmny.org/the_plan/capabilities_assessment,the_plan/capabilities_assessment,1425510,Local Capabilities Table,1426467,1f5cbb43-d738-4391-b34c-62264c87d1de,Spreadsheet,7,,Capabilities_Catalogue,Capabilities_Catalogue [test_meta_forms],internal,1068273,1172519,mitigat-ny-prod+test_meta_forms,,(not set),TRUE,Smart (fetch on change),TRUE,Force (always re-fetch),"Section Settings > Data Fetch Mode: set Force (always re-fetch) (internal source). Currently unset (behaving as Smart (fetch on change) via the implicit fallback, readyToLoad=TRUE).",Yes - set,Open,,,
T6-C041,T6-001,1300890,https://county_template.devmny.org/the_plan/capabilities_assessment,the_plan/capabilities_assessment,1425510,(untitled Card),1517088,954df9d2-690f-452f-8fc7-2ec4c0532253,Card,12,TRUE,LHMP_IA,LHMP_IA [test_meta_forms],internal,1441680,1441681,mitigat-ny-prod+test_meta_forms,,(not set),TRUE,Smart (fetch on change),TRUE,Force (always re-fetch),"Section Settings > Data Fetch Mode: set Force (always re-fetch) (internal source). Currently unset (behaving as Smart (fetch on change) via the implicit fallback, readyToLoad=TRUE).",Yes - set,Open,,,"Hidden from view (data.hideInView), so it never renders and the setting has no runtime effect today - set it anyway for template consistency, or defer. Owner decision."
T6-C042,T6-001,1300890,https://county_template.devmny.org/the_plan/capabilities_assessment,the_plan/capabilities_assessment,1425510,(untitled Card),1517092,954df9d2-690f-452f-8fc7-2ec4c0532253,Card,18,TRUE,LHMP_IA,LHMP_IA [test_meta_forms],internal,1441680,1441681,mitigat-ny-prod+test_meta_forms,,(not set),TRUE,Smart (fetch on change),TRUE,Force (always re-fetch),"Section Settings > Data Fetch Mode: set Force (always re-fetch) (internal source). Currently unset (behaving as Smart (fetch on change) via the implicit fallback, readyToLoad=TRUE).",Yes - set,Open,,,"Hidden from view (data.hideInView), so it never renders and the setting has no runtime effect today - set it anyway for template consistency, or defer. Owner decision."
T6-C043,T6-001,1300890,https://county_template.devmny.org/the_plan/capabilities_assessment,the_plan/capabilities_assessment,1425510,(untitled Card),1517094,052282cc-f36e-4697-8102-b56b3858343c,Card,24,TRUE,LHMP_IA,LHMP_IA [test_meta_forms],internal,1441680,1441681,mitigat-ny-prod+test_meta_forms,,(not set),TRUE,Smart (fetch on change),TRUE,Force (always re-fetch),"Section Settings > Data Fetch Mode: set Force (always re-fetch) (internal source). Currently unset (behaving as Smart (fetch on change) via the implicit fallback, readyToLoad=TRUE).",Yes - set,Open,,,"Hidden from view (data.hideInView), so it never renders and the setting has no runtime effect today - set it anyway for template consistency, or defer. Owner decision."
T6-C044,T6-001,1300890,https://county_template.devmny.org/the_plan/jurisdictional_annexes,the_plan/jurisdictional_annexes,1300933,Overview,2380933,bc9f47b0-63f2-46ac-b1d0-5e6b361942b4,Card,1,,LHMP_IA,LHMP_IA [test_meta_forms],internal,1441680,1441681,mitigat-ny-prod+test_meta_forms,,(not set),TRUE,Smart (fetch on change),TRUE,Force (always re-fetch),"Section Settings > Data Fetch Mode: set Force (always re-fetch) (internal source). Currently unset (behaving as Smart (fetch on change) via the implicit fallback, readyToLoad=TRUE).",Yes - set,Open,,,
T6-C045,T6-001,1300890,https://county_template.devmny.org/the_plan/jurisdictional_annexes/crit_infra_form_prototype,the_plan/jurisdictional_annexes/crit_infra_form_prototype,1676371,"Agriculture (Crops, Livestock, related products)",1676376,0118fa79-1f62-4a70-b063-93c86e509dc7,Card,2,,Actions_Revised,Actions_Revised [test_meta_forms],internal,1029065,1074456,mitigat-ny-prod+test_meta_forms,,(not set),TRUE,Smart (fetch on change),TRUE,Force (always re-fetch),"Section Settings > Data Fetch Mode: set Force (always re-fetch) (internal source). Currently unset (behaving as Smart (fetch on change) via the implicit fallback, readyToLoad=TRUE).",Yes - set,Open,,,
T6-C046,T6-001,1300890,https://county_template.devmny.org/the_plan/jurisdictional_annexes/crit_infra_form_prototype,the_plan/jurisdictional_annexes/crit_infra_form_prototype,1676371,"Area: Concentration of Local Businesses, Major Employers",1676377,1d99bd13-c645-4f3e-b5cf-3a78d2a369f3,Card,3,,Actions_Revised,Actions_Revised [test-meta-forms],internal,1029065,1074456,mitigat-ny-prod+test-meta-forms,,(not set),TRUE,Smart (fetch on change),TRUE,Force (always re-fetch),"Section Settings > Data Fetch Mode: set Force (always re-fetch) (internal source). Currently unset (behaving as Smart (fetch on change) via the implicit fallback, readyToLoad=TRUE).",Yes - set,Open,,,
T6-C047,T6-001,1300890,https://county_template.devmny.org/the_plan/jurisdictional_annexes/crit_infra_form_prototype,the_plan/jurisdictional_annexes/crit_infra_form_prototype,1676371,Area: Concentration of Residences,1676393,6a8508cf-6bf2-4142-8305-6fea087b6fe8,Card,4,,Actions_Revised,Actions_Revised [test-meta-forms],internal,1029065,1074456,mitigat-ny-prod+test-meta-forms,,(not set),TRUE,Smart (fetch on change),TRUE,Force (always re-fetch),"Section Settings > Data Fetch Mode: set Force (always re-fetch) (internal source). Currently unset (behaving as Smart (fetch on change) via the implicit fallback, readyToLoad=TRUE).",Yes - set,Open,,,
T6-C048,T6-001,1300890,https://county_template.devmny.org/the_plan/jurisdictional_annexes/crit_infra_form_prototype,the_plan/jurisdictional_annexes/crit_infra_form_prototype,1676371,"Local Roads, Highways, Culverts, Bridges",1676392,58c6aa56-dd46-42b9-85c9-002b48db8ece,Card,5,,Actions_Revised,Actions_Revised [test-meta-forms],internal,1029065,1074456,mitigat-ny-prod+test-meta-forms,,(not set),TRUE,Smart (fetch on change),TRUE,Force (always re-fetch),"Section Settings > Data Fetch Mode: set Force (always re-fetch) (internal source). Currently unset (behaving as Smart (fetch on change) via the implicit fallback, readyToLoad=TRUE).",Yes - set,Open,,,
T6-C049,T6-001,1300890,https://county_template.devmny.org/the_plan/jurisdictional_annexes/crit_infra_form_prototype,the_plan/jurisdictional_annexes/crit_infra_form_prototype,1676371,Municipal Buildings,1676391,2ad65472-a589-4442-a13d-bc61aaba8b1d,Card,6,,Actions_Revised,Actions_Revised [test-meta-forms],internal,1029065,1074456,mitigat-ny-prod+test-meta-forms,,(not set),TRUE,Smart (fetch on change),TRUE,Force (always re-fetch),"Section Settings > Data Fetch Mode: set Force (always re-fetch) (internal source). Currently unset (behaving as Smart (fetch on change) via the implicit fallback, readyToLoad=TRUE).",Yes - set,Open,,,
T6-C050,T6-001,1300890,https://county_template.devmny.org/the_plan/jurisdictional_annexes/crit_infra_form_prototype,the_plan/jurisdictional_annexes/crit_infra_form_prototype,1676371,Medical Centers (non-hospital),1676390,6ab718b1-96e3-4b13-a0d5-6fedf7c9cd21,Card,7,,Actions_Revised,Actions_Revised [test-meta-forms],internal,1029065,1074456,mitigat-ny-prod+test-meta-forms,,(not set),TRUE,Smart (fetch on change),TRUE,Force (always re-fetch),"Section Settings > Data Fetch Mode: set Force (always re-fetch) (internal source). Currently unset (behaving as Smart (fetch on change) via the implicit fallback, readyToLoad=TRUE).",Yes - set,Open,,,
T6-C051,T6-001,1300890,https://county_template.devmny.org/the_plan/jurisdictional_annexes/crit_infra_form_prototype,the_plan/jurisdictional_annexes/crit_infra_form_prototype,1676371,College/University,1676389,1a37a61f-3bac-4eda-ad00-ee5e7f68abcc,Card,8,,Actions_Revised,Actions_Revised [test-meta-forms],internal,1029065,1074456,mitigat-ny-prod+test-meta-forms,,(not set),TRUE,Smart (fetch on change),TRUE,Force (always re-fetch),"Section Settings > Data Fetch Mode: set Force (always re-fetch) (internal source). Currently unset (behaving as Smart (fetch on change) via the implicit fallback, readyToLoad=TRUE).",Yes - set,Open,,,
T6-C052,T6-001,1300890,https://county_template.devmny.org/the_plan/jurisdictional_annexes/crit_infra_form_prototype,the_plan/jurisdictional_annexes/crit_infra_form_prototype,1676371,Place of Worship,1676388,2836c872-d555-45f6-9c96-cdb2dcbeb194,Card,9,,Actions_Revised,Actions_Revised [test-meta-forms],internal,1029065,1074456,mitigat-ny-prod+test-meta-forms,,(not set),TRUE,Smart (fetch on change),TRUE,Force (always re-fetch),"Section Settings > Data Fetch Mode: set Force (always re-fetch) (internal source). Currently unset (behaving as Smart (fetch on change) via the implicit fallback, readyToLoad=TRUE).",Yes - set,Open,,,
T6-C053,T6-001,1300890,https://county_template.devmny.org/the_plan/jurisdictional_annexes/crit_infra_form_prototype,the_plan/jurisdictional_annexes/crit_infra_form_prototype,1676371,"Community Centers, Parks, Recreational Sites and Local Events (economic drivers such as fairs, beaches, skiing, farming, fishing, etc.) ",1676387,719c1f9d-8007-44ae-a654-275cbce42619,Card,10,,Actions_Revised,Actions_Revised [test-meta-forms],internal,1029065,1074456,mitigat-ny-prod+test-meta-forms,,(not set),TRUE,Smart (fetch on change),TRUE,Force (always re-fetch),"Section Settings > Data Fetch Mode: set Force (always re-fetch) (internal source). Currently unset (behaving as Smart (fetch on change) via the implicit fallback, readyToLoad=TRUE).",Yes - set,Open,,,
T6-C054,T6-001,1300890,https://county_template.devmny.org/the_plan/jurisdictional_annexes/crit_infra_form_prototype,the_plan/jurisdictional_annexes/crit_infra_form_prototype,1676371,"Public Transportation including fleets, transportation infrastructure (i.e., railroads, signals, bus/train stops etc.), mobile asset and equipment storage, critical public transit routes, Airport(s)",1676386,6a53efc8-39f9-4b88-8853-1272c5cf6344,Card,11,,Actions_Revised,Actions_Revised [test-meta-forms],internal,1029065,1074456,mitigat-ny-prod+test-meta-forms,,(not set),TRUE,Smart (fetch on change),TRUE,Force (always re-fetch),"Section Settings > Data Fetch Mode: set Force (always re-fetch) (internal source). Currently unset (behaving as Smart (fetch on change) via the implicit fallback, readyToLoad=TRUE).",Yes - set,Open,,,
T6-C055,T6-001,1300890,https://county_template.devmny.org/the_plan/jurisdictional_annexes/crit_infra_form_prototype,the_plan/jurisdictional_annexes/crit_infra_form_prototype,1676371,Cultural/Historic Buildings/Sites,1676385,80835627-280e-43b4-aa90-076acad61d4b,Card,12,,Actions_Revised,Actions_Revised [test-meta-forms],internal,1029065,1074456,mitigat-ny-prod+test-meta-forms,,(not set),TRUE,Smart (fetch on change),TRUE,Force (always re-fetch),"Section Settings > Data Fetch Mode: set Force (always re-fetch) (internal source). Currently unset (behaving as Smart (fetch on change) via the implicit fallback, readyToLoad=TRUE).",Yes - set,Open,,,
T6-C056,T6-001,1300890,https://county_template.devmny.org/the_plan/jurisdictional_annexes/crit_infra_form_prototype,the_plan/jurisdictional_annexes/crit_infra_form_prototype,1676371,Schools (K-12),1676384,6b46366b-80c4-45ef-b689-8921af08a162,Card,13,,Actions_Revised,Actions_Revised [test-meta-forms],internal,1029065,1074456,mitigat-ny-prod+test-meta-forms,,(not set),TRUE,Smart (fetch on change),TRUE,Force (always re-fetch),"Section Settings > Data Fetch Mode: set Force (always re-fetch) (internal source). Currently unset (behaving as Smart (fetch on change) via the implicit fallback, readyToLoad=TRUE).",Yes - set,Open,,,
T6-C057,T6-001,1300890,https://county_template.devmny.org/the_plan/jurisdictional_annexes/crit_infra_form_prototype,the_plan/jurisdictional_annexes/crit_infra_form_prototype,1676371,Elder-care Facilities,1676383,e2f55247-a280-4c11-8c7f-5f90238ea088,Card,14,,Actions_Revised,Actions_Revised [test-meta-forms],internal,1029065,1074456,mitigat-ny-prod+test-meta-forms,,(not set),TRUE,Smart (fetch on change),TRUE,Force (always re-fetch),"Section Settings > Data Fetch Mode: set Force (always re-fetch) (internal source). Currently unset (behaving as Smart (fetch on change) via the implicit fallback, readyToLoad=TRUE).",Yes - set,Open,,,
T6-C058,T6-001,1300890,https://county_template.devmny.org/the_plan/jurisdictional_annexes/crit_infra_form_prototype,the_plan/jurisdictional_annexes/crit_infra_form_prototype,1676371,Utilities,1676382,15960610-7e97-47b7-8ab8-f10d8908d13f,Card,15,,Actions_Revised,Actions_Revised [test-meta-forms],internal,1029065,1074456,mitigat-ny-prod+test-meta-forms,,(not set),TRUE,Smart (fetch on change),TRUE,Force (always re-fetch),"Section Settings > Data Fetch Mode: set Force (always re-fetch) (internal source). Currently unset (behaving as Smart (fetch on change) via the implicit fallback, readyToLoad=TRUE).",Yes - set,Open,,,
T6-C059,T6-001,1300890,https://county_template.devmny.org/the_plan/jurisdictional_annexes/crit_infra_form_prototype,the_plan/jurisdictional_annexes/crit_infra_form_prototype,1676371,Fire/Police Stations,1676381,586d9737-4e08-41ec-bda1-8b4a4ab3cc02,Card,16,,Actions_Revised,Actions_Revised [test-meta-forms],internal,1029065,1074456,mitigat-ny-prod+test-meta-forms,,(not set),TRUE,Smart (fetch on change),TRUE,Force (always re-fetch),"Section Settings > Data Fetch Mode: set Force (always re-fetch) (internal source). Currently unset (behaving as Smart (fetch on change) via the implicit fallback, readyToLoad=TRUE).",Yes - set,Open,,,
T6-C060,T6-001,1300890,https://county_template.devmny.org/the_plan/jurisdictional_annexes/crit_infra_form_prototype,the_plan/jurisdictional_annexes/crit_infra_form_prototype,1676371,Wastewater Treatment Plants,1676397,097e5ba6-9f8a-4144-b2c8-229ce7cbaf1d,Card,17,,Actions_Revised,Actions_Revised [test-meta-forms],internal,1029065,1074456,mitigat-ny-prod+test-meta-forms,,(not set),TRUE,Smart (fetch on change),TRUE,Force (always re-fetch),"Section Settings > Data Fetch Mode: set Force (always re-fetch) (internal source). Currently unset (behaving as Smart (fetch on change) via the implicit fallback, readyToLoad=TRUE).",Yes - set,Open,,,
T6-C061,T6-001,1300890,https://county_template.devmny.org/the_plan/jurisdictional_annexes/crit_infra_form_prototype,the_plan/jurisdictional_annexes/crit_infra_form_prototype,1676371,"Gas Stations, Grocery Stores, Supermarkets",1676396,4915913f-3a6f-43f5-b9e3-f5a9cb677c00,Card,18,,Actions_Revised,Actions_Revised [test-meta-forms],internal,1029065,1074456,mitigat-ny-prod+test-meta-forms,,(not set),TRUE,Smart (fetch on change),TRUE,Force (always re-fetch),"Section Settings > Data Fetch Mode: set Force (always re-fetch) (internal source). Currently unset (behaving as Smart (fetch on change) via the implicit fallback, readyToLoad=TRUE).",Yes - set,Open,,,
T6-C062,T6-001,1300890,https://county_template.devmny.org/the_plan/jurisdictional_annexes/crit_infra_form_prototype,the_plan/jurisdictional_annexes/crit_infra_form_prototype,1676371,Water: Drinking Water Resources,1676395,027a1373-5300-455a-af73-5275da67e820,Card,19,,Actions_Revised,Actions_Revised [test-meta-forms],internal,1029065,1074456,mitigat-ny-prod+test-meta-forms,,(not set),TRUE,Smart (fetch on change),TRUE,Force (always re-fetch),"Section Settings > Data Fetch Mode: set Force (always re-fetch) (internal source). Currently unset (behaving as Smart (fetch on change) via the implicit fallback, readyToLoad=TRUE).",Yes - set,Open,,,
T6-C063,T6-001,1300890,https://county_template.devmny.org/the_plan/jurisdictional_annexes/crit_infra_form_prototype,the_plan/jurisdictional_annexes/crit_infra_form_prototype,1676371,Hospitals,1676394,2a62cb89-4731-4ba9-a733-62827a2020d1,Card,20,,Actions_Revised,Actions_Revised [test-meta-forms],internal,1029065,1074456,mitigat-ny-prod+test-meta-forms,,(not set),TRUE,Smart (fetch on change),TRUE,Force (always re-fetch),"Section Settings > Data Fetch Mode: set Force (always re-fetch) (internal source). Currently unset (behaving as Smart (fetch on change) via the implicit fallback, readyToLoad=TRUE).",Yes - set,Open,,,
T6-C064,T6-001,1300890,https://county_template.devmny.org/the_plan/jurisdictional_annexes/crit_infra_form_prototype,the_plan/jurisdictional_annexes/crit_infra_form_prototype,1676371,Other,1676380,04d04273-0637-4e9f-89fd-7c49ea6b6d99,Card,21,,Actions_Revised,Actions_Revised [test-meta-forms],internal,1029065,1074456,mitigat-ny-prod+test-meta-forms,,(not set),TRUE,Smart (fetch on change),TRUE,Force (always re-fetch),"Section Settings > Data Fetch Mode: set Force (always re-fetch) (internal source). Currently unset (behaving as Smart (fetch on change) via the implicit fallback, readyToLoad=TRUE).",Yes - set,Open,,,
T6-C065,T6-001,1300890,https://county_template.devmny.org/the_plan/jurisdictional_annexes/ho_c_form_prototype,the_plan/jurisdictional_annexes/ho_c_form_prototype,1676369,Hazard of Concern,1676372,78215506-ce2f-40ee-9fa5-fe867666e44f,Card,2,,Hazards_of_Concern,Hazards_of_Concern [test_meta_forms],internal,1473470,1473471,mitigat-ny-prod+test_meta_forms,,(not set),TRUE,Smart (fetch on change),TRUE,Force (always re-fetch),"Section Settings > Data Fetch Mode: set Force (always re-fetch) (internal source). Currently unset (behaving as Smart (fetch on change) via the implicit fallback, readyToLoad=TRUE).",Yes - set,Open,,,
T6-C066,T6-001,1300890,https://county_template.devmny.org/the_plan/jurisdictional_annexes/ho_c_form_prototype,the_plan/jurisdictional_annexes/ho_c_form_prototype,1676369,Specific Problem Statements Related to this Hazard,1676373,d2cb5697-48e8-47cd-98a0-f128510972b8,Card,3,,Actions_Revised,Actions_Revised [test-meta-forms],internal,1029065,1074456,mitigat-ny-prod+test-meta-forms,,(not set),TRUE,Smart (fetch on change),TRUE,Force (always re-fetch),"Section Settings > Data Fetch Mode: set Force (always re-fetch) (internal source). Currently unset (behaving as Smart (fetch on change) via the implicit fallback, readyToLoad=TRUE).",Yes - set,Open,,,
T6-C067,T6-001,1300890,https://county_template.devmny.org/the_plan/jurisdictional_annexes/jurisdictional_annex_form,the_plan/jurisdictional_annexes/jurisdictional_annex_form,2243356,Executive Summary,2243270,d5ca1fcc-2c26-4f32-b30a-ad1c08185a4b,Card,5,,Jurisdictions,Jurisdictions [test_meta_forms],internal,1346449,1346450,mitigat-ny-prod+test_meta_forms,,(not set),TRUE,Smart (fetch on change),TRUE,Force (always re-fetch),"Section Settings > Data Fetch Mode: set Force (always re-fetch) (internal source). Currently unset (behaving as Smart (fetch on change) via the implicit fallback, readyToLoad=TRUE).",Yes - set,Open,,,
T6-C068,T6-001,1300890,https://county_template.devmny.org/the_plan/jurisdictional_annexes/jurisdictional_annex_form,the_plan/jurisdictional_annexes/jurisdictional_annex_form,2243356,Hazard Mitigation Representatives ,2243271,50f8e46b-5c8c-490d-a44f-9cda6174e160,Spreadsheet,6,,Roles,Roles [test_meta_forms],internal,1473295,1473296,mitigat-ny-prod+test_meta_forms,,(not set),TRUE,Smart (fetch on change),TRUE,Force (always re-fetch),"Section Settings > Data Fetch Mode: set Force (always re-fetch) (internal source). Currently unset (behaving as Smart (fetch on change) via the implicit fallback, readyToLoad=TRUE).",Yes - set,Open,,,
T6-C069,T6-001,1300890,https://county_template.devmny.org/the_plan/jurisdictional_annexes/jurisdictional_annex_form,the_plan/jurisdictional_annexes/jurisdictional_annex_form,2243356,Planning Process,2243274,d5ca1fcc-2c26-4f32-b30a-ad1c08185a4b,Card,9,,Jurisdictions,Jurisdictions [test_meta_forms],internal,1346449,1346450,mitigat-ny-prod+test_meta_forms,,(not set),TRUE,Smart (fetch on change),TRUE,Force (always re-fetch),"Section Settings > Data Fetch Mode: set Force (always re-fetch) (internal source). Currently unset (behaving as Smart (fetch on change) via the implicit fallback, readyToLoad=TRUE).",Yes - set,Open,,,
T6-C070,T6-001,1300890,https://county_template.devmny.org/the_plan/jurisdictional_annexes/jurisdictional_annex_form,the_plan/jurisdictional_annexes/jurisdictional_annex_form,2243356,(untitled Spreadsheet),2243275,731c2f3a-9ab5-4ab0-baf7-f13fc55e412f,Spreadsheet,10,,Participation,Participation [test_meta_forms],internal,1473468,1473469,mitigat-ny-prod+test_meta_forms,,(not set),TRUE,Smart (fetch on change),TRUE,Force (always re-fetch),"Section Settings > Data Fetch Mode: set Force (always re-fetch) (internal source). Currently unset (behaving as Smart (fetch on change) via the implicit fallback, readyToLoad=TRUE).",Yes - set,Open,,,
T6-C071,T6-001,1300890,https://county_template.devmny.org/the_plan/jurisdictional_annexes/jurisdictional_annex_form,the_plan/jurisdictional_annexes/jurisdictional_annex_form,2243356,Jurisdictional Profile,2243278,d5ca1fcc-2c26-4f32-b30a-ad1c08185a4b,Card,13,,Jurisdictions,Jurisdictions [test_meta_forms],internal,1346449,1346450,mitigat-ny-prod+test_meta_forms,,(not set),TRUE,Smart (fetch on change),TRUE,Force (always re-fetch),"Section Settings > Data Fetch Mode: set Force (always re-fetch) (internal source). Currently unset (behaving as Smart (fetch on change) via the implicit fallback, readyToLoad=TRUE).",Yes - set,Open,,,
T6-C072,T6-001,1300890,https://county_template.devmny.org/the_plan/jurisdictional_annexes/jurisdictional_annex_form,the_plan/jurisdictional_annexes/jurisdictional_annex_form,2243356,Local Context,2243281,52f1dfba-0229-48f2-9866-45b1dcb6a14b,Card,16,,Jurisdictions,Jurisdictions [test_meta_forms],internal,1346449,1346450,mitigat-ny-prod+test_meta_forms,,(not set),TRUE,Smart (fetch on change),TRUE,Force (always re-fetch),"Section Settings > Data Fetch Mode: set Force (always re-fetch) (internal source). Currently unset (behaving as Smart (fetch on change) via the implicit fallback, readyToLoad=TRUE).",Yes - set,Open,,,
T6-C073,T6-001,1300890,https://county_template.devmny.org/the_plan/jurisdictional_annexes/jurisdictional_annex_form,the_plan/jurisdictional_annexes/jurisdictional_annex_form,2243356,Critical Buildings,2243283,19600e6d-b783-4253-a551-86caad917275,Card,18,,Jurisdictions,Jurisdictions [test_meta_forms],internal,1346449,1346450,mitigat-ny-prod+test_meta_forms,,(not set),TRUE,Smart (fetch on change),TRUE,Force (always re-fetch),"Section Settings > Data Fetch Mode: set Force (always re-fetch) (internal source). Currently unset (behaving as Smart (fetch on change) via the implicit fallback, readyToLoad=TRUE).",Yes - set,Open,,,
T6-C074,T6-001,1300890,https://county_template.devmny.org/the_plan/jurisdictional_annexes/jurisdictional_annex_form,the_plan/jurisdictional_annexes/jurisdictional_annex_form,2243356,Historic Properties/District (if applicable),2243449,b51b20db-ed8c-4ef5-b627-ea4b8c0abcd4,Card,22,,Jurisdictions,Jurisdictions [test_meta_forms],internal,1346449,1346450,mitigat-ny-prod+test_meta_forms,,(not set),TRUE,Smart (fetch on change),TRUE,Force (always re-fetch),"Section Settings > Data Fetch Mode: set Force (always re-fetch) (internal source). Currently unset (behaving as Smart (fetch on change) via the implicit fallback, readyToLoad=TRUE).",Yes - set,Open,,,
T6-C075,T6-001,1300890,https://county_template.devmny.org/the_plan/jurisdictional_annexes/jurisdictional_annex_form,the_plan/jurisdictional_annexes/jurisdictional_annex_form,2243356,Critical Infrastructure,2243290,ab79230d-7f42-462c-b3a4-b5ffe174dd10,Card,25,,Jurisdictions,Jurisdictions [test_meta_forms],internal,1346449,1346450,mitigat-ny-prod+test_meta_forms,,(not set),TRUE,Smart (fetch on change),TRUE,Force (always re-fetch),"Section Settings > Data Fetch Mode: set Force (always re-fetch) (internal source). Currently unset (behaving as Smart (fetch on change) via the implicit fallback, readyToLoad=TRUE).",Yes - set,Open,,,
T6-C076,T6-001,1300890,https://county_template.devmny.org/the_plan/jurisdictional_annexes/jurisdictional_annex_form,the_plan/jurisdictional_annexes/jurisdictional_annex_form,2243356,Growth and Development Trends,2243292,7dbc9e34-e953-4973-8358-a9bea61a8141,Card,27,,Jurisdictions,Jurisdictions [test_meta_forms],internal,1346449,1346450,mitigat-ny-prod+test_meta_forms,,(not set),TRUE,Smart (fetch on change),TRUE,Force (always re-fetch),"Section Settings > Data Fetch Mode: set Force (always re-fetch) (internal source). Currently unset (behaving as Smart (fetch on change) via the implicit fallback, readyToLoad=TRUE).",Yes - set,Open,,,
T6-C077,T6-001,1300890,https://county_template.devmny.org/the_plan/jurisdictional_annexes/jurisdictional_annex_form,the_plan/jurisdictional_annexes/jurisdictional_annex_form,2243356,Additional Context (Municipal),2243294,1954129e-9e69-4346-a054-5e74923b8c3e,Card,29,,Jurisdictions,Jurisdictions [test_meta_forms],internal,1346449,1346450,mitigat-ny-prod+test_meta_forms,,(not set),TRUE,Smart (fetch on change),TRUE,Force (always re-fetch),"Section Settings > Data Fetch Mode: set Force (always re-fetch) (internal source). Currently unset (behaving as Smart (fetch on change) via the implicit fallback, readyToLoad=TRUE).",Yes - set,Open,,,
T6-C078,T6-001,1300890,https://county_template.devmny.org/the_plan/jurisdictional_annexes/jurisdictional_annex_form,the_plan/jurisdictional_annexes/jurisdictional_annex_form,2243356,Risk,2243296,f5e93459-b8df-4316-a4ea-64b2af65dc8a,Card,31,,Jurisdictions,Jurisdictions [test_meta_forms],internal,1346449,1346450,mitigat-ny-prod+test_meta_forms,,(not set),TRUE,Smart (fetch on change),TRUE,Force (always re-fetch),"Section Settings > Data Fetch Mode: set Force (always re-fetch) (internal source). Currently unset (behaving as Smart (fetch on change) via the implicit fallback, readyToLoad=TRUE).",Yes - set,Open,,,
T6-C079,T6-001,1300890,https://county_template.devmny.org/the_plan/jurisdictional_annexes/jurisdictional_annex_form,the_plan/jurisdictional_annexes/jurisdictional_annex_form,2243356,Hazards of Concern,2243298,e02d3e07-d9a4-4744-a02b-a49ef79ddfd5,Spreadsheet,33,,Hazards_of_Concern,Hazards_of_Concern [test_meta_forms],internal,1473470,1473471,mitigat-ny-prod+test_meta_forms,,(not set),TRUE,Smart (fetch on change),TRUE,Force (always re-fetch),"Section Settings > Data Fetch Mode: set Force (always re-fetch) (internal source). Currently unset (behaving as Smart (fetch on change) via the implicit fallback, readyToLoad=TRUE).",Yes - set,Open,,,
T6-C080,T6-001,1300890,https://county_template.devmny.org/the_plan/jurisdictional_annexes/jurisdictional_annex_form,the_plan/jurisdictional_annexes/jurisdictional_annex_form,2243356,Hazards Excluded,2243300,a04f1bb3-93c6-4e36-a65e-b2239e50a4a5,Spreadsheet,35,,Hazards_of_Concern,Hazards_of_Concern [test_meta_forms],internal,1473470,1473471,mitigat-ny-prod+test_meta_forms,,(not set),TRUE,Smart (fetch on change),TRUE,Force (always re-fetch),"Section Settings > Data Fetch Mode: set Force (always re-fetch) (internal source). Currently unset (behaving as Smart (fetch on change) via the implicit fallback, readyToLoad=TRUE).",Yes - set,Open,,,
T6-C081,T6-001,1300890,https://county_template.devmny.org/the_plan/jurisdictional_annexes/jurisdictional_annex_form,the_plan/jurisdictional_annexes/jurisdictional_annex_form,2243356,Historic Occurances,2243302,fbb51934-b2ae-482e-bb2e-324eb6e30f9a,Card,37,,Jurisdictions,Jurisdictions [test_meta_forms],internal,1346449,1346450,mitigat-ny-prod+test_meta_forms,,(not set),TRUE,Smart (fetch on change),TRUE,Force (always re-fetch),"Section Settings > Data Fetch Mode: set Force (always re-fetch) (internal source). Currently unset (behaving as Smart (fetch on change) via the implicit fallback, readyToLoad=TRUE).",Yes - set,Open,,,
T6-C082,T6-001,1300890,https://county_template.devmny.org/the_plan/jurisdictional_annexes/jurisdictional_annex_form,the_plan/jurisdictional_annexes/jurisdictional_annex_form,2243356,Declared Disasters,2243306,c1efbf64-aa1c-4cc2-9d6a-204bfb02a1fb,Card,41,,Jurisdictions,Jurisdictions [test_meta_forms],internal,1346449,1346450,mitigat-ny-prod+test_meta_forms,,(not set),TRUE,Smart (fetch on change),TRUE,Force (always re-fetch),"Section Settings > Data Fetch Mode: set Force (always re-fetch) (internal source). Currently unset (behaving as Smart (fetch on change) via the implicit fallback, readyToLoad=TRUE).",Yes - set,Open,,,
T6-C083,T6-001,1300890,https://county_template.devmny.org/the_plan/jurisdictional_annexes/jurisdictional_annex_form,the_plan/jurisdictional_annexes/jurisdictional_annex_form,2243356,Problem Areas,2243308,93e480cc-1d66-4879-8741-a59a9090efdf,Card,43,,Jurisdictions,Jurisdictions [test_meta_forms],internal,1346449,1346450,mitigat-ny-prod+test_meta_forms,,(not set),TRUE,Smart (fetch on change),TRUE,Force (always re-fetch),"Section Settings > Data Fetch Mode: set Force (always re-fetch) (internal source). Currently unset (behaving as Smart (fetch on change) via the implicit fallback, readyToLoad=TRUE).",Yes - set,Open,,,
T6-C084,T6-001,1300890,https://county_template.devmny.org/the_plan/jurisdictional_annexes/jurisdictional_annex_form,the_plan/jurisdictional_annexes/jurisdictional_annex_form,2243356,Cascading Impacts from Hazards,2243314,d2512761-7639-4968-98d3-a7153a5abce2,Card,49,,Jurisdictions,Jurisdictions [test_meta_forms],internal,1346449,1346450,mitigat-ny-prod+test_meta_forms,,(not set),TRUE,Smart (fetch on change),TRUE,Force (always re-fetch),"Section Settings > Data Fetch Mode: set Force (always re-fetch) (internal source). Currently unset (behaving as Smart (fetch on change) via the implicit fallback, readyToLoad=TRUE).",Yes - set,Open,,,
T6-C085,T6-001,1300890,https://county_template.devmny.org/the_plan/jurisdictional_annexes/jurisdictional_annex_form,the_plan/jurisdictional_annexes/jurisdictional_annex_form,2243356,Other Hazards,2243316,2c3c6f16-0f7e-4b52-9755-0565743f0a48,Card,51,,Jurisdictions,Jurisdictions [test_meta_forms],internal,1346449,1346450,mitigat-ny-prod+test_meta_forms,,(not set),TRUE,Smart (fetch on change),TRUE,Force (always re-fetch),"Section Settings > Data Fetch Mode: set Force (always re-fetch) (internal source). Currently unset (behaving as Smart (fetch on change) via the implicit fallback, readyToLoad=TRUE).",Yes - set,Open,,,
T6-C086,T6-001,1300890,https://county_template.devmny.org/the_plan/jurisdictional_annexes/jurisdictional_annex_form,the_plan/jurisdictional_annexes/jurisdictional_annex_form,2243356,Additional Context (Risk),2243318,8be0a28e-ae34-4693-8363-5b60ce4c7447,Card,53,,Jurisdictions,Jurisdictions [test_meta_forms],internal,1346449,1346450,mitigat-ny-prod+test_meta_forms,,(not set),TRUE,Smart (fetch on change),TRUE,Force (always re-fetch),"Section Settings > Data Fetch Mode: set Force (always re-fetch) (internal source). Currently unset (behaving as Smart (fetch on change) via the implicit fallback, readyToLoad=TRUE).",Yes - set,Open,,,
T6-C087,T6-001,1300890,https://county_template.devmny.org/the_plan/jurisdictional_annexes/jurisdictional_annex_form,the_plan/jurisdictional_annexes/jurisdictional_annex_form,2243356,Evaluation of Previously Identified Actions,2243321,46e2c72f-9c3f-447f-9df2-08d681a1a2ee,Card,56,,Jurisdictions,Jurisdictions [test_meta_forms],internal,1346449,1346450,mitigat-ny-prod+test_meta_forms,,(not set),TRUE,Smart (fetch on change),TRUE,Force (always re-fetch),"Section Settings > Data Fetch Mode: set Force (always re-fetch) (internal source). Currently unset (behaving as Smart (fetch on change) via the implicit fallback, readyToLoad=TRUE).",Yes - set,Open,,,
T6-C088,T6-001,1300890,https://county_template.devmny.org/the_plan/jurisdictional_annexes/jurisdictional_annex_form,the_plan/jurisdictional_annexes/jurisdictional_annex_form,2243356,Action Development,2243324,c6d4985f-cf87-4dfc-a5f0-e2c07aab8390,Card,59,,Jurisdictions,Jurisdictions [test_meta_forms],internal,1346449,1346450,mitigat-ny-prod+test_meta_forms,,(not set),TRUE,Smart (fetch on change),TRUE,Force (always re-fetch),"Section Settings > Data Fetch Mode: set Force (always re-fetch) (internal source). Currently unset (behaving as Smart (fetch on change) via the implicit fallback, readyToLoad=TRUE).",Yes - set,Open,,,
T6-C089,T6-001,1300890,https://county_template.devmny.org/the_plan/jurisdictional_annexes/jurisdictional_annex_form,the_plan/jurisdictional_annexes/jurisdictional_annex_form,2243356,Prioritization,2243325,4afe3c89-b103-455a-910c-e56de3b9ae58,Card,60,,LHMP_IA,LHMP_IA [test-meta-forms],internal,1441680,1441681,mitigat-ny-prod+test-meta-forms,,(not set),TRUE,Smart (fetch on change),TRUE,Force (always re-fetch),"Section Settings > Data Fetch Mode: set Force (always re-fetch) (internal source). Currently unset (behaving as Smart (fetch on change) via the implicit fallback, readyToLoad=TRUE).",Yes - set,Open,,,
T6-C090,T6-001,1300890,https://county_template.devmny.org/the_plan/jurisdictional_annexes/jurisdictional_annex_form,the_plan/jurisdictional_annexes/jurisdictional_annex_form,2243356,Local Context,2243328,55f988cb-db2f-4859-af95-5cdf7cc04260,Card,63,,Jurisdictions,Jurisdictions [test_meta_forms],internal,1346449,1346450,mitigat-ny-prod+test_meta_forms,,(not set),TRUE,Smart (fetch on change),TRUE,Force (always re-fetch),"Section Settings > Data Fetch Mode: set Force (always re-fetch) (internal source). Currently unset (behaving as Smart (fetch on change) via the implicit fallback, readyToLoad=TRUE).",Yes - set,Open,,,
T6-C091,T6-001,1300890,https://county_template.devmny.org/the_plan/jurisdictional_annexes/jurisdictional_annex_form,the_plan/jurisdictional_annexes/jurisdictional_annex_form,2243356,Local Actions Database,2414293,ce48bf5e-d540-40f3-8feb-1bb7cb824194,Spreadsheet,65,,Actions_Revised,Actions_Revised [test_meta_forms],internal,1029065,1074456,mitigat-ny-prod+test_meta_forms,,Force (always re-fetch),,Force (always re-fetch),,Force (always re-fetch),None - already set to Force (always re-fetch).,No,Closed,,2026-08-28,Already correct at scan time.
T6-C092,T6-001,1300890,https://county_template.devmny.org/the_plan/jurisdictional_annexes/jurisdictional_annex_form,the_plan/jurisdictional_annexes/jurisdictional_annex_form,2243356,Additional Context (Strategy),2243333,ff34dd93-31d1-4d35-8f80-4f650257685c,Card,68,,Jurisdictions,Jurisdictions [test_meta_forms],internal,1346449,1346450,mitigat-ny-prod+test_meta_forms,,(not set),TRUE,Smart (fetch on change),TRUE,Force (always re-fetch),"Section Settings > Data Fetch Mode: set Force (always re-fetch) (internal source). Currently unset (behaving as Smart (fetch on change) via the implicit fallback, readyToLoad=TRUE).",Yes - set,Open,,,
T6-C093,T6-001,1300890,https://county_template.devmny.org/the_plan/jurisdictional_annexes/jurisdictional_annex_form,the_plan/jurisdictional_annexes/jurisdictional_annex_form,2243356,Capacity To Implement,2243335,4fa894bc-057f-4157-9705-94e81b6be2d1,Card,70,,Jurisdictions,Jurisdictions [test_meta_forms],internal,1346449,1346450,mitigat-ny-prod+test_meta_forms,,(not set),TRUE,Smart (fetch on change),TRUE,Force (always re-fetch),"Section Settings > Data Fetch Mode: set Force (always re-fetch) (internal source). Currently unset (behaving as Smart (fetch on change) via the implicit fallback, readyToLoad=TRUE).",Yes - set,Open,,,
T6-C094,T6-001,1300890,https://county_template.devmny.org/the_plan/jurisdictional_annexes/jurisdictional_annex_form,the_plan/jurisdictional_annexes/jurisdictional_annex_form,2243356,Integration,2243337,3336e4b7-366c-459b-935b-be786b48ccb8,Card,72,,Jurisdictions,Jurisdictions [test_meta_forms],internal,1346449,1346450,mitigat-ny-prod+test_meta_forms,,(not set),TRUE,Smart (fetch on change),TRUE,Force (always re-fetch),"Section Settings > Data Fetch Mode: set Force (always re-fetch) (internal source). Currently unset (behaving as Smart (fetch on change) via the implicit fallback, readyToLoad=TRUE).",Yes - set,Open,,,
T6-C095,T6-001,1300890,https://county_template.devmny.org/the_plan/jurisdictional_annexes/jurisdictional_annex_form,the_plan/jurisdictional_annexes/jurisdictional_annex_form,2243356,(untitled Spreadsheet),2243340,43a48178-4c55-43c0-8086-8b070566ed92,Spreadsheet,75,,Capabilities_Catalogue,Capabilities_Catalogue [test_meta_forms],internal,1068273,1172519,mitigat-ny-prod+test_meta_forms,,(not set),TRUE,Smart (fetch on change),TRUE,Force (always re-fetch),"Section Settings > Data Fetch Mode: set Force (always re-fetch) (internal source). Currently unset (behaving as Smart (fetch on change) via the implicit fallback, readyToLoad=TRUE).",Yes - set,Open,,,
T6-C096,T6-001,1300890,https://county_template.devmny.org/the_plan/jurisdictional_annexes/jurisdictional_annex_form,the_plan/jurisdictional_annexes/jurisdictional_annex_form,2243356,Additional Context (Capacity to Implement),2243341,6a6039b0-32c6-49a5-a1eb-889e9908f059,Card,76,,Jurisdictions,Jurisdictions [test_meta_forms],internal,1346449,1346450,mitigat-ny-prod+test_meta_forms,,(not set),TRUE,Smart (fetch on change),TRUE,Force (always re-fetch),"Section Settings > Data Fetch Mode: set Force (always re-fetch) (internal source). Currently unset (behaving as Smart (fetch on change) via the implicit fallback, readyToLoad=TRUE).",Yes - set,Open,,,
T6-C097,T6-001,1300890,https://county_template.devmny.org/the_plan/jurisdictional_annexes/jurisdictional_annex_form,the_plan/jurisdictional_annexes/jurisdictional_annex_form,2243356,Complete Actions,2243345,f928b081-4d50-4a49-9fb0-14c9c7917f51,Card,80,,Jurisdictions,Jurisdictions [test_meta_forms],internal,1346449,1346450,mitigat-ny-prod+test_meta_forms,,(not set),TRUE,Smart (fetch on change),TRUE,Force (always re-fetch),"Section Settings > Data Fetch Mode: set Force (always re-fetch) (internal source). Currently unset (behaving as Smart (fetch on change) via the implicit fallback, readyToLoad=TRUE).",Yes - set,Open,,,
T6-C098,T6-001,1300890,https://county_template.devmny.org/the_plan/jurisdictional_annexes/jurisdictional_annex_form,the_plan/jurisdictional_annexes/jurisdictional_annex_form,2243356,In-Progress Actions,2243348,3336e4b7-366c-459b-935b-be786b48ccb8,Card,83,,Jurisdictions,Jurisdictions [test_meta_forms],internal,1346449,1346450,mitigat-ny-prod+test_meta_forms,,(not set),TRUE,Smart (fetch on change),TRUE,Force (always re-fetch),"Section Settings > Data Fetch Mode: set Force (always re-fetch) (internal source). Currently unset (behaving as Smart (fetch on change) via the implicit fallback, readyToLoad=TRUE).",Yes - set,Open,,,
T6-C099,T6-001,1300890,https://county_template.devmny.org/the_plan/jurisdictional_annexes/jurisdictional_annex_form,the_plan/jurisdictional_annexes/jurisdictional_annex_form,2243356,Proposed Actions,2243352,998381a2-281a-4705-87b4-e0270b6cf29c,Card,87,,Jurisdictions,Jurisdictions [test_meta_forms],internal,1346449,1346450,mitigat-ny-prod+test_meta_forms,,(not set),TRUE,Smart (fetch on change),TRUE,Force (always re-fetch),"Section Settings > Data Fetch Mode: set Force (always re-fetch) (internal source). Currently unset (behaving as Smart (fetch on change) via the implicit fallback, readyToLoad=TRUE).",Yes - set,Open,,,
T6-C100,T6-001,1300890,https://county_template.devmny.org/the_plan/jurisdictional_annexes/jurisdictional_annex_form,the_plan/jurisdictional_annexes/jurisdictional_annex_form,2243356,Additional Context (Progress),2243355,ec7fef79-eda7-4da6-bccc-937de5afdf04,Card,90,,Jurisdictions,Jurisdictions [test_meta_forms],internal,1346449,1346450,mitigat-ny-prod+test_meta_forms,,(not set),TRUE,Smart (fetch on change),TRUE,Force (always re-fetch),"Section Settings > Data Fetch Mode: set Force (always re-fetch) (internal source). Currently unset (behaving as Smart (fetch on change) via the implicit fallback, readyToLoad=TRUE).",Yes - set,Open,,,
T6-C101,T6-001,1300890,https://county_template.devmny.org/the_plan/jurisdictional_annexes/select_jurisdiction,the_plan/jurisdictional_annexes/select_jurisdiction,1348541,(untitled Card),2378149,ddef1b18-1149-44ad-bf9d-782aea34d56b,Card,4,TRUE,Jurisdictions,Jurisdictions [test_meta_forms],internal,1346449,1346450,mitigat-ny-prod+test_meta_forms,,(not set),TRUE,Smart (fetch on change),TRUE,Force (always re-fetch),"Section Settings > Data Fetch Mode: set Force (always re-fetch) (internal source). Currently unset (behaving as Smart (fetch on change) via the implicit fallback, readyToLoad=TRUE).",Yes - set,Open,,,"Hidden from view (data.hideInView), so it never renders and the setting has no runtime effect today - set it anyway for template consistency, or defer. Owner decision."
T6-C102,T6-001,1300890,https://county_template.devmny.org/the_plan/jurisdictional_annexes/select_jurisdiction,the_plan/jurisdictional_annexes/select_jurisdiction,1348541,Executive Summary,1348552,d5ca1fcc-2c26-4f32-b30a-ad1c08185a4b,Card,6,,Jurisdictions,Jurisdictions [test_meta_forms],internal,1346449,1346450,mitigat-ny-prod+test_meta_forms,,(not set),TRUE,Smart (fetch on change),TRUE,Force (always re-fetch),"Section Settings > Data Fetch Mode: set Force (always re-fetch) (internal source). Currently unset (behaving as Smart (fetch on change) via the implicit fallback, readyToLoad=TRUE).",Yes - set,Open,,,
T6-C103,T6-001,1300890,https://county_template.devmny.org/the_plan/jurisdictional_annexes/select_jurisdiction,the_plan/jurisdictional_annexes/select_jurisdiction,1348541,Hazard Mitigation Representatives ,1436108,50f8e46b-5c8c-490d-a44f-9cda6174e160,Spreadsheet,7,,Roles,Roles [test_meta_forms],internal,1473295,1657887,mitigat-ny-prod+test_meta_forms,,Force (always re-fetch),TRUE,Force (always re-fetch),,Force (always re-fetch),None - already set to Force (always re-fetch).,No,Closed,,2026-08-28,Already correct at scan time.
T6-C104,T6-001,1300890,https://county_template.devmny.org/the_plan/jurisdictional_annexes/select_jurisdiction,the_plan/jurisdictional_annexes/select_jurisdiction,1348541,(untitled Spreadsheet),1509612,731c2f3a-9ab5-4ab0-baf7-f13fc55e412f,Spreadsheet,11,,Participation,Participation [test_meta_forms],internal,1473468,1473469,mitigat-ny-prod+test_meta_forms,,Force (always re-fetch),TRUE,Force (always re-fetch),,Force (always re-fetch),None - already set to Force (always re-fetch).,No,Closed,,2026-08-28,Already correct at scan time.
T6-C105,T6-001,1300890,https://county_template.devmny.org/the_plan/jurisdictional_annexes/select_jurisdiction,the_plan/jurisdictional_annexes/select_jurisdiction,1348541,Historic Properties/District (if applicable),1437355,b51b20db-ed8c-4ef5-b627-ea4b8c0abcd4,Card,23,,Jurisdictions,Jurisdictions [test_meta_forms],internal,1346449,1346450,mitigat-ny-prod+test_meta_forms,,(not set),TRUE,Smart (fetch on change),TRUE,Force (always re-fetch),"Section Settings > Data Fetch Mode: set Force (always re-fetch) (internal source). Currently unset (behaving as Smart (fetch on change) via the implicit fallback, readyToLoad=TRUE).",Yes - set,Open,,,
T6-C106,T6-001,1300890,https://county_template.devmny.org/the_plan/jurisdictional_annexes/select_jurisdiction,the_plan/jurisdictional_annexes/select_jurisdiction,1348541,Hazards of Concern,1509608,e02d3e07-d9a4-4744-a02b-a49ef79ddfd5,Spreadsheet,34,,Hazards_of_Concern,Hazards_of_Concern [test_meta_forms],internal,1473470,1473471,mitigat-ny-prod+test_meta_forms,,Force (always re-fetch),TRUE,Force (always re-fetch),,Force (always re-fetch),None - already set to Force (always re-fetch).,No,Closed,,2026-08-28,Already correct at scan time.
T6-C107,T6-001,1300890,https://county_template.devmny.org/the_plan/jurisdictional_annexes/select_jurisdiction,the_plan/jurisdictional_annexes/select_jurisdiction,1348541,Hazards Excluded,1517379,a04f1bb3-93c6-4e36-a65e-b2239e50a4a5,Spreadsheet,36,,Hazards_of_Concern,Hazards_of_Concern [test_meta_forms],internal,1473470,1473471,mitigat-ny-prod+test_meta_forms,,(not set),TRUE,Smart (fetch on change),TRUE,Force (always re-fetch),"Section Settings > Data Fetch Mode: set Force (always re-fetch) (internal source). Currently unset (behaving as Smart (fetch on change) via the implicit fallback, readyToLoad=TRUE).",Yes - set,Open,,,
T6-C108,T6-001,1300890,https://county_template.devmny.org/the_plan/jurisdictional_annexes/select_jurisdiction,the_plan/jurisdictional_annexes/select_jurisdiction,1348541,Prioritization,1451024,4afe3c89-b103-455a-910c-e56de3b9ae58,Card,61,,LHMP_IA,LHMP_IA [test-meta-forms],internal,1441680,1441681,mitigat-ny-prod+test-meta-forms,,(not set),TRUE,Smart (fetch on change),TRUE,Force (always re-fetch),"Section Settings > Data Fetch Mode: set Force (always re-fetch) (internal source). Currently unset (behaving as Smart (fetch on change) via the implicit fallback, readyToLoad=TRUE).",Yes - set,Open,,,
T6-C109,T6-001,1300890,https://county_template.devmny.org/the_plan/jurisdictional_annexes/select_jurisdiction,the_plan/jurisdictional_annexes/select_jurisdiction,1348541,Local Actions Database,1440813,3d4d7f1d-ad10-4715-99cd-624f00aaf65c,Spreadsheet,66,,Actions_Revised,Actions_Revised [test_meta_forms],internal,1029065,1074456,mitigat-ny-prod+test_meta_forms,,Force (always re-fetch),TRUE,Force (always re-fetch),,Force (always re-fetch),None - already set to Force (always re-fetch).,No,Closed,,2026-08-28,Already correct at scan time.
T6-C110,T6-001,1300890,https://county_template.devmny.org/the_plan/jurisdictional_annexes/select_jurisdiction,the_plan/jurisdictional_annexes/select_jurisdiction,1348541,(untitled Spreadsheet),1496523,43a48178-4c55-43c0-8086-8b070566ed92,Spreadsheet,76,,Capabilities_Catalogue,Capabilities_Catalogue [test_meta_forms],internal,1068273,1172519,mitigat-ny-prod+test_meta_forms,,Smart (fetch on change),TRUE,Smart (fetch on change),,Force (always re-fetch),Section Settings > Data Fetch Mode: set Force (always re-fetch) (internal source). Currently set to Smart (fetch on change).,Yes - change,Open,,,
T6-C111,T6-001,1300890,https://county_template.devmny.org/the_plan/jurisdictional_annexes/select_jurisdiction,the_plan/jurisdictional_annexes/select_jurisdiction,1348541,Completed Actions Table,2407717,34279d9d-35be-4c14-b9cc-aca7e5197f39,Spreadsheet,82,,Actions_Revised,Actions_Revised [test_meta_forms],internal,1029065,1074456,mitigat-ny-prod+test_meta_forms,,Smart (fetch on change),TRUE,Smart (fetch on change),,Force (always re-fetch),Section Settings > Data Fetch Mode: set Force (always re-fetch) (internal source). Currently set to Smart (fetch on change).,Yes - change,Open,,,
T6-C112,T6-001,1300890,https://county_template.devmny.org/the_plan/jurisdictional_annexes/select_jurisdiction,the_plan/jurisdictional_annexes/select_jurisdiction,1348541,In Progress Actions Table,2407718,1db76370-254c-4178-82a1-44a72b9b10e3,Spreadsheet,86,,Actions_Revised,Actions_Revised [test_meta_forms],internal,1029065,1074456,mitigat-ny-prod+test_meta_forms,,Smart (fetch on change),TRUE,Smart (fetch on change),,Force (always re-fetch),Section Settings > Data Fetch Mode: set Force (always re-fetch) (internal source). Currently set to Smart (fetch on change).,Yes - change,Open,,,
T6-C113,T6-001,1300890,https://county_template.devmny.org/the_plan/jurisdictional_annexes/select_jurisdiction,the_plan/jurisdictional_annexes/select_jurisdiction,1348541,Proposed Actions Table,2407713,3f4b9a57-a5f9-44fb-9af2-aa2086c36767,Spreadsheet,89,,Actions_Revised,Actions_Revised [test_meta_forms],internal,1029065,1074456,mitigat-ny-prod+test_meta_forms,,Smart (fetch on change),TRUE,Smart (fetch on change),,Force (always re-fetch),Section Settings > Data Fetch Mode: set Force (always re-fetch) (internal source). Currently set to Smart (fetch on change).,Yes - change,Open,,,
T6-C114,T6-001,1300890,https://county_template.devmny.org/the_plan/strategies,the_plan/strategies,1425484,(untitled Card),1478523,c26e3a95-5b4b-427f-94e8-21870dd1e41a,Card,11,TRUE,LHMP_IA,LHMP_IA [test_meta_forms],internal,1441680,1441681,mitigat-ny-prod+test_meta_forms,,(not set),TRUE,Smart (fetch on change),TRUE,Force (always re-fetch),"Section Settings > Data Fetch Mode: set Force (always re-fetch) (internal source). Currently unset (behaving as Smart (fetch on change) via the implicit fallback, readyToLoad=TRUE).",Yes - set,Open,,,"Hidden from view (data.hideInView), so it never renders and the setting has no runtime effect today - set it anyway for template consistency, or defer. Owner decision."
T6-C115,T6-001,1300890,https://county_template.devmny.org/the_plan/strategies,the_plan/strategies,1425484,(untitled Card),1426546,a6375eaf-2662-40a5-9d4c-f4fe4dc68613,Card,16,,LHMP_IA,LHMP_IA [test-meta-forms],internal,1441680,1441681,mitigat-ny-prod+test-meta-forms,,(not set),TRUE,Smart (fetch on change),TRUE,Force (always re-fetch),"Section Settings > Data Fetch Mode: set Force (always re-fetch) (internal source). Currently unset (behaving as Smart (fetch on change) via the implicit fallback, readyToLoad=TRUE).",Yes - set,Open,,,
T6-C116,T6-001,1300890,https://county_template.devmny.org/the_plan/strategies,the_plan/strategies,1425484,(untitled Card),1426629,c26e3a95-5b4b-427f-94e8-21870dd1e41a,Card,21,TRUE,LHMP_IA,LHMP_IA [test-meta-forms],internal,1441680,1441681,mitigat-ny-prod+test-meta-forms,,(not set),TRUE,Smart (fetch on change),TRUE,Force (always re-fetch),"Section Settings > Data Fetch Mode: set Force (always re-fetch) (internal source). Currently unset (behaving as Smart (fetch on change) via the implicit fallback, readyToLoad=TRUE).",Yes - set,Open,,,"Hidden from view (data.hideInView), so it never renders and the setting has no runtime effect today - set it anyway for template consistency, or defer. Owner decision."
T6-C117,T6-001,1300890,https://county_template.devmny.org/the_plan/strategies,the_plan/strategies,1425484,Local Funding Capabilities,1426665,1f5cbb43-d738-4391-b34c-62264c87d1de,Spreadsheet,22,,Capabilities_Catalogue,Capabilities_Catalogue [test_meta_forms],internal,1068273,1172519,mitigat-ny-prod+test_meta_forms,,(not set),TRUE,Smart (fetch on change),TRUE,Force (always re-fetch),"Section Settings > Data Fetch Mode: set Force (always re-fetch) (internal source). Currently unset (behaving as Smart (fetch on change) via the implicit fallback, readyToLoad=TRUE).",Yes - set,Open,,,
T6-C118,T6-001,1300890,https://county_template.devmny.org/the_risk,the_risk,1300894,Overview,2005374,1978d719-8a0c-4af7-993f-73e31f911d0f,Card,1,,LHMP_IA,LHMP_IA [test_meta_forms],internal,1441680,1441681,mitigat-ny-prod+test_meta_forms,,(not set),TRUE,Smart (fetch on change),TRUE,Force (always re-fetch),"Section Settings > Data Fetch Mode: set Force (always re-fetch) (internal source). Currently unset (behaving as Smart (fetch on change) via the implicit fallback, readyToLoad=TRUE).",Yes - set,Open,,,
T6-C119,T6-001,1300890,https://county_template.devmny.org/the_risk,the_risk,1300894,Requirements,2005375,929fbc6c-1556-413b-b9f9-b3bb9f6e8d7b,Card,2,,LHMP_IA,LHMP_IA [test_meta_forms],internal,1441680,1441681,mitigat-ny-prod+test_meta_forms,,(not set),TRUE,Smart (fetch on change),TRUE,Force (always re-fetch),"Section Settings > Data Fetch Mode: set Force (always re-fetch) (internal source). Currently unset (behaving as Smart (fetch on change) via the implicit fallback, readyToLoad=TRUE).",Yes - set,Open,,,
T6-C120,T6-001,1300890,https://county_template.devmny.org/the_risk/climate_change,the_risk/climate_change,1300805,Hazards Impacted By Climate Change,1626196,449a082e-5c81-47fe-91fa-4d890301638f,Spreadsheet,7,,Hazards_of_Concern,Hazards_of_Concern [test_meta_forms],internal,1473470,1473471,mitigat-ny-prod+test_meta_forms,,(not set),TRUE,Smart (fetch on change),TRUE,Force (always re-fetch),"Section Settings > Data Fetch Mode: set Force (always re-fetch) (internal source). Currently unset (behaving as Smart (fetch on change) via the implicit fallback, readyToLoad=TRUE).",Yes - set,Open,,,
T6-C121,T6-001,1300890,https://county_template.devmny.org/the_risk/disasters,the_risk/disasters,1300922,Declared Disasters,1422651,b7516408-359f-4daa-9d59-4f5c165ef878,Spreadsheet,4,,AVAIL - Fusion Events V2,AVAIL - Fusion Events V2 [external],external,870,2401,hazmit_dama,,(not set),TRUE,Smart (fetch on change),TRUE,Smart (fetch on change),"Section Settings > Data Fetch Mode: set Smart (fetch on change) (external source). Currently unset (behaving as Smart (fetch on change) via the implicit fallback, readyToLoad=TRUE).",Yes - set,Open,,,
T6-C122,T6-001,1300890,https://county_template.devmny.org/the_risk/disasters/disaster_template,the_risk/disasters/disaster_template,1421118,(untitled Card),2249214,8b8cfe00-e9d1-4506-a947-b6e0bc756e1e,Card,1,,AVAIL - Fusion Events V2,AVAIL - Fusion Events V2 [external],external,870,2401,hazmit_dama,,(not set),TRUE,Smart (fetch on change),TRUE,Smart (fetch on change),"Section Settings > Data Fetch Mode: set Smart (fetch on change) (external source). Currently unset (behaving as Smart (fetch on change) via the implicit fallback, readyToLoad=TRUE).",Yes - set,Open,,,
T6-C123,T6-001,1300890,https://county_template.devmny.org/the_risk/disasters/disaster_template,the_risk/disasters/disaster_template,1421118,Total Loss by Program,2249216,5c252411-4098-46cb-921d-375a019b2c65,Card,2,,Disaster Loss Summary (V2),Disaster Loss Summary (V2) [external],external,858,2398,hazmit_dama,,(not set),TRUE,Smart (fetch on change),TRUE,Smart (fetch on change),"Section Settings > Data Fetch Mode: set Smart (fetch on change) (external source). Currently unset (behaving as Smart (fetch on change) via the implicit fallback, readyToLoad=TRUE).",Yes - set,Open,,,
T6-C124,T6-001,1300890,https://county_template.devmny.org/the_risk/natural_hazards,the_risk/natural_hazards,1300806,(untitled Card),2413408,5fa668bf-fb62-458f-aba5-ae8374f713ba,Card,5,,Hazards_of_Concern,Hazards_of_Concern [test_meta_forms],internal,1473470,1473471,mitigat-ny-prod+test_meta_forms,,Smart (fetch on change),TRUE,Smart (fetch on change),,Force (always re-fetch),Section Settings > Data Fetch Mode: set Force (always re-fetch) (internal source). Currently set to Smart (fetch on change).,Yes - change,Open,,,
T6-C125,T6-001,1300890,https://county_template.devmny.org/the_risk/natural_hazards,the_risk/natural_hazards,1300806,Hazards of Concern by Jurisdiction,2413409,b8e7c3b4-360f-44e2-b836-eaace14971ef,Spreadsheet,6,,Hazards_of_Concern,Hazards_of_Concern [test_meta_forms],internal,1473470,1473471,mitigat-ny-prod+test_meta_forms,,Smart (fetch on change),TRUE,Smart (fetch on change),,Force (always re-fetch),Section Settings > Data Fetch Mode: set Force (always re-fetch) (internal source). Currently set to Smart (fetch on change).,Yes - change,Open,,,
T6-C126,T6-001,1300890,https://county_template.devmny.org/the_risk/natural_hazards,the_risk/natural_hazards,1300806,(untitled Card),2413410,4180141b-3908-498d-bf16-2ee1a0daf42f,Card,7,TRUE,LHMP_IA,LHMP_IA [test_meta_forms],internal,1441680,1441681,mitigat-ny-prod+test_meta_forms,,(not set),TRUE,Smart (fetch on change),TRUE,Force (always re-fetch),"Section Settings > Data Fetch Mode: set Force (always re-fetch) (internal source). Currently unset (behaving as Smart (fetch on change) via the implicit fallback, readyToLoad=TRUE).",Yes - set,Open,,,"Hidden from view (data.hideInView), so it never renders and the setting has no runtime effect today - set it anyway for template consistency, or defer. Owner decision."
T6-C127,T6-001,1300890,https://county_template.devmny.org/the_risk/natural_hazards,the_risk/natural_hazards,1300806,(untitled Card),2413417,a40ff4e9-08fc-429a-a486-e441a0e96dfd,Card,14,,LHMP_IA,LHMP_IA [test_meta_forms],internal,1441680,1441681,mitigat-ny-prod+test_meta_forms,,(not set),TRUE,Smart (fetch on change),TRUE,Force (always re-fetch),"Section Settings > Data Fetch Mode: set Force (always re-fetch) (internal source). Currently unset (behaving as Smart (fetch on change) via the implicit fallback, readyToLoad=TRUE).",Yes - set,Open,,,
T6-C128,T6-001,1300890,https://county_template.devmny.org/the_risk/natural_hazards,the_risk/natural_hazards,1300806,(untitled Graph),2413418,8b891822-27c6-45bc-bd2e-cc483ee24ddc,Graph,15,,AVAIL - Fusion Events V2,AVAIL - Fusion Events V2 [external],external,870,2401,hazmit_dama,,(not set),TRUE,Smart (fetch on change),TRUE,Smart (fetch on change),"Section Settings > Data Fetch Mode: set Smart (fetch on change) (external source). Currently unset (behaving as Smart (fetch on change) via the implicit fallback, readyToLoad=TRUE).",Yes - set,Open,,,
T6-C129,T6-001,1300890,https://county_template.devmny.org/the_risk/natural_hazards,the_risk/natural_hazards,1300806,(untitled Spreadsheet),2413422,e46dad19-a64d-4521-9018-30b1abf58226,Spreadsheet,19,,AVAIL - Fusion Events V2,AVAIL - Fusion Events V2 [external],external,870,2401,hazmit_dama,,(not set),TRUE,Smart (fetch on change),TRUE,Smart (fetch on change),"Section Settings > Data Fetch Mode: set Smart (fetch on change) (external source). Currently unset (behaving as Smart (fetch on change) via the implicit fallback, readyToLoad=TRUE).",Yes - set,Open,,,
T6-C130,T6-001,1300890,https://county_template.devmny.org/the_risk/natural_hazards,the_risk/natural_hazards,1300806,(untitled Spreadsheet),2413424,607ecefd-0cb2-4ec3-b9a5-d875cd99502a,Spreadsheet,21,,AVAIL - NCEI Storm Events Enhanced,AVAIL - NCEI Storm Events Enhanced [external],external,198,1157,hazmit_dama,,(not set),TRUE,Smart (fetch on change),TRUE,Smart (fetch on change),"Section Settings > Data Fetch Mode: set Smart (fetch on change) (external source). Currently unset (behaving as Smart (fetch on change) via the implicit fallback, readyToLoad=TRUE).",Yes - set,Open,,,
T6-C131,T6-001,1300890,https://county_template.devmny.org/the_risk/natural_hazards,the_risk/natural_hazards,1300806,Loss by Hazard Category,2413425,cd65a264-5435-471a-9a4b-95fec9c4a0e0,Spreadsheet,22,,AVAIL - Fusion Events V2,AVAIL - Fusion Events V2 [external],external,870,2401,hazmit_dama,,(not set),TRUE,Smart (fetch on change),TRUE,Smart (fetch on change),"Section Settings > Data Fetch Mode: set Smart (fetch on change) (external source). Currently unset (behaving as Smart (fetch on change) via the implicit fallback, readyToLoad=TRUE).",Yes - set,Open,,,
T6-C132,T6-001,1300890,https://county_template.devmny.org/the_risk/natural_hazards,the_risk/natural_hazards,1300806,(untitled Graph),2413427,bb4dbdeb-98ef-4826-80e5-462dfcbc5cd4,Graph,24,,AVAIL - Fusion Events V2,AVAIL - Fusion Events V2 [external],external,870,2401,hazmit_dama,,(not set),TRUE,Smart (fetch on change),TRUE,Smart (fetch on change),"Section Settings > Data Fetch Mode: set Smart (fetch on change) (external source). Currently unset (behaving as Smart (fetch on change) via the implicit fallback, readyToLoad=TRUE).",Yes - set,Open,,,
T6-C133,T6-001,1300890,https://county_template.devmny.org/the_risk/natural_hazards,the_risk/natural_hazards,1300806,(untitled Graph),2413429,745ebb7b-6858-4300-82d4-3175ea3740ab,Graph,26,,AVAIL - Fusion Events V2,AVAIL - Fusion Events V2 [external],external,870,2401,hazmit_dama,,(not set),TRUE,Smart (fetch on change),TRUE,Smart (fetch on change),"Section Settings > Data Fetch Mode: set Smart (fetch on change) (external source). Currently unset (behaving as Smart (fetch on change) via the implicit fallback, readyToLoad=TRUE).",Yes - set,Open,,,
T6-C134,T6-001,1300890,https://county_template.devmny.org/the_risk/natural_hazards,the_risk/natural_hazards,1300806,The Last 5 Years - Events,2413430,f949c1eb-5dcc-49b4-a263-edcbb48fe215,Graph,27,,AVAIL - Fusion Events V2,AVAIL - Fusion Events V2 [external],external,870,2401,hazmit_dama,,Smart (fetch on change),FALSE,Smart (fetch on change),,Smart (fetch on change),None - already set to Smart (fetch on change).,No,Closed,,2026-08-28,Already correct at scan time.
T6-C135,T6-001,1300890,https://county_template.devmny.org/the_risk/natural_hazards,the_risk/natural_hazards,1300806,The Last 5 Years - Fusion Damage,2413431,1672af96-5224-4077-ac4e-755a02df99ee,Graph,28,,AVAIL - Fusion Events V2,AVAIL - Fusion Events V2 [external],external,870,2401,hazmit_dama,,Smart (fetch on change),FALSE,Smart (fetch on change),,Smart (fetch on change),None - already set to Smart (fetch on change).,No,Closed,,2026-08-28,Already correct at scan time.
T6-C136,T6-001,1300890,https://county_template.devmny.org/the_risk/natural_hazards/avalanche,the_risk/natural_hazards/avalanche,1544721,(untitled Card),2176930,e501e808-6217-486e-bd86-1ce7f435aa14,Card,1,,AVAIL - Fusion Events V2,AVAIL - Fusion Events V2 [external],external,870,1648,hazmit_dama,,(not set),TRUE,Smart (fetch on change),TRUE,Smart (fetch on change),"Section Settings > Data Fetch Mode: set Smart (fetch on change) (external source). Currently unset (behaving as Smart (fetch on change) via the implicit fallback, readyToLoad=TRUE).",Yes - set,Open,,,
T6-C137,T6-001,1300890,https://county_template.devmny.org/the_risk/natural_hazards/avalanche,the_risk/natural_hazards/avalanche,1544721,(untitled Card),2176931,305556be-b833-48fc-915c-f563711a31f7,Card,2,,Hazards_of_Concern,Hazards_of_Concern [test_meta_forms],internal,1473470,1473471,mitigat-ny-prod+test_meta_forms,,(not set),TRUE,Smart (fetch on change),TRUE,Force (always re-fetch),"Section Settings > Data Fetch Mode: set Force (always re-fetch) (internal source). Currently unset (behaving as Smart (fetch on change) via the implicit fallback, readyToLoad=TRUE).",Yes - set,Open,,,
T6-C138,T6-001,1300890,https://county_template.devmny.org/the_risk/natural_hazards/avalanche,the_risk/natural_hazards/avalanche,1544721,(untitled Card),2176932,b5e7c5ed-0c3f-48ba-8102-b35508c6fa2f,Card,3,,NRI Counties - Hazard Normalized,NRI Counties - Hazard Normalized [external],external,1508,1982,hazmit_dama,,(not set),TRUE,Smart (fetch on change),TRUE,Smart (fetch on change),"Section Settings > Data Fetch Mode: set Smart (fetch on change) (external source). Currently unset (behaving as Smart (fetch on change) via the implicit fallback, readyToLoad=TRUE).",Yes - set,Open,,,
T6-C139,T6-001,1300890,https://county_template.devmny.org/the_risk/natural_hazards/avalanche,the_risk/natural_hazards/avalanche,1544721,(untitled Card),2176933,5f88f7a5-19bf-4b85-b039-de50c4f2fb8a,Card,4,,AVAIL - Fusion Events V2,AVAIL - Fusion Events V2 [external],external,870,1648,hazmit_dama,,(not set),TRUE,Smart (fetch on change),TRUE,Smart (fetch on change),"Section Settings > Data Fetch Mode: set Smart (fetch on change) (external source). Currently unset (behaving as Smart (fetch on change) via the implicit fallback, readyToLoad=TRUE).",Yes - set,Open,,,
T6-C140,T6-001,1300890,https://county_template.devmny.org/the_risk/natural_hazards/avalanche,the_risk/natural_hazards/avalanche,1544721,Overview,2416267,7c7e0398-9c88-4e5d-9788-b04c3febd498,Card,5,,LHMP_IA,LHMP_IA [test-meta-forms],internal,1441680,1441681,mitigat-ny-prod+test-meta-forms,,(not set),TRUE,Smart (fetch on change),TRUE,Force (always re-fetch),"Section Settings > Data Fetch Mode: set Force (always re-fetch) (internal source). Currently unset (behaving as Smart (fetch on change) via the implicit fallback, readyToLoad=TRUE).",Yes - set,Open,,,
T6-C141,T6-001,1300890,https://county_template.devmny.org/the_risk/natural_hazards/avalanche,the_risk/natural_hazards/avalanche,1544721,(untitled Card),2176935,edcd023e-c7de-41db-b683-9d4c9297599c,Card,7,,LHMP_IA,LHMP_IA [test_meta_forms],internal,1441680,1441681,mitigat-ny-prod+test_meta_forms,,(not set),TRUE,Smart (fetch on change),TRUE,Force (always re-fetch),"Section Settings > Data Fetch Mode: set Force (always re-fetch) (internal source). Currently unset (behaving as Smart (fetch on change) via the implicit fallback, readyToLoad=TRUE).",Yes - set,Open,,,
T6-C142,T6-001,1300890,https://county_template.devmny.org/the_risk/natural_hazards/avalanche,the_risk/natural_hazards/avalanche,1544721,(untitled Card),2176939,ed79611a-6b84-44d7-a646-b86d020b3e05,Card,11,,LHMP_IA,LHMP_IA [test_meta_forms],internal,1441680,1441681,mitigat-ny-prod+test_meta_forms,,(not set),TRUE,Smart (fetch on change),TRUE,Force (always re-fetch),"Section Settings > Data Fetch Mode: set Force (always re-fetch) (internal source). Currently unset (behaving as Smart (fetch on change) via the implicit fallback, readyToLoad=TRUE).",Yes - set,Open,,,
T6-C143,T6-001,1300890,https://county_template.devmny.org/the_risk/natural_hazards/avalanche,the_risk/natural_hazards/avalanche,1544721,(untitled Card),2176943,7cfa4cbb-ad41-49d0-b4a1-34e9a2011d45,Card,15,,LHMP_IA,LHMP_IA [test_meta_forms],internal,1441680,1441681,mitigat-ny-prod+test_meta_forms,,(not set),TRUE,Smart (fetch on change),TRUE,Force (always re-fetch),"Section Settings > Data Fetch Mode: set Force (always re-fetch) (internal source). Currently unset (behaving as Smart (fetch on change) via the implicit fallback, readyToLoad=TRUE).",Yes - set,Open,,,
T6-C144,T6-001,1300890,https://county_template.devmny.org/the_risk/natural_hazards/avalanche,the_risk/natural_hazards/avalanche,1544721,(untitled Card),2176946,e0bd653d-ee80-4f64-9d0c-01f158f2d0b4,Card,18,,AVAIL - Fusion Events V2,AVAIL - Fusion Events V2 [external],external,870,2401,hazmit_dama,,(not set),TRUE,Smart (fetch on change),TRUE,Smart (fetch on change),"Section Settings > Data Fetch Mode: set Smart (fetch on change) (external source). Currently unset (behaving as Smart (fetch on change) via the implicit fallback, readyToLoad=TRUE).",Yes - set,Open,,,
T6-C145,T6-001,1300890,https://county_template.devmny.org/the_risk/natural_hazards/avalanche,the_risk/natural_hazards/avalanche,1544721,(untitled Graph),2176950,d757d20c-1538-4be1-8fea-0dd5e6417931,Graph,21,,AVAIL - Fusion Events V2,AVAIL - Fusion Events V2 [external],external,870,2401,hazmit_dama,,(not set),TRUE,Smart (fetch on change),TRUE,Smart (fetch on change),"Section Settings > Data Fetch Mode: set Smart (fetch on change) (external source). Currently unset (behaving as Smart (fetch on change) via the implicit fallback, readyToLoad=TRUE).",Yes - set,Open,,,
T6-C146,T6-001,1300890,https://county_template.devmny.org/the_risk/natural_hazards/avalanche,the_risk/natural_hazards/avalanche,1544721,(untitled Graph),2176953,ac560771-e09b-486b-adeb-d7d21dcc8894,Graph,23,,AVAIL - Fusion Events V2,AVAIL - Fusion Events V2 [external],external,870,2401,hazmit_dama,,(not set),TRUE,Smart (fetch on change),TRUE,Smart (fetch on change),"Section Settings > Data Fetch Mode: set Smart (fetch on change) (external source). Currently unset (behaving as Smart (fetch on change) via the implicit fallback, readyToLoad=TRUE).",Yes - set,Open,,,
T6-C147,T6-001,1300890,https://county_template.devmny.org/the_risk/natural_hazards/avalanche,the_risk/natural_hazards/avalanche,1544721,(untitled Card),2176955,14b5017c-884e-4e6c-9298-b357ba8fa9fb,Card,25,,LHMP_IA,LHMP_IA [test-meta-forms],internal,1441680,1441681,mitigat-ny-prod+test-meta-forms,,(not set),TRUE,Smart (fetch on change),TRUE,Force (always re-fetch),"Section Settings > Data Fetch Mode: set Force (always re-fetch) (internal source). Currently unset (behaving as Smart (fetch on change) via the implicit fallback, readyToLoad=TRUE).",Yes - set,Open,,,
T6-C148,T6-001,1300890,https://county_template.devmny.org/the_risk/natural_hazards/avalanche,the_risk/natural_hazards/avalanche,1544721,(untitled Card),2176960,f5392893-fc72-4005-b595-c9d92a1c5561,Card,30,,LHMP_IA,LHMP_IA [test_meta_forms],internal,1441680,1441681,mitigat-ny-prod+test_meta_forms,,(not set),TRUE,Smart (fetch on change),TRUE,Force (always re-fetch),"Section Settings > Data Fetch Mode: set Force (always re-fetch) (internal source). Currently unset (behaving as Smart (fetch on change) via the implicit fallback, readyToLoad=TRUE).",Yes - set,Open,,,
T6-C149,T6-001,1300890,https://county_template.devmny.org/the_risk/natural_hazards/avalanche,the_risk/natural_hazards/avalanche,1544721,(untitled Spreadsheet),2176961,f9007ce9-6ec1-4dc6-9341-61606e78e8bf,Spreadsheet,31,,AVAIL - Fusion Events V2,AVAIL - Fusion Events V2 [external],external,870,2401,hazmit_dama,,(not set),TRUE,Smart (fetch on change),TRUE,Smart (fetch on change),"Section Settings > Data Fetch Mode: set Smart (fetch on change) (external source). Currently unset (behaving as Smart (fetch on change) via the implicit fallback, readyToLoad=TRUE).",Yes - set,Open,,,
T6-C150,T6-001,1300890,https://county_template.devmny.org/the_risk/natural_hazards/avalanche,the_risk/natural_hazards/avalanche,1544721,(untitled Card),2176967,cd53270c-448a-415d-9ac7-82da4e3b41b0,Card,37,TRUE,LHMP_IA,LHMP_IA [test_meta_forms],internal,1441680,1441681,mitigat-ny-prod+test_meta_forms,,(not set),TRUE,Smart (fetch on change),TRUE,Force (always re-fetch),"Section Settings > Data Fetch Mode: set Force (always re-fetch) (internal source). Currently unset (behaving as Smart (fetch on change) via the implicit fallback, readyToLoad=TRUE).",Yes - set,Open,,,"Hidden from view (data.hideInView), so it never renders and the setting has no runtime effect today - set it anyway for template consistency, or defer. Owner decision."
T6-C151,T6-001,1300890,https://county_template.devmny.org/the_risk/natural_hazards/avalanche,the_risk/natural_hazards/avalanche,1544721,(untitled Spreadsheet),2176970,10fb2f11-dbf4-48d6-a978-6c45d1841711,Spreadsheet,40,,Hazards_of_Concern,Hazards_of_Concern [test_meta_forms],internal,1473470,1473471,mitigat-ny-prod+test_meta_forms,,Smart (fetch on change),TRUE,Smart (fetch on change),,Force (always re-fetch),Section Settings > Data Fetch Mode: set Force (always re-fetch) (internal source). Currently set to Smart (fetch on change).,Yes - change,Open,,,
T6-C152,T6-001,1300890,https://county_template.devmny.org/the_risk/natural_hazards/avalanche,the_risk/natural_hazards/avalanche,1544721,(untitled Card),2176989,7b47cfb4-dbfd-4990-9a62-6003956bc2e2,Card,58,TRUE,LHMP_IA,LHMP_IA [test_meta_forms],internal,1441680,1441681,mitigat-ny-prod+test_meta_forms,,(not set),TRUE,Smart (fetch on change),TRUE,Force (always re-fetch),"Section Settings > Data Fetch Mode: set Force (always re-fetch) (internal source). Currently unset (behaving as Smart (fetch on change) via the implicit fallback, readyToLoad=TRUE).",Yes - set,Open,,,"Hidden from view (data.hideInView), so it never renders and the setting has no runtime effect today - set it anyway for template consistency, or defer. Owner decision."
T6-C153,T6-001,1300890,https://county_template.devmny.org/the_risk/natural_hazards/avalanche,the_risk/natural_hazards/avalanche,1544721,(untitled Spreadsheet),2176990,1f5cbb43-d738-4391-b34c-62264c87d1de,Spreadsheet,59,,Capabilities_Catalogue,Capabilities_Catalogue [test_meta_forms],internal,1068273,1172519,mitigat-ny-prod+test_meta_forms,,Smart (fetch on change),TRUE,Smart (fetch on change),,Force (always re-fetch),Section Settings > Data Fetch Mode: set Force (always re-fetch) (internal source). Currently set to Smart (fetch on change).,Yes - change,Open,,,
T6-C154,T6-001,1300890,https://county_template.devmny.org/the_risk/natural_hazards/avalanche,the_risk/natural_hazards/avalanche,1544721,(untitled Card),2179714,0a490d28-8f29-4fbc-9cbe-0ebe1c8e024d,Card,63,,Actions_Revised,Actions_Revised [test_meta_forms],internal,1029065,1074456,mitigat-ny-prod+test_meta_forms,,Force (always re-fetch),TRUE,Force (always re-fetch),,Force (always re-fetch),None - already set to Force (always re-fetch).,No,Closed,,2026-08-28,Already correct at scan time.
T6-C155,T6-001,1300890,https://county_template.devmny.org/the_risk/natural_hazards/avalanche,the_risk/natural_hazards/avalanche,1544721,Local Actions Table,2179732,e17c5b04-8db5-4568-a9ae-26212b8ac566,Spreadsheet,64,,Actions_Revised,Actions_Revised [test_meta_forms],internal,1029065,1074456,mitigat-ny-prod+test_meta_forms,,Force (always re-fetch),TRUE,Force (always re-fetch),,Force (always re-fetch),None - already set to Force (always re-fetch).,No,Closed,,2026-08-28,Already correct at scan time.
T6-C156,T6-001,1300890,https://county_template.devmny.org/the_risk/natural_hazards/avalanche,the_risk/natural_hazards/avalanche,1544721,(untitled Card),2176996,eaea3217-67c6-401c-aaf3-392b9173b5c7,Card,65,TRUE,LHMP_IA,LHMP_IA [test_meta_forms],internal,1441680,1441681,mitigat-ny-prod+test_meta_forms,,(not set),TRUE,Smart (fetch on change),TRUE,Force (always re-fetch),"Section Settings > Data Fetch Mode: set Force (always re-fetch) (internal source). Currently unset (behaving as Smart (fetch on change) via the implicit fallback, readyToLoad=TRUE).",Yes - set,Open,,,"Hidden from view (data.hideInView), so it never renders and the setting has no runtime effect today - set it anyway for template consistency, or defer. Owner decision."
T6-C157,T6-001,1300890,https://county_template.devmny.org/the_risk/natural_hazards/coastal_hazards,the_risk/natural_hazards/coastal_hazards,1544317,(untitled Card),1544196,e501e808-6217-486e-bd86-1ce7f435aa14,Card,1,,AVAIL - Fusion Events V2,AVAIL - Fusion Events V2 [external],external,870,1648,hazmit_dama,,(not set),TRUE,Smart (fetch on change),TRUE,Smart (fetch on change),"Section Settings > Data Fetch Mode: set Smart (fetch on change) (external source). Currently unset (behaving as Smart (fetch on change) via the implicit fallback, readyToLoad=TRUE).",Yes - set,Open,,,
T6-C158,T6-001,1300890,https://county_template.devmny.org/the_risk/natural_hazards/coastal_hazards,the_risk/natural_hazards/coastal_hazards,1544317,(untitled Card),1676739,b35e075d-4501-4ab2-84b1-55b2682d3833,Card,2,,Hazards_of_Concern,Hazards_of_Concern [test_meta_forms],internal,1473470,1473471,mitigat-ny-prod+test_meta_forms,,(not set),TRUE,Smart (fetch on change),TRUE,Force (always re-fetch),"Section Settings > Data Fetch Mode: set Force (always re-fetch) (internal source). Currently unset (behaving as Smart (fetch on change) via the implicit fallback, readyToLoad=TRUE).",Yes - set,Open,,,
T6-C159,T6-001,1300890,https://county_template.devmny.org/the_risk/natural_hazards/coastal_hazards,the_risk/natural_hazards/coastal_hazards,1544317,(untitled Card),1544197,b5e7c5ed-0c3f-48ba-8102-b35508c6fa2f,Card,3,,NRI Counties - Hazard Normalized,NRI Counties - Hazard Normalized [external],external,1508,1982,hazmit_dama,,(not set),TRUE,Smart (fetch on change),TRUE,Smart (fetch on change),"Section Settings > Data Fetch Mode: set Smart (fetch on change) (external source). Currently unset (behaving as Smart (fetch on change) via the implicit fallback, readyToLoad=TRUE).",Yes - set,Open,,,
T6-C160,T6-001,1300890,https://county_template.devmny.org/the_risk/natural_hazards/coastal_hazards,the_risk/natural_hazards/coastal_hazards,1544317,(untitled Card),1544198,5f88f7a5-19bf-4b85-b039-de50c4f2fb8a,Card,4,,AVAIL - Fusion Events V2,AVAIL - Fusion Events V2 [external],external,870,1648,hazmit_dama,,(not set),TRUE,Smart (fetch on change),TRUE,Smart (fetch on change),"Section Settings > Data Fetch Mode: set Smart (fetch on change) (external source). Currently unset (behaving as Smart (fetch on change) via the implicit fallback, readyToLoad=TRUE).",Yes - set,Open,,,
T6-C161,T6-001,1300890,https://county_template.devmny.org/the_risk/natural_hazards/coastal_hazards,the_risk/natural_hazards/coastal_hazards,1544317,(untitled Card),1544200,edcd023e-c7de-41db-b683-9d4c9297599c,Card,7,,LHMP_IA,LHMP_IA [test_meta_forms],internal,1441680,1441681,mitigat-ny-prod+test_meta_forms,,(not set),TRUE,Smart (fetch on change),TRUE,Force (always re-fetch),"Section Settings > Data Fetch Mode: set Force (always re-fetch) (internal source). Currently unset (behaving as Smart (fetch on change) via the implicit fallback, readyToLoad=TRUE).",Yes - set,Open,,,
T6-C162,T6-001,1300890,https://county_template.devmny.org/the_risk/natural_hazards/coastal_hazards,the_risk/natural_hazards/coastal_hazards,1544317,(untitled Card),1544207,7cfa4cbb-ad41-49d0-b4a1-34e9a2011d45,Card,15,,LHMP_IA,LHMP_IA [test_meta_forms],internal,1441680,1441681,mitigat-ny-prod+test_meta_forms,,(not set),TRUE,Smart (fetch on change),TRUE,Force (always re-fetch),"Section Settings > Data Fetch Mode: set Force (always re-fetch) (internal source). Currently unset (behaving as Smart (fetch on change) via the implicit fallback, readyToLoad=TRUE).",Yes - set,Open,,,
T6-C163,T6-001,1300890,https://county_template.devmny.org/the_risk/natural_hazards/coastal_hazards,the_risk/natural_hazards/coastal_hazards,1544317,(untitled Card),1544210,e0bd653d-ee80-4f64-9d0c-01f158f2d0b4,Card,18,,AVAIL - Fusion Events V2,AVAIL - Fusion Events V2 [external],external,870,2401,hazmit_dama,,(not set),TRUE,Smart (fetch on change),TRUE,Smart (fetch on change),"Section Settings > Data Fetch Mode: set Smart (fetch on change) (external source). Currently unset (behaving as Smart (fetch on change) via the implicit fallback, readyToLoad=TRUE).",Yes - set,Open,,,
T6-C164,T6-001,1300890,https://county_template.devmny.org/the_risk/natural_hazards/coastal_hazards,the_risk/natural_hazards/coastal_hazards,1544317,(untitled Card),1544212,dd7b9f34-9244-4aee-8cf5-a55770b3c383,Card,20,,LHMP_IA,LHMP_IA [test_meta_forms],internal,1441680,1441681,mitigat-ny-prod+test_meta_forms,,(not set),TRUE,Smart (fetch on change),TRUE,Force (always re-fetch),"Section Settings > Data Fetch Mode: set Force (always re-fetch) (internal source). Currently unset (behaving as Smart (fetch on change) via the implicit fallback, readyToLoad=TRUE).",Yes - set,Open,,,
T6-C165,T6-001,1300890,https://county_template.devmny.org/the_risk/natural_hazards/coastal_hazards,the_risk/natural_hazards/coastal_hazards,1544317,(untitled Graph),1544215,d757d20c-1538-4be1-8fea-0dd5e6417931,Graph,22,,AVAIL - Fusion Events V2,AVAIL - Fusion Events V2 [external],external,870,2401,hazmit_dama,,(not set),TRUE,Smart (fetch on change),TRUE,Smart (fetch on change),"Section Settings > Data Fetch Mode: set Smart (fetch on change) (external source). Currently unset (behaving as Smart (fetch on change) via the implicit fallback, readyToLoad=TRUE).",Yes - set,Open,,,
T6-C166,T6-001,1300890,https://county_template.devmny.org/the_risk/natural_hazards/coastal_hazards,the_risk/natural_hazards/coastal_hazards,1544317,(untitled Graph),1544218,ac560771-e09b-486b-adeb-d7d21dcc8894,Graph,24,,AVAIL - Fusion Events V2,AVAIL - Fusion Events V2 [external],external,870,1648,hazmit_dama,,(not set),TRUE,Smart (fetch on change),TRUE,Smart (fetch on change),"Section Settings > Data Fetch Mode: set Smart (fetch on change) (external source). Currently unset (behaving as Smart (fetch on change) via the implicit fallback, readyToLoad=TRUE).",Yes - set,Open,,,
T6-C167,T6-001,1300890,https://county_template.devmny.org/the_risk/natural_hazards/coastal_hazards,the_risk/natural_hazards/coastal_hazards,1544317,(untitled Card),1544224,f5392893-fc72-4005-b595-c9d92a1c5561,Card,31,,LHMP_IA,LHMP_IA [test_meta_forms],internal,1441680,1441681,mitigat-ny-prod+test_meta_forms,,(not set),TRUE,Smart (fetch on change),TRUE,Force (always re-fetch),"Section Settings > Data Fetch Mode: set Force (always re-fetch) (internal source). Currently unset (behaving as Smart (fetch on change) via the implicit fallback, readyToLoad=TRUE).",Yes - set,Open,,,
T6-C168,T6-001,1300890,https://county_template.devmny.org/the_risk/natural_hazards/coastal_hazards,the_risk/natural_hazards/coastal_hazards,1544317,(untitled Spreadsheet),1544225,f9007ce9-6ec1-4dc6-9341-61606e78e8bf,Spreadsheet,32,,AVAIL - Fusion Events V2,AVAIL - Fusion Events V2 [external],external,870,2401,hazmit_dama,,(not set),TRUE,Smart (fetch on change),TRUE,Smart (fetch on change),"Section Settings > Data Fetch Mode: set Smart (fetch on change) (external source). Currently unset (behaving as Smart (fetch on change) via the implicit fallback, readyToLoad=TRUE).",Yes - set,Open,,,
T6-C169,T6-001,1300890,https://county_template.devmny.org/the_risk/natural_hazards/coastal_hazards,the_risk/natural_hazards/coastal_hazards,1544317,(untitled Card),1544229,cd53270c-448a-415d-9ac7-82da4e3b41b0,Card,38,TRUE,LHMP_IA,LHMP_IA [test_meta_forms],internal,1441680,1441681,mitigat-ny-prod+test_meta_forms,,(not set),TRUE,Smart (fetch on change),TRUE,Force (always re-fetch),"Section Settings > Data Fetch Mode: set Force (always re-fetch) (internal source). Currently unset (behaving as Smart (fetch on change) via the implicit fallback, readyToLoad=TRUE).",Yes - set,Open,,,"Hidden from view (data.hideInView), so it never renders and the setting has no runtime effect today - set it anyway for template consistency, or defer. Owner decision."
T6-C170,T6-001,1300890,https://county_template.devmny.org/the_risk/natural_hazards/coastal_hazards,the_risk/natural_hazards/coastal_hazards,1544317,(untitled Spreadsheet),2382028,3f971902-8de1-4cb5-9c3f-59530febad1c,Spreadsheet,41,,Hazards_of_Concern,Hazards_of_Concern [test_meta_forms],internal,1473470,1473471,mitigat-ny-prod+test_meta_forms,,Smart (fetch on change),TRUE,Smart (fetch on change),,Force (always re-fetch),Section Settings > Data Fetch Mode: set Force (always re-fetch) (internal source). Currently set to Smart (fetch on change).,Yes - change,Open,,,
T6-C171,T6-001,1300890,https://county_template.devmny.org/the_risk/natural_hazards/coastal_hazards,the_risk/natural_hazards/coastal_hazards,1544317,(untitled Card),1544276,7b47cfb4-dbfd-4990-9a62-6003956bc2e2,Card,59,TRUE,LHMP_IA,LHMP_IA [test_meta_forms],internal,1441680,1441681,mitigat-ny-prod+test_meta_forms,,(not set),TRUE,Smart (fetch on change),TRUE,Force (always re-fetch),"Section Settings > Data Fetch Mode: set Force (always re-fetch) (internal source). Currently unset (behaving as Smart (fetch on change) via the implicit fallback, readyToLoad=TRUE).",Yes - set,Open,,,"Hidden from view (data.hideInView), so it never renders and the setting has no runtime effect today - set it anyway for template consistency, or defer. Owner decision."
T6-C172,T6-001,1300890,https://county_template.devmny.org/the_risk/natural_hazards/coastal_hazards,the_risk/natural_hazards/coastal_hazards,1544317,(untitled Spreadsheet),2383864,bb9e061e-8612-4359-b4ec-4f4b2ffb77f2,Spreadsheet,60,,Capabilities_Catalogue,Capabilities_Catalogue [test_meta_forms],internal,1068273,1172519,mitigat-ny-prod+test_meta_forms,,Smart (fetch on change),TRUE,Smart (fetch on change),,Force (always re-fetch),Section Settings > Data Fetch Mode: set Force (always re-fetch) (internal source). Currently set to Smart (fetch on change).,Yes - change,Open,,,
T6-C173,T6-001,1300890,https://county_template.devmny.org/the_risk/natural_hazards/coastal_hazards,the_risk/natural_hazards/coastal_hazards,1544317,(untitled Card),2179715,c0518eb8-65c3-4c2d-b0fb-3e4e8fd9de54,Card,64,,Actions_Revised,Actions_Revised [test_meta_forms],internal,1029065,1074456,mitigat-ny-prod+test_meta_forms,,Force (always re-fetch),TRUE,Force (always re-fetch),,Force (always re-fetch),None - already set to Force (always re-fetch).,No,Closed,,2026-08-28,Already correct at scan time.
T6-C174,T6-001,1300890,https://county_template.devmny.org/the_risk/natural_hazards/coastal_hazards,the_risk/natural_hazards/coastal_hazards,1544317,(untitled Card),1978603,416e58df-d947-410f-a00d-213e1273dd23,Card,65,TRUE,LHMP_IA,LHMP_IA [test_meta_forms],internal,1441680,1441681,mitigat-ny-prod+test_meta_forms,,(not set),TRUE,Smart (fetch on change),TRUE,Force (always re-fetch),"Section Settings > Data Fetch Mode: set Force (always re-fetch) (internal source). Currently unset (behaving as Smart (fetch on change) via the implicit fallback, readyToLoad=TRUE).",Yes - set,Open,,,"Hidden from view (data.hideInView), so it never renders and the setting has no runtime effect today - set it anyway for template consistency, or defer. Owner decision."
T6-C175,T6-001,1300890,https://county_template.devmny.org/the_risk/natural_hazards/coastal_hazards,the_risk/natural_hazards/coastal_hazards,1544317,Local Actions Table,2179734,827d0cbf-2b62-423b-84d8-3192a3a73406,Spreadsheet,66,,Actions_Revised,Actions_Revised [test_meta_forms],internal,1029065,1074456,mitigat-ny-prod+test_meta_forms,,Force (always re-fetch),TRUE,Force (always re-fetch),,Force (always re-fetch),None - already set to Force (always re-fetch).,No,Closed,,2026-08-28,Already correct at scan time.
T6-C176,T6-001,1300890,https://county_template.devmny.org/the_risk/natural_hazards/drought,the_risk/natural_hazards/drought,1545217,(untitled Card),1898194,e501e808-6217-486e-bd86-1ce7f435aa14,Card,1,,AVAIL - Fusion Events V2,AVAIL - Fusion Events V2 [external],external,870,1648,hazmit_dama,,(not set),TRUE,Smart (fetch on change),TRUE,Smart (fetch on change),"Section Settings > Data Fetch Mode: set Smart (fetch on change) (external source). Currently unset (behaving as Smart (fetch on change) via the implicit fallback, readyToLoad=TRUE).",Yes - set,Open,,,
T6-C177,T6-001,1300890,https://county_template.devmny.org/the_risk/natural_hazards/drought,the_risk/natural_hazards/drought,1545217,(untitled Card),1898195,79db5499-5a28-4d97-a4d1-c1d5668700f1,Card,2,,Hazards_of_Concern,Hazards_of_Concern [test_meta_forms],internal,1473470,1473471,mitigat-ny-prod+test_meta_forms,,(not set),TRUE,Smart (fetch on change),TRUE,Force (always re-fetch),"Section Settings > Data Fetch Mode: set Force (always re-fetch) (internal source). Currently unset (behaving as Smart (fetch on change) via the implicit fallback, readyToLoad=TRUE).",Yes - set,Open,,,
T6-C178,T6-001,1300890,https://county_template.devmny.org/the_risk/natural_hazards/drought,the_risk/natural_hazards/drought,1545217,(untitled Card),1898196,b5e7c5ed-0c3f-48ba-8102-b35508c6fa2f,Card,3,,NRI Counties - Hazard Normalized,NRI Counties - Hazard Normalized [external],external,1508,1982,hazmit_dama,,(not set),TRUE,Smart (fetch on change),TRUE,Smart (fetch on change),"Section Settings > Data Fetch Mode: set Smart (fetch on change) (external source). Currently unset (behaving as Smart (fetch on change) via the implicit fallback, readyToLoad=TRUE).",Yes - set,Open,,,
T6-C179,T6-001,1300890,https://county_template.devmny.org/the_risk/natural_hazards/drought,the_risk/natural_hazards/drought,1545217,(untitled Card),1898197,5f88f7a5-19bf-4b85-b039-de50c4f2fb8a,Card,4,,AVAIL - Fusion Events V2,AVAIL - Fusion Events V2 [external],external,870,1648,hazmit_dama,,(not set),TRUE,Smart (fetch on change),TRUE,Smart (fetch on change),"Section Settings > Data Fetch Mode: set Smart (fetch on change) (external source). Currently unset (behaving as Smart (fetch on change) via the implicit fallback, readyToLoad=TRUE).",Yes - set,Open,,,
T6-C180,T6-001,1300890,https://county_template.devmny.org/the_risk/natural_hazards/drought,the_risk/natural_hazards/drought,1545217,Overview,1898193,b50f6b90-a250-43a9-a963-648dc7bac6aa,Card,5,,LHMP_IA,LHMP_IA [test-meta-forms],internal,1441680,1441681,mitigat-ny-prod+test-meta-forms,,(not set),TRUE,Smart (fetch on change),TRUE,Force (always re-fetch),"Section Settings > Data Fetch Mode: set Force (always re-fetch) (internal source). Currently unset (behaving as Smart (fetch on change) via the implicit fallback, readyToLoad=TRUE).",Yes - set,Open,,,
T6-C181,T6-001,1300890,https://county_template.devmny.org/the_risk/natural_hazards/drought,the_risk/natural_hazards/drought,1545217,(untitled Card),1898199,edcd023e-c7de-41db-b683-9d4c9297599c,Card,7,,LHMP_IA,LHMP_IA [test_meta_forms],internal,1441680,1441681,mitigat-ny-prod+test_meta_forms,,(not set),TRUE,Smart (fetch on change),TRUE,Force (always re-fetch),"Section Settings > Data Fetch Mode: set Force (always re-fetch) (internal source). Currently unset (behaving as Smart (fetch on change) via the implicit fallback, readyToLoad=TRUE).",Yes - set,Open,,,
T6-C182,T6-001,1300890,https://county_template.devmny.org/the_risk/natural_hazards/drought,the_risk/natural_hazards/drought,1545217,General Vulnerability,1898201,b50f6b90-a250-43a9-a963-648dc7bac6aa,Card,10,,LHMP_IA,LHMP_IA [test-meta-forms],internal,1441680,1441681,mitigat-ny-prod+test-meta-forms,,(not set),TRUE,Smart (fetch on change),TRUE,Force (always re-fetch),"Section Settings > Data Fetch Mode: set Force (always re-fetch) (internal source). Currently unset (behaving as Smart (fetch on change) via the implicit fallback, readyToLoad=TRUE).",Yes - set,Open,,,
T6-C183,T6-001,1300890,https://county_template.devmny.org/the_risk/natural_hazards/drought,the_risk/natural_hazards/drought,1545217,Historic Occurrences,1898205,0700164d-e79b-487d-bcfb-30485def30ca,Card,14,,LHMP_IA,LHMP_IA [test-meta-forms],internal,1441680,1441681,mitigat-ny-prod+test-meta-forms,,(not set),TRUE,Smart (fetch on change),TRUE,Force (always re-fetch),"Section Settings > Data Fetch Mode: set Force (always re-fetch) (internal source). Currently unset (behaving as Smart (fetch on change) via the implicit fallback, readyToLoad=TRUE).",Yes - set,Open,,,
T6-C184,T6-001,1300890,https://county_template.devmny.org/the_risk/natural_hazards/drought,the_risk/natural_hazards/drought,1545217,(untitled Card),1898206,7cfa4cbb-ad41-49d0-b4a1-34e9a2011d45,Card,15,,LHMP_IA,LHMP_IA [test_meta_forms],internal,1441680,1441681,mitigat-ny-prod+test_meta_forms,,(not set),TRUE,Smart (fetch on change),TRUE,Force (always re-fetch),"Section Settings > Data Fetch Mode: set Force (always re-fetch) (internal source). Currently unset (behaving as Smart (fetch on change) via the implicit fallback, readyToLoad=TRUE).",Yes - set,Open,,,
T6-C185,T6-001,1300890,https://county_template.devmny.org/the_risk/natural_hazards/drought,the_risk/natural_hazards/drought,1545217,(untitled Card),1898209,e0bd653d-ee80-4f64-9d0c-01f158f2d0b4,Card,18,,AVAIL - Fusion Events V2,AVAIL - Fusion Events V2 [external],external,870,2401,hazmit_dama,,(not set),TRUE,Smart (fetch on change),TRUE,Smart (fetch on change),"Section Settings > Data Fetch Mode: set Smart (fetch on change) (external source). Currently unset (behaving as Smart (fetch on change) via the implicit fallback, readyToLoad=TRUE).",Yes - set,Open,,,
T6-C186,T6-001,1300890,https://county_template.devmny.org/the_risk/natural_hazards/drought,the_risk/natural_hazards/drought,1545217,(untitled Graph),1898213,d757d20c-1538-4be1-8fea-0dd5e6417931,Graph,21,,AVAIL - Fusion Events V2,AVAIL - Fusion Events V2 [external],external,870,2401,hazmit_dama,,(not set),TRUE,Smart (fetch on change),TRUE,Smart (fetch on change),"Section Settings > Data Fetch Mode: set Smart (fetch on change) (external source). Currently unset (behaving as Smart (fetch on change) via the implicit fallback, readyToLoad=TRUE).",Yes - set,Open,,,
T6-C187,T6-001,1300890,https://county_template.devmny.org/the_risk/natural_hazards/drought,the_risk/natural_hazards/drought,1545217,(untitled Graph),1898216,ac560771-e09b-486b-adeb-d7d21dcc8894,Graph,23,,AVAIL - Fusion Events V2,AVAIL - Fusion Events V2 [external],external,870,2401,hazmit_dama,,(not set),TRUE,Smart (fetch on change),TRUE,Smart (fetch on change),"Section Settings > Data Fetch Mode: set Smart (fetch on change) (external source). Currently unset (behaving as Smart (fetch on change) via the implicit fallback, readyToLoad=TRUE).",Yes - set,Open,,,
T6-C188,T6-001,1300890,https://county_template.devmny.org/the_risk/natural_hazards/drought,the_risk/natural_hazards/drought,1545217,(untitled Card),1898223,f5392893-fc72-4005-b595-c9d92a1c5561,Card,30,,LHMP_IA,LHMP_IA [test_meta_forms],internal,1441680,1441681,mitigat-ny-prod+test_meta_forms,,(not set),TRUE,Smart (fetch on change),TRUE,Force (always re-fetch),"Section Settings > Data Fetch Mode: set Force (always re-fetch) (internal source). Currently unset (behaving as Smart (fetch on change) via the implicit fallback, readyToLoad=TRUE).",Yes - set,Open,,,
T6-C189,T6-001,1300890,https://county_template.devmny.org/the_risk/natural_hazards/drought,the_risk/natural_hazards/drought,1545217,(untitled Spreadsheet),1898224,f9007ce9-6ec1-4dc6-9341-61606e78e8bf,Spreadsheet,31,,AVAIL - Fusion Events V2,AVAIL - Fusion Events V2 [external],external,870,2401,hazmit_dama,,(not set),TRUE,Smart (fetch on change),TRUE,Smart (fetch on change),"Section Settings > Data Fetch Mode: set Smart (fetch on change) (external source). Currently unset (behaving as Smart (fetch on change) via the implicit fallback, readyToLoad=TRUE).",Yes - set,Open,,,
T6-C190,T6-001,1300890,https://county_template.devmny.org/the_risk/natural_hazards/drought,the_risk/natural_hazards/drought,1545217,(untitled Card),1898230,cd53270c-448a-415d-9ac7-82da4e3b41b0,Card,37,TRUE,LHMP_IA,LHMP_IA [test_meta_forms],internal,1441680,1441681,mitigat-ny-prod+test_meta_forms,,(not set),TRUE,Smart (fetch on change),TRUE,Force (always re-fetch),"Section Settings > Data Fetch Mode: set Force (always re-fetch) (internal source). Currently unset (behaving as Smart (fetch on change) via the implicit fallback, readyToLoad=TRUE).",Yes - set,Open,,,"Hidden from view (data.hideInView), so it never renders and the setting has no runtime effect today - set it anyway for template consistency, or defer. Owner decision."
T6-C191,T6-001,1300890,https://county_template.devmny.org/the_risk/natural_hazards/drought,the_risk/natural_hazards/drought,1545217,(untitled Spreadsheet),2382104,b2d13e7b-9955-4c45-aad5-d59bd7a5af0b,Spreadsheet,40,,Hazards_of_Concern,Hazards_of_Concern [test_meta_forms],internal,1473470,1473471,mitigat-ny-prod+test_meta_forms,,Smart (fetch on change),TRUE,Smart (fetch on change),,Force (always re-fetch),Section Settings > Data Fetch Mode: set Force (always re-fetch) (internal source). Currently set to Smart (fetch on change).,Yes - change,Open,,,
T6-C192,T6-001,1300890,https://county_template.devmny.org/the_risk/natural_hazards/drought,the_risk/natural_hazards/drought,1545217,Modeled Risk,1898234,0700164d-e79b-487d-bcfb-30485def30ca,Card,41,,LHMP_IA,LHMP_IA [test-meta-forms],internal,1441680,1441681,mitigat-ny-prod+test-meta-forms,,(not set),TRUE,Smart (fetch on change),TRUE,Force (always re-fetch),"Section Settings > Data Fetch Mode: set Force (always re-fetch) (internal source). Currently unset (behaving as Smart (fetch on change) via the implicit fallback, readyToLoad=TRUE).",Yes - set,Open,,,
T6-C193,T6-001,1300890,https://county_template.devmny.org/the_risk/natural_hazards/drought,the_risk/natural_hazards/drought,1545217,Built Environment,1898237,61d0ccfa-80c7-4060-ba76-68955e498e29,Card,44,,LHMP_IA,LHMP_IA [test-meta-forms],internal,1441680,1441681,mitigat-ny-prod+test-meta-forms,,(not set),TRUE,Smart (fetch on change),TRUE,Force (always re-fetch),"Section Settings > Data Fetch Mode: set Force (always re-fetch) (internal source). Currently unset (behaving as Smart (fetch on change) via the implicit fallback, readyToLoad=TRUE).",Yes - set,Open,,,
T6-C194,T6-001,1300890,https://county_template.devmny.org/the_risk/natural_hazards/drought,the_risk/natural_hazards/drought,1545217,People and Communities,1898240,3a0a2294-233d-4fe2-b55c-e3b9b3daa12c,Card,47,,LHMP_IA,LHMP_IA [test-meta-forms],internal,1441680,1441681,mitigat-ny-prod+test-meta-forms,,(not set),TRUE,Smart (fetch on change),TRUE,Force (always re-fetch),"Section Settings > Data Fetch Mode: set Force (always re-fetch) (internal source). Currently unset (behaving as Smart (fetch on change) via the implicit fallback, readyToLoad=TRUE).",Yes - set,Open,,,
T6-C195,T6-001,1300890,https://county_template.devmny.org/the_risk/natural_hazards/drought,the_risk/natural_hazards/drought,1545217,Natural Environment,1898243,ea09c597-9874-4421-9e43-66d97fb97913,Card,50,,LHMP_IA,LHMP_IA [test-meta-forms],internal,1441680,1441681,mitigat-ny-prod+test-meta-forms,,(not set),TRUE,Smart (fetch on change),TRUE,Force (always re-fetch),"Section Settings > Data Fetch Mode: set Force (always re-fetch) (internal source). Currently unset (behaving as Smart (fetch on change) via the implicit fallback, readyToLoad=TRUE).",Yes - set,Open,,,
T6-C196,T6-001,1300890,https://county_template.devmny.org/the_risk/natural_hazards/drought,the_risk/natural_hazards/drought,1545217,(untitled Card),1898252,7b47cfb4-dbfd-4990-9a62-6003956bc2e2,Card,58,TRUE,LHMP_IA,LHMP_IA [test_meta_forms],internal,1441680,1441681,mitigat-ny-prod+test_meta_forms,,(not set),TRUE,Smart (fetch on change),TRUE,Force (always re-fetch),"Section Settings > Data Fetch Mode: set Force (always re-fetch) (internal source). Currently unset (behaving as Smart (fetch on change) via the implicit fallback, readyToLoad=TRUE).",Yes - set,Open,,,"Hidden from view (data.hideInView), so it never renders and the setting has no runtime effect today - set it anyway for template consistency, or defer. Owner decision."
T6-C197,T6-001,1300890,https://county_template.devmny.org/the_risk/natural_hazards/drought,the_risk/natural_hazards/drought,1545217,(untitled Spreadsheet),2383891,1f0155c3-bed3-4803-8380-fb0a06e15c9f,Spreadsheet,59,,Capabilities_Catalogue,Capabilities_Catalogue [test_meta_forms],internal,1068273,1172519,mitigat-ny-prod+test_meta_forms,,Smart (fetch on change),TRUE,Smart (fetch on change),,Force (always re-fetch),Section Settings > Data Fetch Mode: set Force (always re-fetch) (internal source). Currently set to Smart (fetch on change).,Yes - change,Open,,,
T6-C198,T6-001,1300890,https://county_template.devmny.org/the_risk/natural_hazards/drought,the_risk/natural_hazards/drought,1545217,(untitled Card),2179717,f79a6dd3-97ed-4974-88ab-d4ee75057b3f,Card,63,,Actions_Revised,Actions_Revised [test_meta_forms],internal,1029065,1074456,mitigat-ny-prod+test_meta_forms,,Force (always re-fetch),TRUE,Force (always re-fetch),,Force (always re-fetch),None - already set to Force (always re-fetch).,No,Closed,,2026-08-28,Already correct at scan time.
T6-C199,T6-001,1300890,https://county_template.devmny.org/the_risk/natural_hazards/drought,the_risk/natural_hazards/drought,1545217,Local Actions Table,2179735,f35f9712-6170-435b-9f73-51e67a61b955,Spreadsheet,64,,Actions_Revised,Actions_Revised [test_meta_forms],internal,1029065,1074456,mitigat-ny-prod+test_meta_forms,,Force (always re-fetch),TRUE,Force (always re-fetch),,Force (always re-fetch),None - already set to Force (always re-fetch).,No,Closed,,2026-08-28,Already correct at scan time.
T6-C200,T6-001,1300890,https://county_template.devmny.org/the_risk/natural_hazards/earthquake,the_risk/natural_hazards/earthquake,1544597,(untitled Card),1544537,e501e808-6217-486e-bd86-1ce7f435aa14,Card,1,,AVAIL - Fusion Events V2,AVAIL - Fusion Events V2 [external],external,870,1648,hazmit_dama,,(not set),TRUE,Smart (fetch on change),TRUE,Smart (fetch on change),"Section Settings > Data Fetch Mode: set Smart (fetch on change) (external source). Currently unset (behaving as Smart (fetch on change) via the implicit fallback, readyToLoad=TRUE).",Yes - set,Open,,,
T6-C201,T6-001,1300890,https://county_template.devmny.org/the_risk/natural_hazards/earthquake,the_risk/natural_hazards/earthquake,1544597,(untitled Card),1676741,c813676d-ebc6-45b0-8806-8b696caa6e83,Card,2,,Hazards_of_Concern,Hazards_of_Concern [test_meta_forms],internal,1473470,1473471,mitigat-ny-prod+test_meta_forms,,(not set),TRUE,Smart (fetch on change),TRUE,Force (always re-fetch),"Section Settings > Data Fetch Mode: set Force (always re-fetch) (internal source). Currently unset (behaving as Smart (fetch on change) via the implicit fallback, readyToLoad=TRUE).",Yes - set,Open,,,
T6-C202,T6-001,1300890,https://county_template.devmny.org/the_risk/natural_hazards/earthquake,the_risk/natural_hazards/earthquake,1544597,(untitled Card),1544538,b5e7c5ed-0c3f-48ba-8102-b35508c6fa2f,Card,3,,NRI Counties - Hazard Normalized,NRI Counties - Hazard Normalized [external],external,1508,1982,hazmit_dama,,(not set),TRUE,Smart (fetch on change),TRUE,Smart (fetch on change),"Section Settings > Data Fetch Mode: set Smart (fetch on change) (external source). Currently unset (behaving as Smart (fetch on change) via the implicit fallback, readyToLoad=TRUE).",Yes - set,Open,,,
T6-C203,T6-001,1300890,https://county_template.devmny.org/the_risk/natural_hazards/earthquake,the_risk/natural_hazards/earthquake,1544597,(untitled Card),1544539,5f88f7a5-19bf-4b85-b039-de50c4f2fb8a,Card,4,,AVAIL - Fusion Events V2,AVAIL - Fusion Events V2 [external],external,870,1648,hazmit_dama,,(not set),TRUE,Smart (fetch on change),TRUE,Smart (fetch on change),"Section Settings > Data Fetch Mode: set Smart (fetch on change) (external source). Currently unset (behaving as Smart (fetch on change) via the implicit fallback, readyToLoad=TRUE).",Yes - set,Open,,,
T6-C204,T6-001,1300890,https://county_template.devmny.org/the_risk/natural_hazards/earthquake,the_risk/natural_hazards/earthquake,1544597,(untitled Card),1544541,edcd023e-c7de-41db-b683-9d4c9297599c,Card,7,,LHMP_IA,LHMP_IA [test_meta_forms],internal,1441680,1441681,mitigat-ny-prod+test_meta_forms,,(not set),TRUE,Smart (fetch on change),TRUE,Force (always re-fetch),"Section Settings > Data Fetch Mode: set Force (always re-fetch) (internal source). Currently unset (behaving as Smart (fetch on change) via the implicit fallback, readyToLoad=TRUE).",Yes - set,Open,,,
T6-C205,T6-001,1300890,https://county_template.devmny.org/the_risk/natural_hazards/earthquake,the_risk/natural_hazards/earthquake,1544597,(untitled Card),1544548,7cfa4cbb-ad41-49d0-b4a1-34e9a2011d45,Card,15,,LHMP_IA,LHMP_IA [test_meta_forms],internal,1441680,1441681,mitigat-ny-prod+test_meta_forms,,(not set),TRUE,Smart (fetch on change),TRUE,Force (always re-fetch),"Section Settings > Data Fetch Mode: set Force (always re-fetch) (internal source). Currently unset (behaving as Smart (fetch on change) via the implicit fallback, readyToLoad=TRUE).",Yes - set,Open,,,
T6-C206,T6-001,1300890,https://county_template.devmny.org/the_risk/natural_hazards/earthquake,the_risk/natural_hazards/earthquake,1544597,(untitled Card),1544551,e0bd653d-ee80-4f64-9d0c-01f158f2d0b4,Card,18,,AVAIL - Fusion Events V2,AVAIL - Fusion Events V2 [external],external,870,2401,hazmit_dama,,(not set),TRUE,Smart (fetch on change),TRUE,Smart (fetch on change),"Section Settings > Data Fetch Mode: set Smart (fetch on change) (external source). Currently unset (behaving as Smart (fetch on change) via the implicit fallback, readyToLoad=TRUE).",Yes - set,Open,,,
T6-C207,T6-001,1300890,https://county_template.devmny.org/the_risk/natural_hazards/earthquake,the_risk/natural_hazards/earthquake,1544597,(untitled Graph),1544556,d757d20c-1538-4be1-8fea-0dd5e6417931,Graph,21,,AVAIL - Fusion Events V2,AVAIL - Fusion Events V2 [external],external,870,2401,hazmit_dama,,(not set),TRUE,Smart (fetch on change),TRUE,Smart (fetch on change),"Section Settings > Data Fetch Mode: set Smart (fetch on change) (external source). Currently unset (behaving as Smart (fetch on change) via the implicit fallback, readyToLoad=TRUE).",Yes - set,Open,,,
T6-C208,T6-001,1300890,https://county_template.devmny.org/the_risk/natural_hazards/earthquake,the_risk/natural_hazards/earthquake,1544597,(untitled Graph),1544559,ac560771-e09b-486b-adeb-d7d21dcc8894,Graph,23,,AVAIL - Fusion Events V2,AVAIL - Fusion Events V2 [external],external,870,2401,hazmit_dama,,(not set),TRUE,Smart (fetch on change),TRUE,Smart (fetch on change),"Section Settings > Data Fetch Mode: set Smart (fetch on change) (external source). Currently unset (behaving as Smart (fetch on change) via the implicit fallback, readyToLoad=TRUE).",Yes - set,Open,,,
T6-C209,T6-001,1300890,https://county_template.devmny.org/the_risk/natural_hazards/earthquake,the_risk/natural_hazards/earthquake,1544597,(untitled Card),1544565,f5392893-fc72-4005-b595-c9d92a1c5561,Card,30,,LHMP_IA,LHMP_IA [test_meta_forms],internal,1441680,1441681,mitigat-ny-prod+test_meta_forms,,(not set),TRUE,Smart (fetch on change),TRUE,Force (always re-fetch),"Section Settings > Data Fetch Mode: set Force (always re-fetch) (internal source). Currently unset (behaving as Smart (fetch on change) via the implicit fallback, readyToLoad=TRUE).",Yes - set,Open,,,
T6-C210,T6-001,1300890,https://county_template.devmny.org/the_risk/natural_hazards/earthquake,the_risk/natural_hazards/earthquake,1544597,(untitled Spreadsheet),1544566,f9007ce9-6ec1-4dc6-9341-61606e78e8bf,Spreadsheet,31,,AVAIL - Fusion Events V2,AVAIL - Fusion Events V2 [external],external,870,2401,hazmit_dama,,(not set),TRUE,Smart (fetch on change),TRUE,Smart (fetch on change),"Section Settings > Data Fetch Mode: set Smart (fetch on change) (external source). Currently unset (behaving as Smart (fetch on change) via the implicit fallback, readyToLoad=TRUE).",Yes - set,Open,,,
T6-C211,T6-001,1300890,https://county_template.devmny.org/the_risk/natural_hazards/earthquake,the_risk/natural_hazards/earthquake,1544597,(untitled Card),1544570,cd53270c-448a-415d-9ac7-82da4e3b41b0,Card,37,TRUE,LHMP_IA,LHMP_IA [test_meta_forms],internal,1441680,1441681,mitigat-ny-prod+test_meta_forms,,(not set),TRUE,Smart (fetch on change),TRUE,Force (always re-fetch),"Section Settings > Data Fetch Mode: set Force (always re-fetch) (internal source). Currently unset (behaving as Smart (fetch on change) via the implicit fallback, readyToLoad=TRUE).",Yes - set,Open,,,"Hidden from view (data.hideInView), so it never renders and the setting has no runtime effect today - set it anyway for template consistency, or defer. Owner decision."
T6-C212,T6-001,1300890,https://county_template.devmny.org/the_risk/natural_hazards/earthquake,the_risk/natural_hazards/earthquake,1544597,(untitled Spreadsheet),2382178,81ec48e3-867c-49e7-87f0-f220f8a7bab2,Spreadsheet,40,,Hazards_of_Concern,Hazards_of_Concern [test_meta_forms],internal,1473470,1473471,mitigat-ny-prod+test_meta_forms,,Smart (fetch on change),TRUE,Smart (fetch on change),,Force (always re-fetch),Section Settings > Data Fetch Mode: set Force (always re-fetch) (internal source). Currently set to Smart (fetch on change).,Yes - change,Open,,,
T6-C213,T6-001,1300890,https://county_template.devmny.org/the_risk/natural_hazards/earthquake,the_risk/natural_hazards/earthquake,1544597,(untitled Card),1544587,7b47cfb4-dbfd-4990-9a62-6003956bc2e2,Card,58,TRUE,LHMP_IA,LHMP_IA [test_meta_forms],internal,1441680,1441681,mitigat-ny-prod+test_meta_forms,,(not set),TRUE,Smart (fetch on change),TRUE,Force (always re-fetch),"Section Settings > Data Fetch Mode: set Force (always re-fetch) (internal source). Currently unset (behaving as Smart (fetch on change) via the implicit fallback, readyToLoad=TRUE).",Yes - set,Open,,,"Hidden from view (data.hideInView), so it never renders and the setting has no runtime effect today - set it anyway for template consistency, or defer. Owner decision."
T6-C214,T6-001,1300890,https://county_template.devmny.org/the_risk/natural_hazards/earthquake,the_risk/natural_hazards/earthquake,1544597,(untitled Spreadsheet),2384040,77a7252f-9e9f-434f-8c41-4185c6d7f5ca,Spreadsheet,59,,Capabilities_Catalogue,Capabilities_Catalogue [test_meta_forms],internal,1068273,1172519,mitigat-ny-prod+test_meta_forms,,Smart (fetch on change),TRUE,Smart (fetch on change),,Force (always re-fetch),Section Settings > Data Fetch Mode: set Force (always re-fetch) (internal source). Currently set to Smart (fetch on change).,Yes - change,Open,,,
T6-C215,T6-001,1300890,https://county_template.devmny.org/the_risk/natural_hazards/earthquake,the_risk/natural_hazards/earthquake,1544597,(untitled Card),2179719,91bdb6f7-e1d2-4762-a9ef-8ab48e545f57,Card,63,,Actions_Revised,Actions_Revised [test_meta_forms],internal,1029065,1074456,mitigat-ny-prod+test_meta_forms,,Force (always re-fetch),TRUE,Force (always re-fetch),,Force (always re-fetch),None - already set to Force (always re-fetch).,No,Closed,,2026-08-28,Already correct at scan time.
T6-C216,T6-001,1300890,https://county_template.devmny.org/the_risk/natural_hazards/earthquake,the_risk/natural_hazards/earthquake,1544597,(untitled Card),1544593,eaea3217-67c6-401c-aaf3-392b9173b5c7,Card,64,TRUE,LHMP_IA,LHMP_IA [test_meta_forms],internal,1441680,1441681,mitigat-ny-prod+test_meta_forms,,(not set),TRUE,Smart (fetch on change),TRUE,Force (always re-fetch),"Section Settings > Data Fetch Mode: set Force (always re-fetch) (internal source). Currently unset (behaving as Smart (fetch on change) via the implicit fallback, readyToLoad=TRUE).",Yes - set,Open,,,"Hidden from view (data.hideInView), so it never renders and the setting has no runtime effect today - set it anyway for template consistency, or defer. Owner decision."
T6-C217,T6-001,1300890,https://county_template.devmny.org/the_risk/natural_hazards/earthquake,the_risk/natural_hazards/earthquake,1544597,Local Actions Table,2179736,5e7eefba-6208-4891-ab46-d095a2fa766c,Spreadsheet,65,,Actions_Revised,Actions_Revised [test_meta_forms],internal,1029065,1074456,mitigat-ny-prod+test_meta_forms,,Force (always re-fetch),TRUE,Force (always re-fetch),,Force (always re-fetch),None - already set to Force (always re-fetch).,No,Closed,,2026-08-28,Already correct at scan time.
T6-C218,T6-001,1300890,https://county_template.devmny.org/the_risk/natural_hazards/extreme_cold,the_risk/natural_hazards/extreme_cold,1544845,(untitled Card),1544785,e501e808-6217-486e-bd86-1ce7f435aa14,Card,1,,AVAIL - Fusion Events V2,AVAIL - Fusion Events V2 [external],external,870,1648,hazmit_dama,,(not set),TRUE,Smart (fetch on change),TRUE,Smart (fetch on change),"Section Settings > Data Fetch Mode: set Smart (fetch on change) (external source). Currently unset (behaving as Smart (fetch on change) via the implicit fallback, readyToLoad=TRUE).",Yes - set,Open,,,
T6-C219,T6-001,1300890,https://county_template.devmny.org/the_risk/natural_hazards/extreme_cold,the_risk/natural_hazards/extreme_cold,1544845,(untitled Card),1676743,c71294ab-d257-4f4f-9642-4a5d49756cff,Card,2,,Hazards_of_Concern,Hazards_of_Concern [test_meta_forms],internal,1473470,1473471,mitigat-ny-prod+test_meta_forms,,(not set),TRUE,Smart (fetch on change),TRUE,Force (always re-fetch),"Section Settings > Data Fetch Mode: set Force (always re-fetch) (internal source). Currently unset (behaving as Smart (fetch on change) via the implicit fallback, readyToLoad=TRUE).",Yes - set,Open,,,
T6-C220,T6-001,1300890,https://county_template.devmny.org/the_risk/natural_hazards/extreme_cold,the_risk/natural_hazards/extreme_cold,1544845,(untitled Card),1544786,b5e7c5ed-0c3f-48ba-8102-b35508c6fa2f,Card,3,,NRI Counties - Hazard Normalized,NRI Counties - Hazard Normalized [external],external,1508,1982,hazmit_dama,,(not set),TRUE,Smart (fetch on change),TRUE,Smart (fetch on change),"Section Settings > Data Fetch Mode: set Smart (fetch on change) (external source). Currently unset (behaving as Smart (fetch on change) via the implicit fallback, readyToLoad=TRUE).",Yes - set,Open,,,
T6-C221,T6-001,1300890,https://county_template.devmny.org/the_risk/natural_hazards/extreme_cold,the_risk/natural_hazards/extreme_cold,1544845,(untitled Card),1544787,5f88f7a5-19bf-4b85-b039-de50c4f2fb8a,Card,4,,AVAIL - Fusion Events V2,AVAIL - Fusion Events V2 [external],external,870,1648,hazmit_dama,,(not set),TRUE,Smart (fetch on change),TRUE,Smart (fetch on change),"Section Settings > Data Fetch Mode: set Smart (fetch on change) (external source). Currently unset (behaving as Smart (fetch on change) via the implicit fallback, readyToLoad=TRUE).",Yes - set,Open,,,
T6-C222,T6-001,1300890,https://county_template.devmny.org/the_risk/natural_hazards/extreme_cold,the_risk/natural_hazards/extreme_cold,1544845,(untitled Card),1544789,edcd023e-c7de-41db-b683-9d4c9297599c,Card,7,,LHMP_IA,LHMP_IA [test_meta_forms],internal,1441680,1441681,mitigat-ny-prod+test_meta_forms,,(not set),TRUE,Smart (fetch on change),TRUE,Force (always re-fetch),"Section Settings > Data Fetch Mode: set Force (always re-fetch) (internal source). Currently unset (behaving as Smart (fetch on change) via the implicit fallback, readyToLoad=TRUE).",Yes - set,Open,,,
T6-C223,T6-001,1300890,https://county_template.devmny.org/the_risk/natural_hazards/extreme_cold,the_risk/natural_hazards/extreme_cold,1544845,(untitled Card),1544796,7cfa4cbb-ad41-49d0-b4a1-34e9a2011d45,Card,15,,LHMP_IA,LHMP_IA [test_meta_forms],internal,1441680,1441681,mitigat-ny-prod+test_meta_forms,,(not set),TRUE,Smart (fetch on change),TRUE,Force (always re-fetch),"Section Settings > Data Fetch Mode: set Force (always re-fetch) (internal source). Currently unset (behaving as Smart (fetch on change) via the implicit fallback, readyToLoad=TRUE).",Yes - set,Open,,,
T6-C224,T6-001,1300890,https://county_template.devmny.org/the_risk/natural_hazards/extreme_cold,the_risk/natural_hazards/extreme_cold,1544845,(untitled Card),1544799,e0bd653d-ee80-4f64-9d0c-01f158f2d0b4,Card,18,,AVAIL - Fusion Events V2,AVAIL - Fusion Events V2 [external],external,870,2401,hazmit_dama,,(not set),TRUE,Smart (fetch on change),TRUE,Smart (fetch on change),"Section Settings > Data Fetch Mode: set Smart (fetch on change) (external source). Currently unset (behaving as Smart (fetch on change) via the implicit fallback, readyToLoad=TRUE).",Yes - set,Open,,,
T6-C225,T6-001,1300890,https://county_template.devmny.org/the_risk/natural_hazards/extreme_cold,the_risk/natural_hazards/extreme_cold,1544845,(untitled Graph),1544804,d757d20c-1538-4be1-8fea-0dd5e6417931,Graph,21,,AVAIL - Fusion Events V2,AVAIL - Fusion Events V2 [external],external,870,2401,hazmit_dama,,(not set),TRUE,Smart (fetch on change),TRUE,Smart (fetch on change),"Section Settings > Data Fetch Mode: set Smart (fetch on change) (external source). Currently unset (behaving as Smart (fetch on change) via the implicit fallback, readyToLoad=TRUE).",Yes - set,Open,,,
T6-C226,T6-001,1300890,https://county_template.devmny.org/the_risk/natural_hazards/extreme_cold,the_risk/natural_hazards/extreme_cold,1544845,(untitled Graph),1544807,ac560771-e09b-486b-adeb-d7d21dcc8894,Graph,23,,AVAIL - Fusion Events V2,AVAIL - Fusion Events V2 [external],external,870,2401,hazmit_dama,,(not set),TRUE,Smart (fetch on change),TRUE,Smart (fetch on change),"Section Settings > Data Fetch Mode: set Smart (fetch on change) (external source). Currently unset (behaving as Smart (fetch on change) via the implicit fallback, readyToLoad=TRUE).",Yes - set,Open,,,
T6-C227,T6-001,1300890,https://county_template.devmny.org/the_risk/natural_hazards/extreme_cold,the_risk/natural_hazards/extreme_cold,1544845,(untitled Card),1544813,f5392893-fc72-4005-b595-c9d92a1c5561,Card,30,,LHMP_IA,LHMP_IA [test_meta_forms],internal,1441680,1441681,mitigat-ny-prod+test_meta_forms,,(not set),TRUE,Smart (fetch on change),TRUE,Force (always re-fetch),"Section Settings > Data Fetch Mode: set Force (always re-fetch) (internal source). Currently unset (behaving as Smart (fetch on change) via the implicit fallback, readyToLoad=TRUE).",Yes - set,Open,,,
T6-C228,T6-001,1300890,https://county_template.devmny.org/the_risk/natural_hazards/extreme_cold,the_risk/natural_hazards/extreme_cold,1544845,(untitled Spreadsheet),1544814,f9007ce9-6ec1-4dc6-9341-61606e78e8bf,Spreadsheet,31,,AVAIL - Fusion Events V2,AVAIL - Fusion Events V2 [external],external,870,2401,hazmit_dama,,(not set),TRUE,Smart (fetch on change),TRUE,Smart (fetch on change),"Section Settings > Data Fetch Mode: set Smart (fetch on change) (external source). Currently unset (behaving as Smart (fetch on change) via the implicit fallback, readyToLoad=TRUE).",Yes - set,Open,,,
T6-C229,T6-001,1300890,https://county_template.devmny.org/the_risk/natural_hazards/extreme_cold,the_risk/natural_hazards/extreme_cold,1544845,(untitled Card),1544818,cd53270c-448a-415d-9ac7-82da4e3b41b0,Card,37,TRUE,LHMP_IA,LHMP_IA [test_meta_forms],internal,1441680,1441681,mitigat-ny-prod+test_meta_forms,,(not set),TRUE,Smart (fetch on change),TRUE,Force (always re-fetch),"Section Settings > Data Fetch Mode: set Force (always re-fetch) (internal source). Currently unset (behaving as Smart (fetch on change) via the implicit fallback, readyToLoad=TRUE).",Yes - set,Open,,,"Hidden from view (data.hideInView), so it never renders and the setting has no runtime effect today - set it anyway for template consistency, or defer. Owner decision."
T6-C230,T6-001,1300890,https://county_template.devmny.org/the_risk/natural_hazards/extreme_cold,the_risk/natural_hazards/extreme_cold,1544845,(untitled Spreadsheet),2382253,248c4f0a-fbb7-499a-a0ff-e170001086de,Spreadsheet,40,,Hazards_of_Concern,Hazards_of_Concern [test_meta_forms],internal,1473470,1473471,mitigat-ny-prod+test_meta_forms,,Smart (fetch on change),TRUE,Smart (fetch on change),,Force (always re-fetch),Section Settings > Data Fetch Mode: set Force (always re-fetch) (internal source). Currently set to Smart (fetch on change).,Yes - change,Open,,,
T6-C231,T6-001,1300890,https://county_template.devmny.org/the_risk/natural_hazards/extreme_cold,the_risk/natural_hazards/extreme_cold,1544845,(untitled Card),1544835,7b47cfb4-dbfd-4990-9a62-6003956bc2e2,Card,58,TRUE,LHMP_IA,LHMP_IA [test_meta_forms],internal,1441680,1441681,mitigat-ny-prod+test_meta_forms,,(not set),TRUE,Smart (fetch on change),TRUE,Force (always re-fetch),"Section Settings > Data Fetch Mode: set Force (always re-fetch) (internal source). Currently unset (behaving as Smart (fetch on change) via the implicit fallback, readyToLoad=TRUE).",Yes - set,Open,,,"Hidden from view (data.hideInView), so it never renders and the setting has no runtime effect today - set it anyway for template consistency, or defer. Owner decision."
T6-C232,T6-001,1300890,https://county_template.devmny.org/the_risk/natural_hazards/extreme_cold,the_risk/natural_hazards/extreme_cold,1544845,(untitled Spreadsheet),2383866,9dba8fbd-732d-4520-a10a-5504a145c8d0,Spreadsheet,59,,Capabilities_Catalogue,Capabilities_Catalogue [test_meta_forms],internal,1068273,1172519,mitigat-ny-prod+test_meta_forms,,Smart (fetch on change),TRUE,Smart (fetch on change),,Force (always re-fetch),Section Settings > Data Fetch Mode: set Force (always re-fetch) (internal source). Currently set to Smart (fetch on change).,Yes - change,Open,,,
T6-C233,T6-001,1300890,https://county_template.devmny.org/the_risk/natural_hazards/extreme_cold,the_risk/natural_hazards/extreme_cold,1544845,(untitled Card),1544839,49ca0249-1320-475f-a9f5-98451677a4fd,Card,62,,Actions_Revised,Actions_Revised [test_meta_forms],internal,1029065,1074456,mitigat-ny-prod+test_meta_forms,,Force (always re-fetch),TRUE,Force (always re-fetch),,Force (always re-fetch),None - already set to Force (always re-fetch).,No,Closed,,2026-08-28,Already correct at scan time.
T6-C234,T6-001,1300890,https://county_template.devmny.org/the_risk/natural_hazards/extreme_cold,the_risk/natural_hazards/extreme_cold,1544845,Local Actions Table,2179231,a70bfede-10e3-46f8-9a05-095b4365d378,Spreadsheet,63,,Actions_Revised,Actions_Revised [test_meta_forms],internal,1029065,1074456,mitigat-ny-prod+test_meta_forms,,Force (always re-fetch),TRUE,Force (always re-fetch),,Force (always re-fetch),None - already set to Force (always re-fetch).,No,Closed,,2026-08-28,Already correct at scan time.
T6-C235,T6-001,1300890,https://county_template.devmny.org/the_risk/natural_hazards/extreme_cold,the_risk/natural_hazards/extreme_cold,1544845,(untitled Card),1544841,eaea3217-67c6-401c-aaf3-392b9173b5c7,Card,64,TRUE,LHMP_IA,LHMP_IA [test_meta_forms],internal,1441680,1441681,mitigat-ny-prod+test_meta_forms,,(not set),TRUE,Smart (fetch on change),TRUE,Force (always re-fetch),"Section Settings > Data Fetch Mode: set Force (always re-fetch) (internal source). Currently unset (behaving as Smart (fetch on change) via the implicit fallback, readyToLoad=TRUE).",Yes - set,Open,,,"Hidden from view (data.hideInView), so it never renders and the setting has no runtime effect today - set it anyway for template consistency, or defer. Owner decision."
T6-C236,T6-001,1300890,https://county_template.devmny.org/the_risk/natural_hazards/extreme_heat,the_risk/natural_hazards/extreme_heat,1544969,(untitled Card),1544909,e501e808-6217-486e-bd86-1ce7f435aa14,Card,1,,AVAIL - Fusion Events V2,AVAIL - Fusion Events V2 [external],external,870,1648,hazmit_dama,,(not set),TRUE,Smart (fetch on change),TRUE,Smart (fetch on change),"Section Settings > Data Fetch Mode: set Smart (fetch on change) (external source). Currently unset (behaving as Smart (fetch on change) via the implicit fallback, readyToLoad=TRUE).",Yes - set,Open,,,
T6-C237,T6-001,1300890,https://county_template.devmny.org/the_risk/natural_hazards/extreme_heat,the_risk/natural_hazards/extreme_heat,1544969,(untitled Card),1676745,20fe6eef-1bbd-4be4-ab31-8dc6a6b88e6d,Card,2,,Hazards_of_Concern,Hazards_of_Concern [test_meta_forms],internal,1473470,1473471,mitigat-ny-prod+test_meta_forms,,(not set),TRUE,Smart (fetch on change),TRUE,Force (always re-fetch),"Section Settings > Data Fetch Mode: set Force (always re-fetch) (internal source). Currently unset (behaving as Smart (fetch on change) via the implicit fallback, readyToLoad=TRUE).",Yes - set,Open,,,
T6-C238,T6-001,1300890,https://county_template.devmny.org/the_risk/natural_hazards/extreme_heat,the_risk/natural_hazards/extreme_heat,1544969,(untitled Card),1544910,b5e7c5ed-0c3f-48ba-8102-b35508c6fa2f,Card,3,,NRI Counties - Hazard Normalized,NRI Counties - Hazard Normalized [external],external,1508,1982,hazmit_dama,,(not set),TRUE,Smart (fetch on change),TRUE,Smart (fetch on change),"Section Settings > Data Fetch Mode: set Smart (fetch on change) (external source). Currently unset (behaving as Smart (fetch on change) via the implicit fallback, readyToLoad=TRUE).",Yes - set,Open,,,
T6-C239,T6-001,1300890,https://county_template.devmny.org/the_risk/natural_hazards/extreme_heat,the_risk/natural_hazards/extreme_heat,1544969,(untitled Card),1544911,5f88f7a5-19bf-4b85-b039-de50c4f2fb8a,Card,4,,AVAIL - Fusion Events V2,AVAIL - Fusion Events V2 [external],external,870,1648,hazmit_dama,,(not set),TRUE,Smart (fetch on change),TRUE,Smart (fetch on change),"Section Settings > Data Fetch Mode: set Smart (fetch on change) (external source). Currently unset (behaving as Smart (fetch on change) via the implicit fallback, readyToLoad=TRUE).",Yes - set,Open,,,
T6-C240,T6-001,1300890,https://county_template.devmny.org/the_risk/natural_hazards/extreme_heat,the_risk/natural_hazards/extreme_heat,1544969,(untitled Card),1544913,edcd023e-c7de-41db-b683-9d4c9297599c,Card,7,,LHMP_IA,LHMP_IA [test_meta_forms],internal,1441680,1441681,mitigat-ny-prod+test_meta_forms,,(not set),TRUE,Smart (fetch on change),TRUE,Force (always re-fetch),"Section Settings > Data Fetch Mode: set Force (always re-fetch) (internal source). Currently unset (behaving as Smart (fetch on change) via the implicit fallback, readyToLoad=TRUE).",Yes - set,Open,,,
T6-C241,T6-001,1300890,https://county_template.devmny.org/the_risk/natural_hazards/extreme_heat,the_risk/natural_hazards/extreme_heat,1544969,(untitled Card),1544920,7cfa4cbb-ad41-49d0-b4a1-34e9a2011d45,Card,15,,LHMP_IA,LHMP_IA [test_meta_forms],internal,1441680,1441681,mitigat-ny-prod+test_meta_forms,,(not set),TRUE,Smart (fetch on change),TRUE,Force (always re-fetch),"Section Settings > Data Fetch Mode: set Force (always re-fetch) (internal source). Currently unset (behaving as Smart (fetch on change) via the implicit fallback, readyToLoad=TRUE).",Yes - set,Open,,,
T6-C242,T6-001,1300890,https://county_template.devmny.org/the_risk/natural_hazards/extreme_heat,the_risk/natural_hazards/extreme_heat,1544969,(untitled Card),1544923,e0bd653d-ee80-4f64-9d0c-01f158f2d0b4,Card,18,,AVAIL - Fusion Events V2,AVAIL - Fusion Events V2 [external],external,870,2401,hazmit_dama,,(not set),TRUE,Smart (fetch on change),TRUE,Smart (fetch on change),"Section Settings > Data Fetch Mode: set Smart (fetch on change) (external source). Currently unset (behaving as Smart (fetch on change) via the implicit fallback, readyToLoad=TRUE).",Yes - set,Open,,,
T6-C243,T6-001,1300890,https://county_template.devmny.org/the_risk/natural_hazards/extreme_heat,the_risk/natural_hazards/extreme_heat,1544969,(untitled Graph),1544928,d757d20c-1538-4be1-8fea-0dd5e6417931,Graph,21,,AVAIL - Fusion Events V2,AVAIL - Fusion Events V2 [external],external,870,2401,hazmit_dama,,(not set),TRUE,Smart (fetch on change),TRUE,Smart (fetch on change),"Section Settings > Data Fetch Mode: set Smart (fetch on change) (external source). Currently unset (behaving as Smart (fetch on change) via the implicit fallback, readyToLoad=TRUE).",Yes - set,Open,,,
T6-C244,T6-001,1300890,https://county_template.devmny.org/the_risk/natural_hazards/extreme_heat,the_risk/natural_hazards/extreme_heat,1544969,(untitled Graph),1544931,ac560771-e09b-486b-adeb-d7d21dcc8894,Graph,23,,AVAIL - Fusion Events V2,AVAIL - Fusion Events V2 [external],external,870,2401,hazmit_dama,,(not set),TRUE,Smart (fetch on change),TRUE,Smart (fetch on change),"Section Settings > Data Fetch Mode: set Smart (fetch on change) (external source). Currently unset (behaving as Smart (fetch on change) via the implicit fallback, readyToLoad=TRUE).",Yes - set,Open,,,
T6-C245,T6-001,1300890,https://county_template.devmny.org/the_risk/natural_hazards/extreme_heat,the_risk/natural_hazards/extreme_heat,1544969,(untitled Card),1544937,f5392893-fc72-4005-b595-c9d92a1c5561,Card,30,,LHMP_IA,LHMP_IA [test_meta_forms],internal,1441680,1441681,mitigat-ny-prod+test_meta_forms,,(not set),TRUE,Smart (fetch on change),TRUE,Force (always re-fetch),"Section Settings > Data Fetch Mode: set Force (always re-fetch) (internal source). Currently unset (behaving as Smart (fetch on change) via the implicit fallback, readyToLoad=TRUE).",Yes - set,Open,,,
T6-C246,T6-001,1300890,https://county_template.devmny.org/the_risk/natural_hazards/extreme_heat,the_risk/natural_hazards/extreme_heat,1544969,(untitled Spreadsheet),1544938,f9007ce9-6ec1-4dc6-9341-61606e78e8bf,Spreadsheet,31,,AVAIL - Fusion Events V2,AVAIL - Fusion Events V2 [external],external,870,2401,hazmit_dama,,(not set),TRUE,Smart (fetch on change),TRUE,Smart (fetch on change),"Section Settings > Data Fetch Mode: set Smart (fetch on change) (external source). Currently unset (behaving as Smart (fetch on change) via the implicit fallback, readyToLoad=TRUE).",Yes - set,Open,,,
T6-C247,T6-001,1300890,https://county_template.devmny.org/the_risk/natural_hazards/extreme_heat,the_risk/natural_hazards/extreme_heat,1544969,(untitled Card),1544942,cd53270c-448a-415d-9ac7-82da4e3b41b0,Card,37,TRUE,LHMP_IA,LHMP_IA [test_meta_forms],internal,1441680,1441681,mitigat-ny-prod+test_meta_forms,,(not set),TRUE,Smart (fetch on change),TRUE,Force (always re-fetch),"Section Settings > Data Fetch Mode: set Force (always re-fetch) (internal source). Currently unset (behaving as Smart (fetch on change) via the implicit fallback, readyToLoad=TRUE).",Yes - set,Open,,,"Hidden from view (data.hideInView), so it never renders and the setting has no runtime effect today - set it anyway for template consistency, or defer. Owner decision."
T6-C248,T6-001,1300890,https://county_template.devmny.org/the_risk/natural_hazards/extreme_heat,the_risk/natural_hazards/extreme_heat,1544969,(untitled Spreadsheet),2382326,e11f601f-2469-4ecb-a8ca-af2677d724fe,Spreadsheet,40,,Hazards_of_Concern,Hazards_of_Concern [test_meta_forms],internal,1473470,1473471,mitigat-ny-prod+test_meta_forms,,Smart (fetch on change),TRUE,Smart (fetch on change),,Force (always re-fetch),Section Settings > Data Fetch Mode: set Force (always re-fetch) (internal source). Currently set to Smart (fetch on change).,Yes - change,Open,,,
T6-C249,T6-001,1300890,https://county_template.devmny.org/the_risk/natural_hazards/extreme_heat,the_risk/natural_hazards/extreme_heat,1544969,(untitled Card),1544959,7b47cfb4-dbfd-4990-9a62-6003956bc2e2,Card,58,TRUE,LHMP_IA,LHMP_IA [test_meta_forms],internal,1441680,1441681,mitigat-ny-prod+test_meta_forms,,(not set),TRUE,Smart (fetch on change),TRUE,Force (always re-fetch),"Section Settings > Data Fetch Mode: set Force (always re-fetch) (internal source). Currently unset (behaving as Smart (fetch on change) via the implicit fallback, readyToLoad=TRUE).",Yes - set,Open,,,"Hidden from view (data.hideInView), so it never renders and the setting has no runtime effect today - set it anyway for template consistency, or defer. Owner decision."
T6-C250,T6-001,1300890,https://county_template.devmny.org/the_risk/natural_hazards/extreme_heat,the_risk/natural_hazards/extreme_heat,1544969,(untitled Spreadsheet),2384188,c9cd079f-61bf-477c-b842-9eb7cd22c0bc,Spreadsheet,59,,Capabilities_Catalogue,Capabilities_Catalogue [test_meta_forms],internal,1068273,1172519,mitigat-ny-prod+test_meta_forms,,Smart (fetch on change),TRUE,Smart (fetch on change),,Force (always re-fetch),Section Settings > Data Fetch Mode: set Force (always re-fetch) (internal source). Currently set to Smart (fetch on change).,Yes - change,Open,,,
T6-C251,T6-001,1300890,https://county_template.devmny.org/the_risk/natural_hazards/extreme_heat,the_risk/natural_hazards/extreme_heat,1544969,(untitled Card),2179720,4d4aa93b-f287-4cb2-a874-7d75e2fa18c2,Card,63,,Actions_Revised,Actions_Revised [test_meta_forms],internal,1029065,1074456,mitigat-ny-prod+test_meta_forms,,Force (always re-fetch),TRUE,Force (always re-fetch),,Force (always re-fetch),None - already set to Force (always re-fetch).,No,Closed,,2026-08-28,Already correct at scan time.
T6-C252,T6-001,1300890,https://county_template.devmny.org/the_risk/natural_hazards/extreme_heat,the_risk/natural_hazards/extreme_heat,1544969,Local Actions Table,2179737,b56906ac-e4cc-40cd-82d2-70be4ede77cd,Spreadsheet,64,,Actions_Revised,Actions_Revised [test_meta_forms],internal,1029065,1074456,mitigat-ny-prod+test_meta_forms,,Force (always re-fetch),TRUE,Force (always re-fetch),,Force (always re-fetch),None - already set to Force (always re-fetch).,No,Closed,,2026-08-28,Already correct at scan time.
T6-C253,T6-001,1300890,https://county_template.devmny.org/the_risk/natural_hazards/flooding,the_risk/natural_hazards/flooding,1450290,(untitled Card),1682899,e501e808-6217-486e-bd86-1ce7f435aa14,Card,1,,AVAIL - Fusion Events V2,AVAIL - Fusion Events V2 [external],external,870,1648,hazmit_dama,,(not set),TRUE,Smart (fetch on change),TRUE,Smart (fetch on change),"Section Settings > Data Fetch Mode: set Smart (fetch on change) (external source). Currently unset (behaving as Smart (fetch on change) via the implicit fallback, readyToLoad=TRUE).",Yes - set,Open,,,
T6-C254,T6-001,1300890,https://county_template.devmny.org/the_risk/natural_hazards/flooding,the_risk/natural_hazards/flooding,1450290,(untitled Card),1682901,de58a0c6-22f0-498a-af0b-3ff0bc6684ad,Card,2,,Hazards_of_Concern,Hazards_of_Concern [test_meta_forms],internal,1473470,1473471,mitigat-ny-prod+test_meta_forms,,(not set),TRUE,Smart (fetch on change),TRUE,Force (always re-fetch),"Section Settings > Data Fetch Mode: set Force (always re-fetch) (internal source). Currently unset (behaving as Smart (fetch on change) via the implicit fallback, readyToLoad=TRUE).",Yes - set,Open,,,
T6-C255,T6-001,1300890,https://county_template.devmny.org/the_risk/natural_hazards/flooding,the_risk/natural_hazards/flooding,1450290,(untitled Card),1682904,b5e7c5ed-0c3f-48ba-8102-b35508c6fa2f,Card,3,,NRI Counties - Hazard Normalized,NRI Counties - Hazard Normalized [external],external,1508,1982,hazmit_dama,,(not set),TRUE,Smart (fetch on change),TRUE,Smart (fetch on change),"Section Settings > Data Fetch Mode: set Smart (fetch on change) (external source). Currently unset (behaving as Smart (fetch on change) via the implicit fallback, readyToLoad=TRUE).",Yes - set,Open,,,
T6-C256,T6-001,1300890,https://county_template.devmny.org/the_risk/natural_hazards/flooding,the_risk/natural_hazards/flooding,1450290,(untitled Card),1682906,5f88f7a5-19bf-4b85-b039-de50c4f2fb8a,Card,4,,AVAIL - Fusion Events V2,AVAIL - Fusion Events V2 [external],external,870,1648,hazmit_dama,,(not set),TRUE,Smart (fetch on change),TRUE,Smart (fetch on change),"Section Settings > Data Fetch Mode: set Smart (fetch on change) (external source). Currently unset (behaving as Smart (fetch on change) via the implicit fallback, readyToLoad=TRUE).",Yes - set,Open,,,
T6-C257,T6-001,1300890,https://county_template.devmny.org/the_risk/natural_hazards/flooding,the_risk/natural_hazards/flooding,1450290,(untitled Card),1682909,edcd023e-c7de-41db-b683-9d4c9297599c,Card,7,,LHMP_IA,LHMP_IA [test_meta_forms],internal,1441680,1441681,mitigat-ny-prod+test_meta_forms,,(not set),TRUE,Smart (fetch on change),TRUE,Force (always re-fetch),"Section Settings > Data Fetch Mode: set Force (always re-fetch) (internal source). Currently unset (behaving as Smart (fetch on change) via the implicit fallback, readyToLoad=TRUE).",Yes - set,Open,,,
T6-C258,T6-001,1300890,https://county_template.devmny.org/the_risk/natural_hazards/flooding,the_risk/natural_hazards/flooding,1450290,(untitled Card),1682918,7cfa4cbb-ad41-49d0-b4a1-34e9a2011d45,Card,15,,LHMP_IA,LHMP_IA [test_meta_forms],internal,1441680,1441681,mitigat-ny-prod+test_meta_forms,,(not set),TRUE,Smart (fetch on change),TRUE,Force (always re-fetch),"Section Settings > Data Fetch Mode: set Force (always re-fetch) (internal source). Currently unset (behaving as Smart (fetch on change) via the implicit fallback, readyToLoad=TRUE).",Yes - set,Open,,,
T6-C259,T6-001,1300890,https://county_template.devmny.org/the_risk/natural_hazards/flooding,the_risk/natural_hazards/flooding,1450290,(untitled Card),1682925,e0bd653d-ee80-4f64-9d0c-01f158f2d0b4,Card,18,,AVAIL - Fusion Events V2,AVAIL - Fusion Events V2 [external],external,870,2401,hazmit_dama,,(not set),TRUE,Smart (fetch on change),TRUE,Smart (fetch on change),"Section Settings > Data Fetch Mode: set Smart (fetch on change) (external source). Currently unset (behaving as Smart (fetch on change) via the implicit fallback, readyToLoad=TRUE).",Yes - set,Open,,,
T6-C260,T6-001,1300890,https://county_template.devmny.org/the_risk/natural_hazards/flooding,the_risk/natural_hazards/flooding,1450290,(untitled Card),1682929,dd7b9f34-9244-4aee-8cf5-a55770b3c383,Card,20,,LHMP_IA,LHMP_IA [test_meta_forms],internal,1441680,1441681,mitigat-ny-prod+test_meta_forms,,(not set),TRUE,Smart (fetch on change),TRUE,Force (always re-fetch),"Section Settings > Data Fetch Mode: set Force (always re-fetch) (internal source). Currently unset (behaving as Smart (fetch on change) via the implicit fallback, readyToLoad=TRUE).",Yes - set,Open,,,
T6-C261,T6-001,1300890,https://county_template.devmny.org/the_risk/natural_hazards/flooding,the_risk/natural_hazards/flooding,1450290,(untitled Graph),1682933,d757d20c-1538-4be1-8fea-0dd5e6417931,Graph,22,,AVAIL - Fusion Events V2,AVAIL - Fusion Events V2 [external],external,870,2401,hazmit_dama,,(not set),TRUE,Smart (fetch on change),TRUE,Smart (fetch on change),"Section Settings > Data Fetch Mode: set Smart (fetch on change) (external source). Currently unset (behaving as Smart (fetch on change) via the implicit fallback, readyToLoad=TRUE).",Yes - set,Open,,,
T6-C262,T6-001,1300890,https://county_template.devmny.org/the_risk/natural_hazards/flooding,the_risk/natural_hazards/flooding,1450290,(untitled Graph),1682939,ac560771-e09b-486b-adeb-d7d21dcc8894,Graph,24,,AVAIL - Fusion Events V2,AVAIL - Fusion Events V2 [external],external,870,2401,hazmit_dama,,(not set),TRUE,Smart (fetch on change),TRUE,Smart (fetch on change),"Section Settings > Data Fetch Mode: set Smart (fetch on change) (external source). Currently unset (behaving as Smart (fetch on change) via the implicit fallback, readyToLoad=TRUE).",Yes - set,Open,,,
T6-C263,T6-001,1300890,https://county_template.devmny.org/the_risk/natural_hazards/flooding,the_risk/natural_hazards/flooding,1450290,(untitled Card),1682947,f5392893-fc72-4005-b595-c9d92a1c5561,Card,31,,LHMP_IA,LHMP_IA [test_meta_forms],internal,1441680,1441681,mitigat-ny-prod+test_meta_forms,,(not set),TRUE,Smart (fetch on change),TRUE,Force (always re-fetch),"Section Settings > Data Fetch Mode: set Force (always re-fetch) (internal source). Currently unset (behaving as Smart (fetch on change) via the implicit fallback, readyToLoad=TRUE).",Yes - set,Open,,,
T6-C264,T6-001,1300890,https://county_template.devmny.org/the_risk/natural_hazards/flooding,the_risk/natural_hazards/flooding,1450290,(untitled Spreadsheet),1682948,f9007ce9-6ec1-4dc6-9341-61606e78e8bf,Spreadsheet,32,,AVAIL - Fusion Events V2,AVAIL - Fusion Events V2 [external],external,870,2401,hazmit_dama,,(not set),TRUE,Smart (fetch on change),TRUE,Smart (fetch on change),"Section Settings > Data Fetch Mode: set Smart (fetch on change) (external source). Currently unset (behaving as Smart (fetch on change) via the implicit fallback, readyToLoad=TRUE).",Yes - set,Open,,,
T6-C265,T6-001,1300890,https://county_template.devmny.org/the_risk/natural_hazards/flooding,the_risk/natural_hazards/flooding,1450290,(untitled Card),1682954,cd53270c-448a-415d-9ac7-82da4e3b41b0,Card,38,TRUE,LHMP_IA,LHMP_IA [test_meta_forms],internal,1441680,1441681,mitigat-ny-prod+test_meta_forms,,(not set),TRUE,Smart (fetch on change),TRUE,Force (always re-fetch),"Section Settings > Data Fetch Mode: set Force (always re-fetch) (internal source). Currently unset (behaving as Smart (fetch on change) via the implicit fallback, readyToLoad=TRUE).",Yes - set,Open,,,"Hidden from view (data.hideInView), so it never renders and the setting has no runtime effect today - set it anyway for template consistency, or defer. Owner decision."
T6-C266,T6-001,1300890,https://county_template.devmny.org/the_risk/natural_hazards/flooding,the_risk/natural_hazards/flooding,1450290,(untitled Spreadsheet),2382480,95b80a21-cc2a-4bbf-8f46-c96b81103b10,Spreadsheet,41,,Hazards_of_Concern,Hazards_of_Concern [test_meta_forms],internal,1473470,1473471,mitigat-ny-prod+test_meta_forms,,Smart (fetch on change),TRUE,Smart (fetch on change),,Force (always re-fetch),Section Settings > Data Fetch Mode: set Force (always re-fetch) (internal source). Currently set to Smart (fetch on change).,Yes - change,Open,,,
T6-C267,T6-001,1300890,https://county_template.devmny.org/the_risk/natural_hazards/flooding,the_risk/natural_hazards/flooding,1450290,(untitled Card),1682992,7b47cfb4-dbfd-4990-9a62-6003956bc2e2,Card,63,TRUE,LHMP_IA,LHMP_IA [test_meta_forms],internal,1441680,1441681,mitigat-ny-prod+test_meta_forms,,(not set),TRUE,Smart (fetch on change),TRUE,Force (always re-fetch),"Section Settings > Data Fetch Mode: set Force (always re-fetch) (internal source). Currently unset (behaving as Smart (fetch on change) via the implicit fallback, readyToLoad=TRUE).",Yes - set,Open,,,"Hidden from view (data.hideInView), so it never renders and the setting has no runtime effect today - set it anyway for template consistency, or defer. Owner decision."
T6-C268,T6-001,1300890,https://county_template.devmny.org/the_risk/natural_hazards/flooding,the_risk/natural_hazards/flooding,1450290,(untitled Spreadsheet),2384262,75f8ccd8-03f4-48ee-b932-a0dc288d291d,Spreadsheet,64,,Capabilities_Catalogue,Capabilities_Catalogue [test_meta_forms],internal,1068273,1172519,mitigat-ny-prod+test_meta_forms,,Smart (fetch on change),TRUE,Smart (fetch on change),,Force (always re-fetch),Section Settings > Data Fetch Mode: set Force (always re-fetch) (internal source). Currently set to Smart (fetch on change).,Yes - change,Open,,,
T6-C269,T6-001,1300890,https://county_template.devmny.org/the_risk/natural_hazards/flooding,the_risk/natural_hazards/flooding,1450290,(untitled Card),2179634,8b04265a-7153-4d48-9ba4-fb85a92f0b69,Card,68,,Actions_Revised,Actions_Revised [test_meta_forms],internal,1029065,1074456,mitigat-ny-prod+test_meta_forms,,Force (always re-fetch),TRUE,Force (always re-fetch),,Force (always re-fetch),None - already set to Force (always re-fetch).,No,Closed,,2026-08-28,Already correct at scan time.
T6-C270,T6-001,1300890,https://county_template.devmny.org/the_risk/natural_hazards/flooding,the_risk/natural_hazards/flooding,1450290,Local Actions Table,2179733,7fe7ebc8-86d4-4a4d-bb7c-e7340631855c,Spreadsheet,69,,Actions_Revised,Actions_Revised [test_meta_forms],internal,1029065,1074456,mitigat-ny-prod+test_meta_forms,,Force (always re-fetch),TRUE,Force (always re-fetch),,Force (always re-fetch),None - already set to Force (always re-fetch).,No,Closed,,2026-08-28,Already correct at scan time.
T6-C271,T6-001,1300890,https://county_template.devmny.org/the_risk/natural_hazards/hail,the_risk/natural_hazards/hail,1545093,(untitled Card),1545033,e501e808-6217-486e-bd86-1ce7f435aa14,Card,1,,AVAIL - Fusion Events V2,AVAIL - Fusion Events V2 [external],external,870,1648,hazmit_dama,,(not set),TRUE,Smart (fetch on change),TRUE,Smart (fetch on change),"Section Settings > Data Fetch Mode: set Smart (fetch on change) (external source). Currently unset (behaving as Smart (fetch on change) via the implicit fallback, readyToLoad=TRUE).",Yes - set,Open,,,
T6-C272,T6-001,1300890,https://county_template.devmny.org/the_risk/natural_hazards/hail,the_risk/natural_hazards/hail,1545093,(untitled Card),1676822,a06dc6f0-7a57-43df-ba0e-020f6048079a,Card,2,,Hazards_of_Concern,Hazards_of_Concern [test_meta_forms],internal,1473470,1473471,mitigat-ny-prod+test_meta_forms,,(not set),TRUE,Smart (fetch on change),TRUE,Force (always re-fetch),"Section Settings > Data Fetch Mode: set Force (always re-fetch) (internal source). Currently unset (behaving as Smart (fetch on change) via the implicit fallback, readyToLoad=TRUE).",Yes - set,Open,,,
T6-C273,T6-001,1300890,https://county_template.devmny.org/the_risk/natural_hazards/hail,the_risk/natural_hazards/hail,1545093,(untitled Card),1545034,b5e7c5ed-0c3f-48ba-8102-b35508c6fa2f,Card,3,,NRI Counties - Hazard Normalized,NRI Counties - Hazard Normalized [external],external,1508,1982,hazmit_dama,,(not set),TRUE,Smart (fetch on change),TRUE,Smart (fetch on change),"Section Settings > Data Fetch Mode: set Smart (fetch on change) (external source). Currently unset (behaving as Smart (fetch on change) via the implicit fallback, readyToLoad=TRUE).",Yes - set,Open,,,
T6-C274,T6-001,1300890,https://county_template.devmny.org/the_risk/natural_hazards/hail,the_risk/natural_hazards/hail,1545093,(untitled Card),1545035,5f88f7a5-19bf-4b85-b039-de50c4f2fb8a,Card,4,,AVAIL - Fusion Events V2,AVAIL - Fusion Events V2 [external],external,870,1648,hazmit_dama,,(not set),TRUE,Smart (fetch on change),TRUE,Smart (fetch on change),"Section Settings > Data Fetch Mode: set Smart (fetch on change) (external source). Currently unset (behaving as Smart (fetch on change) via the implicit fallback, readyToLoad=TRUE).",Yes - set,Open,,,
T6-C275,T6-001,1300890,https://county_template.devmny.org/the_risk/natural_hazards/hail,the_risk/natural_hazards/hail,1545093,(untitled Card),1545037,edcd023e-c7de-41db-b683-9d4c9297599c,Card,7,,LHMP_IA,LHMP_IA [test_meta_forms],internal,1441680,1441681,mitigat-ny-prod+test_meta_forms,,(not set),TRUE,Smart (fetch on change),TRUE,Force (always re-fetch),"Section Settings > Data Fetch Mode: set Force (always re-fetch) (internal source). Currently unset (behaving as Smart (fetch on change) via the implicit fallback, readyToLoad=TRUE).",Yes - set,Open,,,
T6-C276,T6-001,1300890,https://county_template.devmny.org/the_risk/natural_hazards/hail,the_risk/natural_hazards/hail,1545093,(untitled Card),1545044,7cfa4cbb-ad41-49d0-b4a1-34e9a2011d45,Card,15,,LHMP_IA,LHMP_IA [test_meta_forms],internal,1441680,1441681,mitigat-ny-prod+test_meta_forms,,(not set),TRUE,Smart (fetch on change),TRUE,Force (always re-fetch),"Section Settings > Data Fetch Mode: set Force (always re-fetch) (internal source). Currently unset (behaving as Smart (fetch on change) via the implicit fallback, readyToLoad=TRUE).",Yes - set,Open,,,
T6-C277,T6-001,1300890,https://county_template.devmny.org/the_risk/natural_hazards/hail,the_risk/natural_hazards/hail,1545093,(untitled Card),1545047,e0bd653d-ee80-4f64-9d0c-01f158f2d0b4,Card,18,,AVAIL - Fusion Events V2,AVAIL - Fusion Events V2 [external],external,870,2401,hazmit_dama,,(not set),TRUE,Smart (fetch on change),TRUE,Smart (fetch on change),"Section Settings > Data Fetch Mode: set Smart (fetch on change) (external source). Currently unset (behaving as Smart (fetch on change) via the implicit fallback, readyToLoad=TRUE).",Yes - set,Open,,,
T6-C278,T6-001,1300890,https://county_template.devmny.org/the_risk/natural_hazards/hail,the_risk/natural_hazards/hail,1545093,(untitled Graph),1545052,d757d20c-1538-4be1-8fea-0dd5e6417931,Graph,21,,AVAIL - Fusion Events V2,AVAIL - Fusion Events V2 [external],external,870,2401,hazmit_dama,,(not set),TRUE,Smart (fetch on change),TRUE,Smart (fetch on change),"Section Settings > Data Fetch Mode: set Smart (fetch on change) (external source). Currently unset (behaving as Smart (fetch on change) via the implicit fallback, readyToLoad=TRUE).",Yes - set,Open,,,
T6-C279,T6-001,1300890,https://county_template.devmny.org/the_risk/natural_hazards/hail,the_risk/natural_hazards/hail,1545093,(untitled Graph),1545055,ac560771-e09b-486b-adeb-d7d21dcc8894,Graph,23,,AVAIL - Fusion Events V2,AVAIL - Fusion Events V2 [external],external,870,2401,hazmit_dama,,(not set),TRUE,Smart (fetch on change),TRUE,Smart (fetch on change),"Section Settings > Data Fetch Mode: set Smart (fetch on change) (external source). Currently unset (behaving as Smart (fetch on change) via the implicit fallback, readyToLoad=TRUE).",Yes - set,Open,,,
T6-C280,T6-001,1300890,https://county_template.devmny.org/the_risk/natural_hazards/hail,the_risk/natural_hazards/hail,1545093,(untitled Card),1545061,f5392893-fc72-4005-b595-c9d92a1c5561,Card,30,,LHMP_IA,LHMP_IA [test_meta_forms],internal,1441680,1441681,mitigat-ny-prod+test_meta_forms,,(not set),TRUE,Smart (fetch on change),TRUE,Force (always re-fetch),"Section Settings > Data Fetch Mode: set Force (always re-fetch) (internal source). Currently unset (behaving as Smart (fetch on change) via the implicit fallback, readyToLoad=TRUE).",Yes - set,Open,,,
T6-C281,T6-001,1300890,https://county_template.devmny.org/the_risk/natural_hazards/hail,the_risk/natural_hazards/hail,1545093,(untitled Spreadsheet),1545062,f9007ce9-6ec1-4dc6-9341-61606e78e8bf,Spreadsheet,31,,AVAIL - Fusion Events V2,AVAIL - Fusion Events V2 [external],external,870,2401,hazmit_dama,,(not set),TRUE,Smart (fetch on change),TRUE,Smart (fetch on change),"Section Settings > Data Fetch Mode: set Smart (fetch on change) (external source). Currently unset (behaving as Smart (fetch on change) via the implicit fallback, readyToLoad=TRUE).",Yes - set,Open,,,
T6-C282,T6-001,1300890,https://county_template.devmny.org/the_risk/natural_hazards/hail,the_risk/natural_hazards/hail,1545093,(untitled Card),1545066,cd53270c-448a-415d-9ac7-82da4e3b41b0,Card,37,TRUE,LHMP_IA,LHMP_IA [test_meta_forms],internal,1441680,1441681,mitigat-ny-prod+test_meta_forms,,(not set),TRUE,Smart (fetch on change),TRUE,Force (always re-fetch),"Section Settings > Data Fetch Mode: set Force (always re-fetch) (internal source). Currently unset (behaving as Smart (fetch on change) via the implicit fallback, readyToLoad=TRUE).",Yes - set,Open,,,"Hidden from view (data.hideInView), so it never renders and the setting has no runtime effect today - set it anyway for template consistency, or defer. Owner decision."
T6-C283,T6-001,1300890,https://county_template.devmny.org/the_risk/natural_hazards/hail,the_risk/natural_hazards/hail,1545093,(untitled Spreadsheet),2382699,5a452dd6-2ff0-4cf4-a76b-339df24931d3,Spreadsheet,40,,Hazards_of_Concern,Hazards_of_Concern [test_meta_forms],internal,1473470,1473471,mitigat-ny-prod+test_meta_forms,,Smart (fetch on change),TRUE,Smart (fetch on change),,Force (always re-fetch),Section Settings > Data Fetch Mode: set Force (always re-fetch) (internal source). Currently set to Smart (fetch on change).,Yes - change,Open,,,
T6-C284,T6-001,1300890,https://county_template.devmny.org/the_risk/natural_hazards/hail,the_risk/natural_hazards/hail,1545093,(untitled Card),1545083,7b47cfb4-dbfd-4990-9a62-6003956bc2e2,Card,58,TRUE,LHMP_IA,LHMP_IA [test_meta_forms],internal,1441680,1441681,mitigat-ny-prod+test_meta_forms,,(not set),TRUE,Smart (fetch on change),TRUE,Force (always re-fetch),"Section Settings > Data Fetch Mode: set Force (always re-fetch) (internal source). Currently unset (behaving as Smart (fetch on change) via the implicit fallback, readyToLoad=TRUE).",Yes - set,Open,,,"Hidden from view (data.hideInView), so it never renders and the setting has no runtime effect today - set it anyway for template consistency, or defer. Owner decision."
T6-C285,T6-001,1300890,https://county_template.devmny.org/the_risk/natural_hazards/hail,the_risk/natural_hazards/hail,1545093,(untitled Spreadsheet),2384419,ed2cf626-f5c1-465b-95da-a125cd895ebf,Spreadsheet,59,,Capabilities_Catalogue,Capabilities_Catalogue [test_meta_forms],internal,1068273,1172519,mitigat-ny-prod+test_meta_forms,,Smart (fetch on change),TRUE,Smart (fetch on change),,Force (always re-fetch),Section Settings > Data Fetch Mode: set Force (always re-fetch) (internal source). Currently set to Smart (fetch on change).,Yes - change,Open,,,
T6-C286,T6-001,1300890,https://county_template.devmny.org/the_risk/natural_hazards/hail,the_risk/natural_hazards/hail,1545093,(untitled Card),2179722,70edd84a-c3d0-4846-8e30-2405f83dbfe9,Card,63,,Actions_Revised,Actions_Revised [test_meta_forms],internal,1029065,1074456,mitigat-ny-prod+test_meta_forms,,Force (always re-fetch),TRUE,Force (always re-fetch),,Force (always re-fetch),None - already set to Force (always re-fetch).,No,Closed,,2026-08-28,Already correct at scan time.
T6-C287,T6-001,1300890,https://county_template.devmny.org/the_risk/natural_hazards/hail,the_risk/natural_hazards/hail,1545093,Local Actions Table,2179738,7a07bb9a-9aa6-4541-a9be-f2d6bf52870c,Spreadsheet,64,,Actions_Revised,Actions_Revised [test_meta_forms],internal,1029065,1074456,mitigat-ny-prod+test_meta_forms,,Force (always re-fetch),TRUE,Force (always re-fetch),,Force (always re-fetch),None - already set to Force (always re-fetch).,No,Closed,,2026-08-28,Already correct at scan time.
T6-C288,T6-001,1300890,https://county_template.devmny.org/the_risk/natural_hazards/hurricane,the_risk/natural_hazards/hurricane,1545403,(untitled Card),2416262,351d2764-fa2b-4d0c-8ffa-a620f953b598,Card,1,,AVAIL - Fusion Events V2,AVAIL - Fusion Events V2 [external],external,870,1648,hazmit_dama,,(not set),TRUE,Smart (fetch on change),TRUE,Smart (fetch on change),"Section Settings > Data Fetch Mode: set Smart (fetch on change) (external source). Currently unset (behaving as Smart (fetch on change) via the implicit fallback, readyToLoad=TRUE).",Yes - set,Open,,,
T6-C289,T6-001,1300890,https://county_template.devmny.org/the_risk/natural_hazards/hurricane,the_risk/natural_hazards/hurricane,1545403,(untitled Card),2416263,e3d40570-af04-4516-8b19-3ca73197ef10,Card,2,,Hazards_of_Concern,Hazards_of_Concern [test_meta_forms],internal,1473470,1473471,mitigat-ny-prod+test_meta_forms,,(not set),TRUE,Smart (fetch on change),TRUE,Force (always re-fetch),"Section Settings > Data Fetch Mode: set Force (always re-fetch) (internal source). Currently unset (behaving as Smart (fetch on change) via the implicit fallback, readyToLoad=TRUE).",Yes - set,Open,,,
T6-C290,T6-001,1300890,https://county_template.devmny.org/the_risk/natural_hazards/hurricane,the_risk/natural_hazards/hurricane,1545403,(untitled Card),2416266,b398bd26-c463-42c3-bad3-a61326fda72c,Card,3,,NRI Counties - Hazard Normalized,NRI Counties - Hazard Normalized [external],external,1508,1982,hazmit_dama,,(not set),TRUE,Smart (fetch on change),TRUE,Smart (fetch on change),"Section Settings > Data Fetch Mode: set Smart (fetch on change) (external source). Currently unset (behaving as Smart (fetch on change) via the implicit fallback, readyToLoad=TRUE).",Yes - set,Open,,,
T6-C291,T6-001,1300890,https://county_template.devmny.org/the_risk/natural_hazards/hurricane,the_risk/natural_hazards/hurricane,1545403,(untitled Card),2416265,ab544a52-6269-4c28-96ef-022cab755692,Card,4,,AVAIL - Fusion Events V2,AVAIL - Fusion Events V2 [external],external,870,1648,hazmit_dama,,(not set),TRUE,Smart (fetch on change),TRUE,Smart (fetch on change),"Section Settings > Data Fetch Mode: set Smart (fetch on change) (external source). Currently unset (behaving as Smart (fetch on change) via the implicit fallback, readyToLoad=TRUE).",Yes - set,Open,,,
T6-C292,T6-001,1300890,https://county_template.devmny.org/the_risk/natural_hazards/hurricane,the_risk/natural_hazards/hurricane,1545403,Overview,1992558,b50f6b90-a250-43a9-a963-648dc7bac6aa,Card,5,,LHMP_IA,LHMP_IA [test-meta-forms],internal,1441680,1441681,mitigat-ny-prod+test-meta-forms,,(not set),TRUE,Smart (fetch on change),TRUE,Force (always re-fetch),"Section Settings > Data Fetch Mode: set Force (always re-fetch) (internal source). Currently unset (behaving as Smart (fetch on change) via the implicit fallback, readyToLoad=TRUE).",Yes - set,Open,,,
T6-C293,T6-001,1300890,https://county_template.devmny.org/the_risk/natural_hazards/hurricane,the_risk/natural_hazards/hurricane,1545403,(untitled Card),1992564,edcd023e-c7de-41db-b683-9d4c9297599c,Card,7,,LHMP_IA,LHMP_IA [test-meta-forms],internal,1441680,1441681,mitigat-ny-prod+test-meta-forms,,(not set),TRUE,Smart (fetch on change),TRUE,Force (always re-fetch),"Section Settings > Data Fetch Mode: set Force (always re-fetch) (internal source). Currently unset (behaving as Smart (fetch on change) via the implicit fallback, readyToLoad=TRUE).",Yes - set,Open,,,
T6-C294,T6-001,1300890,https://county_template.devmny.org/the_risk/natural_hazards/hurricane,the_risk/natural_hazards/hurricane,1545403,(untitled Card),1992571,7cfa4cbb-ad41-49d0-b4a1-34e9a2011d45,Card,15,,LHMP_IA,LHMP_IA [test-meta-forms],internal,1441680,1441681,mitigat-ny-prod+test-meta-forms,,(not set),TRUE,Smart (fetch on change),TRUE,Force (always re-fetch),"Section Settings > Data Fetch Mode: set Force (always re-fetch) (internal source). Currently unset (behaving as Smart (fetch on change) via the implicit fallback, readyToLoad=TRUE).",Yes - set,Open,,,
T6-C295,T6-001,1300890,https://county_template.devmny.org/the_risk/natural_hazards/hurricane,the_risk/natural_hazards/hurricane,1545403,(untitled Card),1992574,e0bd653d-ee80-4f64-9d0c-01f158f2d0b4,Card,18,,AVAIL - Fusion Events V2,AVAIL - Fusion Events V2 [external],external,870,2401,hazmit_dama,,(not set),TRUE,Smart (fetch on change),TRUE,Smart (fetch on change),"Section Settings > Data Fetch Mode: set Smart (fetch on change) (external source). Currently unset (behaving as Smart (fetch on change) via the implicit fallback, readyToLoad=TRUE).",Yes - set,Open,,,
T6-C296,T6-001,1300890,https://county_template.devmny.org/the_risk/natural_hazards/hurricane,the_risk/natural_hazards/hurricane,1545403,(untitled Card),1992576,dd7b9f34-9244-4aee-8cf5-a55770b3c383,Card,20,,LHMP_IA,LHMP_IA [test-meta-forms],internal,1441680,1441681,mitigat-ny-prod+test-meta-forms,,(not set),TRUE,Smart (fetch on change),TRUE,Force (always re-fetch),"Section Settings > Data Fetch Mode: set Force (always re-fetch) (internal source). Currently unset (behaving as Smart (fetch on change) via the implicit fallback, readyToLoad=TRUE).",Yes - set,Open,,,
T6-C297,T6-001,1300890,https://county_template.devmny.org/the_risk/natural_hazards/hurricane,the_risk/natural_hazards/hurricane,1545403,(untitled Graph),1992579,d757d20c-1538-4be1-8fea-0dd5e6417931,Graph,22,,AVAIL - Fusion Events V2,AVAIL - Fusion Events V2 [external],external,870,2401,hazmit_dama,,(not set),TRUE,Smart (fetch on change),TRUE,Smart (fetch on change),"Section Settings > Data Fetch Mode: set Smart (fetch on change) (external source). Currently unset (behaving as Smart (fetch on change) via the implicit fallback, readyToLoad=TRUE).",Yes - set,Open,,,
T6-C298,T6-001,1300890,https://county_template.devmny.org/the_risk/natural_hazards/hurricane,the_risk/natural_hazards/hurricane,1545403,(untitled Graph),1992582,ac560771-e09b-486b-adeb-d7d21dcc8894,Graph,24,,AVAIL - Fusion Events V2,AVAIL - Fusion Events V2 [external],external,870,2401,hazmit_dama,,(not set),TRUE,Smart (fetch on change),TRUE,Smart (fetch on change),"Section Settings > Data Fetch Mode: set Smart (fetch on change) (external source). Currently unset (behaving as Smart (fetch on change) via the implicit fallback, readyToLoad=TRUE).",Yes - set,Open,,,
T6-C299,T6-001,1300890,https://county_template.devmny.org/the_risk/natural_hazards/hurricane,the_risk/natural_hazards/hurricane,1545403,(untitled Card),1992589,f5392893-fc72-4005-b595-c9d92a1c5561,Card,31,,LHMP_IA,LHMP_IA [test_meta_forms],internal,1441680,1441681,mitigat-ny-prod+test_meta_forms,,(not set),TRUE,Smart (fetch on change),TRUE,Force (always re-fetch),"Section Settings > Data Fetch Mode: set Force (always re-fetch) (internal source). Currently unset (behaving as Smart (fetch on change) via the implicit fallback, readyToLoad=TRUE).",Yes - set,Open,,,
T6-C300,T6-001,1300890,https://county_template.devmny.org/the_risk/natural_hazards/hurricane,the_risk/natural_hazards/hurricane,1545403,(untitled Spreadsheet),1992590,f9007ce9-6ec1-4dc6-9341-61606e78e8bf,Spreadsheet,32,,AVAIL - Fusion Events V2,AVAIL - Fusion Events V2 [external],external,870,2401,hazmit_dama,,(not set),TRUE,Smart (fetch on change),TRUE,Smart (fetch on change),"Section Settings > Data Fetch Mode: set Smart (fetch on change) (external source). Currently unset (behaving as Smart (fetch on change) via the implicit fallback, readyToLoad=TRUE).",Yes - set,Open,,,
T6-C301,T6-001,1300890,https://county_template.devmny.org/the_risk/natural_hazards/hurricane,the_risk/natural_hazards/hurricane,1545403,(untitled Card),1992596,cd53270c-448a-415d-9ac7-82da4e3b41b0,Card,38,TRUE,LHMP_IA,LHMP_IA [test_meta_forms],internal,1441680,1441681,mitigat-ny-prod+test_meta_forms,,(not set),TRUE,Smart (fetch on change),TRUE,Force (always re-fetch),"Section Settings > Data Fetch Mode: set Force (always re-fetch) (internal source). Currently unset (behaving as Smart (fetch on change) via the implicit fallback, readyToLoad=TRUE).",Yes - set,Open,,,"Hidden from view (data.hideInView), so it never renders and the setting has no runtime effect today - set it anyway for template consistency, or defer. Owner decision."
T6-C302,T6-001,1300890,https://county_template.devmny.org/the_risk/natural_hazards/hurricane,the_risk/natural_hazards/hurricane,1545403,(untitled Card),1992618,7b47cfb4-dbfd-4990-9a62-6003956bc2e2,Card,59,TRUE,LHMP_IA,LHMP_IA [test_meta_forms],internal,1441680,1441681,mitigat-ny-prod+test_meta_forms,,(not set),TRUE,Smart (fetch on change),TRUE,Force (always re-fetch),"Section Settings > Data Fetch Mode: set Force (always re-fetch) (internal source). Currently unset (behaving as Smart (fetch on change) via the implicit fallback, readyToLoad=TRUE).",Yes - set,Open,,,"Hidden from view (data.hideInView), so it never renders and the setting has no runtime effect today - set it anyway for template consistency, or defer. Owner decision."
T6-C303,T6-001,1300890,https://county_template.devmny.org/the_risk/natural_hazards/hurricane,the_risk/natural_hazards/hurricane,1545403,(untitled Spreadsheet),2384518,9188886c-1733-4d5a-ac2c-261e55d6d7b5,Spreadsheet,60,,Capabilities_Catalogue,Capabilities_Catalogue [test_meta_forms],internal,1068273,1172519,mitigat-ny-prod+test_meta_forms,,Smart (fetch on change),TRUE,Smart (fetch on change),,Force (always re-fetch),Section Settings > Data Fetch Mode: set Force (always re-fetch) (internal source). Currently set to Smart (fetch on change).,Yes - change,Open,,,
T6-C304,T6-001,1300890,https://county_template.devmny.org/the_risk/natural_hazards/hurricane,the_risk/natural_hazards/hurricane,1545403,(untitled Card),2179716,7bf1d3d1-c4c7-4dd7-a61f-b4cd09f919b2,Card,64,,Actions_Revised,Actions_Revised [test_meta_forms],internal,1029065,1074456,mitigat-ny-prod+test_meta_forms,,Force (always re-fetch),TRUE,Force (always re-fetch),,Force (always re-fetch),None - already set to Force (always re-fetch).,No,Closed,,2026-08-28,Already correct at scan time.
T6-C305,T6-001,1300890,https://county_template.devmny.org/the_risk/natural_hazards/hurricane,the_risk/natural_hazards/hurricane,1545403,Local Actions Table,2179739,5d283fad-bc8d-48af-a4c0-b149ee7f103b,Spreadsheet,65,,Actions_Revised,Actions_Revised [test_meta_forms],internal,1029065,1074456,mitigat-ny-prod+test_meta_forms,,Force (always re-fetch),TRUE,Force (always re-fetch),,Force (always re-fetch),None - already set to Force (always re-fetch).,No,Closed,,2026-08-28,Already correct at scan time.
T6-C306,T6-001,1300890,https://county_template.devmny.org/the_risk/natural_hazards/ice_storm,the_risk/natural_hazards/ice_storm,1545527,(untitled Card),1602160,e501e808-6217-486e-bd86-1ce7f435aa14,Card,1,,AVAIL - Fusion Events V2,AVAIL - Fusion Events V2 [external],external,870,1648,hazmit_dama,,(not set),TRUE,Smart (fetch on change),TRUE,Smart (fetch on change),"Section Settings > Data Fetch Mode: set Smart (fetch on change) (external source). Currently unset (behaving as Smart (fetch on change) via the implicit fallback, readyToLoad=TRUE).",Yes - set,Open,,,
T6-C307,T6-001,1300890,https://county_template.devmny.org/the_risk/natural_hazards/ice_storm,the_risk/natural_hazards/ice_storm,1545527,(untitled Card),1676867,18037b45-dea8-47a0-ac6c-592013efc4ca,Card,2,,Hazards_of_Concern,Hazards_of_Concern [test_meta_forms],internal,1473470,1473471,mitigat-ny-prod+test_meta_forms,,(not set),TRUE,Smart (fetch on change),TRUE,Force (always re-fetch),"Section Settings > Data Fetch Mode: set Force (always re-fetch) (internal source). Currently unset (behaving as Smart (fetch on change) via the implicit fallback, readyToLoad=TRUE).",Yes - set,Open,,,
T6-C308,T6-001,1300890,https://county_template.devmny.org/the_risk/natural_hazards/ice_storm,the_risk/natural_hazards/ice_storm,1545527,(untitled Card),1602161,b5e7c5ed-0c3f-48ba-8102-b35508c6fa2f,Card,3,,NRI Counties - Hazard Normalized,NRI Counties - Hazard Normalized [external],external,1508,1982,hazmit_dama,,(not set),TRUE,Smart (fetch on change),TRUE,Smart (fetch on change),"Section Settings > Data Fetch Mode: set Smart (fetch on change) (external source). Currently unset (behaving as Smart (fetch on change) via the implicit fallback, readyToLoad=TRUE).",Yes - set,Open,,,
T6-C309,T6-001,1300890,https://county_template.devmny.org/the_risk/natural_hazards/ice_storm,the_risk/natural_hazards/ice_storm,1545527,(untitled Card),1602162,5f88f7a5-19bf-4b85-b039-de50c4f2fb8a,Card,4,,AVAIL - Fusion Events V2,AVAIL - Fusion Events V2 [external],external,870,1648,hazmit_dama,,(not set),TRUE,Smart (fetch on change),TRUE,Smart (fetch on change),"Section Settings > Data Fetch Mode: set Smart (fetch on change) (external source). Currently unset (behaving as Smart (fetch on change) via the implicit fallback, readyToLoad=TRUE).",Yes - set,Open,,,
T6-C310,T6-001,1300890,https://county_template.devmny.org/the_risk/natural_hazards/ice_storm,the_risk/natural_hazards/ice_storm,1545527,(untitled Card),1602164,edcd023e-c7de-41db-b683-9d4c9297599c,Card,7,,LHMP_IA,LHMP_IA [test-meta-forms],internal,1441680,1441681,mitigat-ny-prod+test-meta-forms,,(not set),TRUE,Smart (fetch on change),TRUE,Force (always re-fetch),"Section Settings > Data Fetch Mode: set Force (always re-fetch) (internal source). Currently unset (behaving as Smart (fetch on change) via the implicit fallback, readyToLoad=TRUE).",Yes - set,Open,,,
T6-C311,T6-001,1300890,https://county_template.devmny.org/the_risk/natural_hazards/ice_storm,the_risk/natural_hazards/ice_storm,1545527,(untitled Card),1602167,ed79611a-6b84-44d7-a646-b86d020b3e05,Card,11,,LHMP_IA,LHMP_IA [test_meta_forms],internal,1441680,1441681,mitigat-ny-prod+test_meta_forms,,(not set),TRUE,Smart (fetch on change),TRUE,Force (always re-fetch),"Section Settings > Data Fetch Mode: set Force (always re-fetch) (internal source). Currently unset (behaving as Smart (fetch on change) via the implicit fallback, readyToLoad=TRUE).",Yes - set,Open,,,
T6-C312,T6-001,1300890,https://county_template.devmny.org/the_risk/natural_hazards/ice_storm,the_risk/natural_hazards/ice_storm,1545527,(untitled Card),1602171,7cfa4cbb-ad41-49d0-b4a1-34e9a2011d45,Card,15,,LHMP_IA,LHMP_IA [test-meta-forms],internal,1441680,1441681,mitigat-ny-prod+test-meta-forms,,(not set),TRUE,Smart (fetch on change),TRUE,Force (always re-fetch),"Section Settings > Data Fetch Mode: set Force (always re-fetch) (internal source). Currently unset (behaving as Smart (fetch on change) via the implicit fallback, readyToLoad=TRUE).",Yes - set,Open,,,
T6-C313,T6-001,1300890,https://county_template.devmny.org/the_risk/natural_hazards/ice_storm,the_risk/natural_hazards/ice_storm,1545527,(untitled Card),1602174,e0bd653d-ee80-4f64-9d0c-01f158f2d0b4,Card,18,,AVAIL - Fusion Events V2,AVAIL - Fusion Events V2 [external],external,870,2401,hazmit_dama,,(not set),TRUE,Smart (fetch on change),TRUE,Smart (fetch on change),"Section Settings > Data Fetch Mode: set Smart (fetch on change) (external source). Currently unset (behaving as Smart (fetch on change) via the implicit fallback, readyToLoad=TRUE).",Yes - set,Open,,,
T6-C314,T6-001,1300890,https://county_template.devmny.org/the_risk/natural_hazards/ice_storm,the_risk/natural_hazards/ice_storm,1545527,(untitled Graph),1602178,d757d20c-1538-4be1-8fea-0dd5e6417931,Graph,21,,AVAIL - Fusion Events V2,AVAIL - Fusion Events V2 [external],external,870,2401,hazmit_dama,,(not set),TRUE,Smart (fetch on change),TRUE,Smart (fetch on change),"Section Settings > Data Fetch Mode: set Smart (fetch on change) (external source). Currently unset (behaving as Smart (fetch on change) via the implicit fallback, readyToLoad=TRUE).",Yes - set,Open,,,
T6-C315,T6-001,1300890,https://county_template.devmny.org/the_risk/natural_hazards/ice_storm,the_risk/natural_hazards/ice_storm,1545527,(untitled Graph),1602181,ac560771-e09b-486b-adeb-d7d21dcc8894,Graph,23,,AVAIL - Fusion Events V2,AVAIL - Fusion Events V2 [external],external,870,2401,hazmit_dama,,(not set),TRUE,Smart (fetch on change),TRUE,Smart (fetch on change),"Section Settings > Data Fetch Mode: set Smart (fetch on change) (external source). Currently unset (behaving as Smart (fetch on change) via the implicit fallback, readyToLoad=TRUE).",Yes - set,Open,,,
T6-C316,T6-001,1300890,https://county_template.devmny.org/the_risk/natural_hazards/ice_storm,the_risk/natural_hazards/ice_storm,1545527,(untitled Card),1602187,f5392893-fc72-4005-b595-c9d92a1c5561,Card,30,,LHMP_IA,LHMP_IA [test-meta-forms],internal,1441680,1441681,mitigat-ny-prod+test-meta-forms,,(not set),TRUE,Smart (fetch on change),TRUE,Force (always re-fetch),"Section Settings > Data Fetch Mode: set Force (always re-fetch) (internal source). Currently unset (behaving as Smart (fetch on change) via the implicit fallback, readyToLoad=TRUE).",Yes - set,Open,,,
T6-C317,T6-001,1300890,https://county_template.devmny.org/the_risk/natural_hazards/ice_storm,the_risk/natural_hazards/ice_storm,1545527,(untitled Spreadsheet),1602188,f9007ce9-6ec1-4dc6-9341-61606e78e8bf,Spreadsheet,31,,AVAIL - Fusion Events V2,AVAIL - Fusion Events V2 [external],external,870,2401,hazmit_dama,,(not set),TRUE,Smart (fetch on change),TRUE,Smart (fetch on change),"Section Settings > Data Fetch Mode: set Smart (fetch on change) (external source). Currently unset (behaving as Smart (fetch on change) via the implicit fallback, readyToLoad=TRUE).",Yes - set,Open,,,
T6-C318,T6-001,1300890,https://county_template.devmny.org/the_risk/natural_hazards/ice_storm,the_risk/natural_hazards/ice_storm,1545527,(untitled Card),1602192,cd53270c-448a-415d-9ac7-82da4e3b41b0,Card,37,TRUE,LHMP_IA,LHMP_IA [test_meta_forms],internal,1441680,1441681,mitigat-ny-prod+test_meta_forms,,(not set),TRUE,Smart (fetch on change),TRUE,Force (always re-fetch),"Section Settings > Data Fetch Mode: set Force (always re-fetch) (internal source). Currently unset (behaving as Smart (fetch on change) via the implicit fallback, readyToLoad=TRUE).",Yes - set,Open,,,"Hidden from view (data.hideInView), so it never renders and the setting has no runtime effect today - set it anyway for template consistency, or defer. Owner decision."
T6-C319,T6-001,1300890,https://county_template.devmny.org/the_risk/natural_hazards/ice_storm,the_risk/natural_hazards/ice_storm,1545527,(untitled Spreadsheet),2383011,087acfab-6733-495b-b0fd-5085bc7558ec,Spreadsheet,40,,Hazards_of_Concern,Hazards_of_Concern [test_meta_forms],internal,1473470,1473471,mitigat-ny-prod+test_meta_forms,,Smart (fetch on change),TRUE,Smart (fetch on change),,Force (always re-fetch),Section Settings > Data Fetch Mode: set Force (always re-fetch) (internal source). Currently set to Smart (fetch on change).,Yes - change,Open,,,
T6-C320,T6-001,1300890,https://county_template.devmny.org/the_risk/natural_hazards/ice_storm,the_risk/natural_hazards/ice_storm,1545527,(untitled Card),1602209,7b47cfb4-dbfd-4990-9a62-6003956bc2e2,Card,58,TRUE,LHMP_IA,LHMP_IA [test_meta_forms],internal,1441680,1441681,mitigat-ny-prod+test_meta_forms,,(not set),TRUE,Smart (fetch on change),TRUE,Force (always re-fetch),"Section Settings > Data Fetch Mode: set Force (always re-fetch) (internal source). Currently unset (behaving as Smart (fetch on change) via the implicit fallback, readyToLoad=TRUE).",Yes - set,Open,,,"Hidden from view (data.hideInView), so it never renders and the setting has no runtime effect today - set it anyway for template consistency, or defer. Owner decision."
T6-C321,T6-001,1300890,https://county_template.devmny.org/the_risk/natural_hazards/ice_storm,the_risk/natural_hazards/ice_storm,1545527,(untitled Spreadsheet),2383865,33b3785b-dd1f-473c-9253-80f2c01333a1,Spreadsheet,59,,Capabilities_Catalogue,Capabilities_Catalogue [test_meta_forms],internal,1068273,1172519,mitigat-ny-prod+test_meta_forms,,Smart (fetch on change),TRUE,Smart (fetch on change),,Force (always re-fetch),Section Settings > Data Fetch Mode: set Force (always re-fetch) (internal source). Currently set to Smart (fetch on change).,Yes - change,Open,,,
T6-C322,T6-001,1300890,https://county_template.devmny.org/the_risk/natural_hazards/ice_storm,the_risk/natural_hazards/ice_storm,1545527,(untitled Card),2179723,da088936-6553-45f8-b7ca-64839bd833fb,Card,63,,Actions_Revised,Actions_Revised [test_meta_forms],internal,1029065,1074456,mitigat-ny-prod+test_meta_forms,,Force (always re-fetch),TRUE,Force (always re-fetch),,Force (always re-fetch),None - already set to Force (always re-fetch).,No,Closed,,2026-08-28,Already correct at scan time.
T6-C323,T6-001,1300890,https://county_template.devmny.org/the_risk/natural_hazards/ice_storm,the_risk/natural_hazards/ice_storm,1545527,Local Actions Table,2179740,859d84a6-1816-451a-9925-42df2aa85a48,Spreadsheet,64,,Actions_Revised,Actions_Revised [test_meta_forms],internal,1029065,1074456,mitigat-ny-prod+test_meta_forms,,Force (always re-fetch),TRUE,Force (always re-fetch),,Force (always re-fetch),None - already set to Force (always re-fetch).,No,Closed,,2026-08-28,Already correct at scan time.
T6-C324,T6-001,1300890,https://county_template.devmny.org/the_risk/natural_hazards/ice_storm,the_risk/natural_hazards/ice_storm,1545527,(untitled Card),1602215,eaea3217-67c6-401c-aaf3-392b9173b5c7,Card,65,TRUE,LHMP_IA,LHMP_IA [test_meta_forms],internal,1441680,1441681,mitigat-ny-prod+test_meta_forms,,(not set),TRUE,Smart (fetch on change),TRUE,Force (always re-fetch),"Section Settings > Data Fetch Mode: set Force (always re-fetch) (internal source). Currently unset (behaving as Smart (fetch on change) via the implicit fallback, readyToLoad=TRUE).",Yes - set,Open,,,"Hidden from view (data.hideInView), so it never renders and the setting has no runtime effect today - set it anyway for template consistency, or defer. Owner decision."
T6-C325,T6-001,1300890,https://county_template.devmny.org/the_risk/natural_hazards/landslide,the_risk/natural_hazards/landslide,1545651,(untitled Card),1545591,e501e808-6217-486e-bd86-1ce7f435aa14,Card,1,,AVAIL - Fusion Events V2,AVAIL - Fusion Events V2 [external],external,870,1648,hazmit_dama,,(not set),TRUE,Smart (fetch on change),TRUE,Smart (fetch on change),"Section Settings > Data Fetch Mode: set Smart (fetch on change) (external source). Currently unset (behaving as Smart (fetch on change) via the implicit fallback, readyToLoad=TRUE).",Yes - set,Open,,,
T6-C326,T6-001,1300890,https://county_template.devmny.org/the_risk/natural_hazards/landslide,the_risk/natural_hazards/landslide,1545651,(untitled Card),1676869,c24e7713-9c9e-4aa9-ada3-a8d46e45b5f6,Card,2,,Hazards_of_Concern,Hazards_of_Concern [test_meta_forms],internal,1473470,1473471,mitigat-ny-prod+test_meta_forms,,(not set),TRUE,Smart (fetch on change),TRUE,Force (always re-fetch),"Section Settings > Data Fetch Mode: set Force (always re-fetch) (internal source). Currently unset (behaving as Smart (fetch on change) via the implicit fallback, readyToLoad=TRUE).",Yes - set,Open,,,
T6-C327,T6-001,1300890,https://county_template.devmny.org/the_risk/natural_hazards/landslide,the_risk/natural_hazards/landslide,1545651,(untitled Card),1545592,b5e7c5ed-0c3f-48ba-8102-b35508c6fa2f,Card,3,,NRI Counties - Hazard Normalized,NRI Counties - Hazard Normalized [external],external,1508,1982,hazmit_dama,,(not set),TRUE,Smart (fetch on change),TRUE,Smart (fetch on change),"Section Settings > Data Fetch Mode: set Smart (fetch on change) (external source). Currently unset (behaving as Smart (fetch on change) via the implicit fallback, readyToLoad=TRUE).",Yes - set,Open,,,
T6-C328,T6-001,1300890,https://county_template.devmny.org/the_risk/natural_hazards/landslide,the_risk/natural_hazards/landslide,1545651,(untitled Card),1545593,5f88f7a5-19bf-4b85-b039-de50c4f2fb8a,Card,4,,AVAIL - Fusion Events V2,AVAIL - Fusion Events V2 [external],external,870,1648,hazmit_dama,,(not set),TRUE,Smart (fetch on change),TRUE,Smart (fetch on change),"Section Settings > Data Fetch Mode: set Smart (fetch on change) (external source). Currently unset (behaving as Smart (fetch on change) via the implicit fallback, readyToLoad=TRUE).",Yes - set,Open,,,
T6-C329,T6-001,1300890,https://county_template.devmny.org/the_risk/natural_hazards/landslide,the_risk/natural_hazards/landslide,1545651,Overview,1545590,b50f6b90-a250-43a9-a963-648dc7bac6aa,Card,5,,LHMP_IA,LHMP_IA [test-meta-forms],internal,1441680,1441681,mitigat-ny-prod+test-meta-forms,,(not set),TRUE,Smart (fetch on change),TRUE,Force (always re-fetch),"Section Settings > Data Fetch Mode: set Force (always re-fetch) (internal source). Currently unset (behaving as Smart (fetch on change) via the implicit fallback, readyToLoad=TRUE).",Yes - set,Open,,,
T6-C330,T6-001,1300890,https://county_template.devmny.org/the_risk/natural_hazards/landslide,the_risk/natural_hazards/landslide,1545651,(untitled Card),1545595,edcd023e-c7de-41db-b683-9d4c9297599c,Card,7,,LHMP_IA,LHMP_IA [test-meta-forms],internal,1441680,1441681,mitigat-ny-prod+test-meta-forms,,(not set),TRUE,Smart (fetch on change),TRUE,Force (always re-fetch),"Section Settings > Data Fetch Mode: set Force (always re-fetch) (internal source). Currently unset (behaving as Smart (fetch on change) via the implicit fallback, readyToLoad=TRUE).",Yes - set,Open,,,
T6-C331,T6-001,1300890,https://county_template.devmny.org/the_risk/natural_hazards/landslide,the_risk/natural_hazards/landslide,1545651,(untitled Card),1545602,7cfa4cbb-ad41-49d0-b4a1-34e9a2011d45,Card,15,,LHMP_IA,LHMP_IA [test-meta-forms],internal,1441680,1441681,mitigat-ny-prod+test-meta-forms,,(not set),TRUE,Smart (fetch on change),TRUE,Force (always re-fetch),"Section Settings > Data Fetch Mode: set Force (always re-fetch) (internal source). Currently unset (behaving as Smart (fetch on change) via the implicit fallback, readyToLoad=TRUE).",Yes - set,Open,,,
T6-C332,T6-001,1300890,https://county_template.devmny.org/the_risk/natural_hazards/landslide,the_risk/natural_hazards/landslide,1545651,(untitled Card),1545605,e0bd653d-ee80-4f64-9d0c-01f158f2d0b4,Card,18,,AVAIL - Fusion Events V2,AVAIL - Fusion Events V2 [external],external,870,2401,hazmit_dama,,(not set),TRUE,Smart (fetch on change),TRUE,Smart (fetch on change),"Section Settings > Data Fetch Mode: set Smart (fetch on change) (external source). Currently unset (behaving as Smart (fetch on change) via the implicit fallback, readyToLoad=TRUE).",Yes - set,Open,,,
T6-C333,T6-001,1300890,https://county_template.devmny.org/the_risk/natural_hazards/landslide,the_risk/natural_hazards/landslide,1545651,(untitled Graph),1545610,d757d20c-1538-4be1-8fea-0dd5e6417931,Graph,21,,AVAIL - Fusion Events V2,AVAIL - Fusion Events V2 [external],external,870,2401,hazmit_dama,,(not set),TRUE,Smart (fetch on change),TRUE,Smart (fetch on change),"Section Settings > Data Fetch Mode: set Smart (fetch on change) (external source). Currently unset (behaving as Smart (fetch on change) via the implicit fallback, readyToLoad=TRUE).",Yes - set,Open,,,
T6-C334,T6-001,1300890,https://county_template.devmny.org/the_risk/natural_hazards/landslide,the_risk/natural_hazards/landslide,1545651,(untitled Graph),1545613,ac560771-e09b-486b-adeb-d7d21dcc8894,Graph,23,,AVAIL - Fusion Events V2,AVAIL - Fusion Events V2 [external],external,870,2401,hazmit_dama,,(not set),TRUE,Smart (fetch on change),TRUE,Smart (fetch on change),"Section Settings > Data Fetch Mode: set Smart (fetch on change) (external source). Currently unset (behaving as Smart (fetch on change) via the implicit fallback, readyToLoad=TRUE).",Yes - set,Open,,,
T6-C335,T6-001,1300890,https://county_template.devmny.org/the_risk/natural_hazards/landslide,the_risk/natural_hazards/landslide,1545651,(untitled Card),1545619,f5392893-fc72-4005-b595-c9d92a1c5561,Card,30,,LHMP_IA,LHMP_IA [test-meta-forms],internal,1441680,1441681,mitigat-ny-prod+test-meta-forms,,(not set),TRUE,Smart (fetch on change),TRUE,Force (always re-fetch),"Section Settings > Data Fetch Mode: set Force (always re-fetch) (internal source). Currently unset (behaving as Smart (fetch on change) via the implicit fallback, readyToLoad=TRUE).",Yes - set,Open,,,
T6-C336,T6-001,1300890,https://county_template.devmny.org/the_risk/natural_hazards/landslide,the_risk/natural_hazards/landslide,1545651,(untitled Spreadsheet),1545620,f9007ce9-6ec1-4dc6-9341-61606e78e8bf,Spreadsheet,31,,AVAIL - Fusion Events V2,AVAIL - Fusion Events V2 [external],external,870,2401,hazmit_dama,,(not set),TRUE,Smart (fetch on change),TRUE,Smart (fetch on change),"Section Settings > Data Fetch Mode: set Smart (fetch on change) (external source). Currently unset (behaving as Smart (fetch on change) via the implicit fallback, readyToLoad=TRUE).",Yes - set,Open,,,
T6-C337,T6-001,1300890,https://county_template.devmny.org/the_risk/natural_hazards/landslide,the_risk/natural_hazards/landslide,1545651,(untitled Card),1545624,cd53270c-448a-415d-9ac7-82da4e3b41b0,Card,37,TRUE,LHMP_IA,LHMP_IA [test_meta_forms],internal,1441680,1441681,mitigat-ny-prod+test_meta_forms,,(not set),TRUE,Smart (fetch on change),TRUE,Force (always re-fetch),"Section Settings > Data Fetch Mode: set Force (always re-fetch) (internal source). Currently unset (behaving as Smart (fetch on change) via the implicit fallback, readyToLoad=TRUE).",Yes - set,Open,,,"Hidden from view (data.hideInView), so it never renders and the setting has no runtime effect today - set it anyway for template consistency, or defer. Owner decision."
T6-C338,T6-001,1300890,https://county_template.devmny.org/the_risk/natural_hazards/landslide,the_risk/natural_hazards/landslide,1545651,(untitled Spreadsheet),2383161,e30439f8-6711-468f-b4b0-d591754fd5c2,Spreadsheet,40,,Hazards_of_Concern,Hazards_of_Concern [test_meta_forms],internal,1473470,1473471,mitigat-ny-prod+test_meta_forms,,Smart (fetch on change),TRUE,Smart (fetch on change),,Force (always re-fetch),Section Settings > Data Fetch Mode: set Force (always re-fetch) (internal source). Currently set to Smart (fetch on change).,Yes - change,Open,,,
T6-C339,T6-001,1300890,https://county_template.devmny.org/the_risk/natural_hazards/landslide,the_risk/natural_hazards/landslide,1545651,(untitled Card),1545641,7b47cfb4-dbfd-4990-9a62-6003956bc2e2,Card,58,TRUE,LHMP_IA,LHMP_IA [test_meta_forms],internal,1441680,1441681,mitigat-ny-prod+test_meta_forms,,(not set),TRUE,Smart (fetch on change),TRUE,Force (always re-fetch),"Section Settings > Data Fetch Mode: set Force (always re-fetch) (internal source). Currently unset (behaving as Smart (fetch on change) via the implicit fallback, readyToLoad=TRUE).",Yes - set,Open,,,"Hidden from view (data.hideInView), so it never renders and the setting has no runtime effect today - set it anyway for template consistency, or defer. Owner decision."
T6-C340,T6-001,1300890,https://county_template.devmny.org/the_risk/natural_hazards/landslide,the_risk/natural_hazards/landslide,1545651,(untitled Spreadsheet),2384692,88deb407-8878-47ea-b86a-9d9f6cf86f75,Spreadsheet,59,,Capabilities_Catalogue,Capabilities_Catalogue [test_meta_forms],internal,1068273,1172519,mitigat-ny-prod+test_meta_forms,,Smart (fetch on change),TRUE,Smart (fetch on change),,Force (always re-fetch),Section Settings > Data Fetch Mode: set Force (always re-fetch) (internal source). Currently set to Smart (fetch on change).,Yes - change,Open,,,
T6-C341,T6-001,1300890,https://county_template.devmny.org/the_risk/natural_hazards/landslide,the_risk/natural_hazards/landslide,1545651,(untitled Card),2179725,484b8f70-8e7a-4b16-9ecf-ddbf45af5d7c,Card,63,,Actions_Revised,Actions_Revised [test_meta_forms],internal,1029065,1074456,mitigat-ny-prod+test_meta_forms,,Force (always re-fetch),TRUE,Force (always re-fetch),,Force (always re-fetch),None - already set to Force (always re-fetch).,No,Closed,,2026-08-28,Already correct at scan time.
T6-C342,T6-001,1300890,https://county_template.devmny.org/the_risk/natural_hazards/landslide,the_risk/natural_hazards/landslide,1545651,Local Actions Table,2179741,4d80426a-63f3-4ac6-9f69-c6ca0710ada4,Spreadsheet,64,,Actions_Revised,Actions_Revised [test_meta_forms],internal,1029065,1074456,mitigat-ny-prod+test_meta_forms,,Force (always re-fetch),TRUE,Force (always re-fetch),,Force (always re-fetch),None - already set to Force (always re-fetch).,No,Closed,,2026-08-28,Already correct at scan time.
T6-C343,T6-001,1300890,https://county_template.devmny.org/the_risk/natural_hazards/landslide,the_risk/natural_hazards/landslide,1545651,(untitled Card),1545647,eaea3217-67c6-401c-aaf3-392b9173b5c7,Card,65,TRUE,LHMP_IA,LHMP_IA [test_meta_forms],internal,1441680,1441681,mitigat-ny-prod+test_meta_forms,,(not set),TRUE,Smart (fetch on change),TRUE,Force (always re-fetch),"Section Settings > Data Fetch Mode: set Force (always re-fetch) (internal source). Currently unset (behaving as Smart (fetch on change) via the implicit fallback, readyToLoad=TRUE).",Yes - set,Open,,,"Hidden from view (data.hideInView), so it never renders and the setting has no runtime effect today - set it anyway for template consistency, or defer. Owner decision."
T6-C344,T6-001,1300890,https://county_template.devmny.org/the_risk/natural_hazards/lightning,the_risk/natural_hazards/lightning,1545775,(untitled Card),1545715,e501e808-6217-486e-bd86-1ce7f435aa14,Card,1,,AVAIL - Fusion Events V2,AVAIL - Fusion Events V2 [external],external,870,1648,hazmit_dama,,(not set),TRUE,Smart (fetch on change),TRUE,Smart (fetch on change),"Section Settings > Data Fetch Mode: set Smart (fetch on change) (external source). Currently unset (behaving as Smart (fetch on change) via the implicit fallback, readyToLoad=TRUE).",Yes - set,Open,,,
T6-C345,T6-001,1300890,https://county_template.devmny.org/the_risk/natural_hazards/lightning,the_risk/natural_hazards/lightning,1545775,(untitled Card),1676871,e9a47416-25db-44bf-ac61-019ce3e901ed,Card,2,,Hazards_of_Concern,Hazards_of_Concern [test_meta_forms],internal,1473470,1473471,mitigat-ny-prod+test_meta_forms,,(not set),TRUE,Smart (fetch on change),TRUE,Force (always re-fetch),"Section Settings > Data Fetch Mode: set Force (always re-fetch) (internal source). Currently unset (behaving as Smart (fetch on change) via the implicit fallback, readyToLoad=TRUE).",Yes - set,Open,,,
T6-C346,T6-001,1300890,https://county_template.devmny.org/the_risk/natural_hazards/lightning,the_risk/natural_hazards/lightning,1545775,(untitled Card),1545716,b5e7c5ed-0c3f-48ba-8102-b35508c6fa2f,Card,3,,NRI Counties - Hazard Normalized,NRI Counties - Hazard Normalized [external],external,1508,1982,hazmit_dama,,(not set),TRUE,Smart (fetch on change),TRUE,Smart (fetch on change),"Section Settings > Data Fetch Mode: set Smart (fetch on change) (external source). Currently unset (behaving as Smart (fetch on change) via the implicit fallback, readyToLoad=TRUE).",Yes - set,Open,,,
T6-C347,T6-001,1300890,https://county_template.devmny.org/the_risk/natural_hazards/lightning,the_risk/natural_hazards/lightning,1545775,(untitled Card),1545717,5f88f7a5-19bf-4b85-b039-de50c4f2fb8a,Card,4,,AVAIL - Fusion Events V2,AVAIL - Fusion Events V2 [external],external,870,1648,hazmit_dama,,(not set),TRUE,Smart (fetch on change),TRUE,Smart (fetch on change),"Section Settings > Data Fetch Mode: set Smart (fetch on change) (external source). Currently unset (behaving as Smart (fetch on change) via the implicit fallback, readyToLoad=TRUE).",Yes - set,Open,,,
T6-C348,T6-001,1300890,https://county_template.devmny.org/the_risk/natural_hazards/lightning,the_risk/natural_hazards/lightning,1545775,(untitled Card),1545719,edcd023e-c7de-41db-b683-9d4c9297599c,Card,7,,LHMP_IA,LHMP_IA [test-meta-forms],internal,1441680,1441681,mitigat-ny-prod+test-meta-forms,,(not set),TRUE,Smart (fetch on change),TRUE,Force (always re-fetch),"Section Settings > Data Fetch Mode: set Force (always re-fetch) (internal source). Currently unset (behaving as Smart (fetch on change) via the implicit fallback, readyToLoad=TRUE).",Yes - set,Open,,,
T6-C349,T6-001,1300890,https://county_template.devmny.org/the_risk/natural_hazards/lightning,the_risk/natural_hazards/lightning,1545775,Historic Occurrences,1545725,0700164d-e79b-487d-bcfb-30485def30ca,Card,14,,LHMP_IA,LHMP_IA [test-meta-forms],internal,1441680,1441681,mitigat-ny-prod+test-meta-forms,,(not set),TRUE,Smart (fetch on change),TRUE,Force (always re-fetch),"Section Settings > Data Fetch Mode: set Force (always re-fetch) (internal source). Currently unset (behaving as Smart (fetch on change) via the implicit fallback, readyToLoad=TRUE).",Yes - set,Open,,,
T6-C350,T6-001,1300890,https://county_template.devmny.org/the_risk/natural_hazards/lightning,the_risk/natural_hazards/lightning,1545775,(untitled Card),1545726,7cfa4cbb-ad41-49d0-b4a1-34e9a2011d45,Card,15,,LHMP_IA,LHMP_IA [test-meta-forms],internal,1441680,1441681,mitigat-ny-prod+test-meta-forms,,(not set),TRUE,Smart (fetch on change),TRUE,Force (always re-fetch),"Section Settings > Data Fetch Mode: set Force (always re-fetch) (internal source). Currently unset (behaving as Smart (fetch on change) via the implicit fallback, readyToLoad=TRUE).",Yes - set,Open,,,
T6-C351,T6-001,1300890,https://county_template.devmny.org/the_risk/natural_hazards/lightning,the_risk/natural_hazards/lightning,1545775,(untitled Card),1545729,e0bd653d-ee80-4f64-9d0c-01f158f2d0b4,Card,18,,AVAIL - Fusion Events V2,AVAIL - Fusion Events V2 [external],external,870,2401,hazmit_dama,,(not set),TRUE,Smart (fetch on change),TRUE,Smart (fetch on change),"Section Settings > Data Fetch Mode: set Smart (fetch on change) (external source). Currently unset (behaving as Smart (fetch on change) via the implicit fallback, readyToLoad=TRUE).",Yes - set,Open,,,
T6-C352,T6-001,1300890,https://county_template.devmny.org/the_risk/natural_hazards/lightning,the_risk/natural_hazards/lightning,1545775,(untitled Graph),1545734,d757d20c-1538-4be1-8fea-0dd5e6417931,Graph,21,,AVAIL - Fusion Events V2,AVAIL - Fusion Events V2 [external],external,870,2401,hazmit_dama,,(not set),TRUE,Smart (fetch on change),TRUE,Smart (fetch on change),"Section Settings > Data Fetch Mode: set Smart (fetch on change) (external source). Currently unset (behaving as Smart (fetch on change) via the implicit fallback, readyToLoad=TRUE).",Yes - set,Open,,,
T6-C353,T6-001,1300890,https://county_template.devmny.org/the_risk/natural_hazards/lightning,the_risk/natural_hazards/lightning,1545775,(untitled Graph),1545737,ac560771-e09b-486b-adeb-d7d21dcc8894,Graph,23,,AVAIL - Fusion Events V2,AVAIL - Fusion Events V2 [external],external,870,2401,hazmit_dama,,(not set),TRUE,Smart (fetch on change),TRUE,Smart (fetch on change),"Section Settings > Data Fetch Mode: set Smart (fetch on change) (external source). Currently unset (behaving as Smart (fetch on change) via the implicit fallback, readyToLoad=TRUE).",Yes - set,Open,,,
T6-C354,T6-001,1300890,https://county_template.devmny.org/the_risk/natural_hazards/lightning,the_risk/natural_hazards/lightning,1545775,(untitled Card),1545743,f5392893-fc72-4005-b595-c9d92a1c5561,Card,30,,LHMP_IA,LHMP_IA [test-meta-forms],internal,1441680,1441681,mitigat-ny-prod+test-meta-forms,,(not set),TRUE,Smart (fetch on change),TRUE,Force (always re-fetch),"Section Settings > Data Fetch Mode: set Force (always re-fetch) (internal source). Currently unset (behaving as Smart (fetch on change) via the implicit fallback, readyToLoad=TRUE).",Yes - set,Open,,,
T6-C355,T6-001,1300890,https://county_template.devmny.org/the_risk/natural_hazards/lightning,the_risk/natural_hazards/lightning,1545775,(untitled Spreadsheet),1545744,f9007ce9-6ec1-4dc6-9341-61606e78e8bf,Spreadsheet,31,,AVAIL - Fusion Events V2,AVAIL - Fusion Events V2 [external],external,870,2401,hazmit_dama,,(not set),TRUE,Smart (fetch on change),TRUE,Smart (fetch on change),"Section Settings > Data Fetch Mode: set Smart (fetch on change) (external source). Currently unset (behaving as Smart (fetch on change) via the implicit fallback, readyToLoad=TRUE).",Yes - set,Open,,,
T6-C356,T6-001,1300890,https://county_template.devmny.org/the_risk/natural_hazards/lightning,the_risk/natural_hazards/lightning,1545775,(untitled Card),1545748,cd53270c-448a-415d-9ac7-82da4e3b41b0,Card,37,TRUE,LHMP_IA,LHMP_IA [test_meta_forms],internal,1441680,1441681,mitigat-ny-prod+test_meta_forms,,(not set),TRUE,Smart (fetch on change),TRUE,Force (always re-fetch),"Section Settings > Data Fetch Mode: set Force (always re-fetch) (internal source). Currently unset (behaving as Smart (fetch on change) via the implicit fallback, readyToLoad=TRUE).",Yes - set,Open,,,"Hidden from view (data.hideInView), so it never renders and the setting has no runtime effect today - set it anyway for template consistency, or defer. Owner decision."
T6-C357,T6-001,1300890,https://county_template.devmny.org/the_risk/natural_hazards/lightning,the_risk/natural_hazards/lightning,1545775,(untitled Spreadsheet),2383468,31cb5891-df31-469c-a008-211e607124f7,Spreadsheet,40,,Hazards_of_Concern,Hazards_of_Concern [test_meta_forms],internal,1473470,1473471,mitigat-ny-prod+test_meta_forms,,Smart (fetch on change),TRUE,Smart (fetch on change),,Force (always re-fetch),Section Settings > Data Fetch Mode: set Force (always re-fetch) (internal source). Currently set to Smart (fetch on change).,Yes - change,Open,,,
T6-C358,T6-001,1300890,https://county_template.devmny.org/the_risk/natural_hazards/lightning,the_risk/natural_hazards/lightning,1545775,(untitled Card),1545765,7b47cfb4-dbfd-4990-9a62-6003956bc2e2,Card,58,TRUE,LHMP_IA,LHMP_IA [test_meta_forms],internal,1441680,1441681,mitigat-ny-prod+test_meta_forms,,(not set),TRUE,Smart (fetch on change),TRUE,Force (always re-fetch),"Section Settings > Data Fetch Mode: set Force (always re-fetch) (internal source). Currently unset (behaving as Smart (fetch on change) via the implicit fallback, readyToLoad=TRUE).",Yes - set,Open,,,"Hidden from view (data.hideInView), so it never renders and the setting has no runtime effect today - set it anyway for template consistency, or defer. Owner decision."
T6-C359,T6-001,1300890,https://county_template.devmny.org/the_risk/natural_hazards/lightning,the_risk/natural_hazards/lightning,1545775,(untitled Spreadsheet),2384767,a60a635d-5755-4f95-8385-bd732e74c65c,Spreadsheet,59,,Capabilities_Catalogue,Capabilities_Catalogue [test_meta_forms],internal,1068273,1172519,mitigat-ny-prod+test_meta_forms,,Smart (fetch on change),TRUE,Smart (fetch on change),,Force (always re-fetch),Section Settings > Data Fetch Mode: set Force (always re-fetch) (internal source). Currently set to Smart (fetch on change).,Yes - change,Open,,,
T6-C360,T6-001,1300890,https://county_template.devmny.org/the_risk/natural_hazards/lightning,the_risk/natural_hazards/lightning,1545775,(untitled Card),2179726,4f9eff04-da67-449e-8d99-cec2777ec692,Card,63,,Actions_Revised,Actions_Revised [test_meta_forms],internal,1029065,1074456,mitigat-ny-prod+test_meta_forms,,Force (always re-fetch),TRUE,Force (always re-fetch),,Force (always re-fetch),None - already set to Force (always re-fetch).,No,Closed,,2026-08-28,Already correct at scan time.
T6-C361,T6-001,1300890,https://county_template.devmny.org/the_risk/natural_hazards/lightning,the_risk/natural_hazards/lightning,1545775,Local Actions Table,2179742,6b20b5e6-5cd3-48bf-89d9-b92252137f7b,Spreadsheet,64,,Actions_Revised,Actions_Revised [test_meta_forms],internal,1029065,1074456,mitigat-ny-prod+test_meta_forms,,Force (always re-fetch),TRUE,Force (always re-fetch),,Force (always re-fetch),None - already set to Force (always re-fetch).,No,Closed,,2026-08-28,Already correct at scan time.
T6-C362,T6-001,1300890,https://county_template.devmny.org/the_risk/natural_hazards/lightning,the_risk/natural_hazards/lightning,1545775,(untitled Card),1545771,eaea3217-67c6-401c-aaf3-392b9173b5c7,Card,65,TRUE,LHMP_IA,LHMP_IA [test_meta_forms],internal,1441680,1441681,mitigat-ny-prod+test_meta_forms,,(not set),TRUE,Smart (fetch on change),TRUE,Force (always re-fetch),"Section Settings > Data Fetch Mode: set Force (always re-fetch) (internal source). Currently unset (behaving as Smart (fetch on change) via the implicit fallback, readyToLoad=TRUE).",Yes - set,Open,,,"Hidden from view (data.hideInView), so it never renders and the setting has no runtime effect today - set it anyway for template consistency, or defer. Owner decision."
T6-C363,T6-001,1300890,https://county_template.devmny.org/the_risk/natural_hazards/snowstorm,the_risk/natural_hazards/snowstorm,1546774,(untitled Card),1548810,e501e808-6217-486e-bd86-1ce7f435aa14,Card,1,,AVAIL - Fusion Events V2,AVAIL - Fusion Events V2 [external],external,870,1648,hazmit_dama,,(not set),TRUE,Smart (fetch on change),TRUE,Smart (fetch on change),"Section Settings > Data Fetch Mode: set Smart (fetch on change) (external source). Currently unset (behaving as Smart (fetch on change) via the implicit fallback, readyToLoad=TRUE).",Yes - set,Open,,,
T6-C364,T6-001,1300890,https://county_template.devmny.org/the_risk/natural_hazards/snowstorm,the_risk/natural_hazards/snowstorm,1546774,(untitled Card),1676873,19cb8e31-f6e4-4a18-ac4e-89a42ead7d79,Card,2,,Hazards_of_Concern,Hazards_of_Concern [test_meta_forms],internal,1473470,1473471,mitigat-ny-prod+test_meta_forms,,(not set),TRUE,Smart (fetch on change),TRUE,Force (always re-fetch),"Section Settings > Data Fetch Mode: set Force (always re-fetch) (internal source). Currently unset (behaving as Smart (fetch on change) via the implicit fallback, readyToLoad=TRUE).",Yes - set,Open,,,
T6-C365,T6-001,1300890,https://county_template.devmny.org/the_risk/natural_hazards/snowstorm,the_risk/natural_hazards/snowstorm,1546774,(untitled Card),1548811,b5e7c5ed-0c3f-48ba-8102-b35508c6fa2f,Card,3,,NRI Counties - Hazard Normalized,NRI Counties - Hazard Normalized [external],external,1508,1982,hazmit_dama,,(not set),TRUE,Smart (fetch on change),TRUE,Smart (fetch on change),"Section Settings > Data Fetch Mode: set Smart (fetch on change) (external source). Currently unset (behaving as Smart (fetch on change) via the implicit fallback, readyToLoad=TRUE).",Yes - set,Open,,,
T6-C366,T6-001,1300890,https://county_template.devmny.org/the_risk/natural_hazards/snowstorm,the_risk/natural_hazards/snowstorm,1546774,(untitled Card),1548812,5f88f7a5-19bf-4b85-b039-de50c4f2fb8a,Card,4,,AVAIL - Fusion Events V2,AVAIL - Fusion Events V2 [external],external,870,1648,hazmit_dama,,(not set),TRUE,Smart (fetch on change),TRUE,Smart (fetch on change),"Section Settings > Data Fetch Mode: set Smart (fetch on change) (external source). Currently unset (behaving as Smart (fetch on change) via the implicit fallback, readyToLoad=TRUE).",Yes - set,Open,,,
T6-C367,T6-001,1300890,https://county_template.devmny.org/the_risk/natural_hazards/snowstorm,the_risk/natural_hazards/snowstorm,1546774,(untitled Card),1548814,edcd023e-c7de-41db-b683-9d4c9297599c,Card,7,,LHMP_IA,LHMP_IA [test-meta-forms],internal,1441680,1441681,mitigat-ny-prod+test-meta-forms,,(not set),TRUE,Smart (fetch on change),TRUE,Force (always re-fetch),"Section Settings > Data Fetch Mode: set Force (always re-fetch) (internal source). Currently unset (behaving as Smart (fetch on change) via the implicit fallback, readyToLoad=TRUE).",Yes - set,Open,,,
T6-C368,T6-001,1300890,https://county_template.devmny.org/the_risk/natural_hazards/snowstorm,the_risk/natural_hazards/snowstorm,1546774,(untitled Card),1548821,7cfa4cbb-ad41-49d0-b4a1-34e9a2011d45,Card,14,,LHMP_IA,LHMP_IA [test-meta-forms],internal,1441680,1441681,mitigat-ny-prod+test-meta-forms,,(not set),TRUE,Smart (fetch on change),TRUE,Force (always re-fetch),"Section Settings > Data Fetch Mode: set Force (always re-fetch) (internal source). Currently unset (behaving as Smart (fetch on change) via the implicit fallback, readyToLoad=TRUE).",Yes - set,Open,,,
T6-C369,T6-001,1300890,https://county_template.devmny.org/the_risk/natural_hazards/snowstorm,the_risk/natural_hazards/snowstorm,1546774,(untitled Card),1548824,e0bd653d-ee80-4f64-9d0c-01f158f2d0b4,Card,17,,AVAIL - Fusion Events V2,AVAIL - Fusion Events V2 [external],external,870,2401,hazmit_dama,,(not set),TRUE,Smart (fetch on change),TRUE,Smart (fetch on change),"Section Settings > Data Fetch Mode: set Smart (fetch on change) (external source). Currently unset (behaving as Smart (fetch on change) via the implicit fallback, readyToLoad=TRUE).",Yes - set,Open,,,
T6-C370,T6-001,1300890,https://county_template.devmny.org/the_risk/natural_hazards/snowstorm,the_risk/natural_hazards/snowstorm,1546774,(untitled Graph),1548829,d757d20c-1538-4be1-8fea-0dd5e6417931,Graph,20,,AVAIL - Fusion Events V2,AVAIL - Fusion Events V2 [external],external,870,2401,hazmit_dama,,(not set),TRUE,Smart (fetch on change),TRUE,Smart (fetch on change),"Section Settings > Data Fetch Mode: set Smart (fetch on change) (external source). Currently unset (behaving as Smart (fetch on change) via the implicit fallback, readyToLoad=TRUE).",Yes - set,Open,,,
T6-C371,T6-001,1300890,https://county_template.devmny.org/the_risk/natural_hazards/snowstorm,the_risk/natural_hazards/snowstorm,1546774,(untitled Graph),1548832,ac560771-e09b-486b-adeb-d7d21dcc8894,Graph,22,,AVAIL - Fusion Events V2,AVAIL - Fusion Events V2 [external],external,870,2401,hazmit_dama,,(not set),TRUE,Smart (fetch on change),TRUE,Smart (fetch on change),"Section Settings > Data Fetch Mode: set Smart (fetch on change) (external source). Currently unset (behaving as Smart (fetch on change) via the implicit fallback, readyToLoad=TRUE).",Yes - set,Open,,,
T6-C372,T6-001,1300890,https://county_template.devmny.org/the_risk/natural_hazards/snowstorm,the_risk/natural_hazards/snowstorm,1546774,(untitled Card),1548838,f5392893-fc72-4005-b595-c9d92a1c5561,Card,29,,LHMP_IA,LHMP_IA [test-meta-forms],internal,1441680,1441681,mitigat-ny-prod+test-meta-forms,,(not set),TRUE,Smart (fetch on change),TRUE,Force (always re-fetch),"Section Settings > Data Fetch Mode: set Force (always re-fetch) (internal source). Currently unset (behaving as Smart (fetch on change) via the implicit fallback, readyToLoad=TRUE).",Yes - set,Open,,,
T6-C373,T6-001,1300890,https://county_template.devmny.org/the_risk/natural_hazards/snowstorm,the_risk/natural_hazards/snowstorm,1546774,(untitled Spreadsheet),1548839,f9007ce9-6ec1-4dc6-9341-61606e78e8bf,Spreadsheet,30,,AVAIL - Fusion Events V2,AVAIL - Fusion Events V2 [external],external,870,2401,hazmit_dama,,(not set),TRUE,Smart (fetch on change),TRUE,Smart (fetch on change),"Section Settings > Data Fetch Mode: set Smart (fetch on change) (external source). Currently unset (behaving as Smart (fetch on change) via the implicit fallback, readyToLoad=TRUE).",Yes - set,Open,,,
T6-C374,T6-001,1300890,https://county_template.devmny.org/the_risk/natural_hazards/snowstorm,the_risk/natural_hazards/snowstorm,1546774,(untitled Card),1548843,cd53270c-448a-415d-9ac7-82da4e3b41b0,Card,36,TRUE,LHMP_IA,LHMP_IA [test_meta_forms],internal,1441680,1441681,mitigat-ny-prod+test_meta_forms,,(not set),TRUE,Smart (fetch on change),TRUE,Force (always re-fetch),"Section Settings > Data Fetch Mode: set Force (always re-fetch) (internal source). Currently unset (behaving as Smart (fetch on change) via the implicit fallback, readyToLoad=TRUE).",Yes - set,Open,,,"Hidden from view (data.hideInView), so it never renders and the setting has no runtime effect today - set it anyway for template consistency, or defer. Owner decision."
T6-C375,T6-001,1300890,https://county_template.devmny.org/the_risk/natural_hazards/snowstorm,the_risk/natural_hazards/snowstorm,1546774,(untitled Spreadsheet),2383543,5e554db8-b02a-4fbe-ab5e-1239000ba9db,Spreadsheet,39,,Hazards_of_Concern,Hazards_of_Concern [test_meta_forms],internal,1473470,1473471,mitigat-ny-prod+test_meta_forms,,Smart (fetch on change),TRUE,Smart (fetch on change),,Force (always re-fetch),Section Settings > Data Fetch Mode: set Force (always re-fetch) (internal source). Currently set to Smart (fetch on change).,Yes - change,Open,,,
T6-C376,T6-001,1300890,https://county_template.devmny.org/the_risk/natural_hazards/snowstorm,the_risk/natural_hazards/snowstorm,1546774,(untitled Card),1548860,7b47cfb4-dbfd-4990-9a62-6003956bc2e2,Card,57,TRUE,LHMP_IA,LHMP_IA [test_meta_forms],internal,1441680,1441681,mitigat-ny-prod+test_meta_forms,,(not set),TRUE,Smart (fetch on change),TRUE,Force (always re-fetch),"Section Settings > Data Fetch Mode: set Force (always re-fetch) (internal source). Currently unset (behaving as Smart (fetch on change) via the implicit fallback, readyToLoad=TRUE).",Yes - set,Open,,,"Hidden from view (data.hideInView), so it never renders and the setting has no runtime effect today - set it anyway for template consistency, or defer. Owner decision."
T6-C377,T6-001,1300890,https://county_template.devmny.org/the_risk/natural_hazards/snowstorm,the_risk/natural_hazards/snowstorm,1546774,(untitled Spreadsheet),2384842,8af193cd-8ff9-45a3-91eb-478afc52770f,Spreadsheet,58,,Capabilities_Catalogue,Capabilities_Catalogue [test_meta_forms],internal,1068273,1172519,mitigat-ny-prod+test_meta_forms,,Smart (fetch on change),TRUE,Smart (fetch on change),,Force (always re-fetch),Section Settings > Data Fetch Mode: set Force (always re-fetch) (internal source). Currently set to Smart (fetch on change).,Yes - change,Open,,,
T6-C378,T6-001,1300890,https://county_template.devmny.org/the_risk/natural_hazards/snowstorm,the_risk/natural_hazards/snowstorm,1546774,(untitled Card),2179727,003339d9-0185-41f0-908c-03a0cb1547d6,Card,62,,Actions_Revised,Actions_Revised [test_meta_forms],internal,1029065,1074456,mitigat-ny-prod+test_meta_forms,,Force (always re-fetch),TRUE,Force (always re-fetch),,Force (always re-fetch),None - already set to Force (always re-fetch).,No,Closed,,2026-08-28,Already correct at scan time.
T6-C379,T6-001,1300890,https://county_template.devmny.org/the_risk/natural_hazards/snowstorm,the_risk/natural_hazards/snowstorm,1546774,Local Actions Table,2179743,53e30b68-8fc2-451d-aad3-55f6ea202f51,Spreadsheet,63,,Actions_Revised,Actions_Revised [test_meta_forms],internal,1029065,1074456,mitigat-ny-prod+test_meta_forms,,Force (always re-fetch),TRUE,Force (always re-fetch),,Force (always re-fetch),None - already set to Force (always re-fetch).,No,Closed,,2026-08-28,Already correct at scan time.
T6-C380,T6-001,1300890,https://county_template.devmny.org/the_risk/natural_hazards/snowstorm,the_risk/natural_hazards/snowstorm,1546774,(untitled Card),1548866,eaea3217-67c6-401c-aaf3-392b9173b5c7,Card,64,TRUE,LHMP_IA,LHMP_IA [test_meta_forms],internal,1441680,1441681,mitigat-ny-prod+test_meta_forms,,(not set),TRUE,Smart (fetch on change),TRUE,Force (always re-fetch),"Section Settings > Data Fetch Mode: set Force (always re-fetch) (internal source). Currently unset (behaving as Smart (fetch on change) via the implicit fallback, readyToLoad=TRUE).",Yes - set,Open,,,"Hidden from view (data.hideInView), so it never renders and the setting has no runtime effect today - set it anyway for template consistency, or defer. Owner decision."
T6-C381,T6-001,1300890,https://county_template.devmny.org/the_risk/natural_hazards/tornado,the_risk/natural_hazards/tornado,1545899,(untitled Card),1545839,e501e808-6217-486e-bd86-1ce7f435aa14,Card,1,,AVAIL - Fusion Events V2,AVAIL - Fusion Events V2 [external],external,870,1648,hazmit_dama,,(not set),TRUE,Smart (fetch on change),TRUE,Smart (fetch on change),"Section Settings > Data Fetch Mode: set Smart (fetch on change) (external source). Currently unset (behaving as Smart (fetch on change) via the implicit fallback, readyToLoad=TRUE).",Yes - set,Open,,,
T6-C382,T6-001,1300890,https://county_template.devmny.org/the_risk/natural_hazards/tornado,the_risk/natural_hazards/tornado,1545899,(untitled Card),1676875,82e6aa38-959f-4b59-8cda-5c6a1c664539,Card,2,,Hazards_of_Concern,Hazards_of_Concern [test_meta_forms],internal,1473470,1473471,mitigat-ny-prod+test_meta_forms,,(not set),TRUE,Smart (fetch on change),TRUE,Force (always re-fetch),"Section Settings > Data Fetch Mode: set Force (always re-fetch) (internal source). Currently unset (behaving as Smart (fetch on change) via the implicit fallback, readyToLoad=TRUE).",Yes - set,Open,,,
T6-C383,T6-001,1300890,https://county_template.devmny.org/the_risk/natural_hazards/tornado,the_risk/natural_hazards/tornado,1545899,(untitled Card),1545840,b5e7c5ed-0c3f-48ba-8102-b35508c6fa2f,Card,3,,NRI Counties - Hazard Normalized,NRI Counties - Hazard Normalized [external],external,1508,1982,hazmit_dama,,(not set),TRUE,Smart (fetch on change),TRUE,Smart (fetch on change),"Section Settings > Data Fetch Mode: set Smart (fetch on change) (external source). Currently unset (behaving as Smart (fetch on change) via the implicit fallback, readyToLoad=TRUE).",Yes - set,Open,,,
T6-C384,T6-001,1300890,https://county_template.devmny.org/the_risk/natural_hazards/tornado,the_risk/natural_hazards/tornado,1545899,(untitled Card),1545841,5f88f7a5-19bf-4b85-b039-de50c4f2fb8a,Card,4,,AVAIL - Fusion Events V2,AVAIL - Fusion Events V2 [external],external,870,1648,hazmit_dama,,(not set),TRUE,Smart (fetch on change),TRUE,Smart (fetch on change),"Section Settings > Data Fetch Mode: set Smart (fetch on change) (external source). Currently unset (behaving as Smart (fetch on change) via the implicit fallback, readyToLoad=TRUE).",Yes - set,Open,,,
T6-C385,T6-001,1300890,https://county_template.devmny.org/the_risk/natural_hazards/tornado,the_risk/natural_hazards/tornado,1545899,(untitled Card),1545843,edcd023e-c7de-41db-b683-9d4c9297599c,Card,7,,LHMP_IA,LHMP_IA [test-meta-forms],internal,1441680,1441681,mitigat-ny-prod+test-meta-forms,,(not set),TRUE,Smart (fetch on change),TRUE,Force (always re-fetch),"Section Settings > Data Fetch Mode: set Force (always re-fetch) (internal source). Currently unset (behaving as Smart (fetch on change) via the implicit fallback, readyToLoad=TRUE).",Yes - set,Open,,,
T6-C386,T6-001,1300890,https://county_template.devmny.org/the_risk/natural_hazards/tornado,the_risk/natural_hazards/tornado,1545899,(untitled Card),1545850,7cfa4cbb-ad41-49d0-b4a1-34e9a2011d45,Card,15,,LHMP_IA,LHMP_IA [test-meta-forms],internal,1441680,1441681,mitigat-ny-prod+test-meta-forms,,(not set),TRUE,Smart (fetch on change),TRUE,Force (always re-fetch),"Section Settings > Data Fetch Mode: set Force (always re-fetch) (internal source). Currently unset (behaving as Smart (fetch on change) via the implicit fallback, readyToLoad=TRUE).",Yes - set,Open,,,
T6-C387,T6-001,1300890,https://county_template.devmny.org/the_risk/natural_hazards/tornado,the_risk/natural_hazards/tornado,1545899,(untitled Card),1545853,e0bd653d-ee80-4f64-9d0c-01f158f2d0b4,Card,18,,AVAIL - Fusion Events V2,AVAIL - Fusion Events V2 [external],external,870,2401,hazmit_dama,,(not set),TRUE,Smart (fetch on change),TRUE,Smart (fetch on change),"Section Settings > Data Fetch Mode: set Smart (fetch on change) (external source). Currently unset (behaving as Smart (fetch on change) via the implicit fallback, readyToLoad=TRUE).",Yes - set,Open,,,
T6-C388,T6-001,1300890,https://county_template.devmny.org/the_risk/natural_hazards/tornado,the_risk/natural_hazards/tornado,1545899,(untitled Graph),1545858,d757d20c-1538-4be1-8fea-0dd5e6417931,Graph,21,,AVAIL - Fusion Events V2,AVAIL - Fusion Events V2 [external],external,870,2401,hazmit_dama,,(not set),TRUE,Smart (fetch on change),TRUE,Smart (fetch on change),"Section Settings > Data Fetch Mode: set Smart (fetch on change) (external source). Currently unset (behaving as Smart (fetch on change) via the implicit fallback, readyToLoad=TRUE).",Yes - set,Open,,,
T6-C389,T6-001,1300890,https://county_template.devmny.org/the_risk/natural_hazards/tornado,the_risk/natural_hazards/tornado,1545899,(untitled Graph),1545861,ac560771-e09b-486b-adeb-d7d21dcc8894,Graph,23,,AVAIL - Fusion Events V2,AVAIL - Fusion Events V2 [external],external,870,2401,hazmit_dama,,(not set),TRUE,Smart (fetch on change),TRUE,Smart (fetch on change),"Section Settings > Data Fetch Mode: set Smart (fetch on change) (external source). Currently unset (behaving as Smart (fetch on change) via the implicit fallback, readyToLoad=TRUE).",Yes - set,Open,,,
T6-C390,T6-001,1300890,https://county_template.devmny.org/the_risk/natural_hazards/tornado,the_risk/natural_hazards/tornado,1545899,(untitled Card),1545867,f5392893-fc72-4005-b595-c9d92a1c5561,Card,30,,LHMP_IA,LHMP_IA [test-meta-forms],internal,1441680,1441681,mitigat-ny-prod+test-meta-forms,,(not set),TRUE,Smart (fetch on change),TRUE,Force (always re-fetch),"Section Settings > Data Fetch Mode: set Force (always re-fetch) (internal source). Currently unset (behaving as Smart (fetch on change) via the implicit fallback, readyToLoad=TRUE).",Yes - set,Open,,,
T6-C391,T6-001,1300890,https://county_template.devmny.org/the_risk/natural_hazards/tornado,the_risk/natural_hazards/tornado,1545899,(untitled Spreadsheet),1545868,f9007ce9-6ec1-4dc6-9341-61606e78e8bf,Spreadsheet,31,,AVAIL - Fusion Events V2,AVAIL - Fusion Events V2 [external],external,870,2401,hazmit_dama,,(not set),TRUE,Smart (fetch on change),TRUE,Smart (fetch on change),"Section Settings > Data Fetch Mode: set Smart (fetch on change) (external source). Currently unset (behaving as Smart (fetch on change) via the implicit fallback, readyToLoad=TRUE).",Yes - set,Open,,,
T6-C392,T6-001,1300890,https://county_template.devmny.org/the_risk/natural_hazards/tornado,the_risk/natural_hazards/tornado,1545899,(untitled Card),1545872,cd53270c-448a-415d-9ac7-82da4e3b41b0,Card,37,TRUE,LHMP_IA,LHMP_IA [test_meta_forms],internal,1441680,1441681,mitigat-ny-prod+test_meta_forms,,(not set),TRUE,Smart (fetch on change),TRUE,Force (always re-fetch),"Section Settings > Data Fetch Mode: set Force (always re-fetch) (internal source). Currently unset (behaving as Smart (fetch on change) via the implicit fallback, readyToLoad=TRUE).",Yes - set,Open,,,"Hidden from view (data.hideInView), so it never renders and the setting has no runtime effect today - set it anyway for template consistency, or defer. Owner decision."
T6-C393,T6-001,1300890,https://county_template.devmny.org/the_risk/natural_hazards/tornado,the_risk/natural_hazards/tornado,1545899,(untitled Spreadsheet),2383617,fe9bebf6-91bf-4c3b-9dd8-e81ce5ab573d,Spreadsheet,40,,Hazards_of_Concern,Hazards_of_Concern [test_meta_forms],internal,1473470,1473471,mitigat-ny-prod+test_meta_forms,,Smart (fetch on change),TRUE,Smart (fetch on change),,Force (always re-fetch),Section Settings > Data Fetch Mode: set Force (always re-fetch) (internal source). Currently set to Smart (fetch on change).,Yes - change,Open,,,
T6-C394,T6-001,1300890,https://county_template.devmny.org/the_risk/natural_hazards/tornado,the_risk/natural_hazards/tornado,1545899,(untitled Card),1545889,7b47cfb4-dbfd-4990-9a62-6003956bc2e2,Card,58,TRUE,LHMP_IA,LHMP_IA [test_meta_forms],internal,1441680,1441681,mitigat-ny-prod+test_meta_forms,,(not set),TRUE,Smart (fetch on change),TRUE,Force (always re-fetch),"Section Settings > Data Fetch Mode: set Force (always re-fetch) (internal source). Currently unset (behaving as Smart (fetch on change) via the implicit fallback, readyToLoad=TRUE).",Yes - set,Open,,,"Hidden from view (data.hideInView), so it never renders and the setting has no runtime effect today - set it anyway for template consistency, or defer. Owner decision."
T6-C395,T6-001,1300890,https://county_template.devmny.org/the_risk/natural_hazards/tornado,the_risk/natural_hazards/tornado,1545899,(untitled Spreadsheet),2384916,5e91b614-6876-48be-a3f5-74157351019f,Spreadsheet,59,,Capabilities_Catalogue,Capabilities_Catalogue [test_meta_forms],internal,1068273,1172519,mitigat-ny-prod+test_meta_forms,,Smart (fetch on change),TRUE,Smart (fetch on change),,Force (always re-fetch),Section Settings > Data Fetch Mode: set Force (always re-fetch) (internal source). Currently set to Smart (fetch on change).,Yes - change,Open,,,
T6-C396,T6-001,1300890,https://county_template.devmny.org/the_risk/natural_hazards/tornado,the_risk/natural_hazards/tornado,1545899,(untitled Card),2179729,8a2130c5-4742-4d72-8547-1a6ec32c003e,Card,63,,Actions_Revised,Actions_Revised [test_meta_forms],internal,1029065,1074456,mitigat-ny-prod+test_meta_forms,,Force (always re-fetch),TRUE,Force (always re-fetch),,Force (always re-fetch),None - already set to Force (always re-fetch).,No,Closed,,2026-08-28,Already correct at scan time.
T6-C397,T6-001,1300890,https://county_template.devmny.org/the_risk/natural_hazards/tornado,the_risk/natural_hazards/tornado,1545899,Local Actions Table,2179744,c2eca046-3b86-4bd7-b8a8-477a2d879809,Spreadsheet,64,,Actions_Revised,Actions_Revised [test_meta_forms],internal,1029065,1074456,mitigat-ny-prod+test_meta_forms,,Force (always re-fetch),TRUE,Force (always re-fetch),,Force (always re-fetch),None - already set to Force (always re-fetch).,No,Closed,,2026-08-28,Already correct at scan time.
T6-C398,T6-001,1300890,https://county_template.devmny.org/the_risk/natural_hazards/tornado,the_risk/natural_hazards/tornado,1545899,(untitled Card),1545895,eaea3217-67c6-401c-aaf3-392b9173b5c7,Card,65,TRUE,LHMP_IA,LHMP_IA [test_meta_forms],internal,1441680,1441681,mitigat-ny-prod+test_meta_forms,,(not set),TRUE,Smart (fetch on change),TRUE,Force (always re-fetch),"Section Settings > Data Fetch Mode: set Force (always re-fetch) (internal source). Currently unset (behaving as Smart (fetch on change) via the implicit fallback, readyToLoad=TRUE).",Yes - set,Open,,,"Hidden from view (data.hideInView), so it never renders and the setting has no runtime effect today - set it anyway for template consistency, or defer. Owner decision."
T6-C399,T6-001,1300890,https://county_template.devmny.org/the_risk/natural_hazards/wildfire,the_risk/natural_hazards/wildfire,1546087,(untitled Card),1546027,e501e808-6217-486e-bd86-1ce7f435aa14,Card,1,,AVAIL - Fusion Events V2,AVAIL - Fusion Events V2 [external],external,870,1648,hazmit_dama,,(not set),TRUE,Smart (fetch on change),TRUE,Smart (fetch on change),"Section Settings > Data Fetch Mode: set Smart (fetch on change) (external source). Currently unset (behaving as Smart (fetch on change) via the implicit fallback, readyToLoad=TRUE).",Yes - set,Open,,,
T6-C400,T6-001,1300890,https://county_template.devmny.org/the_risk/natural_hazards/wildfire,the_risk/natural_hazards/wildfire,1546087,(untitled Card),1676877,24455d5d-32ab-4b4c-a2f7-12891dc8c519,Card,2,,Hazards_of_Concern,Hazards_of_Concern [test_meta_forms],internal,1473470,1473471,mitigat-ny-prod+test_meta_forms,,(not set),TRUE,Smart (fetch on change),TRUE,Force (always re-fetch),"Section Settings > Data Fetch Mode: set Force (always re-fetch) (internal source). Currently unset (behaving as Smart (fetch on change) via the implicit fallback, readyToLoad=TRUE).",Yes - set,Open,,,
T6-C401,T6-001,1300890,https://county_template.devmny.org/the_risk/natural_hazards/wildfire,the_risk/natural_hazards/wildfire,1546087,(untitled Card),1546028,b5e7c5ed-0c3f-48ba-8102-b35508c6fa2f,Card,3,,NRI Counties - Hazard Normalized,NRI Counties - Hazard Normalized [external],external,1508,1982,hazmit_dama,,(not set),TRUE,Smart (fetch on change),TRUE,Smart (fetch on change),"Section Settings > Data Fetch Mode: set Smart (fetch on change) (external source). Currently unset (behaving as Smart (fetch on change) via the implicit fallback, readyToLoad=TRUE).",Yes - set,Open,,,
T6-C402,T6-001,1300890,https://county_template.devmny.org/the_risk/natural_hazards/wildfire,the_risk/natural_hazards/wildfire,1546087,(untitled Card),1546029,5f88f7a5-19bf-4b85-b039-de50c4f2fb8a,Card,4,,AVAIL - Fusion Events V2,AVAIL - Fusion Events V2 [external],external,870,1648,hazmit_dama,,(not set),TRUE,Smart (fetch on change),TRUE,Smart (fetch on change),"Section Settings > Data Fetch Mode: set Smart (fetch on change) (external source). Currently unset (behaving as Smart (fetch on change) via the implicit fallback, readyToLoad=TRUE).",Yes - set,Open,,,
T6-C403,T6-001,1300890,https://county_template.devmny.org/the_risk/natural_hazards/wildfire,the_risk/natural_hazards/wildfire,1546087,(untitled Card),1546031,edcd023e-c7de-41db-b683-9d4c9297599c,Card,7,,LHMP_IA,LHMP_IA [test-meta-forms],internal,1441680,1441681,mitigat-ny-prod+test-meta-forms,,(not set),TRUE,Smart (fetch on change),TRUE,Force (always re-fetch),"Section Settings > Data Fetch Mode: set Force (always re-fetch) (internal source). Currently unset (behaving as Smart (fetch on change) via the implicit fallback, readyToLoad=TRUE).",Yes - set,Open,,,
T6-C404,T6-001,1300890,https://county_template.devmny.org/the_risk/natural_hazards/wildfire,the_risk/natural_hazards/wildfire,1546087,(untitled Card),1546038,7cfa4cbb-ad41-49d0-b4a1-34e9a2011d45,Card,15,,LHMP_IA,LHMP_IA [test-meta-forms],internal,1441680,1441681,mitigat-ny-prod+test-meta-forms,,(not set),TRUE,Smart (fetch on change),TRUE,Force (always re-fetch),"Section Settings > Data Fetch Mode: set Force (always re-fetch) (internal source). Currently unset (behaving as Smart (fetch on change) via the implicit fallback, readyToLoad=TRUE).",Yes - set,Open,,,
T6-C405,T6-001,1300890,https://county_template.devmny.org/the_risk/natural_hazards/wildfire,the_risk/natural_hazards/wildfire,1546087,(untitled Card),1546041,e0bd653d-ee80-4f64-9d0c-01f158f2d0b4,Card,18,,AVAIL - Fusion Events V2,AVAIL - Fusion Events V2 [external],external,870,2401,hazmit_dama,,(not set),TRUE,Smart (fetch on change),TRUE,Smart (fetch on change),"Section Settings > Data Fetch Mode: set Smart (fetch on change) (external source). Currently unset (behaving as Smart (fetch on change) via the implicit fallback, readyToLoad=TRUE).",Yes - set,Open,,,
T6-C406,T6-001,1300890,https://county_template.devmny.org/the_risk/natural_hazards/wildfire,the_risk/natural_hazards/wildfire,1546087,(untitled Graph),1546046,d757d20c-1538-4be1-8fea-0dd5e6417931,Graph,21,,AVAIL - Fusion Events V2,AVAIL - Fusion Events V2 [external],external,870,2401,hazmit_dama,,(not set),TRUE,Smart (fetch on change),TRUE,Smart (fetch on change),"Section Settings > Data Fetch Mode: set Smart (fetch on change) (external source). Currently unset (behaving as Smart (fetch on change) via the implicit fallback, readyToLoad=TRUE).",Yes - set,Open,,,
T6-C407,T6-001,1300890,https://county_template.devmny.org/the_risk/natural_hazards/wildfire,the_risk/natural_hazards/wildfire,1546087,(untitled Graph),1546049,ac560771-e09b-486b-adeb-d7d21dcc8894,Graph,23,,AVAIL - Fusion Events V2,AVAIL - Fusion Events V2 [external],external,870,2401,hazmit_dama,,(not set),TRUE,Smart (fetch on change),TRUE,Smart (fetch on change),"Section Settings > Data Fetch Mode: set Smart (fetch on change) (external source). Currently unset (behaving as Smart (fetch on change) via the implicit fallback, readyToLoad=TRUE).",Yes - set,Open,,,
T6-C408,T6-001,1300890,https://county_template.devmny.org/the_risk/natural_hazards/wildfire,the_risk/natural_hazards/wildfire,1546087,(untitled Card),1546055,f5392893-fc72-4005-b595-c9d92a1c5561,Card,30,,LHMP_IA,LHMP_IA [test-meta-forms],internal,1441680,1441681,mitigat-ny-prod+test-meta-forms,,(not set),TRUE,Smart (fetch on change),TRUE,Force (always re-fetch),"Section Settings > Data Fetch Mode: set Force (always re-fetch) (internal source). Currently unset (behaving as Smart (fetch on change) via the implicit fallback, readyToLoad=TRUE).",Yes - set,Open,,,
T6-C409,T6-001,1300890,https://county_template.devmny.org/the_risk/natural_hazards/wildfire,the_risk/natural_hazards/wildfire,1546087,(untitled Spreadsheet),1546056,f9007ce9-6ec1-4dc6-9341-61606e78e8bf,Spreadsheet,31,,AVAIL - Fusion Events V2,AVAIL - Fusion Events V2 [external],external,870,2401,hazmit_dama,,(not set),TRUE,Smart (fetch on change),TRUE,Smart (fetch on change),"Section Settings > Data Fetch Mode: set Smart (fetch on change) (external source). Currently unset (behaving as Smart (fetch on change) via the implicit fallback, readyToLoad=TRUE).",Yes - set,Open,,,
T6-C410,T6-001,1300890,https://county_template.devmny.org/the_risk/natural_hazards/wildfire,the_risk/natural_hazards/wildfire,1546087,(untitled Card),1546060,cd53270c-448a-415d-9ac7-82da4e3b41b0,Card,37,TRUE,LHMP_IA,LHMP_IA [test_meta_forms],internal,1441680,1441681,mitigat-ny-prod+test_meta_forms,,(not set),TRUE,Smart (fetch on change),TRUE,Force (always re-fetch),"Section Settings > Data Fetch Mode: set Force (always re-fetch) (internal source). Currently unset (behaving as Smart (fetch on change) via the implicit fallback, readyToLoad=TRUE).",Yes - set,Open,,,"Hidden from view (data.hideInView), so it never renders and the setting has no runtime effect today - set it anyway for template consistency, or defer. Owner decision."
T6-C411,T6-001,1300890,https://county_template.devmny.org/the_risk/natural_hazards/wildfire,the_risk/natural_hazards/wildfire,1546087,(untitled Spreadsheet),2383692,67b45b5d-14b4-4bce-93de-d86cedb45971,Spreadsheet,40,,Hazards_of_Concern,Hazards_of_Concern [test_meta_forms],internal,1473470,1473471,mitigat-ny-prod+test_meta_forms,,Smart (fetch on change),TRUE,Smart (fetch on change),,Force (always re-fetch),Section Settings > Data Fetch Mode: set Force (always re-fetch) (internal source). Currently set to Smart (fetch on change).,Yes - change,Open,,,
T6-C412,T6-001,1300890,https://county_template.devmny.org/the_risk/natural_hazards/wildfire,the_risk/natural_hazards/wildfire,1546087,(untitled Card),1546077,7b47cfb4-dbfd-4990-9a62-6003956bc2e2,Card,58,TRUE,LHMP_IA,LHMP_IA [test_meta_forms],internal,1441680,1441681,mitigat-ny-prod+test_meta_forms,,(not set),TRUE,Smart (fetch on change),TRUE,Force (always re-fetch),"Section Settings > Data Fetch Mode: set Force (always re-fetch) (internal source). Currently unset (behaving as Smart (fetch on change) via the implicit fallback, readyToLoad=TRUE).",Yes - set,Open,,,"Hidden from view (data.hideInView), so it never renders and the setting has no runtime effect today - set it anyway for template consistency, or defer. Owner decision."
T6-C413,T6-001,1300890,https://county_template.devmny.org/the_risk/natural_hazards/wildfire,the_risk/natural_hazards/wildfire,1546087,(untitled Spreadsheet),2384991,11eebe15-3358-43d7-9a21-dfeff6d8b5e1,Spreadsheet,59,,Capabilities_Catalogue,Capabilities_Catalogue [test_meta_forms],internal,1068273,1172519,mitigat-ny-prod+test_meta_forms,,Smart (fetch on change),TRUE,Smart (fetch on change),,Force (always re-fetch),Section Settings > Data Fetch Mode: set Force (always re-fetch) (internal source). Currently set to Smart (fetch on change).,Yes - change,Open,,,
T6-C414,T6-001,1300890,https://county_template.devmny.org/the_risk/natural_hazards/wildfire,the_risk/natural_hazards/wildfire,1546087,(untitled Card),2179730,f2896e11-fd40-4100-b8cd-613e9a6004bd,Card,63,,Actions_Revised,Actions_Revised [test_meta_forms],internal,1029065,1074456,mitigat-ny-prod+test_meta_forms,,Force (always re-fetch),TRUE,Force (always re-fetch),,Force (always re-fetch),None - already set to Force (always re-fetch).,No,Closed,,2026-08-28,Already correct at scan time.
T6-C415,T6-001,1300890,https://county_template.devmny.org/the_risk/natural_hazards/wildfire,the_risk/natural_hazards/wildfire,1546087,Local Actions Table,2179745,c3e37208-11af-49bb-8e82-4c79f1916986,Spreadsheet,64,,Actions_Revised,Actions_Revised [test_meta_forms],internal,1029065,1074456,mitigat-ny-prod+test_meta_forms,,Force (always re-fetch),TRUE,Force (always re-fetch),,Force (always re-fetch),None - already set to Force (always re-fetch).,No,Closed,,2026-08-28,Already correct at scan time.
T6-C416,T6-001,1300890,https://county_template.devmny.org/the_risk/natural_hazards/wildfire,the_risk/natural_hazards/wildfire,1546087,(untitled Card),1546083,eaea3217-67c6-401c-aaf3-392b9173b5c7,Card,65,TRUE,LHMP_IA,LHMP_IA [test_meta_forms],internal,1441680,1441681,mitigat-ny-prod+test_meta_forms,,(not set),TRUE,Smart (fetch on change),TRUE,Force (always re-fetch),"Section Settings > Data Fetch Mode: set Force (always re-fetch) (internal source). Currently unset (behaving as Smart (fetch on change) via the implicit fallback, readyToLoad=TRUE).",Yes - set,Open,,,"Hidden from view (data.hideInView), so it never renders and the setting has no runtime effect today - set it anyway for template consistency, or defer. Owner decision."
T6-C417,T6-001,1300890,https://county_template.devmny.org/the_risk/natural_hazards/wind,the_risk/natural_hazards/wind,1546213,(untitled Card),2416268,e501e808-6217-486e-bd86-1ce7f435aa14,Card,1,,AVAIL - Fusion Events V2,AVAIL - Fusion Events V2 [external],external,870,1648,hazmit_dama,,(not set),TRUE,Smart (fetch on change),TRUE,Smart (fetch on change),"Section Settings > Data Fetch Mode: set Smart (fetch on change) (external source). Currently unset (behaving as Smart (fetch on change) via the implicit fallback, readyToLoad=TRUE).",Yes - set,Open,,,
T6-C418,T6-001,1300890,https://county_template.devmny.org/the_risk/natural_hazards/wind,the_risk/natural_hazards/wind,1546213,(untitled Card),1676879,56279fcc-671e-47e1-b7c9-525dae235f06,Card,2,,Hazards_of_Concern,Hazards_of_Concern [test_meta_forms],internal,1473470,1473471,mitigat-ny-prod+test_meta_forms,,(not set),TRUE,Smart (fetch on change),TRUE,Force (always re-fetch),"Section Settings > Data Fetch Mode: set Force (always re-fetch) (internal source). Currently unset (behaving as Smart (fetch on change) via the implicit fallback, readyToLoad=TRUE).",Yes - set,Open,,,
T6-C419,T6-001,1300890,https://county_template.devmny.org/the_risk/natural_hazards/wind,the_risk/natural_hazards/wind,1546213,(untitled Card),2416269,b5e7c5ed-0c3f-48ba-8102-b35508c6fa2f,Card,3,,NRI Counties - Hazard Normalized,NRI Counties - Hazard Normalized [external],external,1508,1982,hazmit_dama,,(not set),TRUE,Smart (fetch on change),TRUE,Smart (fetch on change),"Section Settings > Data Fetch Mode: set Smart (fetch on change) (external source). Currently unset (behaving as Smart (fetch on change) via the implicit fallback, readyToLoad=TRUE).",Yes - set,Open,,,
T6-C420,T6-001,1300890,https://county_template.devmny.org/the_risk/natural_hazards/wind,the_risk/natural_hazards/wind,1546213,(untitled Card),2416270,5f88f7a5-19bf-4b85-b039-de50c4f2fb8a,Card,4,,AVAIL - Fusion Events V2,AVAIL - Fusion Events V2 [external],external,870,1648,hazmit_dama,,(not set),TRUE,Smart (fetch on change),TRUE,Smart (fetch on change),"Section Settings > Data Fetch Mode: set Smart (fetch on change) (external source). Currently unset (behaving as Smart (fetch on change) via the implicit fallback, readyToLoad=TRUE).",Yes - set,Open,,,
T6-C421,T6-001,1300890,https://county_template.devmny.org/the_risk/natural_hazards/wind,the_risk/natural_hazards/wind,1546213,(untitled Card),1546157,edcd023e-c7de-41db-b683-9d4c9297599c,Card,7,,LHMP_IA,LHMP_IA [test-meta-forms],internal,1441680,1441681,mitigat-ny-prod+test-meta-forms,,(not set),TRUE,Smart (fetch on change),TRUE,Force (always re-fetch),"Section Settings > Data Fetch Mode: set Force (always re-fetch) (internal source). Currently unset (behaving as Smart (fetch on change) via the implicit fallback, readyToLoad=TRUE).",Yes - set,Open,,,
T6-C422,T6-001,1300890,https://county_template.devmny.org/the_risk/natural_hazards/wind,the_risk/natural_hazards/wind,1546213,(untitled Card),1546164,7cfa4cbb-ad41-49d0-b4a1-34e9a2011d45,Card,14,,LHMP_IA,LHMP_IA [test-meta-forms],internal,1441680,1441681,mitigat-ny-prod+test-meta-forms,,(not set),TRUE,Smart (fetch on change),TRUE,Force (always re-fetch),"Section Settings > Data Fetch Mode: set Force (always re-fetch) (internal source). Currently unset (behaving as Smart (fetch on change) via the implicit fallback, readyToLoad=TRUE).",Yes - set,Open,,,
T6-C423,T6-001,1300890,https://county_template.devmny.org/the_risk/natural_hazards/wind,the_risk/natural_hazards/wind,1546213,(untitled Card),1545729,e0bd653d-ee80-4f64-9d0c-01f158f2d0b4,Card,17,,AVAIL - Fusion Events V2,AVAIL - Fusion Events V2 [external],external,870,2401,hazmit_dama,,(not set),TRUE,Smart (fetch on change),TRUE,Smart (fetch on change),"Section Settings > Data Fetch Mode: set Smart (fetch on change) (external source). Currently unset (behaving as Smart (fetch on change) via the implicit fallback, readyToLoad=TRUE).",Yes - set,Open,,,
T6-C424,T6-001,1300890,https://county_template.devmny.org/the_risk/natural_hazards/wind,the_risk/natural_hazards/wind,1546213,(untitled Card),1546169,dd7b9f34-9244-4aee-8cf5-a55770b3c383,Card,19,,LHMP_IA,LHMP_IA [test-meta-forms],internal,1441680,1441681,mitigat-ny-prod+test-meta-forms,,(not set),TRUE,Smart (fetch on change),TRUE,Force (always re-fetch),"Section Settings > Data Fetch Mode: set Force (always re-fetch) (internal source). Currently unset (behaving as Smart (fetch on change) via the implicit fallback, readyToLoad=TRUE).",Yes - set,Open,,,
T6-C425,T6-001,1300890,https://county_template.devmny.org/the_risk/natural_hazards/wind,the_risk/natural_hazards/wind,1546213,(untitled Graph),1545734,d757d20c-1538-4be1-8fea-0dd5e6417931,Graph,20,,AVAIL - Fusion Events V2,AVAIL - Fusion Events V2 [external],external,870,2401,hazmit_dama,,(not set),TRUE,Smart (fetch on change),TRUE,Smart (fetch on change),"Section Settings > Data Fetch Mode: set Smart (fetch on change) (external source). Currently unset (behaving as Smart (fetch on change) via the implicit fallback, readyToLoad=TRUE).",Yes - set,Open,,,
T6-C426,T6-001,1300890,https://county_template.devmny.org/the_risk/natural_hazards/wind,the_risk/natural_hazards/wind,1546213,(untitled Graph),1545737,ac560771-e09b-486b-adeb-d7d21dcc8894,Graph,21,,AVAIL - Fusion Events V2,AVAIL - Fusion Events V2 [external],external,870,2401,hazmit_dama,,(not set),TRUE,Smart (fetch on change),TRUE,Smart (fetch on change),"Section Settings > Data Fetch Mode: set Smart (fetch on change) (external source). Currently unset (behaving as Smart (fetch on change) via the implicit fallback, readyToLoad=TRUE).",Yes - set,Open,,,
T6-C427,T6-001,1300890,https://county_template.devmny.org/the_risk/natural_hazards/wind,the_risk/natural_hazards/wind,1546213,(untitled Spreadsheet),1545744,f9007ce9-6ec1-4dc6-9341-61606e78e8bf,Spreadsheet,28,,AVAIL - Fusion Events V2,AVAIL - Fusion Events V2 [external],external,870,2401,hazmit_dama,,(not set),TRUE,Smart (fetch on change),TRUE,Smart (fetch on change),"Section Settings > Data Fetch Mode: set Smart (fetch on change) (external source). Currently unset (behaving as Smart (fetch on change) via the implicit fallback, readyToLoad=TRUE).",Yes - set,Open,,,
T6-C428,T6-001,1300890,https://county_template.devmny.org/the_risk/natural_hazards/wind,the_risk/natural_hazards/wind,1546213,(untitled Card),1546186,cd53270c-448a-415d-9ac7-82da4e3b41b0,Card,34,TRUE,LHMP_IA,LHMP_IA [test_meta_forms],internal,1441680,1441681,mitigat-ny-prod+test_meta_forms,,(not set),TRUE,Smart (fetch on change),TRUE,Force (always re-fetch),"Section Settings > Data Fetch Mode: set Force (always re-fetch) (internal source). Currently unset (behaving as Smart (fetch on change) via the implicit fallback, readyToLoad=TRUE).",Yes - set,Open,,,"Hidden from view (data.hideInView), so it never renders and the setting has no runtime effect today - set it anyway for template consistency, or defer. Owner decision."
T6-C429,T6-001,1300890,https://county_template.devmny.org/the_risk/natural_hazards/wind,the_risk/natural_hazards/wind,1546213,(untitled Spreadsheet),2383792,3b82e69f-9f4e-4921-9d74-a1fecfc12415,Spreadsheet,37,,Hazards_of_Concern,Hazards_of_Concern [test_meta_forms],internal,1473470,1473471,mitigat-ny-prod+test_meta_forms,,Smart (fetch on change),TRUE,Smart (fetch on change),,Force (always re-fetch),Section Settings > Data Fetch Mode: set Force (always re-fetch) (internal source). Currently set to Smart (fetch on change).,Yes - change,Open,,,
T6-C430,T6-001,1300890,https://county_template.devmny.org/the_risk/natural_hazards/wind,the_risk/natural_hazards/wind,1546213,(untitled Card),1546203,7b47cfb4-dbfd-4990-9a62-6003956bc2e2,Card,55,TRUE,LHMP_IA,LHMP_IA [test_meta_forms],internal,1441680,1441681,mitigat-ny-prod+test_meta_forms,,(not set),TRUE,Smart (fetch on change),TRUE,Force (always re-fetch),"Section Settings > Data Fetch Mode: set Force (always re-fetch) (internal source). Currently unset (behaving as Smart (fetch on change) via the implicit fallback, readyToLoad=TRUE).",Yes - set,Open,,,"Hidden from view (data.hideInView), so it never renders and the setting has no runtime effect today - set it anyway for template consistency, or defer. Owner decision."
T6-C431,T6-001,1300890,https://county_template.devmny.org/the_risk/natural_hazards/wind,the_risk/natural_hazards/wind,1546213,(untitled Spreadsheet),2385066,b8fb918b-7bb2-4b3d-bcd3-766f8b45e62d,Spreadsheet,56,,Capabilities_Catalogue,Capabilities_Catalogue [test_meta_forms],internal,1068273,1172519,mitigat-ny-prod+test_meta_forms,,Smart (fetch on change),TRUE,Smart (fetch on change),,Force (always re-fetch),Section Settings > Data Fetch Mode: set Force (always re-fetch) (internal source). Currently set to Smart (fetch on change).,Yes - change,Open,,,
T6-C432,T6-001,1300890,https://county_template.devmny.org/the_risk/natural_hazards/wind,the_risk/natural_hazards/wind,1546213,(untitled Card),2179731,4156798b-5583-420a-a7bb-e6ae7bbf8b1d,Card,60,,Actions_Revised,Actions_Revised [test_meta_forms],internal,1029065,1074456,mitigat-ny-prod+test_meta_forms,,Force (always re-fetch),TRUE,Force (always re-fetch),,Force (always re-fetch),None - already set to Force (always re-fetch).,No,Closed,,2026-08-28,Already correct at scan time.
T6-C433,T6-001,1300890,https://county_template.devmny.org/the_risk/natural_hazards/wind,the_risk/natural_hazards/wind,1546213,Local Actions Table,2179746,e46ecaf6-8b22-44b3-a6f1-9775da5a5371,Spreadsheet,61,,Actions_Revised,Actions_Revised [test_meta_forms],internal,1029065,1074456,mitigat-ny-prod+test_meta_forms,,Force (always re-fetch),TRUE,Force (always re-fetch),,Force (always re-fetch),None - already set to Force (always re-fetch).,No,Closed,,2026-08-28,Already correct at scan time.
T6-C434,T6-001,1300890,https://county_template.devmny.org/the_risk/natural_hazards/wind,the_risk/natural_hazards/wind,1546213,(untitled Card),1546209,eaea3217-67c6-401c-aaf3-392b9173b5c7,Card,62,TRUE,LHMP_IA,LHMP_IA [test_meta_forms],internal,1441680,1441681,mitigat-ny-prod+test_meta_forms,,(not set),TRUE,Smart (fetch on change),TRUE,Force (always re-fetch),"Section Settings > Data Fetch Mode: set Force (always re-fetch) (internal source). Currently unset (behaving as Smart (fetch on change) via the implicit fallback, readyToLoad=TRUE).",Yes - set,Open,,,"Hidden from view (data.hideInView), so it never renders and the setting has no runtime effect today - set it anyway for template consistency, or defer. Owner decision."
T6-C435,T6-001,1300890,https://county_template.devmny.org/track_progress/action_edit,track_progress/action_edit,2416178,(untitled Card),2416179,900aecdc-b837-4980-916b-e7366398bf60,Card,0,,Actions_Revised,Actions_Revised [test_meta_forms],internal,1029065,1074456,mitigat-ny-prod+test_meta_forms,,(not set),TRUE,Smart (fetch on change),TRUE,Force (always re-fetch),"Section Settings > Data Fetch Mode: set Force (always re-fetch) (internal source). Currently unset (behaving as Smart (fetch on change) via the implicit fallback, readyToLoad=TRUE).",Yes - set,Open,,,
T6-C436,T6-001,1300890,https://county_template.devmny.org/track_progress/action_edit,track_progress/action_edit,2416178,(untitled Card),2416180,327453eb-74b5-4552-b3ed-73e43154b10f,Card,1,,Actions_Revised,Actions_Revised [test_meta_forms],internal,1029065,1074456,mitigat-ny-prod+test_meta_forms,,(not set),TRUE,Smart (fetch on change),TRUE,Force (always re-fetch),"Section Settings > Data Fetch Mode: set Force (always re-fetch) (internal source). Currently unset (behaving as Smart (fetch on change) via the implicit fallback, readyToLoad=TRUE).",Yes - set,Open,,,
T6-C437,T6-001,1300890,https://county_template.devmny.org/track_progress/action_edit,track_progress/action_edit,2416178,(untitled Card),2416181,d9544dd7-0995-458a-b36a-62c23354a0c0,Card,2,,Actions_Revised,Actions_Revised [test_meta_forms],internal,1029065,1074456,mitigat-ny-prod+test_meta_forms,,(not set),TRUE,Smart (fetch on change),TRUE,Force (always re-fetch),"Section Settings > Data Fetch Mode: set Force (always re-fetch) (internal source). Currently unset (behaving as Smart (fetch on change) via the implicit fallback, readyToLoad=TRUE).",Yes - set,Open,,,
T6-C438,T6-001,1300890,https://county_template.devmny.org/track_progress/action_edit,track_progress/action_edit,2416178,(untitled Card),2416182,b430b639-0f5e-4426-a843-8ad411bd5239,Card,3,,Actions_Revised,Actions_Revised [test_meta_forms],internal,1029065,1074456,mitigat-ny-prod+test_meta_forms,,(not set),TRUE,Smart (fetch on change),TRUE,Force (always re-fetch),"Section Settings > Data Fetch Mode: set Force (always re-fetch) (internal source). Currently unset (behaving as Smart (fetch on change) via the implicit fallback, readyToLoad=TRUE).",Yes - set,Open,,,
T6-C439,T6-001,1300890,https://county_template.devmny.org/track_progress/action_edit,track_progress/action_edit,2416178,(untitled Card),2416183,6e5d799c-57b2-4f2b-a1e2-dbae4bd038f7,Card,4,,Actions_Revised,Actions_Revised [test_meta_forms],internal,1029065,1074456,mitigat-ny-prod+test_meta_forms,,(not set),TRUE,Smart (fetch on change),TRUE,Force (always re-fetch),"Section Settings > Data Fetch Mode: set Force (always re-fetch) (internal source). Currently unset (behaving as Smart (fetch on change) via the implicit fallback, readyToLoad=TRUE).",Yes - set,Open,,,
T6-C440,T6-001,1300890,https://county_template.devmny.org/track_progress/action_edit,track_progress/action_edit,2416178,(untitled Card),2416184,d2e8325c-aa3a-449d-98a5-496f6d28b81a,Card,5,,Actions_Revised,Actions_Revised [test_meta_forms],internal,1029065,1074456,mitigat-ny-prod+test_meta_forms,,(not set),TRUE,Smart (fetch on change),TRUE,Force (always re-fetch),"Section Settings > Data Fetch Mode: set Force (always re-fetch) (internal source). Currently unset (behaving as Smart (fetch on change) via the implicit fallback, readyToLoad=TRUE).",Yes - set,Open,,,
T6-C441,T6-001,1300890,https://county_template.devmny.org/track_progress/action_edit,track_progress/action_edit,2416178,(untitled Card),2416185,78d6af8d-3df3-4d77-ae14-72367e27b667,Card,6,,Actions_Revised,Actions_Revised [test_meta_forms],internal,1029065,1074456,mitigat-ny-prod+test_meta_forms,,(not set),TRUE,Smart (fetch on change),TRUE,Force (always re-fetch),"Section Settings > Data Fetch Mode: set Force (always re-fetch) (internal source). Currently unset (behaving as Smart (fetch on change) via the implicit fallback, readyToLoad=TRUE).",Yes - set,Open,,,
T6-C442,T6-001,1300890,https://county_template.devmny.org/track_progress/action_edit,track_progress/action_edit,2416178,(untitled Card),2416186,6cbe1a49-f439-42f8-bdf7-6c2c1a03f1b1,Card,7,,Actions_Revised,Actions_Revised [test_meta_forms],internal,1029065,1074456,mitigat-ny-prod+test_meta_forms,,(not set),TRUE,Smart (fetch on change),TRUE,Force (always re-fetch),"Section Settings > Data Fetch Mode: set Force (always re-fetch) (internal source). Currently unset (behaving as Smart (fetch on change) via the implicit fallback, readyToLoad=TRUE).",Yes - set,Open,,,
T6-C443,T6-001,1300890,https://county_template.devmny.org/track_progress/action_edit,track_progress/action_edit,2416178,(untitled Card),2416187,6fbd04a0-4164-44df-8777-c1b8598fdfe6,Card,8,,Actions_Revised,Actions_Revised [test_meta_forms],internal,1029065,1074456,mitigat-ny-prod+test_meta_forms,,(not set),TRUE,Smart (fetch on change),TRUE,Force (always re-fetch),"Section Settings > Data Fetch Mode: set Force (always re-fetch) (internal source). Currently unset (behaving as Smart (fetch on change) via the implicit fallback, readyToLoad=TRUE).",Yes - set,Open,,,
T6-C444,T6-001,1300890,https://county_template.devmny.org/track_progress/action_edit,track_progress/action_edit,2416178,(untitled Card),2416188,00f0b376-f485-4cf1-a49f-5b99d5b344b1,Card,9,,Actions_Revised,Actions_Revised [test_meta_forms],internal,1029065,1074456,mitigat-ny-prod+test_meta_forms,,(not set),TRUE,Smart (fetch on change),TRUE,Force (always re-fetch),"Section Settings > Data Fetch Mode: set Force (always re-fetch) (internal source). Currently unset (behaving as Smart (fetch on change) via the implicit fallback, readyToLoad=TRUE).",Yes - set,Open,,,
T6-C445,T6-001,1300890,https://county_template.devmny.org/track_progress/action_view,track_progress/action_view,2416166,(untitled Card),2416167,84f74673-6364-4763-b751-8df3de324642,Card,0,,Actions Cleaned,Actions Cleaned [external],external,12453,13272,hazmit_dama,,(not set),TRUE,Smart (fetch on change),TRUE,Smart (fetch on change),"Section Settings > Data Fetch Mode: set Smart (fetch on change) (external source). Currently unset (behaving as Smart (fetch on change) via the implicit fallback, readyToLoad=TRUE).",Yes - set,Open,,,
T6-C446,T6-001,1300890,https://county_template.devmny.org/track_progress/action_view,track_progress/action_view,2416166,(untitled Card),2416168,6646dac1-ad9b-46c5-8864-81236d881a85,Card,1,,Actions Cleaned,Actions Cleaned [external],external,12453,13272,hazmit_dama,,(not set),TRUE,Smart (fetch on change),TRUE,Smart (fetch on change),"Section Settings > Data Fetch Mode: set Smart (fetch on change) (external source). Currently unset (behaving as Smart (fetch on change) via the implicit fallback, readyToLoad=TRUE).",Yes - set,Open,,,
T6-C447,T6-001,1300890,https://county_template.devmny.org/track_progress/action_view,track_progress/action_view,2416166,(untitled Card),2416169,d926a8a0-9880-4fe7-ad61-05a59ad5f0a7,Card,2,,Actions Cleaned,Actions Cleaned [external],external,12453,13272,hazmit_dama,,(not set),TRUE,Smart (fetch on change),TRUE,Smart (fetch on change),"Section Settings > Data Fetch Mode: set Smart (fetch on change) (external source). Currently unset (behaving as Smart (fetch on change) via the implicit fallback, readyToLoad=TRUE).",Yes - set,Open,,,
T6-C448,T6-001,1300890,https://county_template.devmny.org/track_progress/action_view,track_progress/action_view,2416166,(untitled Card),2416170,0a7414e8-f338-45b4-b1af-7d1a073bf84e,Card,3,,Actions Cleaned,Actions Cleaned [external],external,12453,13272,hazmit_dama,,(not set),TRUE,Smart (fetch on change),TRUE,Smart (fetch on change),"Section Settings > Data Fetch Mode: set Smart (fetch on change) (external source). Currently unset (behaving as Smart (fetch on change) via the implicit fallback, readyToLoad=TRUE).",Yes - set,Open,,,
T6-C449,T6-001,1300890,https://county_template.devmny.org/track_progress/action_view,track_progress/action_view,2416166,(untitled Card),2416171,6e2d739f-56f4-48f2-949e-bb9fa81e814e,Card,4,,Actions Cleaned,Actions Cleaned [external],external,12453,13272,hazmit_dama,,(not set),TRUE,Smart (fetch on change),TRUE,Smart (fetch on change),"Section Settings > Data Fetch Mode: set Smart (fetch on change) (external source). Currently unset (behaving as Smart (fetch on change) via the implicit fallback, readyToLoad=TRUE).",Yes - set,Open,,,
T6-C450,T6-001,1300890,https://county_template.devmny.org/track_progress/action_view,track_progress/action_view,2416166,(untitled Card),2416172,8be7863a-2cfe-4a9f-bbd3-0aaf64465625,Card,5,,Actions Cleaned,Actions Cleaned [external],external,12453,13272,hazmit_dama,,(not set),TRUE,Smart (fetch on change),TRUE,Smart (fetch on change),"Section Settings > Data Fetch Mode: set Smart (fetch on change) (external source). Currently unset (behaving as Smart (fetch on change) via the implicit fallback, readyToLoad=TRUE).",Yes - set,Open,,,
T6-C451,T6-001,1300890,https://county_template.devmny.org/track_progress/action_view,track_progress/action_view,2416166,(untitled Card),2416173,ebc92ab9-53a9-49ca-8761-d9f9972e769e,Card,6,,Actions Cleaned,Actions Cleaned [external],external,12453,13272,hazmit_dama,,(not set),TRUE,Smart (fetch on change),TRUE,Smart (fetch on change),"Section Settings > Data Fetch Mode: set Smart (fetch on change) (external source). Currently unset (behaving as Smart (fetch on change) via the implicit fallback, readyToLoad=TRUE).",Yes - set,Open,,,
T6-C452,T6-001,1300890,https://county_template.devmny.org/track_progress/action_view,track_progress/action_view,2416166,(untitled Card),2416174,f59d750c-5d3f-4c46-89ff-92b2dcecab5a,Card,7,,Actions Cleaned,Actions Cleaned [external],external,12453,13272,hazmit_dama,,(not set),TRUE,Smart (fetch on change),TRUE,Smart (fetch on change),"Section Settings > Data Fetch Mode: set Smart (fetch on change) (external source). Currently unset (behaving as Smart (fetch on change) via the implicit fallback, readyToLoad=TRUE).",Yes - set,Open,,,
T6-C453,T6-001,1300890,https://county_template.devmny.org/track_progress/action_view,track_progress/action_view,2416166,(untitled Card),2416175,f31a9188-182a-422f-a838-06594b0fc7a2,Card,8,,Actions Cleaned,Actions Cleaned [external],external,12453,13272,hazmit_dama,,(not set),TRUE,Smart (fetch on change),TRUE,Smart (fetch on change),"Section Settings > Data Fetch Mode: set Smart (fetch on change) (external source). Currently unset (behaving as Smart (fetch on change) via the implicit fallback, readyToLoad=TRUE).",Yes - set,Open,,,
T6-C454,T6-001,1300890,https://county_template.devmny.org/track_progress/action_view,track_progress/action_view,2416166,(untitled Card),2416176,450b1a01-a499-48b2-9f0c-d5f9e3cbc48b,Card,9,,Actions Cleaned,Actions Cleaned [external],external,12453,13272,hazmit_dama,,(not set),TRUE,Smart (fetch on change),TRUE,Smart (fetch on change),"Section Settings > Data Fetch Mode: set Smart (fetch on change) (external source). Currently unset (behaving as Smart (fetch on change) via the implicit fallback, readyToLoad=TRUE).",Yes - set,Open,,,
T6-C455,T6-001,1300890,https://county_template.devmny.org/track_progress/action_view,track_progress/action_view,2416166,(untitled Card),2416177,38e07e92-63fc-4106-ac90-ea1b640c0f96,Card,10,,Actions Cleaned,Actions Cleaned [external],external,12453,13272,hazmit_dama,,(not set),TRUE,Smart (fetch on change),TRUE,Smart (fetch on change),"Section Settings > Data Fetch Mode: set Smart (fetch on change) (external source). Currently unset (behaving as Smart (fetch on change) via the implicit fallback, readyToLoad=TRUE).",Yes - set,Open,,,
T6-C456,T6-001,1300890,https://county_template.devmny.org/track_progress/actions_dashboard,track_progress/actions_dashboard,2416151,(untitled Card),2416155,1f7672cb-c3c9-450b-808e-15c80f91ec4a,Card,3,,Actions Cleaned,Actions Cleaned [external],external,12453,13272,hazmit_dama,,(not set),TRUE,Smart (fetch on change),TRUE,Smart (fetch on change),"Section Settings > Data Fetch Mode: set Smart (fetch on change) (external source). Currently unset (behaving as Smart (fetch on change) via the implicit fallback, readyToLoad=TRUE).",Yes - set,Open,,,
T6-C457,T6-001,1300890,https://county_template.devmny.org/track_progress/actions_dashboard,track_progress/actions_dashboard,2416151,(untitled Card),2416156,ff182f73-1242-430a-9b3e-13b622b08bb5,Card,4,,Actions Cleaned,Actions Cleaned [external],external,12453,13272,hazmit_dama,,(not set),TRUE,Smart (fetch on change),TRUE,Smart (fetch on change),"Section Settings > Data Fetch Mode: set Smart (fetch on change) (external source). Currently unset (behaving as Smart (fetch on change) via the implicit fallback, readyToLoad=TRUE).",Yes - set,Open,,,
T6-C458,T6-001,1300890,https://county_template.devmny.org/track_progress/actions_dashboard,track_progress/actions_dashboard,2416151,(untitled Card),2416160,3aab8bbc-1b0e-4793-9b09-880f74a3d814,Card,8,,Actions Cleaned,Actions Cleaned [external],external,12453,13272,hazmit_dama,,(not set),TRUE,Smart (fetch on change),TRUE,Smart (fetch on change),"Section Settings > Data Fetch Mode: set Smart (fetch on change) (external source). Currently unset (behaving as Smart (fetch on change) via the implicit fallback, readyToLoad=TRUE).",Yes - set,Open,,,
T6-C459,T6-001,1300890,https://county_template.devmny.org/track_progress/actions_dashboard,track_progress/actions_dashboard,2416151,(untitled Card),2416162,9e7f79cd-9919-4bf1-9014-130b2fc2a7bd,Card,10,,Actions Cleaned,Actions Cleaned [external],external,12453,13272,hazmit_dama,,(not set),TRUE,Smart (fetch on change),TRUE,Smart (fetch on change),"Section Settings > Data Fetch Mode: set Smart (fetch on change) (external source). Currently unset (behaving as Smart (fetch on change) via the implicit fallback, readyToLoad=TRUE).",Yes - set,Open,,,
T6-C460,T6-001,1300890,https://county_template.devmny.org/track_progress/actions_dashboard,track_progress/actions_dashboard,2416151,(untitled Spreadsheet),2416165,887bd0d0-e469-45d6-966c-630d353b5f5a,Spreadsheet,13,,Actions Cleaned,Actions Cleaned [external],external,12453,13272,hazmit_dama,,(not set),TRUE,Smart (fetch on change),TRUE,Smart (fetch on change),"Section Settings > Data Fetch Mode: set Smart (fetch on change) (external source). Currently unset (behaving as Smart (fetch on change) via the implicit fallback, readyToLoad=TRUE).",Yes - set,Open,,,
T6-C461,T6-001,1300890,https://county_template.devmny.org/track_progress/actions_database,track_progress/actions_database,1425854,Local Actions by Progress Status,2242695,135038c0-88da-4863-8d7c-dacffab89f99,Card,3,,Actions_Revised,Actions_Revised [test_meta_forms],internal,1029065,1074456,mitigat-ny-prod+test_meta_forms,,(not set),TRUE,Smart (fetch on change),TRUE,Force (always re-fetch),"Section Settings > Data Fetch Mode: set Force (always re-fetch) (internal source). Currently unset (behaving as Smart (fetch on change) via the implicit fallback, readyToLoad=TRUE).",Yes - set,Open,,,
T6-C462,T6-001,1300890,https://county_template.devmny.org/track_progress/actions_database,track_progress/actions_database,1425854,(untitled Spreadsheet),2174563,e2f362e9-4385-4e32-a4f9-ee3738744452,Spreadsheet,5,,Actions_Revised,Actions_Revised [test_meta_forms],internal,1029065,1074456,mitigat-ny-prod+test_meta_forms,,(not set),TRUE,Smart (fetch on change),TRUE,Force (always re-fetch),"Section Settings > Data Fetch Mode: set Force (always re-fetch) (internal source). Currently unset (behaving as Smart (fetch on change) via the implicit fallback, readyToLoad=TRUE).",Yes - set,Open,,,
T6-C463,T6-001,1300890,https://county_template.devmny.org/track_progress/actions_database/actions_index,track_progress/actions_database/actions_index,2175309,Edit Actions by Jurisdiction,2175313,b392fae3-59fc-4e47-a8ac-5bebc48d481e,Spreadsheet,1,,Jurisdictions,Jurisdictions [test_meta_forms],internal,1346449,1346450,mitigat-ny-prod+test_meta_forms,,(not set),TRUE,Smart (fetch on change),TRUE,Force (always re-fetch),"Section Settings > Data Fetch Mode: set Force (always re-fetch) (internal source). Currently unset (behaving as Smart (fetch on change) via the implicit fallback, readyToLoad=TRUE).",Yes - set,Open,,,
T6-C464,T6-001,1300890,https://county_template.devmny.org/track_progress/actions_database/actions_index/action_edit,track_progress/actions_database/actions_index/action_edit,2178287,(untitled Card),2248250,2bc183d5-7f46-4b19-bb1e-dd866948b543,Card,1,,Actions_Revised,Actions_Revised [test_meta_forms],internal,1029065,1074456,mitigat-ny-prod+test_meta_forms,,(not set),TRUE,Smart (fetch on change),TRUE,Force (always re-fetch),"Section Settings > Data Fetch Mode: set Force (always re-fetch) (internal source). Currently unset (behaving as Smart (fetch on change) via the implicit fallback, readyToLoad=TRUE).",Yes - set,Open,,,
T6-C465,T6-001,1300890,https://county_template.devmny.org/track_progress/actions_database/actions_index/action_edit,track_progress/actions_database/actions_index/action_edit,2178287,(untitled Card),2248251,78cac3df-63c7-47de-9549-d2dacd862153,Card,2,,Actions_Revised,Actions_Revised [test_meta_forms],internal,1029065,1074456,mitigat-ny-prod+test_meta_forms,,(not set),TRUE,Smart (fetch on change),TRUE,Force (always re-fetch),"Section Settings > Data Fetch Mode: set Force (always re-fetch) (internal source). Currently unset (behaving as Smart (fetch on change) via the implicit fallback, readyToLoad=TRUE).",Yes - set,Open,,,
T6-C466,T6-001,1300890,https://county_template.devmny.org/track_progress/actions_database/actions_index/action_edit,track_progress/actions_database/actions_index/action_edit,2178287,(untitled Card),2248252,731e9e72-0966-4cef-b0f4-cb670b9a50fd,Card,3,,Actions_Revised,Actions_Revised [test_meta_forms],internal,1029065,1074456,mitigat-ny-prod+test_meta_forms,,(not set),TRUE,Smart (fetch on change),TRUE,Force (always re-fetch),"Section Settings > Data Fetch Mode: set Force (always re-fetch) (internal source). Currently unset (behaving as Smart (fetch on change) via the implicit fallback, readyToLoad=TRUE).",Yes - set,Open,,,
T6-C467,T6-001,1300890,https://county_template.devmny.org/track_progress/actions_database/actions_index/action_edit,track_progress/actions_database/actions_index/action_edit,2178287,(untitled Card),2248254,60272696-6970-44fd-9db7-a2049112d2a0,Card,4,,Actions_Revised,Actions_Revised [test_meta_forms],internal,1029065,1074456,mitigat-ny-prod+test_meta_forms,,(not set),TRUE,Smart (fetch on change),TRUE,Force (always re-fetch),"Section Settings > Data Fetch Mode: set Force (always re-fetch) (internal source). Currently unset (behaving as Smart (fetch on change) via the implicit fallback, readyToLoad=TRUE).",Yes - set,Open,,,
T6-C468,T6-001,1300890,https://county_template.devmny.org/track_progress/actions_database/actions_index/action_edit,track_progress/actions_database/actions_index/action_edit,2178287,(untitled Card),2248253,a6e40212-1cb0-43d3-9423-ae4210740be9,Card,5,,Actions_Revised,Actions_Revised [test_meta_forms],internal,1029065,1074456,mitigat-ny-prod+test_meta_forms,,(not set),TRUE,Smart (fetch on change),TRUE,Force (always re-fetch),"Section Settings > Data Fetch Mode: set Force (always re-fetch) (internal source). Currently unset (behaving as Smart (fetch on change) via the implicit fallback, readyToLoad=TRUE).",Yes - set,Open,,,
T6-C469,T6-001,1300890,https://county_template.devmny.org/track_progress/actions_database/actions_index/action_edit,track_progress/actions_database/actions_index/action_edit,2178287,(untitled Card),2248255,ee989001-a6b6-42a0-a8f9-15142a7a8c3f,Card,6,,Actions_Revised,Actions_Revised [test_meta_forms],internal,1029065,1074456,mitigat-ny-prod+test_meta_forms,,(not set),TRUE,Smart (fetch on change),TRUE,Force (always re-fetch),"Section Settings > Data Fetch Mode: set Force (always re-fetch) (internal source). Currently unset (behaving as Smart (fetch on change) via the implicit fallback, readyToLoad=TRUE).",Yes - set,Open,,,
T6-C470,T6-001,1300890,https://county_template.devmny.org/track_progress/actions_database/actions_index/action_edit,track_progress/actions_database/actions_index/action_edit,2178287,(untitled Card),2248256,2dc043f2-58dd-48f1-a362-1d5a82f70975,Card,7,,Actions_Revised,Actions_Revised [test_meta_forms],internal,1029065,1074456,mitigat-ny-prod+test_meta_forms,,(not set),TRUE,Smart (fetch on change),TRUE,Force (always re-fetch),"Section Settings > Data Fetch Mode: set Force (always re-fetch) (internal source). Currently unset (behaving as Smart (fetch on change) via the implicit fallback, readyToLoad=TRUE).",Yes - set,Open,,,
T6-C471,T6-001,1300890,https://county_template.devmny.org/track_progress/actions_database/actions_index/action_prioritize,track_progress/actions_database/actions_index/action_prioritize,2239721,(untitled Card),2248281,dcbbdf0c-d8bf-4eed-bf6f-7bf7d2a92535,Card,1,,Actions_Revised,Actions_Revised [test_meta_forms],internal,1029065,1074456,mitigat-ny-prod+test_meta_forms,,(not set),TRUE,Smart (fetch on change),TRUE,Force (always re-fetch),"Section Settings > Data Fetch Mode: set Force (always re-fetch) (internal source). Currently unset (behaving as Smart (fetch on change) via the implicit fallback, readyToLoad=TRUE).",Yes - set,Open,,,
T6-C472,T6-001,1300890,https://county_template.devmny.org/track_progress/actions_database/actions_index/action_prioritize,track_progress/actions_database/actions_index/action_prioritize,2239721,(untitled Spreadsheet),2248283,911f16b8-1c2a-4b10-9e1b-325abd0272bb,Spreadsheet,4,,Actions_Revised,Actions_Revised [test_meta_forms],internal,1029065,1074456,mitigat-ny-prod+test_meta_forms,,(not set),TRUE,Smart (fetch on change),TRUE,Force (always re-fetch),"Section Settings > Data Fetch Mode: set Force (always re-fetch) (internal source). Currently unset (behaving as Smart (fetch on change) via the implicit fallback, readyToLoad=TRUE).",Yes - set,Open,,,
T6-C473,T6-001,1300890,https://county_template.devmny.org/track_progress/actions_database/actions_index/action_prioritize_cards,track_progress/actions_database/actions_index/action_prioritize_cards,2248975,(untitled Card),2248972,dcbbdf0c-d8bf-4eed-bf6f-7bf7d2a92535,Card,1,,Actions_Revised,Actions_Revised [test_meta_forms],internal,1029065,1074456,mitigat-ny-prod+test_meta_forms,,(not set),TRUE,Smart (fetch on change),TRUE,Force (always re-fetch),"Section Settings > Data Fetch Mode: set Force (always re-fetch) (internal source). Currently unset (behaving as Smart (fetch on change) via the implicit fallback, readyToLoad=TRUE).",Yes - set,Open,,,
T6-C474,T6-001,1300890,https://county_template.devmny.org/track_progress/actions_database/actions_index/action_prioritize_cards,track_progress/actions_database/actions_index/action_prioritize_cards,2248975,(untitled Card),2248974,911f16b8-1c2a-4b10-9e1b-325abd0272bb,Card,4,,Actions_Revised,Actions_Revised [test_meta_forms],internal,1029065,1074456,mitigat-ny-prod+test_meta_forms,,(not set),TRUE,Smart (fetch on change),TRUE,Force (always re-fetch),"Section Settings > Data Fetch Mode: set Force (always re-fetch) (internal source). Currently unset (behaving as Smart (fetch on change) via the implicit fallback, readyToLoad=TRUE).",Yes - set,Open,,,
T6-C475,T6-001,1300890,https://county_template.devmny.org/track_progress/actions_database/actions_index/action_view,track_progress/actions_database/actions_index/action_view,2178199,(untitled Card),2248266,75208c2f-8429-400c-8f46-c10cc73aa3a0,Card,1,,Actions_Revised,Actions_Revised [test_meta_forms],internal,1029065,1074456,mitigat-ny-prod+test_meta_forms,,(not set),TRUE,Smart (fetch on change),TRUE,Force (always re-fetch),"Section Settings > Data Fetch Mode: set Force (always re-fetch) (internal source). Currently unset (behaving as Smart (fetch on change) via the implicit fallback, readyToLoad=TRUE).",Yes - set,Open,,,
T6-C476,T6-001,1300890,https://county_template.devmny.org/track_progress/actions_database/actions_index/action_view,track_progress/actions_database/actions_index/action_view,2178199,(untitled Card),2248267,c9bdd0eb-fba6-424d-9414-77388e172553,Card,2,,Actions_Revised,Actions_Revised [test_meta_forms],internal,1029065,1074456,mitigat-ny-prod+test_meta_forms,,(not set),TRUE,Smart (fetch on change),TRUE,Force (always re-fetch),"Section Settings > Data Fetch Mode: set Force (always re-fetch) (internal source). Currently unset (behaving as Smart (fetch on change) via the implicit fallback, readyToLoad=TRUE).",Yes - set,Open,,,
T6-C477,T6-001,1300890,https://county_template.devmny.org/track_progress/actions_database/actions_index/action_view,track_progress/actions_database/actions_index/action_view,2178199,(untitled Card),2248268,f5a13639-6956-44e6-993f-c93e7f0139b8,Card,3,,Actions_Revised,Actions_Revised [test_meta_forms],internal,1029065,1074456,mitigat-ny-prod+test_meta_forms,,(not set),TRUE,Smart (fetch on change),TRUE,Force (always re-fetch),"Section Settings > Data Fetch Mode: set Force (always re-fetch) (internal source). Currently unset (behaving as Smart (fetch on change) via the implicit fallback, readyToLoad=TRUE).",Yes - set,Open,,,
T6-C478,T6-001,1300890,https://county_template.devmny.org/track_progress/actions_database/actions_index/action_view,track_progress/actions_database/actions_index/action_view,2178199,(untitled Card),2248269,eeeaafcd-41f8-4b8d-983e-7d26ec100e0d,Card,4,,Actions_Revised,Actions_Revised [test_meta_forms],internal,1029065,1074456,mitigat-ny-prod+test_meta_forms,,(not set),TRUE,Smart (fetch on change),TRUE,Force (always re-fetch),"Section Settings > Data Fetch Mode: set Force (always re-fetch) (internal source). Currently unset (behaving as Smart (fetch on change) via the implicit fallback, readyToLoad=TRUE).",Yes - set,Open,,,
T6-C479,T6-001,1300890,https://county_template.devmny.org/track_progress/actions_database/actions_index/action_view,track_progress/actions_database/actions_index/action_view,2178199,(untitled Card),2248270,0ca93809-21dc-49a8-a8d2-cdddd7b0c2c8,Card,5,,Actions_Revised,Actions_Revised [test_meta_forms],internal,1029065,1074456,mitigat-ny-prod+test_meta_forms,,(not set),TRUE,Smart (fetch on change),TRUE,Force (always re-fetch),"Section Settings > Data Fetch Mode: set Force (always re-fetch) (internal source). Currently unset (behaving as Smart (fetch on change) via the implicit fallback, readyToLoad=TRUE).",Yes - set,Open,,,
T6-C480,T6-001,1300890,https://county_template.devmny.org/track_progress/actions_database/actions_index/action_view,track_progress/actions_database/actions_index/action_view,2178199,(untitled Card),2248271,2a0bbab3-415f-4d58-bbeb-23e7da583c3e,Card,6,,Actions_Revised,Actions_Revised [test_meta_forms],internal,1029065,1074456,mitigat-ny-prod+test_meta_forms,,(not set),TRUE,Smart (fetch on change),TRUE,Force (always re-fetch),"Section Settings > Data Fetch Mode: set Force (always re-fetch) (internal source). Currently unset (behaving as Smart (fetch on change) via the implicit fallback, readyToLoad=TRUE).",Yes - set,Open,,,
T6-C481,T6-001,1300890,https://county_template.devmny.org/track_progress/actions_database/actions_index/action_view,track_progress/actions_database/actions_index/action_view,2178199,(untitled Card),2248272,ce7ecb59-a3b9-4349-b5b1-0c5a2f64cd10,Card,7,,Actions_Revised,Actions_Revised [test_meta_forms],internal,1029065,1074456,mitigat-ny-prod+test_meta_forms,,(not set),TRUE,Smart (fetch on change),TRUE,Force (always re-fetch),"Section Settings > Data Fetch Mode: set Force (always re-fetch) (internal source). Currently unset (behaving as Smart (fetch on change) via the implicit fallback, readyToLoad=TRUE).",Yes - set,Open,,,
T6-C482,T6-001,1300890,https://county_template.devmny.org/track_progress/actions_database/actions_index/actions_edit_list,track_progress/actions_database/actions_index/actions_edit_list,2175311,(untitled Spreadsheet),2175315,66f16474-3c18-432e-a989-dfee89772442,Spreadsheet,1,,Actions_Revised,Actions_Revised [test_meta_forms],internal,1029065,1074456,mitigat-ny-prod+test_meta_forms,,Force (always re-fetch),TRUE,Force (always re-fetch),,Force (always re-fetch),None - already set to Force (always re-fetch).,No,Closed,,2026-08-28,Already correct at scan time.
T6-C483,T6-001,1300890,https://county_template.devmny.org/track_progress/actions_database/actions_index/actions_edit_list_dup,track_progress/actions_database/actions_index/actions_edit_list_dup,2239666,(untitled Spreadsheet),2239665,66f16474-3c18-432e-a989-dfee89772442,Spreadsheet,1,,Actions_Revised,Actions_Revised [test_meta_forms],internal,1029065,1074456,mitigat-ny-prod+test_meta_forms,,Force (always re-fetch),TRUE,Force (always re-fetch),,Force (always re-fetch),None - already set to Force (always re-fetch).,No,Closed,,2026-08-28,Already correct at scan time.
T6-C484,T6-001,1300890,https://county_template.devmny.org/track_progress/actions_database/actions_index/prioritize_actions_list,track_progress/actions_database/actions_index/prioritize_actions_list,2262755,(untitled Card),2262775,25292680-12f9-40f8-9076-da72d960ba2b,Card,1,,Actions_Revised,Actions_Revised [test_meta_forms],internal,1029065,1074456,mitigat-ny-prod+test_meta_forms,,(not set),TRUE,Smart (fetch on change),TRUE,Force (always re-fetch),"Section Settings > Data Fetch Mode: set Force (always re-fetch) (internal source). Currently unset (behaving as Smart (fetch on change) via the implicit fallback, readyToLoad=TRUE).",Yes - set,Open,,,
T6-C485,T6-001,1300890,https://county_template.devmny.org/track_progress/actions_database/actions_index/prioritize_actions_list,track_progress/actions_database/actions_index/prioritize_actions_list,2262755,(untitled Card),2262757,d1d13a79-ab5c-438f-b92f-48b88e6fdbae,Card,2,,Actions_Revised,Actions_Revised [test_meta_forms],internal,1029065,1074456,mitigat-ny-prod+test_meta_forms,,(not set),TRUE,Smart (fetch on change),TRUE,Force (always re-fetch),"Section Settings > Data Fetch Mode: set Force (always re-fetch) (internal source). Currently unset (behaving as Smart (fetch on change) via the implicit fallback, readyToLoad=TRUE).",Yes - set,Open,,,
T6-C486,T6-001,1300890,https://county_template.devmny.org/track_progress/actions_database/actions_index/prioritize_actions_list,track_progress/actions_database/actions_index/prioritize_actions_list,2262755,(untitled Spreadsheet),2262760,d64b0723-c386-407e-967d-e1e495b081dd,Spreadsheet,5,,Actions_Revised,Actions_Revised [test_meta_forms],internal,1029065,1074456,mitigat-ny-prod+test_meta_forms,,(not set),TRUE,Smart (fetch on change),TRUE,Force (always re-fetch),"Section Settings > Data Fetch Mode: set Force (always re-fetch) (internal source). Currently unset (behaving as Smart (fetch on change) via the implicit fallback, readyToLoad=TRUE).",Yes - set,Open,,,
T6-X001,T6-001,1300890,https://county_template.devmny.org/home,home,1300803,(untitled Header: MNY Data),2175337,07af22e8-dcf1-4ad0-95ce-3b6cd8c70674,Header: MNY Data,0,,DHSES_County_Database,DHSES_County_Database [test_meta_forms],internal,953754,1108098,mitigat-ny-prod+test_meta_forms,,(not set),TRUE,Smart (fetch on change),TRUE,(no control),"None available. Header: MNY Data exposes no Data Fetch Mode control (only Card, Spreadsheet and Graph do), so this component cannot be set by an author. It resolves through the implicit fallback and would need a library change to become settable.",Out of scope - no setting exists,Out of scope,,,
T6-X002,T6-001,1300890,https://county_template.devmny.org/the_plan/jurisdictional_annexes/crit_infra_form_prototype,the_plan/jurisdictional_annexes/crit_infra_form_prototype,1676371,(untitled Filter),2144345,079f1fc6-40e7-491e-9b5e-0c4f2a600940,Filter,1,,Actions_Revised,Actions_Revised [test_meta_forms],internal,1029065,1074456,mitigat-ny-prod+test_meta_forms,,(not set),TRUE,Smart (fetch on change),TRUE,(no control),"None available. Filter exposes no Data Fetch Mode control (only Card, Spreadsheet and Graph do), so this component cannot be set by an author. It resolves through the implicit fallback and would need a library change to become settable.",Out of scope - no setting exists,Out of scope,,,
T6-X003,T6-001,1300890,https://county_template.devmny.org/the_plan/jurisdictional_annexes/ho_c_form_prototype,the_plan/jurisdictional_annexes/ho_c_form_prototype,1676369,(untitled Filter),2144371,bc67846d-c6e6-4853-bf18-6b548d064f66,Filter,0,,Actions_Revised,Actions_Revised [test_meta_forms],internal,1029065,1074456,mitigat-ny-prod+test_meta_forms,,(not set),TRUE,Smart (fetch on change),TRUE,(no control),"None available. Filter exposes no Data Fetch Mode control (only Card, Spreadsheet and Graph do), so this component cannot be set by an author. It resolves through the implicit fallback and would need a library change to become settable.",Out of scope - no setting exists,Out of scope,,,
T6-X004,T6-001,1300890,https://county_template.devmny.org/the_plan/jurisdictional_annexes/ho_c_form_prototype,the_plan/jurisdictional_annexes/ho_c_form_prototype,1676369,(untitled Filter),2144372,227ce09b-bd1d-4bb8-a7d4-812ba8731c41,Filter,1,,Hazards_of_Concern,Hazards_of_Concern [test_meta_forms],internal,1473470,1473471,mitigat-ny-prod+test_meta_forms,,(not set),TRUE,Smart (fetch on change),TRUE,(no control),"None available. Filter exposes no Data Fetch Mode control (only Card, Spreadsheet and Graph do), so this component cannot be set by an author. It resolves through the implicit fallback and would need a library change to become settable.",Out of scope - no setting exists,Out of scope,,,
T6-X005,T6-001,1300890,https://county_template.devmny.org/the_plan/jurisdictional_annexes/jurisdictional_annex_form,the_plan/jurisdictional_annexes/jurisdictional_annex_form,2243356,(untitled Filter),2243268,c2401287-590f-4c78-8a02-29228fc9fc57,Filter,3,,Jurisdictions,Jurisdictions [test_meta_forms],internal,1346449,1346450,mitigat-ny-prod+test_meta_forms,,(not set),,Cache (use preloaded data),TRUE,(no control),"None available. Filter exposes no Data Fetch Mode control (only Card, Spreadsheet and Graph do), so this component cannot be set by an author. It resolves through the implicit fallback and would need a library change to become settable.",Out of scope - no setting exists,Out of scope,,,
T6-X006,T6-001,1300890,https://county_template.devmny.org/the_plan/jurisdictional_annexes/select_jurisdiction,the_plan/jurisdictional_annexes/select_jurisdiction,1348541,(untitled Filter),2242962,c2401287-590f-4c78-8a02-29228fc9fc57,Filter,3,,Jurisdictions,Jurisdictions [test_meta_forms],internal,1346449,1346450,mitigat-ny-prod+test_meta_forms,,(not set),,Cache (use preloaded data),TRUE,(no control),"None available. Filter exposes no Data Fetch Mode control (only Card, Spreadsheet and Graph do), so this component cannot be set by an author. It resolves through the implicit fallback and would need a library change to become settable.",Out of scope - no setting exists,Out of scope,,,
T6-X007,T6-001,1300890,https://county_template.devmny.org/the_risk/disasters/disaster_template,the_risk/disasters/disaster_template,1421118,(untitled Filter),2249218,ee206f1a-99b8-4ad1-b28a-bd33f7318d1b,Filter,0,,AVAIL - Fusion Events V2,AVAIL - Fusion Events V2 [external],external,870,2401,hazmit_dama,,(not set),,Cache (use preloaded data),TRUE,(no control),"None available. Filter exposes no Data Fetch Mode control (only Card, Spreadsheet and Graph do), so this component cannot be set by an author. It resolves through the implicit fallback and would need a library change to become settable.",Out of scope - no setting exists,Out of scope,,,
T6-X008,T6-001,1300890,https://county_template.devmny.org/track_progress/actions_database,track_progress/actions_database,1425854,(untitled Filter),2242892,cef6553f-e523-44de-90da-cc6fb81b974e,Filter,4,,Actions_Revised,Actions_Revised [test_meta_forms],internal,1029065,1074456,mitigat-ny-prod+test_meta_forms,,(not set),,Cache (use preloaded data),TRUE,(no control),"None available. Filter exposes no Data Fetch Mode control (only Card, Spreadsheet and Graph do), so this component cannot be set by an author. It resolves through the implicit fallback and would need a library change to become settable.",Out of scope - no setting exists,Out of scope,,,
T6-X009,T6-001,1300890,https://county_template.devmny.org/track_progress/actions_database/actions_index/action_prioritize,track_progress/actions_database/actions_index/action_prioritize,2239721,(untitled Filter),2248282,17de5881-a561-4173-8fe3-c408c4cfe003,Filter,3,,Actions_Revised,Actions_Revised [test_meta_forms],internal,1029065,1074456,mitigat-ny-prod+test_meta_forms,,(not set),,Cache (use preloaded data),TRUE,(no control),"None available. Filter exposes no Data Fetch Mode control (only Card, Spreadsheet and Graph do), so this component cannot be set by an author. It resolves through the implicit fallback and would need a library change to become settable.",Out of scope - no setting exists,Out of scope,,,
T6-X010,T6-001,1300890,https://county_template.devmny.org/track_progress/actions_database/actions_index/action_prioritize_cards,track_progress/actions_database/actions_index/action_prioritize_cards,2248975,(untitled Filter),2248973,17de5881-a561-4173-8fe3-c408c4cfe003,Filter,3,,Actions_Revised,Actions_Revised [test_meta_forms],internal,1029065,1074456,mitigat-ny-prod+test_meta_forms,,(not set),,Cache (use preloaded data),TRUE,(no control),"None available. Filter exposes no Data Fetch Mode control (only Card, Spreadsheet and Graph do), so this component cannot be set by an author. It resolves through the implicit fallback and would need a library change to become settable.",Out of scope - no setting exists,Out of scope,,,
T6-X011,T6-001,1300890,https://county_template.devmny.org/track_progress/actions_database/actions_index/prioritize_actions_list,track_progress/actions_database/actions_index/prioritize_actions_list,2262755,(untitled Filter),2262759,83d786e9-14d9-46b9-802c-45ae20d8273a,Filter,3,,Actions_Revised,Actions_Revised [test_meta_forms],internal,1029065,1074456,mitigat-ny-prod+test_meta_forms,,(not set),,Cache (use preloaded data),TRUE,(no control),"None available. Filter exposes no Data Fetch Mode control (only Card, Spreadsheet and Graph do), so this component cannot be set by an author. It resolves through the implicit fallback and would need a library change to become settable.",Out of scope - no setting exists,Out of scope,,,
