Fix ID,Type,Type name,Tier,Fix category,Scope,Page URL,Page,Section title,Component ID,Component kind,What is wrong,Recommended fix,Fix group,Status,Assigned to,Date fixed,Notes,Requirement,Requirement source (LHMP_IA row),LHMP_IA section,LHMP_IA component,Match basis,Confidence,Renders on page,Why it does not render,Original type,Original type name,Replaced by (live component ID),Replacement match basis
T1-002,1,SHMP narrative not permission-locked,Governance,Component setting,component,https://county_template.devmny.org/the_plan/jurisdictional_annexes/jurisdictional_annex_form,the_plan/jurisdictional_annexes/jurisdictional_annex_form,Progress,2262510,Card on LHMP_IA,NO PERMISSIONS SET - anyone with edit rights can change it,"Section Settings > Permissions: set authPermissions to {""users"":{},""groups"":{""LHMP Template Editor"":[""*""]}} - the value already on the other 290 LHMP_IA sections.",LHMP_IA edit lock,Open,,,,,,,,,,Published,,,,,
T1-003,1,SHMP narrative not permission-locked,Governance,Component setting,component,https://county_template.devmny.org/the_local_environment/built_environment,the_local_environment/built_environment,Overview,2341172,Card on LHMP_IA,NO PERMISSIONS SET - anyone with edit rights can change it,"Section Settings > Permissions: set authPermissions to {""users"":{},""groups"":{""LHMP Template Editor"":[""*""]}} - the value already on the other 290 LHMP_IA sections.",LHMP_IA edit lock,Open,,,,,,,,,,Published,,,,,
T1-004,1,SHMP narrative not permission-locked,Governance,Component setting,component,https://county_template.devmny.org/the_plan/about_the_process,the_plan/about_the_process,The Planning Process,2386703,Card on LHMP_IA,NO PERMISSIONS SET - anyone with edit rights can change it,"Section Settings > Permissions: set authPermissions to {""users"":{},""groups"":{""LHMP Template Editor"":[""*""]}} - the value already on the other 290 LHMP_IA sections.",LHMP_IA edit lock,Open,,,,,,,,,,Published,,,,,
T1-005,1,SHMP narrative not permission-locked,Governance,Component setting,component,https://county_template.devmny.org/the_plan/about_the_process,the_plan/about_the_process,Local Resources,2386720,Card on LHMP_IA,NO PERMISSIONS SET - anyone with edit rights can change it,"Section Settings > Permissions: set authPermissions to {""users"":{},""groups"":{""LHMP Template Editor"":[""*""]}} - the value already on the other 290 LHMP_IA sections.",LHMP_IA edit lock,Open,,,,,,,,,,Published,,,,,
T1-006,1,SHMP narrative not permission-locked,Governance,Component setting,component,https://county_template.devmny.org/the_plan/about_the_process,the_plan/about_the_process,(untitled Card),2386725,Card on LHMP_IA,NO PERMISSIONS SET - anyone with edit rights can change it,"Section Settings > Permissions: set authPermissions to {""users"":{},""groups"":{""LHMP Template Editor"":[""*""]}} - the value already on the other 290 LHMP_IA sections.",LHMP_IA edit lock,Open,,,,,,,,,,Published,,,,,
T1-007,1,SHMP narrative not permission-locked,Governance,Component setting,component,https://county_template.devmny.org/the_plan/about_the_process,the_plan/about_the_process,Maintenance,2386730,Card on LHMP_IA,NO PERMISSIONS SET - anyone with edit rights can change it,"Section Settings > Permissions: set authPermissions to {""users"":{},""groups"":{""LHMP Template Editor"":[""*""]}} - the value already on the other 290 LHMP_IA sections.",LHMP_IA edit lock,Open,,,,,,,,,,Published,,,,,
T1-009,1,SHMP narrative not permission-locked,Governance,Component setting,component,https://county_template.devmny.org/the_risk/natural_hazards/flooding,the_risk/natural_hazards/flooding,Overview,2384264,Card on LHMP_IA,NO PERMISSIONS SET - anyone with edit rights can change it,"Section Settings > Permissions: set authPermissions to {""users"":{},""groups"":{""LHMP Template Editor"":[""*""]}} - the value already on the other 290 LHMP_IA sections.",LHMP_IA edit lock,Open,,,,,,,,,,Published,,,,,
T1-010,1,SHMP narrative not permission-locked,Governance,Component setting,component,https://county_template.devmny.org/the_risk/natural_hazards/flooding,the_risk/natural_hazards/flooding,Total Events and Losses in $: Declared Disasters and Non-Declared Events,2384279,Card on LHMP_IA,NO PERMISSIONS SET - anyone with edit rights can change it,"Section Settings > Permissions: set authPermissions to {""users"":{},""groups"":{""LHMP Template Editor"":[""*""]}} - the value already on the other 290 LHMP_IA sections.",LHMP_IA edit lock,Open,,,,,,,,,,Published,,,,,
T1-011,1,SHMP narrative not permission-locked,Governance,Component setting,component,https://county_template.devmny.org/the_risk/natural_hazards/flooding,the_risk/natural_hazards/flooding,General Vulnerability,2384273,Card on LHMP_IA,NO PERMISSIONS SET - anyone with edit rights can change it,"Section Settings > Permissions: set authPermissions to {""users"":{},""groups"":{""LHMP Template Editor"":[""*""]}} - the value already on the other 290 LHMP_IA sections.",LHMP_IA edit lock,Open,,,,,,,,,,Published,,,,,
T1-012,1,SHMP narrative not permission-locked,Governance,Component setting,component,https://county_template.devmny.org/the_risk/natural_hazards/flooding,the_risk/natural_hazards/flooding,(untitled Card),2384274,Card on LHMP_IA,NO PERMISSIONS SET - anyone with edit rights can change it,"Section Settings > Permissions: set authPermissions to {""users"":{},""groups"":{""LHMP Template Editor"":[""*""]}} - the value already on the other 290 LHMP_IA sections.",LHMP_IA edit lock,Open,,,,,,,,,,Published,,,,,
T1-013,1,SHMP narrative not permission-locked,Governance,Component setting,component,https://county_template.devmny.org/the_risk/natural_hazards/flooding,the_risk/natural_hazards/flooding,Potential Impacts,2384275,Card on LHMP_IA,NO PERMISSIONS SET - anyone with edit rights can change it,"Section Settings > Permissions: set authPermissions to {""users"":{},""groups"":{""LHMP Template Editor"":[""*""]}} - the value already on the other 290 LHMP_IA sections.",LHMP_IA edit lock,Open,,,,,,,,,,Published,,,,,
T1-014,1,SHMP narrative not permission-locked,Governance,Component setting,component,https://county_template.devmny.org/the_risk/natural_hazards/flooding,the_risk/natural_hazards/flooding,Built Environment,2384310,Card on LHMP_IA,NO PERMISSIONS SET - anyone with edit rights can change it,"Section Settings > Permissions: set authPermissions to {""users"":{},""groups"":{""LHMP Template Editor"":[""*""]}} - the value already on the other 290 LHMP_IA sections.",LHMP_IA edit lock,Open,,,,,,,,,,Published,,,,,
T1-015,1,SHMP narrative not permission-locked,Governance,Component setting,component,https://county_template.devmny.org/the_risk/natural_hazards/flooding,the_risk/natural_hazards/flooding,Historic Occurrences,2384277,Card on LHMP_IA,NO PERMISSIONS SET - anyone with edit rights can change it,"Section Settings > Permissions: set authPermissions to {""users"":{},""groups"":{""LHMP Template Editor"":[""*""]}} - the value already on the other 290 LHMP_IA sections.",LHMP_IA edit lock,Open,,,,,,,,,,Published,,,,,
T1-016,1,SHMP narrative not permission-locked,Governance,Component setting,component,https://county_template.devmny.org/the_risk/natural_hazards/flooding,the_risk/natural_hazards/flooding,Total Losses in $ by Year,2384285,Card on LHMP_IA,NO PERMISSIONS SET - anyone with edit rights can change it,"Section Settings > Permissions: set authPermissions to {""users"":{},""groups"":{""LHMP Template Editor"":[""*""]}} - the value already on the other 290 LHMP_IA sections.",LHMP_IA edit lock,Open,,,,,,,,,,Published,,,,,
T1-017,1,SHMP narrative not permission-locked,Governance,Component setting,component,https://county_template.devmny.org/the_risk/natural_hazards/flooding,the_risk/natural_hazards/flooding,Total Losses in $ by Month,2384288,Card on LHMP_IA,NO PERMISSIONS SET - anyone with edit rights can change it,"Section Settings > Permissions: set authPermissions to {""users"":{},""groups"":{""LHMP Template Editor"":[""*""]}} - the value already on the other 290 LHMP_IA sections.",LHMP_IA edit lock,Open,,,,,,,,,,Published,,,,,
T1-018,1,SHMP narrative not permission-locked,Governance,Component setting,component,https://county_template.devmny.org/the_risk/natural_hazards/flooding,the_risk/natural_hazards/flooding,Presidential Disaster Declarations,2384290,Card on LHMP_IA,NO PERMISSIONS SET - anyone with edit rights can change it,"Section Settings > Permissions: set authPermissions to {""users"":{},""groups"":{""LHMP Template Editor"":[""*""]}} - the value already on the other 290 LHMP_IA sections.",LHMP_IA edit lock,Open,,,,,,,,,,Published,,,,,
T1-019,1,SHMP narrative not permission-locked,Governance,Component setting,component,https://county_template.devmny.org/the_risk/natural_hazards/flooding,the_risk/natural_hazards/flooding,Other Hazard Events,2384295,Card on LHMP_IA,NO PERMISSIONS SET - anyone with edit rights can change it,"Section Settings > Permissions: set authPermissions to {""users"":{},""groups"":{""LHMP Template Editor"":[""*""]}} - the value already on the other 290 LHMP_IA sections.",LHMP_IA edit lock,Open,,,,,,,,,,Published,,,,,
T1-020,1,SHMP narrative not permission-locked,Governance,Component setting,component,https://county_template.devmny.org/the_risk/natural_hazards/flooding,the_risk/natural_hazards/flooding,Modeled Risk,2384307,Card on LHMP_IA,NO PERMISSIONS SET - anyone with edit rights can change it,"Section Settings > Permissions: set authPermissions to {""users"":{},""groups"":{""LHMP Template Editor"":[""*""]}} - the value already on the other 290 LHMP_IA sections.",LHMP_IA edit lock,Open,,,,,,,,,,Published,,,,,
T1-021,1,SHMP narrative not permission-locked,Governance,Component setting,component,https://county_template.devmny.org/the_risk/natural_hazards/flooding,the_risk/natural_hazards/flooding,People and Communities,2384317,Card on LHMP_IA,NO PERMISSIONS SET - anyone with edit rights can change it,"Section Settings > Permissions: set authPermissions to {""users"":{},""groups"":{""LHMP Template Editor"":[""*""]}} - the value already on the other 290 LHMP_IA sections.",LHMP_IA edit lock,Open,,,,,,,,,,Published,,,,,
T1-022,1,SHMP narrative not permission-locked,Governance,Component setting,component,https://county_template.devmny.org/the_risk/natural_hazards/flooding,the_risk/natural_hazards/flooding,Natural Environment,2384320,Card on LHMP_IA,NO PERMISSIONS SET - anyone with edit rights can change it,"Section Settings > Permissions: set authPermissions to {""users"":{},""groups"":{""LHMP Template Editor"":[""*""]}} - the value already on the other 290 LHMP_IA sections.",LHMP_IA edit lock,Open,,,,,,,,,,Published,,,,,
T1-023,1,SHMP narrative not permission-locked,Governance,Component setting,component,https://county_template.devmny.org/the_risk/natural_hazards/flooding,the_risk/natural_hazards/flooding,Strategies,2384324,Card on LHMP_IA,NO PERMISSIONS SET - anyone with edit rights can change it,"Section Settings > Permissions: set authPermissions to {""users"":{},""groups"":{""LHMP Template Editor"":[""*""]}} - the value already on the other 290 LHMP_IA sections.",LHMP_IA edit lock,Open,,,,,,,,,,Published,,,,,
T1-024,1,SHMP narrative not permission-locked,Governance,Component setting,component,https://county_template.devmny.org/the_risk/natural_hazards/flooding,the_risk/natural_hazards/flooding,Capabilities,2384326,Card on LHMP_IA,NO PERMISSIONS SET - anyone with edit rights can change it,"Section Settings > Permissions: set authPermissions to {""users"":{},""groups"":{""LHMP Template Editor"":[""*""]}} - the value already on the other 290 LHMP_IA sections.",LHMP_IA edit lock,Open,,,,,,,,,,Published,,,,,
T1-025,1,SHMP narrative not permission-locked,Governance,Component setting,component,https://county_template.devmny.org/the_risk/natural_hazards/flooding,the_risk/natural_hazards/flooding,Actions,2384331,Card on LHMP_IA,NO PERMISSIONS SET - anyone with edit rights can change it,"Section Settings > Permissions: set authPermissions to {""users"":{},""groups"":{""LHMP Template Editor"":[""*""]}} - the value already on the other 290 LHMP_IA sections.",LHMP_IA edit lock,Open,,,,,,,,,,Published,,,,,
T1-033,1,SHMP narrative not permission-locked,Governance,Component setting,component,https://county_template.devmny.org/the_risk/natural_hazards/ice_storm,the_risk/natural_hazards/ice_storm,Overview,2384619,Card on LHMP_IA,NO PERMISSIONS SET - anyone with edit rights can change it,"Section Settings > Permissions: set authPermissions to {""users"":{},""groups"":{""LHMP Template Editor"":[""*""]}} - the value already on the other 290 LHMP_IA sections.",LHMP_IA edit lock,Open,,,,,,,,,,Published,,,,,
T1-034,1,SHMP narrative not permission-locked,Governance,Component setting,component,https://county_template.devmny.org/the_risk/natural_hazards/ice_storm,the_risk/natural_hazards/ice_storm,General Vulnerability,2384628,Card on LHMP_IA,NO PERMISSIONS SET - anyone with edit rights can change it,"Section Settings > Permissions: set authPermissions to {""users"":{},""groups"":{""LHMP Template Editor"":[""*""]}} - the value already on the other 290 LHMP_IA sections.",LHMP_IA edit lock,Open,,,,,,,,,,Published,,,,,
T1-035,1,SHMP narrative not permission-locked,Governance,Component setting,component,https://county_template.devmny.org/the_risk/natural_hazards/ice_storm,the_risk/natural_hazards/ice_storm,Potential Impacts,2384630,Card on LHMP_IA,NO PERMISSIONS SET - anyone with edit rights can change it,"Section Settings > Permissions: set authPermissions to {""users"":{},""groups"":{""LHMP Template Editor"":[""*""]}} - the value already on the other 290 LHMP_IA sections.",LHMP_IA edit lock,Open,,,,,,,,,,Published,,,,,
T1-036,1,SHMP narrative not permission-locked,Governance,Component setting,component,https://county_template.devmny.org/the_risk/natural_hazards/ice_storm,the_risk/natural_hazards/ice_storm,Historic Occurrences,2384632,Card on LHMP_IA,NO PERMISSIONS SET - anyone with edit rights can change it,"Section Settings > Permissions: set authPermissions to {""users"":{},""groups"":{""LHMP Template Editor"":[""*""]}} - the value already on the other 290 LHMP_IA sections.",LHMP_IA edit lock,Open,,,,,,,,,,Published,,,,,
T1-037,1,SHMP narrative not permission-locked,Governance,Component setting,component,https://county_template.devmny.org/the_risk/natural_hazards/ice_storm,the_risk/natural_hazards/ice_storm,Built Environment,2384664,Card on LHMP_IA,NO PERMISSIONS SET - anyone with edit rights can change it,"Section Settings > Permissions: set authPermissions to {""users"":{},""groups"":{""LHMP Template Editor"":[""*""]}} - the value already on the other 290 LHMP_IA sections.",LHMP_IA edit lock,Open,,,,,,,,,,Published,,,,,
T1-038,1,SHMP narrative not permission-locked,Governance,Component setting,component,https://county_template.devmny.org/the_risk/natural_hazards/ice_storm,the_risk/natural_hazards/ice_storm,People and Communities,2384667,Card on LHMP_IA,NO PERMISSIONS SET - anyone with edit rights can change it,"Section Settings > Permissions: set authPermissions to {""users"":{},""groups"":{""LHMP Template Editor"":[""*""]}} - the value already on the other 290 LHMP_IA sections.",LHMP_IA edit lock,Open,,,,,,,,,,Published,,,,,
T1-039,1,SHMP narrative not permission-locked,Governance,Component setting,component,https://county_template.devmny.org/the_risk/natural_hazards/ice_storm,the_risk/natural_hazards/ice_storm,Natural Environment,2384670,Card on LHMP_IA,NO PERMISSIONS SET - anyone with edit rights can change it,"Section Settings > Permissions: set authPermissions to {""users"":{},""groups"":{""LHMP Template Editor"":[""*""]}} - the value already on the other 290 LHMP_IA sections.",LHMP_IA edit lock,Open,,,,,,,,,,Published,,,,,
T1-040,1,SHMP narrative not permission-locked,Governance,Component setting,component,https://county_template.devmny.org/the_risk/natural_hazards/landslide,the_risk/natural_hazards/landslide,General Vulnerability,2384703,Card on LHMP_IA,NO PERMISSIONS SET - anyone with edit rights can change it,"Section Settings > Permissions: set authPermissions to {""users"":{},""groups"":{""LHMP Template Editor"":[""*""]}} - the value already on the other 290 LHMP_IA sections.",LHMP_IA edit lock,Open,,,,,,,,,,Published,,,,,
T1-041,1,SHMP narrative not permission-locked,Governance,Component setting,component,https://county_template.devmny.org/the_risk/natural_hazards/landslide,the_risk/natural_hazards/landslide,(untitled Card),2384704,Card on LHMP_IA,NO PERMISSIONS SET - anyone with edit rights can change it,"Section Settings > Permissions: set authPermissions to {""users"":{},""groups"":{""LHMP Template Editor"":[""*""]}} - the value already on the other 290 LHMP_IA sections.",LHMP_IA edit lock,Open,,,,,,,,,,Published,,,,,
T1-042,1,SHMP narrative not permission-locked,Governance,Component setting,component,https://county_template.devmny.org/the_risk/natural_hazards/landslide,the_risk/natural_hazards/landslide,Potential Impacts,2384705,Card on LHMP_IA,NO PERMISSIONS SET - anyone with edit rights can change it,"Section Settings > Permissions: set authPermissions to {""users"":{},""groups"":{""LHMP Template Editor"":[""*""]}} - the value already on the other 290 LHMP_IA sections.",LHMP_IA edit lock,Open,,,,,,,,,,Published,,,,,
T1-043,1,SHMP narrative not permission-locked,Governance,Component setting,component,https://county_template.devmny.org/the_risk/natural_hazards/landslide,the_risk/natural_hazards/landslide,Historic Occurrences,2384707,Card on LHMP_IA,NO PERMISSIONS SET - anyone with edit rights can change it,"Section Settings > Permissions: set authPermissions to {""users"":{},""groups"":{""LHMP Template Editor"":[""*""]}} - the value already on the other 290 LHMP_IA sections.",LHMP_IA edit lock,Open,,,,,,,,,,Published,,,,,
T1-044,1,SHMP narrative not permission-locked,Governance,Component setting,component,https://county_template.devmny.org/the_risk/natural_hazards/landslide,the_risk/natural_hazards/landslide,Built Environment,2384739,Card on LHMP_IA,NO PERMISSIONS SET - anyone with edit rights can change it,"Section Settings > Permissions: set authPermissions to {""users"":{},""groups"":{""LHMP Template Editor"":[""*""]}} - the value already on the other 290 LHMP_IA sections.",LHMP_IA edit lock,Open,,,,,,,,,,Published,,,,,
T1-045,1,SHMP narrative not permission-locked,Governance,Component setting,component,https://county_template.devmny.org/the_risk/natural_hazards/landslide,the_risk/natural_hazards/landslide,People and Communities,2384742,Card on LHMP_IA,NO PERMISSIONS SET - anyone with edit rights can change it,"Section Settings > Permissions: set authPermissions to {""users"":{},""groups"":{""LHMP Template Editor"":[""*""]}} - the value already on the other 290 LHMP_IA sections.",LHMP_IA edit lock,Open,,,,,,,,,,Published,,,,,
T1-046,1,SHMP narrative not permission-locked,Governance,Component setting,component,https://county_template.devmny.org/the_risk/natural_hazards/landslide,the_risk/natural_hazards/landslide,Natural Environment,2384745,Card on LHMP_IA,NO PERMISSIONS SET - anyone with edit rights can change it,"Section Settings > Permissions: set authPermissions to {""users"":{},""groups"":{""LHMP Template Editor"":[""*""]}} - the value already on the other 290 LHMP_IA sections.",LHMP_IA edit lock,Open,,,,,,,,,,Published,,,,,
T1-047,1,SHMP narrative not permission-locked,Governance,Component setting,component,https://county_template.devmny.org/the_risk/natural_hazards/lightning,the_risk/natural_hazards/lightning,Overview,2384769,Card on LHMP_IA,NO PERMISSIONS SET - anyone with edit rights can change it,"Section Settings > Permissions: set authPermissions to {""users"":{},""groups"":{""LHMP Template Editor"":[""*""]}} - the value already on the other 290 LHMP_IA sections.",LHMP_IA edit lock,Open,,,,,,,,,,Published,,,,,
T1-048,1,SHMP narrative not permission-locked,Governance,Component setting,component,https://county_template.devmny.org/the_risk/natural_hazards/lightning,the_risk/natural_hazards/lightning,Built Environment,2384814,Card on LHMP_IA,NO PERMISSIONS SET - anyone with edit rights can change it,"Section Settings > Permissions: set authPermissions to {""users"":{},""groups"":{""LHMP Template Editor"":[""*""]}} - the value already on the other 290 LHMP_IA sections.",LHMP_IA edit lock,Open,,,,,,,,,,Published,,,,,
T1-049,1,SHMP narrative not permission-locked,Governance,Component setting,component,https://county_template.devmny.org/the_risk/natural_hazards/lightning,the_risk/natural_hazards/lightning,General Vulnerability,2384778,Card on LHMP_IA,NO PERMISSIONS SET - anyone with edit rights can change it,"Section Settings > Permissions: set authPermissions to {""users"":{},""groups"":{""LHMP Template Editor"":[""*""]}} - the value already on the other 290 LHMP_IA sections.",LHMP_IA edit lock,Open,,,,,,,,,,Published,,,,,
T1-050,1,SHMP narrative not permission-locked,Governance,Component setting,component,https://county_template.devmny.org/the_risk/natural_hazards/lightning,the_risk/natural_hazards/lightning,(untitled Card),2384779,Card on LHMP_IA,NO PERMISSIONS SET - anyone with edit rights can change it,"Section Settings > Permissions: set authPermissions to {""users"":{},""groups"":{""LHMP Template Editor"":[""*""]}} - the value already on the other 290 LHMP_IA sections.",LHMP_IA edit lock,Open,,,,,,,,,,Published,,,,,
T1-051,1,SHMP narrative not permission-locked,Governance,Component setting,component,https://county_template.devmny.org/the_risk/natural_hazards/lightning,the_risk/natural_hazards/lightning,People and Communities,2384817,Card on LHMP_IA,NO PERMISSIONS SET - anyone with edit rights can change it,"Section Settings > Permissions: set authPermissions to {""users"":{},""groups"":{""LHMP Template Editor"":[""*""]}} - the value already on the other 290 LHMP_IA sections.",LHMP_IA edit lock,Open,,,,,,,,,,Published,,,,,
T1-052,1,SHMP narrative not permission-locked,Governance,Component setting,component,https://county_template.devmny.org/the_risk/natural_hazards/lightning,the_risk/natural_hazards/lightning,Natural Environment,2384820,Card on LHMP_IA,NO PERMISSIONS SET - anyone with edit rights can change it,"Section Settings > Permissions: set authPermissions to {""users"":{},""groups"":{""LHMP Template Editor"":[""*""]}} - the value already on the other 290 LHMP_IA sections.",LHMP_IA edit lock,Open,,,,,,,,,,Published,,,,,
T1-053,1,SHMP narrative not permission-locked,Governance,Component setting,component,https://county_template.devmny.org/the_risk/natural_hazards/snowstorm,the_risk/natural_hazards/snowstorm,Overview,2384844,Card on LHMP_IA,NO PERMISSIONS SET - anyone with edit rights can change it,"Section Settings > Permissions: set authPermissions to {""users"":{},""groups"":{""LHMP Template Editor"":[""*""]}} - the value already on the other 290 LHMP_IA sections.",LHMP_IA edit lock,Open,,,,,,,,,,Published,,,,,
T1-054,1,SHMP narrative not permission-locked,Governance,Component setting,component,https://county_template.devmny.org/the_risk/natural_hazards/tornado,the_risk/natural_hazards/tornado,Overview,2384918,Card on LHMP_IA,NO PERMISSIONS SET - anyone with edit rights can change it,"Section Settings > Permissions: set authPermissions to {""users"":{},""groups"":{""LHMP Template Editor"":[""*""]}} - the value already on the other 290 LHMP_IA sections.",LHMP_IA edit lock,Open,,,,,,,,,,Published,,,,,
T1-055,1,SHMP narrative not permission-locked,Governance,Component setting,component,https://county_template.devmny.org/the_risk/natural_hazards/snowstorm,the_risk/natural_hazards/snowstorm,General Vulnerability,2384852,Card on LHMP_IA,NO PERMISSIONS SET - anyone with edit rights can change it,"Section Settings > Permissions: set authPermissions to {""users"":{},""groups"":{""LHMP Template Editor"":[""*""]}} - the value already on the other 290 LHMP_IA sections.",LHMP_IA edit lock,Open,,,,,,,,,,Published,,,,,
T1-056,1,SHMP narrative not permission-locked,Governance,Component setting,component,https://county_template.devmny.org/the_risk/natural_hazards/snowstorm,the_risk/natural_hazards/snowstorm,(untitled Card),2384853,Card on LHMP_IA,NO PERMISSIONS SET - anyone with edit rights can change it,"Section Settings > Permissions: set authPermissions to {""users"":{},""groups"":{""LHMP Template Editor"":[""*""]}} - the value already on the other 290 LHMP_IA sections.",LHMP_IA edit lock,Open,,,,,,,,,,Published,,,,,
T1-057,1,SHMP narrative not permission-locked,Governance,Component setting,component,https://county_template.devmny.org/the_risk/natural_hazards/snowstorm,the_risk/natural_hazards/snowstorm,Historic Occurrences,2384856,Card on LHMP_IA,NO PERMISSIONS SET - anyone with edit rights can change it,"Section Settings > Permissions: set authPermissions to {""users"":{},""groups"":{""LHMP Template Editor"":[""*""]}} - the value already on the other 290 LHMP_IA sections.",LHMP_IA edit lock,Open,,,,,,,,,,Published,,,,,
T1-058,1,SHMP narrative not permission-locked,Governance,Component setting,component,https://county_template.devmny.org/the_risk/natural_hazards/snowstorm,the_risk/natural_hazards/snowstorm,Built Environment,2384888,Card on LHMP_IA,NO PERMISSIONS SET - anyone with edit rights can change it,"Section Settings > Permissions: set authPermissions to {""users"":{},""groups"":{""LHMP Template Editor"":[""*""]}} - the value already on the other 290 LHMP_IA sections.",LHMP_IA edit lock,Open,,,,,,,,,,Published,,,,,
T1-059,1,SHMP narrative not permission-locked,Governance,Component setting,component,https://county_template.devmny.org/the_risk/natural_hazards/snowstorm,the_risk/natural_hazards/snowstorm,People and Communities,2384891,Card on LHMP_IA,NO PERMISSIONS SET - anyone with edit rights can change it,"Section Settings > Permissions: set authPermissions to {""users"":{},""groups"":{""LHMP Template Editor"":[""*""]}} - the value already on the other 290 LHMP_IA sections.",LHMP_IA edit lock,Open,,,,,,,,,,Published,,,,,
T1-060,1,SHMP narrative not permission-locked,Governance,Component setting,component,https://county_template.devmny.org/the_risk/natural_hazards/snowstorm,the_risk/natural_hazards/snowstorm,Natural Environment,2384894,Card on LHMP_IA,NO PERMISSIONS SET - anyone with edit rights can change it,"Section Settings > Permissions: set authPermissions to {""users"":{},""groups"":{""LHMP Template Editor"":[""*""]}} - the value already on the other 290 LHMP_IA sections.",LHMP_IA edit lock,Open,,,,,,,,,,Published,,,,,
T1-061,1,SHMP narrative not permission-locked,Governance,Component setting,component,https://county_template.devmny.org/the_risk/natural_hazards/tornado,the_risk/natural_hazards/tornado,General Vulnerability,2384927,Card on LHMP_IA,NO PERMISSIONS SET - anyone with edit rights can change it,"Section Settings > Permissions: set authPermissions to {""users"":{},""groups"":{""LHMP Template Editor"":[""*""]}} - the value already on the other 290 LHMP_IA sections.",LHMP_IA edit lock,Open,,,,,,,,,,Published,,,,,
T1-062,1,SHMP narrative not permission-locked,Governance,Component setting,component,https://county_template.devmny.org/the_risk/natural_hazards/tornado,the_risk/natural_hazards/tornado,(untitled Card),2384928,Card on LHMP_IA,NO PERMISSIONS SET - anyone with edit rights can change it,"Section Settings > Permissions: set authPermissions to {""users"":{},""groups"":{""LHMP Template Editor"":[""*""]}} - the value already on the other 290 LHMP_IA sections.",LHMP_IA edit lock,Open,,,,,,,,,,Published,,,,,
T1-063,1,SHMP narrative not permission-locked,Governance,Component setting,component,https://county_template.devmny.org/the_risk/natural_hazards/tornado,the_risk/natural_hazards/tornado,Historic Occurrences,2384931,Card on LHMP_IA,NO PERMISSIONS SET - anyone with edit rights can change it,"Section Settings > Permissions: set authPermissions to {""users"":{},""groups"":{""LHMP Template Editor"":[""*""]}} - the value already on the other 290 LHMP_IA sections.",LHMP_IA edit lock,Open,,,,,,,,,,Published,,,,,
T1-064,1,SHMP narrative not permission-locked,Governance,Component setting,component,https://county_template.devmny.org/the_risk/natural_hazards/wildfire,the_risk/natural_hazards/wildfire,Overview,2384993,Card on LHMP_IA,NO PERMISSIONS SET - anyone with edit rights can change it,"Section Settings > Permissions: set authPermissions to {""users"":{},""groups"":{""LHMP Template Editor"":[""*""]}} - the value already on the other 290 LHMP_IA sections.",LHMP_IA edit lock,Open,,,,,,,,,,Published,,,,,
T1-065,1,SHMP narrative not permission-locked,Governance,Component setting,component,https://county_template.devmny.org/the_risk/natural_hazards/tornado,the_risk/natural_hazards/tornado,Built Environment,2384963,Card on LHMP_IA,NO PERMISSIONS SET - anyone with edit rights can change it,"Section Settings > Permissions: set authPermissions to {""users"":{},""groups"":{""LHMP Template Editor"":[""*""]}} - the value already on the other 290 LHMP_IA sections.",LHMP_IA edit lock,Open,,,,,,,,,,Published,,,,,
T1-066,1,SHMP narrative not permission-locked,Governance,Component setting,component,https://county_template.devmny.org/the_risk/natural_hazards/tornado,the_risk/natural_hazards/tornado,People and Communities,2384966,Card on LHMP_IA,NO PERMISSIONS SET - anyone with edit rights can change it,"Section Settings > Permissions: set authPermissions to {""users"":{},""groups"":{""LHMP Template Editor"":[""*""]}} - the value already on the other 290 LHMP_IA sections.",LHMP_IA edit lock,Open,,,,,,,,,,Published,,,,,
T1-067,1,SHMP narrative not permission-locked,Governance,Component setting,component,https://county_template.devmny.org/the_risk/natural_hazards/tornado,the_risk/natural_hazards/tornado,Natural Environment,2384969,Card on LHMP_IA,NO PERMISSIONS SET - anyone with edit rights can change it,"Section Settings > Permissions: set authPermissions to {""users"":{},""groups"":{""LHMP Template Editor"":[""*""]}} - the value already on the other 290 LHMP_IA sections.",LHMP_IA edit lock,Open,,,,,,,,,,Published,,,,,
T1-068,1,SHMP narrative not permission-locked,Governance,Component setting,component,https://county_template.devmny.org/the_risk/natural_hazards/wildfire,the_risk/natural_hazards/wildfire,General Vulnerability,2385002,Card on LHMP_IA,NO PERMISSIONS SET - anyone with edit rights can change it,"Section Settings > Permissions: set authPermissions to {""users"":{},""groups"":{""LHMP Template Editor"":[""*""]}} - the value already on the other 290 LHMP_IA sections.",LHMP_IA edit lock,Open,,,,,,,,,,Published,,,,,
T1-069,1,SHMP narrative not permission-locked,Governance,Component setting,component,https://county_template.devmny.org/the_risk/natural_hazards/wildfire,the_risk/natural_hazards/wildfire,(untitled Card),2385003,Card on LHMP_IA,NO PERMISSIONS SET - anyone with edit rights can change it,"Section Settings > Permissions: set authPermissions to {""users"":{},""groups"":{""LHMP Template Editor"":[""*""]}} - the value already on the other 290 LHMP_IA sections.",LHMP_IA edit lock,Open,,,,,,,,,,Published,,,,,
T1-070,1,SHMP narrative not permission-locked,Governance,Component setting,component,https://county_template.devmny.org/the_risk/natural_hazards/wildfire,the_risk/natural_hazards/wildfire,Historic Occurrences,2385006,Card on LHMP_IA,NO PERMISSIONS SET - anyone with edit rights can change it,"Section Settings > Permissions: set authPermissions to {""users"":{},""groups"":{""LHMP Template Editor"":[""*""]}} - the value already on the other 290 LHMP_IA sections.",LHMP_IA edit lock,Open,,,,,,,,,,Published,,,,,
T1-071,1,SHMP narrative not permission-locked,Governance,Component setting,component,https://county_template.devmny.org/the_risk/natural_hazards/wildfire,the_risk/natural_hazards/wildfire,People and Communities,2385041,Card on LHMP_IA,NO PERMISSIONS SET - anyone with edit rights can change it,"Section Settings > Permissions: set authPermissions to {""users"":{},""groups"":{""LHMP Template Editor"":[""*""]}} - the value already on the other 290 LHMP_IA sections.",LHMP_IA edit lock,Open,,,,,,,,,,Published,,,,,
T1-072,1,SHMP narrative not permission-locked,Governance,Component setting,component,https://county_template.devmny.org/the_risk/natural_hazards/wildfire,the_risk/natural_hazards/wildfire,Built Environment,2385038,Card on LHMP_IA,NO PERMISSIONS SET - anyone with edit rights can change it,"Section Settings > Permissions: set authPermissions to {""users"":{},""groups"":{""LHMP Template Editor"":[""*""]}} - the value already on the other 290 LHMP_IA sections.",LHMP_IA edit lock,Open,,,,,,,,,,Published,,,,,
T1-073,1,SHMP narrative not permission-locked,Governance,Component setting,component,https://county_template.devmny.org/the_risk/natural_hazards/wildfire,the_risk/natural_hazards/wildfire,Natural Environment,2385044,Card on LHMP_IA,NO PERMISSIONS SET - anyone with edit rights can change it,"Section Settings > Permissions: set authPermissions to {""users"":{},""groups"":{""LHMP Template Editor"":[""*""]}} - the value already on the other 290 LHMP_IA sections.",LHMP_IA edit lock,Open,,,,,,,,,,Published,,,,,
T1-074,1,SHMP narrative not permission-locked,Governance,Component setting,component,https://county_template.devmny.org/the_risk/natural_hazards/wind,the_risk/natural_hazards/wind,Overview,2385068,Card on LHMP_IA,NO PERMISSIONS SET - anyone with edit rights can change it,"Section Settings > Permissions: set authPermissions to {""users"":{},""groups"":{""LHMP Template Editor"":[""*""]}} - the value already on the other 290 LHMP_IA sections.",LHMP_IA edit lock,Open,,,,,,,,,,Published,,,,,
T1-075,1,SHMP narrative not permission-locked,Governance,Component setting,component,https://county_template.devmny.org/the_risk/natural_hazards/wind,the_risk/natural_hazards/wind,General Vulnerability,2385076,Card on LHMP_IA,NO PERMISSIONS SET - anyone with edit rights can change it,"Section Settings > Permissions: set authPermissions to {""users"":{},""groups"":{""LHMP Template Editor"":[""*""]}} - the value already on the other 290 LHMP_IA sections.",LHMP_IA edit lock,Open,,,,,,,,,,Published,,,,,
T1-076,1,SHMP narrative not permission-locked,Governance,Component setting,component,https://county_template.devmny.org/the_risk/natural_hazards/wind,the_risk/natural_hazards/wind,(untitled Card),2385077,Card on LHMP_IA,NO PERMISSIONS SET - anyone with edit rights can change it,"Section Settings > Permissions: set authPermissions to {""users"":{},""groups"":{""LHMP Template Editor"":[""*""]}} - the value already on the other 290 LHMP_IA sections.",LHMP_IA edit lock,Open,,,,,,,,,,Published,,,,,
T1-077,1,SHMP narrative not permission-locked,Governance,Component setting,component,https://county_template.devmny.org/the_risk/natural_hazards/wind,the_risk/natural_hazards/wind,Historic Occurrences,2385080,Card on LHMP_IA,NO PERMISSIONS SET - anyone with edit rights can change it,"Section Settings > Permissions: set authPermissions to {""users"":{},""groups"":{""LHMP Template Editor"":[""*""]}} - the value already on the other 290 LHMP_IA sections.",LHMP_IA edit lock,Open,,,,,,,,,,Published,,,,,
T1-078,1,SHMP narrative not permission-locked,Governance,Component setting,component,https://county_template.devmny.org/the_risk/natural_hazards/wind,the_risk/natural_hazards/wind,Built Environment,2385110,Card on LHMP_IA,NO PERMISSIONS SET - anyone with edit rights can change it,"Section Settings > Permissions: set authPermissions to {""users"":{},""groups"":{""LHMP Template Editor"":[""*""]}} - the value already on the other 290 LHMP_IA sections.",LHMP_IA edit lock,Open,,,,,,,,,,Published,,,,,
T1-079,1,SHMP narrative not permission-locked,Governance,Component setting,component,https://county_template.devmny.org/the_risk/natural_hazards/wind,the_risk/natural_hazards/wind,People and Communities,2385113,Card on LHMP_IA,NO PERMISSIONS SET - anyone with edit rights can change it,"Section Settings > Permissions: set authPermissions to {""users"":{},""groups"":{""LHMP Template Editor"":[""*""]}} - the value already on the other 290 LHMP_IA sections.",LHMP_IA edit lock,Open,,,,,,,,,,Published,,,,,
T1-080,1,SHMP narrative not permission-locked,Governance,Component setting,component,https://county_template.devmny.org/the_risk/natural_hazards/wind,the_risk/natural_hazards/wind,Natural Environment,2385116,Card on LHMP_IA,NO PERMISSIONS SET - anyone with edit rights can change it,"Section Settings > Permissions: set authPermissions to {""users"":{},""groups"":{""LHMP Template Editor"":[""*""]}} - the value already on the other 290 LHMP_IA sections.",LHMP_IA edit lock,Open,,,,,,,,,,Published,,,,,
T1-081,1,SHMP narrative not permission-locked,Governance,Component setting,component,https://county_template.devmny.org/the_local_environment/natural_environment,the_local_environment/natural_environment,(untitled Card),2335941,Card on LHMP_IA,NO PERMISSIONS SET - anyone with edit rights can change it,"Section Settings > Permissions: set authPermissions to {""users"":{},""groups"":{""LHMP Template Editor"":[""*""]}} - the value already on the other 290 LHMP_IA sections.",LHMP_IA edit lock,Open,,,,,,,,,,Published,,,,,
T1-082,1,SHMP narrative not permission-locked,Governance,Component setting,component,https://county_template.devmny.org/the_local_environment/natural_environment,the_local_environment/natural_environment,(untitled Card),2335947,Card on LHMP_IA,NO PERMISSIONS SET - anyone with edit rights can change it,"Section Settings > Permissions: set authPermissions to {""users"":{},""groups"":{""LHMP Template Editor"":[""*""]}} - the value already on the other 290 LHMP_IA sections.",LHMP_IA edit lock,Open,,,,,,,,,,Published,,,,,
T2-004,2,Broken image,Tier 2,Component setting,component,https://county_template.devmny.org/the_plan,the_plan,(untitled lexical),2100632,lexical,404 - https://availabs-bucket.files.availabs.org/img/mitigat-ny-prod/2100632_0_736e1d602030.webp,"The upload is gone from the bucket. Re-upload the image through the section editor, or repoint the section at the equivalent /themes/mny/illustrations/*.webp already on the server.",missing upload in bucket,Open,,,,,,,,,,Published,,,,,
T2-005,2,Broken image,Tier 2,Component setting,component,https://county_template.devmny.org/track_progress,track_progress,(untitled lexical),2100791,lexical,404 - https://availabs-bucket.files.availabs.org/img/mitigat-ny-prod/2100791_0_f3deac979b1e.webp,"The upload is gone from the bucket. Re-upload the image through the section editor, or repoint the section at the equivalent /themes/mny/illustrations/*.webp already on the server.",missing upload in bucket,Open,,,,,,,,,,Published,,,,,
T2-008,2,Broken image,Tier 2,Component setting,component,https://county_template.devmny.org/track_progress,track_progress,(untitled lexical),2100790,lexical,404 - https://availabs-bucket.files.availabs.org/img/mitigat-ny-prod/2100790_0_f4e098409762.webp,"The upload is gone from the bucket. Re-upload the image through the section editor, or repoint the section at the equivalent /themes/mny/illustrations/*.webp already on the server.",missing upload in bucket,Open,,,,,,,,,,Published,,,,,
T2-009,2,Broken image,Tier 2,Component setting,component,https://county_template.devmny.org/the_plan,the_plan,(untitled lexical),2100631,lexical,404 - https://availabs-bucket.files.availabs.org/img/mitigat-ny-prod/2100631_0_f3deac979b1e.webp,"The upload is gone from the bucket. Re-upload the image through the section editor, or repoint the section at the equivalent /themes/mny/illustrations/*.webp already on the server.",missing upload in bucket,Open,,,,,,,,,,Published,,,,,
T2-010,2,Broken image,Tier 2,Component setting,component,https://county_template.devmny.org/the_plan,the_plan,(untitled lexical),2100633,lexical,404 - https://availabs-bucket.files.availabs.org/img/mitigat-ny-prod/2100633_0_605ea3737a9a.webp,"The upload is gone from the bucket. Re-upload the image through the section editor, or repoint the section at the equivalent /themes/mny/illustrations/*.webp already on the server.",missing upload in bucket,Open,,,,,,,,,,Published,,,,,
T2-011,2,Broken image,Tier 2,Component setting,component,https://county_template.devmny.org/the_local_environment/natural_environment,the_local_environment/natural_environment,(untitled lexical),2335952,lexical,"200 but text/html; charset=UTF-8 - SPA fallback, file missing - https://ny.audubon.org/sites/default/files/styles/bean_wysiwyg_full_width/public/diane_lewis_wetlands.jpg",External hotlink no longer serves an image. Upload a hosted copy and point the section at it instead of ny.audubon.org.,external hotlink,Open,,,,,,,,,,Published,,,,,
T3-002,3,Section returns no rows,Tier 2,Component setting,component,https://county_template.devmny.org/the_plan/jurisdictional_annexes/jurisdictional_annex_form,the_plan/jurisdictional_annexes/jurisdictional_annex_form,Infrastructure,2262455,Card on LHMP_IA,filtered to nothing (siblings with rows: 369; stored predicates: 4),"Siblings on the same source and view return rows while this one is cached at zero. Refetch the section; if it still returns nothing, re-check its filter against the page variables it should be reading.",LHMP_IA|1441681,Open,,,,,,,,,,Published,,,,,
T3-004,3,Section returns no rows,Tier 2,Component setting,component,https://county_template.devmny.org/track_progress/funding_sources,track_progress/funding_sources,(untitled Filter),2050872,Filter on Funding_Sources,"NO filter, yet zero rows while siblings return data - stale cache or broken binding (siblings with rows: 1; stored predicates: 0)","Siblings on the same source and view return rows while this one is cached at zero. Refetch the section; if it still returns nothing, re-check its filter against the page variables it should be reading.",Funding_Sources|1672381,Open,,,,,,,,,,Published,,,,,
T3-005,3,Section returns no rows,Tier 2,Component setting,component,https://county_template.devmny.org/the_plan/jurisdictional_annexes/jurisdictional_annex_form,the_plan/jurisdictional_annexes/jurisdictional_annex_form,(untitled Header: MNY Data),2262432,Header: MNY Data on Jurisdictions,"whole (source,view) is empty here - upstream/tenant data (siblings with rows: 0; stored predicates: 1)","No view is pinned. Section Settings > Data Source: re-select the Jurisdictions source so sourceInfo.view_id is set (1346450), then refetch.",Jurisdictions|undefined,Open,,,,,,,,,,Published,,,,,
T3-007,3,Section returns no rows,Tier 2,Component setting,component,https://county_template.devmny.org/the_plan/jurisdictional_annexes/jurisdictional_annex_form,the_plan/jurisdictional_annexes/jurisdictional_annex_form,Completed Actions Table,2262513,Spreadsheet on Actions_Revised,filtered to nothing (siblings with rows: 2; stored predicates: 6),"Siblings on the same source and view return rows while this one is cached at zero. Refetch the section; if it still returns nothing, re-check its filter against the page variables it should be reading.",Actions_Revised|1074456,Open,,,,,,,,,,Published,,,,,
T3-008,3,Section returns no rows,Tier 2,Component setting,component,https://county_template.devmny.org/the_plan/jurisdictional_annexes/jurisdictional_annex_form,the_plan/jurisdictional_annexes/jurisdictional_annex_form,In-Progress Actions Table,2262517,Spreadsheet on Actions_Revised,filtered to nothing (siblings with rows: 2; stored predicates: 6),"Siblings on the same source and view return rows while this one is cached at zero. Refetch the section; if it still returns nothing, re-check its filter against the page variables it should be reading.",Actions_Revised|1074456,Open,,,,,,,,,,Published,,,,,
T3-009,3,Section returns no rows,Tier 2,Component setting,component,https://county_template.devmny.org/the_plan/capabilities_assessment,the_plan/capabilities_assessment,Local Capabilities Table,2374592,Spreadsheet on Capabilities_Catalogue,filtered to nothing (siblings with rows: 9; stored predicates: 4),"Siblings on the same source and view return rows while this one is cached at zero. Refetch the section; if it still returns nothing, re-check its filter against the page variables it should be reading.",Capabilities_Catalogue|1172519,Open,,,,,,,,,,Published,,,,,
T3-010,3,Section returns no rows,Tier 2,Component setting,component,https://county_template.devmny.org/the_plan/capabilities_assessment,the_plan/capabilities_assessment,Local Capabilities Table,2374598,Spreadsheet on Capabilities_Catalogue,filtered to nothing (siblings with rows: 9; stored predicates: 5),"Siblings on the same source and view return rows while this one is cached at zero. Refetch the section; if it still returns nothing, re-check its filter against the page variables it should be reading.",Capabilities_Catalogue|1172519,Open,,,,,,,,,,Published,,,,,
T3-011,3,Section returns no rows,Tier 2,Component setting,component,https://county_template.devmny.org/the_plan/capabilities_assessment,the_plan/capabilities_assessment,Local Capabilities Table,2374604,Spreadsheet on Capabilities_Catalogue,filtered to nothing (siblings with rows: 9; stored predicates: 4),"Siblings on the same source and view return rows while this one is cached at zero. Refetch the section; if it still returns nothing, re-check its filter against the page variables it should be reading.",Capabilities_Catalogue|1172519,Open,,,,,,,,,,Published,,,,,
T3-012,3,Section returns no rows,Tier 2,Component setting,component,https://county_template.devmny.org/the_plan/capabilities_assessment,the_plan/capabilities_assessment,Local Financial Capabilities,2374610,Spreadsheet on Capabilities_Catalogue,filtered to nothing (siblings with rows: 9; stored predicates: 4),"Siblings on the same source and view return rows while this one is cached at zero. Refetch the section; if it still returns nothing, re-check its filter against the page variables it should be reading.",Capabilities_Catalogue|1172519,Open,,,,,,,,,,Published,,,,,
T3-014,3,Section returns no rows,Tier 2,Component setting,component,https://county_template.devmny.org/the_risk/natural_hazards/avalanche,the_risk/natural_hazards/avalanche,(untitled Graph),2380757,Graph on src 870,filtered to nothing (siblings with rows: 45; stored predicates: 4),"Siblings on the same source and view return rows while this one is cached at zero. Refetch the section; if it still returns nothing, re-check its filter against the page variables it should be reading.",src 870|1648,Open,,,,,,,,,,Published,,,,,
T3-015,3,Section returns no rows,Tier 2,Component setting,component,https://county_template.devmny.org/the_risk/natural_hazards/landslide,the_risk/natural_hazards/landslide,(untitled Card),2384695,Card on src 870,filtered to nothing (siblings with rows: 45; stored predicates: 3),"Siblings on the same source and view return rows while this one is cached at zero. Refetch the section; if it still returns nothing, re-check its filter against the page variables it should be reading.",src 870|1648,Open,,,,,,,,,,Published,,,,,
T3-016,3,Section returns no rows,Tier 2,Component setting,component,https://county_template.devmny.org/the_risk/natural_hazards/landslide,the_risk/natural_hazards/landslide,(untitled Graph),2384710,Graph on src 870,filtered to nothing (siblings with rows: 45; stored predicates: 4),"Siblings on the same source and view return rows while this one is cached at zero. Refetch the section; if it still returns nothing, re-check its filter against the page variables it should be reading.",src 870|1648,Open,,,,,,,,,,Published,,,,,
T3-017,3,Section returns no rows,Tier 2,Component setting,component,https://county_template.devmny.org/the_risk/natural_hazards/wildfire,the_risk/natural_hazards/wildfire,(untitled Card),2384994,Card on src 870,filtered to nothing (siblings with rows: 45; stored predicates: 3),"Siblings on the same source and view return rows while this one is cached at zero. Refetch the section; if it still returns nothing, re-check its filter against the page variables it should be reading.",src 870|1648,Open,,,,,,,,,,Published,,,,,
T3-018,3,Section returns no rows,Tier 2,Component setting,component,https://county_template.devmny.org/the_risk/natural_hazards/wildfire,the_risk/natural_hazards/wildfire,(untitled Graph),2385009,Graph on src 870,filtered to nothing (siblings with rows: 45; stored predicates: 4),"Siblings on the same source and view return rows while this one is cached at zero. Refetch the section; if it still returns nothing, re-check its filter against the page variables it should be reading.",src 870|1648,Open,,,,,,,,,,Published,,,,,
T3-019,3,Section returns no rows,Tier 2,Developer fix,component,https://county_template.devmny.org/the_risk/disasters/disaster_template,the_risk/disasters/disaster_template,United States Department of Agriculture Crop Loss in the County,2249227,Spreadsheet on src 342,"whole (source,view) is empty here - upstream/tenant data (siblings with rows: 0; stored predicates: 2)","The whole source/view is empty for this tenant, so the section is honest - but it renders a zero-row grid with an enabled NEXT. Needs an empty-state treatment on the component; until then, hide the section for tenants with no rows.",src 342|1197,Open,,,,,,,,,,Published,,,,,
T3-020,3,Section returns no rows,Tier 2,Developer fix,component,https://county_template.devmny.org/the_plan/about_the_process,the_plan/about_the_process,Planning Meetings,2386715,Spreadsheet on Participation,"whole (source,view) is empty here - upstream/tenant data (siblings with rows: 0; stored predicates: 1)","The whole source/view is empty for this tenant, so the section is honest - but it renders a zero-row grid with an enabled NEXT. Needs an empty-state treatment on the component; until then, hide the section for tenants with no rows.",Participation|1473469,Open,,,,,,,,,,Published,,,,,
T4-001,4,Out-of-date metadata,Maintenance,Component setting,column,https://county_template.devmny.org/the_plan/jurisdictional_annexes,the_plan/jurisdictional_annexes,Jurisdictional Annex Table,1959580,Spreadsheet on Jurisdictions,"column geoid - display+meta_lookup | stored display=undefined ; meta_lookup=undefined | live display=""meta"" ; meta_lookup=""{\""view_id\"":\""1346450\"",\""keyAttribute\"":\""geoid","Columns menu > ""geoid"" > Refresh Meta. Refresh this column only - a blanket refresh overwrites author overrides on all nine synced attributes.",Jurisdictions :: geoid,Open,,,,,,,,,,Published,,,,,
T4-002,4,Out-of-date metadata,Maintenance,Component setting,column,https://county_template.devmny.org/the_plan/jurisdictional_annexes/jurisdictional_annex_form,the_plan/jurisdictional_annexes/jurisdictional_annex_form,(untitled Header: MNY Data),2262432,Header: MNY Data on Jurisdictions,"column geoid - display+meta_lookup | stored display=undefined ; meta_lookup=undefined | live display=""meta"" ; meta_lookup=""{\""view_id\"":\""1346450\"",\""keyAttribute\"":\""geoid","Columns menu > ""geoid"" > Refresh Meta. Refresh this column only - a blanket refresh overwrites author overrides on all nine synced attributes.",Jurisdictions :: geoid,Open,,,,,,,,,,Published,,,,,
T4-003,4,Out-of-date metadata,Maintenance,Component setting,column,https://county_template.devmny.org/the_plan/jurisdictional_annexes/jurisdictional_annex_form,the_plan/jurisdictional_annexes/jurisdictional_annex_form,Local Actions Database,2262497,Spreadsheet on Actions_Revised,"column action_name - required | stored required=false | live required=""yes""","Columns menu > ""action_name"" > Refresh Meta. Refresh this column only - a blanket refresh overwrites author overrides on all nine synced attributes.",Actions_Revised :: action_name,Open,,,,,,,,,,Published,,,,,
T4-004,4,Out-of-date metadata,Maintenance,Component setting,column,https://county_template.devmny.org/the_plan/jurisdictional_annexes/jurisdictional_annex_form,the_plan/jurisdictional_annexes/jurisdictional_annex_form,Local Actions Database,2262497,Spreadsheet on Actions_Revised,"column jurisdiction - required | stored required=false | live required=""yes""","Columns menu > ""jurisdiction"" > Refresh Meta. Refresh this column only - a blanket refresh overwrites author overrides on all nine synced attributes.",Actions_Revised :: jurisdiction,Open,,,,,,,,,,Published,,,,,
T4-005,4,Out-of-date metadata,Maintenance,Component setting,column,https://county_template.devmny.org/the_plan/jurisdictional_annexes/jurisdictional_annex_form,the_plan/jurisdictional_annexes/jurisdictional_annex_form,Local Actions Database,2262497,Spreadsheet on Actions_Revised,"column action_status - required+options | stored required=false ; options=[{""label"":""Progress Not Reported"",""value"":""Progres | live required=""yes"" ; options=[{""label"":""Progress Not Reported"",""value"":""Progres","Columns menu > ""action_status"" > Refresh Meta. Refresh this column only - a blanket refresh overwrites author overrides on all nine synced attributes.",Actions_Revised :: action_status,Open,,,,,,,,,,Published,,,,,
T4-006,4,Out-of-date metadata,Maintenance,Component setting,column,https://county_template.devmny.org/the_plan/jurisdictional_annexes/jurisdictional_annex_form,the_plan/jurisdictional_annexes/jurisdictional_annex_form,Local Actions Database,2262497,Spreadsheet on Actions_Revised,"column description_of_the_problem_problem_statement - type+required | stored type=""text"" ; required=false | live type=""textarea"" ; required=""yes""","Columns menu > ""description_of_the_problem_problem_statement"" > Refresh Meta. Refresh this column only - a blanket refresh overwrites author overrides on all nine synced attributes.",Actions_Revised :: description_of_the_problem_problem_statement,Open,,,,,,,,,,Published,,,,,
T4-007,4,Out-of-date metadata,Maintenance,Component setting,column,https://county_template.devmny.org/the_plan/jurisdictional_annexes/jurisdictional_annex_form,the_plan/jurisdictional_annexes/jurisdictional_annex_form,Local Actions Database,2262497,Spreadsheet on Actions_Revised,"column description_of_the_solution_action_description - type+required | stored type=""text"" ; required=false | live type=""textarea"" ; required=""yes""","Columns menu > ""description_of_the_solution_action_description"" > Refresh Meta. Refresh this column only - a blanket refresh overwrites author overrides on all nine synced attributes.",Actions_Revised :: description_of_the_solution_action_description,Open,,,,,,,,,,Published,,,,,
T4-008,4,Out-of-date metadata,Maintenance,Component setting,column,https://county_template.devmny.org/the_plan/jurisdictional_annexes/jurisdictional_annex_form,the_plan/jurisdictional_annexes/jurisdictional_annex_form,Local Actions Database,2262497,Spreadsheet on Actions_Revised,"column estimated_cost - dataType | stored dataType=undefined | live dataType=""numeric""","Columns menu > ""estimated_cost"" > Refresh Meta. Refresh this column only - a blanket refresh overwrites author overrides on all nine synced attributes.",Actions_Revised :: estimated_cost,Open,,,,,,,,,,Published,,,,,
T4-009,4,Out-of-date metadata,Maintenance,Component setting,column,https://county_template.devmny.org/the_plan/jurisdictional_annexes/jurisdictional_annex_form,the_plan/jurisdictional_annexes/jurisdictional_annex_form,Local Actions Database,2262497,Spreadsheet on Actions_Revised,"column lead_agency_department - type+required | stored type=""select"" ; required=false | live type=""text"" ; required=""yes""","Columns menu > ""lead_agency_department"" > Refresh Meta. Refresh this column only - a blanket refresh overwrites author overrides on all nine synced attributes.",Actions_Revised :: lead_agency_department,Open,,,,,,,,,,Published,,,,,
T4-010,4,Out-of-date metadata,Maintenance,Component setting,column,https://county_template.devmny.org/the_plan/jurisdictional_annexes/jurisdictional_annex_form,the_plan/jurisdictional_annexes/jurisdictional_annex_form,Local Actions Database,2262497,Spreadsheet on Actions_Revised,"column source_id - options | stored options=[{""label"":""SHMP"",""value"":""SHMP""},{""label"":""LHMP"","" | live options=[{""label"":""State"",""value"":""State""},{""label"":""Local","Columns menu > ""source_id"" > Refresh Meta. Refresh this column only - a blanket refresh overwrites author overrides on all nine synced attributes.",Actions_Revised :: source_id,Open,,,,,,,,,,Published,,,,,
T4-011,4,Out-of-date metadata,Maintenance,Component setting,column,https://county_template.devmny.org/the_plan/jurisdictional_annexes/jurisdictional_annex_form,the_plan/jurisdictional_annexes/jurisdictional_annex_form,Local Actions Database,2262497,Spreadsheet on Actions_Revised,"column geoid_juris - mapped_options+meta_lookup | stored mapped_options=""{\""sourceId\"":\""1346449\"",\""viewId\"":\""1346450\"", ; meta_lookup=""{\""view_id\"":\""1346450\"",\""keyAttribute\"":\""geoid | live mapped_options=""{\""sourceId\"":\""1346449\"",\""viewId\"":\""1346450\"", ; meta_lookup=""{\""view_id\"":\""1346450\"",\""keyAttribute\"":\""geoid","Columns menu > ""geoid_juris"" > Refresh Meta. Refresh this column only - a blanket refresh overwrites author overrides on all nine synced attributes.",Actions_Revised :: geoid_juris,Open,,,,,,,,,,Published,,,,,
T4-012,4,Out-of-date metadata,Maintenance,Component setting,column,https://county_template.devmny.org/the_plan/jurisdictional_annexes/jurisdictional_annex_form,the_plan/jurisdictional_annexes/jurisdictional_annex_form,Local Actions Database,2262497,Spreadsheet on Actions_Revised,"column county_geoid - display+mapped_options+meta_lookup | stored display=undefined ; mapped_options=undefined ; meta_lookup=undefined | live display=""meta"" ; mapped_options=""{\""sourceId\"":\""953754\"",\""viewId\"":\""1108098\"",\ ; meta_lookup=""{\""view_id\"":\""1108098\"",\""keyAttribute\"":\""geoid","Columns menu > ""county_geoid"" > Refresh Meta. Refresh this column only - a blanket refresh overwrites author overrides on all nine synced attributes.",Actions_Revised :: county_geoid,Open,,,,,,,,,,Published,,,,,
T4-013,4,Out-of-date metadata,Maintenance,Component setting,column,https://county_template.devmny.org/the_plan/jurisdictional_annexes/jurisdictional_annex_form,the_plan/jurisdictional_annexes/jurisdictional_annex_form,(untitled Spreadsheet),2262507,Spreadsheet on Capabilities_Catalogue,"column capability_name - required | stored required=false | live required=""yes""","Columns menu > ""capability_name"" > Refresh Meta. Refresh this column only - a blanket refresh overwrites author overrides on all nine synced attributes.",Capabilities_Catalogue :: capability_name,Open,,,,,,,,,,Published,,,,,
T4-014,4,Out-of-date metadata,Maintenance,Component setting,column,https://county_template.devmny.org/the_plan/jurisdictional_annexes/jurisdictional_annex_form,the_plan/jurisdictional_annexes/jurisdictional_annex_form,(untitled Spreadsheet),2262507,Spreadsheet on Capabilities_Catalogue,"column geoid_county - type+display+dataType+mapped_options+meta_lookup | stored type=undefined ; display=undefined ; dataType=undefined ; mapped_options=undefined ; meta_lookup=undefined | live type=""select"" ; display=""meta"" ; dataType=""text"" ; mapped_options=""{\""sourceId\"":\""953754\"",\""viewId\"":\""1108098\"",\ ; meta_lookup=""{\""view_id\"":\""1108098\"",\""keyAttribute\"":\""geoid","Columns menu > ""geoid_county"" > Refresh Meta. Refresh this column only - a blanket refresh overwrites author overrides on all nine synced attributes.",Capabilities_Catalogue :: geoid_county,Open,,,,,,,,,,Published,,,,,
T4-015,4,Out-of-date metadata,Maintenance,Component setting,column,https://county_template.devmny.org/the_plan/jurisdictional_annexes/jurisdictional_annex_form,the_plan/jurisdictional_annexes/jurisdictional_annex_form,(untitled Spreadsheet),2262507,Spreadsheet on Capabilities_Catalogue,"column geoid_juris - type+display+dataType+mapped_options+meta_lookup | stored type=undefined ; display=undefined ; dataType=undefined ; mapped_options=undefined ; meta_lookup=undefined | live type=""select"" ; display=""meta"" ; dataType=""text"" ; mapped_options=""{\""sourceId\"":\""1346449\"",\""viewId\"":\""1346450\"", ; meta_lookup=""{\""view_id\"":\""1346450\"",\""keyAttribute\"":\""geoid","Columns menu > ""geoid_juris"" > Refresh Meta. Refresh this column only - a blanket refresh overwrites author overrides on all nine synced attributes.",Capabilities_Catalogue :: geoid_juris,Open,,,,,,,,,,Published,,,,,
T4-016,4,Out-of-date metadata,Maintenance,Component setting,column,https://county_template.devmny.org/the_plan/jurisdictional_annexes/jurisdictional_annex_form,the_plan/jurisdictional_annexes/jurisdictional_annex_form,Completed Actions Table,2262513,Spreadsheet on Actions_Revised,"column action_name - required | stored required=false | live required=""yes""","Columns menu > ""action_name"" > Refresh Meta. Refresh this column only - a blanket refresh overwrites author overrides on all nine synced attributes.",Actions_Revised :: action_name,Open,,,,,,,,,,Published,,,,,
T4-017,4,Out-of-date metadata,Maintenance,Component setting,column,https://county_template.devmny.org/the_plan/jurisdictional_annexes/jurisdictional_annex_form,the_plan/jurisdictional_annexes/jurisdictional_annex_form,Completed Actions Table,2262513,Spreadsheet on Actions_Revised,"column jurisdiction - required | stored required=false | live required=""yes""","Columns menu > ""jurisdiction"" > Refresh Meta. Refresh this column only - a blanket refresh overwrites author overrides on all nine synced attributes.",Actions_Revised :: jurisdiction,Open,,,,,,,,,,Published,,,,,
T4-018,4,Out-of-date metadata,Maintenance,Component setting,column,https://county_template.devmny.org/the_plan/jurisdictional_annexes/jurisdictional_annex_form,the_plan/jurisdictional_annexes/jurisdictional_annex_form,Completed Actions Table,2262513,Spreadsheet on Actions_Revised,"column action_status - required+options | stored required=false ; options=[{""label"":""Progress Not Reported"",""value"":""Progres | live required=""yes"" ; options=[{""label"":""Progress Not Reported"",""value"":""Progres","Columns menu > ""action_status"" > Refresh Meta. Refresh this column only - a blanket refresh overwrites author overrides on all nine synced attributes.",Actions_Revised :: action_status,Open,,,,,,,,,,Published,,,,,
T4-019,4,Out-of-date metadata,Maintenance,Component setting,column,https://county_template.devmny.org/the_plan/jurisdictional_annexes/jurisdictional_annex_form,the_plan/jurisdictional_annexes/jurisdictional_annex_form,Completed Actions Table,2262513,Spreadsheet on Actions_Revised,"column description_of_the_problem_problem_statement - type+required | stored type=""text"" ; required=false | live type=""textarea"" ; required=""yes""","Columns menu > ""description_of_the_problem_problem_statement"" > Refresh Meta. Refresh this column only - a blanket refresh overwrites author overrides on all nine synced attributes.",Actions_Revised :: description_of_the_problem_problem_statement,Open,,,,,,,,,,Published,,,,,
T4-020,4,Out-of-date metadata,Maintenance,Component setting,column,https://county_template.devmny.org/the_plan/jurisdictional_annexes/jurisdictional_annex_form,the_plan/jurisdictional_annexes/jurisdictional_annex_form,Completed Actions Table,2262513,Spreadsheet on Actions_Revised,"column description_of_the_solution_action_description - type+required | stored type=""text"" ; required=false | live type=""textarea"" ; required=""yes""","Columns menu > ""description_of_the_solution_action_description"" > Refresh Meta. Refresh this column only - a blanket refresh overwrites author overrides on all nine synced attributes.",Actions_Revised :: description_of_the_solution_action_description,Open,,,,,,,,,,Published,,,,,
T4-021,4,Out-of-date metadata,Maintenance,Component setting,column,https://county_template.devmny.org/the_plan/jurisdictional_annexes/jurisdictional_annex_form,the_plan/jurisdictional_annexes/jurisdictional_annex_form,Completed Actions Table,2262513,Spreadsheet on Actions_Revised,"column estimated_cost - dataType | stored dataType=undefined | live dataType=""numeric""","Columns menu > ""estimated_cost"" > Refresh Meta. Refresh this column only - a blanket refresh overwrites author overrides on all nine synced attributes.",Actions_Revised :: estimated_cost,Open,,,,,,,,,,Published,,,,,
T4-022,4,Out-of-date metadata,Maintenance,Component setting,column,https://county_template.devmny.org/the_plan/jurisdictional_annexes/jurisdictional_annex_form,the_plan/jurisdictional_annexes/jurisdictional_annex_form,Completed Actions Table,2262513,Spreadsheet on Actions_Revised,"column lead_agency_department - type+required | stored type=""select"" ; required=false | live type=""text"" ; required=""yes""","Columns menu > ""lead_agency_department"" > Refresh Meta. Refresh this column only - a blanket refresh overwrites author overrides on all nine synced attributes.",Actions_Revised :: lead_agency_department,Open,,,,,,,,,,Published,,,,,
T4-023,4,Out-of-date metadata,Maintenance,Component setting,column,https://county_template.devmny.org/the_plan/jurisdictional_annexes/jurisdictional_annex_form,the_plan/jurisdictional_annexes/jurisdictional_annex_form,Completed Actions Table,2262513,Spreadsheet on Actions_Revised,"column source_id - options | stored options=[{""label"":""SHMP"",""value"":""SHMP""},{""label"":""LHMP"","" | live options=[{""label"":""State"",""value"":""State""},{""label"":""Local","Columns menu > ""source_id"" > Refresh Meta. Refresh this column only - a blanket refresh overwrites author overrides on all nine synced attributes.",Actions_Revised :: source_id,Open,,,,,,,,,,Published,,,,,
T4-024,4,Out-of-date metadata,Maintenance,Component setting,column,https://county_template.devmny.org/the_plan/jurisdictional_annexes/jurisdictional_annex_form,the_plan/jurisdictional_annexes/jurisdictional_annex_form,Completed Actions Table,2262513,Spreadsheet on Actions_Revised,"column geoid_juris - mapped_options+meta_lookup | stored mapped_options=""{\""sourceId\"":\""1346449\"",\""viewId\"":\""1346450\"", ; meta_lookup=""{\""view_id\"":\""1346450\"",\""keyAttribute\"":\""geoid | live mapped_options=""{\""sourceId\"":\""1346449\"",\""viewId\"":\""1346450\"", ; meta_lookup=""{\""view_id\"":\""1346450\"",\""keyAttribute\"":\""geoid","Columns menu > ""geoid_juris"" > Refresh Meta. Refresh this column only - a blanket refresh overwrites author overrides on all nine synced attributes.",Actions_Revised :: geoid_juris,Open,,,,,,,,,,Published,,,,,
T4-025,4,Out-of-date metadata,Maintenance,Component setting,column,https://county_template.devmny.org/the_plan/jurisdictional_annexes/jurisdictional_annex_form,the_plan/jurisdictional_annexes/jurisdictional_annex_form,Completed Actions Table,2262513,Spreadsheet on Actions_Revised,"column county_geoid - display+mapped_options+meta_lookup | stored display=undefined ; mapped_options=undefined ; meta_lookup=undefined | live display=""meta"" ; mapped_options=""{\""sourceId\"":\""953754\"",\""viewId\"":\""1108098\"",\ ; meta_lookup=""{\""view_id\"":\""1108098\"",\""keyAttribute\"":\""geoid","Columns menu > ""county_geoid"" > Refresh Meta. Refresh this column only - a blanket refresh overwrites author overrides on all nine synced attributes.",Actions_Revised :: county_geoid,Open,,,,,,,,,,Published,,,,,
T4-026,4,Out-of-date metadata,Maintenance,Component setting,column,https://county_template.devmny.org/the_plan/jurisdictional_annexes/jurisdictional_annex_form,the_plan/jurisdictional_annexes/jurisdictional_annex_form,In-Progress Actions Table,2262517,Spreadsheet on Actions_Revised,"column action_name - required | stored required=false | live required=""yes""","Columns menu > ""action_name"" > Refresh Meta. Refresh this column only - a blanket refresh overwrites author overrides on all nine synced attributes.",Actions_Revised :: action_name,Open,,,,,,,,,,Published,,,,,
T4-027,4,Out-of-date metadata,Maintenance,Component setting,column,https://county_template.devmny.org/the_plan/jurisdictional_annexes/jurisdictional_annex_form,the_plan/jurisdictional_annexes/jurisdictional_annex_form,In-Progress Actions Table,2262517,Spreadsheet on Actions_Revised,"column jurisdiction - required | stored required=false | live required=""yes""","Columns menu > ""jurisdiction"" > Refresh Meta. Refresh this column only - a blanket refresh overwrites author overrides on all nine synced attributes.",Actions_Revised :: jurisdiction,Open,,,,,,,,,,Published,,,,,
T4-028,4,Out-of-date metadata,Maintenance,Component setting,column,https://county_template.devmny.org/the_plan/jurisdictional_annexes/jurisdictional_annex_form,the_plan/jurisdictional_annexes/jurisdictional_annex_form,In-Progress Actions Table,2262517,Spreadsheet on Actions_Revised,"column action_status - required+options | stored required=false ; options=[{""label"":""Progress Not Reported"",""value"":""Progres | live required=""yes"" ; options=[{""label"":""Progress Not Reported"",""value"":""Progres","Columns menu > ""action_status"" > Refresh Meta. Refresh this column only - a blanket refresh overwrites author overrides on all nine synced attributes.",Actions_Revised :: action_status,Open,,,,,,,,,,Published,,,,,
T4-029,4,Out-of-date metadata,Maintenance,Component setting,column,https://county_template.devmny.org/the_plan/jurisdictional_annexes/jurisdictional_annex_form,the_plan/jurisdictional_annexes/jurisdictional_annex_form,In-Progress Actions Table,2262517,Spreadsheet on Actions_Revised,"column description_of_the_problem_problem_statement - type+required | stored type=""text"" ; required=false | live type=""textarea"" ; required=""yes""","Columns menu > ""description_of_the_problem_problem_statement"" > Refresh Meta. Refresh this column only - a blanket refresh overwrites author overrides on all nine synced attributes.",Actions_Revised :: description_of_the_problem_problem_statement,Open,,,,,,,,,,Published,,,,,
T4-030,4,Out-of-date metadata,Maintenance,Component setting,column,https://county_template.devmny.org/the_plan/jurisdictional_annexes/jurisdictional_annex_form,the_plan/jurisdictional_annexes/jurisdictional_annex_form,In-Progress Actions Table,2262517,Spreadsheet on Actions_Revised,"column description_of_the_solution_action_description - type+required | stored type=""text"" ; required=false | live type=""textarea"" ; required=""yes""","Columns menu > ""description_of_the_solution_action_description"" > Refresh Meta. Refresh this column only - a blanket refresh overwrites author overrides on all nine synced attributes.",Actions_Revised :: description_of_the_solution_action_description,Open,,,,,,,,,,Published,,,,,
T4-031,4,Out-of-date metadata,Maintenance,Component setting,column,https://county_template.devmny.org/the_plan/jurisdictional_annexes/jurisdictional_annex_form,the_plan/jurisdictional_annexes/jurisdictional_annex_form,In-Progress Actions Table,2262517,Spreadsheet on Actions_Revised,"column estimated_cost - dataType | stored dataType=undefined | live dataType=""numeric""","Columns menu > ""estimated_cost"" > Refresh Meta. Refresh this column only - a blanket refresh overwrites author overrides on all nine synced attributes.",Actions_Revised :: estimated_cost,Open,,,,,,,,,,Published,,,,,
T4-032,4,Out-of-date metadata,Maintenance,Component setting,column,https://county_template.devmny.org/the_plan/jurisdictional_annexes/jurisdictional_annex_form,the_plan/jurisdictional_annexes/jurisdictional_annex_form,In-Progress Actions Table,2262517,Spreadsheet on Actions_Revised,"column lead_agency_department - type+required | stored type=""select"" ; required=false | live type=""text"" ; required=""yes""","Columns menu > ""lead_agency_department"" > Refresh Meta. Refresh this column only - a blanket refresh overwrites author overrides on all nine synced attributes.",Actions_Revised :: lead_agency_department,Open,,,,,,,,,,Published,,,,,
T4-033,4,Out-of-date metadata,Maintenance,Component setting,column,https://county_template.devmny.org/the_plan/jurisdictional_annexes/jurisdictional_annex_form,the_plan/jurisdictional_annexes/jurisdictional_annex_form,In-Progress Actions Table,2262517,Spreadsheet on Actions_Revised,"column source_id - options | stored options=[{""label"":""SHMP"",""value"":""SHMP""},{""label"":""LHMP"","" | live options=[{""label"":""State"",""value"":""State""},{""label"":""Local","Columns menu > ""source_id"" > Refresh Meta. Refresh this column only - a blanket refresh overwrites author overrides on all nine synced attributes.",Actions_Revised :: source_id,Open,,,,,,,,,,Published,,,,,
T4-034,4,Out-of-date metadata,Maintenance,Component setting,column,https://county_template.devmny.org/the_plan/jurisdictional_annexes/jurisdictional_annex_form,the_plan/jurisdictional_annexes/jurisdictional_annex_form,In-Progress Actions Table,2262517,Spreadsheet on Actions_Revised,"column geoid_juris - mapped_options+meta_lookup | stored mapped_options=""{\""sourceId\"":\""1346449\"",\""viewId\"":\""1346450\"", ; meta_lookup=""{\""view_id\"":\""1346450\"",\""keyAttribute\"":\""geoid | live mapped_options=""{\""sourceId\"":\""1346449\"",\""viewId\"":\""1346450\"", ; meta_lookup=""{\""view_id\"":\""1346450\"",\""keyAttribute\"":\""geoid","Columns menu > ""geoid_juris"" > Refresh Meta. Refresh this column only - a blanket refresh overwrites author overrides on all nine synced attributes.",Actions_Revised :: geoid_juris,Open,,,,,,,,,,Published,,,,,
T4-035,4,Out-of-date metadata,Maintenance,Component setting,column,https://county_template.devmny.org/the_plan/jurisdictional_annexes/jurisdictional_annex_form,the_plan/jurisdictional_annexes/jurisdictional_annex_form,In-Progress Actions Table,2262517,Spreadsheet on Actions_Revised,"column county_geoid - display+mapped_options+meta_lookup | stored display=undefined ; mapped_options=undefined ; meta_lookup=undefined | live display=""meta"" ; mapped_options=""{\""sourceId\"":\""953754\"",\""viewId\"":\""1108098\"",\ ; meta_lookup=""{\""view_id\"":\""1108098\"",\""keyAttribute\"":\""geoid","Columns menu > ""county_geoid"" > Refresh Meta. Refresh this column only - a blanket refresh overwrites author overrides on all nine synced attributes.",Actions_Revised :: county_geoid,Open,,,,,,,,,,Published,,,,,
T4-036,4,Out-of-date metadata,Maintenance,Component setting,column,https://county_template.devmny.org/the_plan/jurisdictional_annexes/jurisdictional_annex_form,the_plan/jurisdictional_annexes/jurisdictional_annex_form,Proposed Actions Table,2262520,Spreadsheet on Actions_Revised,"column action_name - required | stored required=false | live required=""yes""","Columns menu > ""action_name"" > Refresh Meta. Refresh this column only - a blanket refresh overwrites author overrides on all nine synced attributes.",Actions_Revised :: action_name,Open,,,,,,,,,,Published,,,,,
T4-037,4,Out-of-date metadata,Maintenance,Component setting,column,https://county_template.devmny.org/the_plan/jurisdictional_annexes/jurisdictional_annex_form,the_plan/jurisdictional_annexes/jurisdictional_annex_form,Proposed Actions Table,2262520,Spreadsheet on Actions_Revised,"column jurisdiction - required | stored required=false | live required=""yes""","Columns menu > ""jurisdiction"" > Refresh Meta. Refresh this column only - a blanket refresh overwrites author overrides on all nine synced attributes.",Actions_Revised :: jurisdiction,Open,,,,,,,,,,Published,,,,,
T4-038,4,Out-of-date metadata,Maintenance,Component setting,column,https://county_template.devmny.org/the_plan/jurisdictional_annexes/jurisdictional_annex_form,the_plan/jurisdictional_annexes/jurisdictional_annex_form,Proposed Actions Table,2262520,Spreadsheet on Actions_Revised,"column action_status - required+options | stored required=false ; options=[{""label"":""Progress Not Reported"",""value"":""Progres | live required=""yes"" ; options=[{""label"":""Progress Not Reported"",""value"":""Progres","Columns menu > ""action_status"" > Refresh Meta. Refresh this column only - a blanket refresh overwrites author overrides on all nine synced attributes.",Actions_Revised :: action_status,Open,,,,,,,,,,Published,,,,,
T4-039,4,Out-of-date metadata,Maintenance,Component setting,column,https://county_template.devmny.org/the_plan/jurisdictional_annexes/jurisdictional_annex_form,the_plan/jurisdictional_annexes/jurisdictional_annex_form,Proposed Actions Table,2262520,Spreadsheet on Actions_Revised,"column description_of_the_problem_problem_statement - type+required | stored type=""text"" ; required=false | live type=""textarea"" ; required=""yes""","Columns menu > ""description_of_the_problem_problem_statement"" > Refresh Meta. Refresh this column only - a blanket refresh overwrites author overrides on all nine synced attributes.",Actions_Revised :: description_of_the_problem_problem_statement,Open,,,,,,,,,,Published,,,,,
T4-040,4,Out-of-date metadata,Maintenance,Component setting,column,https://county_template.devmny.org/the_plan/jurisdictional_annexes/jurisdictional_annex_form,the_plan/jurisdictional_annexes/jurisdictional_annex_form,Proposed Actions Table,2262520,Spreadsheet on Actions_Revised,"column description_of_the_solution_action_description - type+required | stored type=""text"" ; required=false | live type=""textarea"" ; required=""yes""","Columns menu > ""description_of_the_solution_action_description"" > Refresh Meta. Refresh this column only - a blanket refresh overwrites author overrides on all nine synced attributes.",Actions_Revised :: description_of_the_solution_action_description,Open,,,,,,,,,,Published,,,,,
T4-041,4,Out-of-date metadata,Maintenance,Component setting,column,https://county_template.devmny.org/the_plan/jurisdictional_annexes/jurisdictional_annex_form,the_plan/jurisdictional_annexes/jurisdictional_annex_form,Proposed Actions Table,2262520,Spreadsheet on Actions_Revised,"column estimated_cost - dataType | stored dataType=undefined | live dataType=""numeric""","Columns menu > ""estimated_cost"" > Refresh Meta. Refresh this column only - a blanket refresh overwrites author overrides on all nine synced attributes.",Actions_Revised :: estimated_cost,Open,,,,,,,,,,Published,,,,,
T4-042,4,Out-of-date metadata,Maintenance,Component setting,column,https://county_template.devmny.org/the_plan/jurisdictional_annexes/jurisdictional_annex_form,the_plan/jurisdictional_annexes/jurisdictional_annex_form,Proposed Actions Table,2262520,Spreadsheet on Actions_Revised,"column lead_agency_department - type+required | stored type=""select"" ; required=false | live type=""text"" ; required=""yes""","Columns menu > ""lead_agency_department"" > Refresh Meta. Refresh this column only - a blanket refresh overwrites author overrides on all nine synced attributes.",Actions_Revised :: lead_agency_department,Open,,,,,,,,,,Published,,,,,
T4-043,4,Out-of-date metadata,Maintenance,Component setting,column,https://county_template.devmny.org/the_plan/jurisdictional_annexes/jurisdictional_annex_form,the_plan/jurisdictional_annexes/jurisdictional_annex_form,Proposed Actions Table,2262520,Spreadsheet on Actions_Revised,"column source_id - options | stored options=[{""label"":""SHMP"",""value"":""SHMP""},{""label"":""LHMP"","" | live options=[{""label"":""State"",""value"":""State""},{""label"":""Local","Columns menu > ""source_id"" > Refresh Meta. Refresh this column only - a blanket refresh overwrites author overrides on all nine synced attributes.",Actions_Revised :: source_id,Open,,,,,,,,,,Published,,,,,
T4-044,4,Out-of-date metadata,Maintenance,Component setting,column,https://county_template.devmny.org/the_plan/jurisdictional_annexes/jurisdictional_annex_form,the_plan/jurisdictional_annexes/jurisdictional_annex_form,Proposed Actions Table,2262520,Spreadsheet on Actions_Revised,"column geoid_juris - mapped_options+meta_lookup | stored mapped_options=""{\""sourceId\"":\""1346449\"",\""viewId\"":\""1346450\"", ; meta_lookup=""{\""view_id\"":\""1346450\"",\""keyAttribute\"":\""geoid | live mapped_options=""{\""sourceId\"":\""1346449\"",\""viewId\"":\""1346450\"", ; meta_lookup=""{\""view_id\"":\""1346450\"",\""keyAttribute\"":\""geoid","Columns menu > ""geoid_juris"" > Refresh Meta. Refresh this column only - a blanket refresh overwrites author overrides on all nine synced attributes.",Actions_Revised :: geoid_juris,Open,,,,,,,,,,Published,,,,,
T4-045,4,Out-of-date metadata,Maintenance,Component setting,column,https://county_template.devmny.org/the_plan/jurisdictional_annexes/jurisdictional_annex_form,the_plan/jurisdictional_annexes/jurisdictional_annex_form,Proposed Actions Table,2262520,Spreadsheet on Actions_Revised,"column county_geoid - display+mapped_options+meta_lookup | stored display=undefined ; mapped_options=undefined ; meta_lookup=undefined | live display=""meta"" ; mapped_options=""{\""sourceId\"":\""953754\"",\""viewId\"":\""1108098\"",\ ; meta_lookup=""{\""view_id\"":\""1108098\"",\""keyAttribute\"":\""geoid","Columns menu > ""county_geoid"" > Refresh Meta. Refresh this column only - a blanket refresh overwrites author overrides on all nine synced attributes.",Actions_Revised :: county_geoid,Open,,,,,,,,,,Published,,,,,
T4-046,4,Out-of-date metadata,Maintenance,Component setting,column,https://county_template.devmny.org/the_risk/climate_change,the_risk/climate_change,Hazards Impacted By Climate Change,2178596,Spreadsheet on Hazards_of_Concern,"column geoid_county - meta_lookup | stored meta_lookup=undefined | live meta_lookup=""{\""view_id\"":\""1108098\"",\""keyAttribute\"":\""geoid","Columns menu > ""geoid_county"" > Refresh Meta. Refresh this column only - a blanket refresh overwrites author overrides on all nine synced attributes.",Hazards_of_Concern :: geoid_county,Open,,,,,,,,,,Published,,,,,
T4-047,4,Out-of-date metadata,Maintenance,Component setting,column,https://county_template.devmny.org/the_risk/climate_change,the_risk/climate_change,Hazards Impacted By Climate Change,2178596,Spreadsheet on Hazards_of_Concern,"column geoid_juris - type+mapped_options+meta_lookup | stored type=""select"" ; mapped_options=""{\""sourceId\"":\""1346449\"",\""viewId\"":\""1513381\"", ; meta_lookup=""{\""view_id\"":\""1513381\"",\""valueAttribute\"":\""mun | live type=""multiselect"" ; mapped_options=""{\""sourceId\"":\""1346449\"",\""viewId\"":\""1346450\"", ; meta_lookup=""{\""view_id\"":\""1346450\"",\""valueAttribute\"":\""(da","Columns menu > ""geoid_juris"" > Refresh Meta. Refresh this column only - a blanket refresh overwrites author overrides on all nine synced attributes.",Hazards_of_Concern :: geoid_juris,Open,,,,,,,,,,Published,,,,,
T4-048,4,Out-of-date metadata,Maintenance,Component setting,column,https://county_template.devmny.org/the_risk/climate_change,the_risk/climate_change,Hazards Impacted By Climate Change,2178596,Spreadsheet on Hazards_of_Concern,"column hazard_of_concern - options | stored options=[{""label"":""Yes"",""value"":""Yes""},{""label"":""No"",""valu | live options=[{""label"":""Yes"",""value"":""Yes""},{""label"":""No"",""valu","Columns menu > ""hazard_of_concern"" > Refresh Meta. Refresh this column only - a blanket refresh overwrites author overrides on all nine synced attributes.",Hazards_of_Concern :: hazard_of_concern,Open,,,,,,,,,,Published,,,,,
T4-049,4,Out-of-date metadata,Maintenance,Component setting,column,https://county_template.devmny.org/the_risk/climate_change,the_risk/climate_change,Hazards Impacted By Climate Change,2178596,Spreadsheet on Hazards_of_Concern,"column likelihood - options | stored options=[{""label"":""Unlikely"",""value"":""Unlikely""},{""label"": | live options=[{""label"":""Minimum Likelihood: Will almost never o","Columns menu > ""likelihood"" > Refresh Meta. Refresh this column only - a blanket refresh overwrites author overrides on all nine synced attributes.",Hazards_of_Concern :: likelihood,Open,,,,,,,,,,Published,,,,,
T4-050,4,Out-of-date metadata,Maintenance,Component setting,column,https://county_template.devmny.org/the_risk/climate_change,the_risk/climate_change,Hazards Impacted By Climate Change,2178596,Spreadsheet on Hazards_of_Concern,"column buildings_vulnerability - type | stored type=""radio"" | live type=""checkbox""","Columns menu > ""buildings_vulnerability"" > Refresh Meta. Refresh this column only - a blanket refresh overwrites author overrides on all nine synced attributes.",Hazards_of_Concern :: buildings_vulnerability,Open,,,,,,,,,,Published,,,,,
T4-051,4,Out-of-date metadata,Maintenance,Component setting,column,https://county_template.devmny.org/the_risk/climate_change,the_risk/climate_change,Hazards Impacted By Climate Change,2178596,Spreadsheet on Hazards_of_Concern,"column infrastructure_vulnerability - type | stored type=""radio"" | live type=""checkbox""","Columns menu > ""infrastructure_vulnerability"" > Refresh Meta. Refresh this column only - a blanket refresh overwrites author overrides on all nine synced attributes.",Hazards_of_Concern :: infrastructure_vulnerability,Open,,,,,,,,,,Published,,,,,
T4-052,4,Out-of-date metadata,Maintenance,Component setting,column,https://county_template.devmny.org/the_risk/climate_change,the_risk/climate_change,Hazards Impacted By Climate Change,2178596,Spreadsheet on Hazards_of_Concern,"column population_vulnerability - type | stored type=""radio"" | live type=""checkbox""","Columns menu > ""population_vulnerability"" > Refresh Meta. Refresh this column only - a blanket refresh overwrites author overrides on all nine synced attributes.",Hazards_of_Concern :: population_vulnerability,Open,,,,,,,,,,Published,,,,,
T4-053,4,Out-of-date metadata,Maintenance,Component setting,column,https://county_template.devmny.org/the_risk/climate_change,the_risk/climate_change,Hazards Impacted By Climate Change,2178596,Spreadsheet on Hazards_of_Concern,"column natural_env_vulnerability - type | stored type=""radio"" | live type=""checkbox""","Columns menu > ""natural_env_vulnerability"" > Refresh Meta. Refresh this column only - a blanket refresh overwrites author overrides on all nine synced attributes.",Hazards_of_Concern :: natural_env_vulnerability,Open,,,,,,,,,,Published,,,,,
T4-054,4,Out-of-date metadata,Maintenance,Component setting,column,https://county_template.devmny.org/the_risk/climate_change,the_risk/climate_change,Hazards Impacted By Climate Change,2178596,Spreadsheet on Hazards_of_Concern,"column associated_capabilities - type+options | stored type=""multiselect"" ; options=null | live type=""lexical"" ; options=[{""label"":""test"",""value"":""test""}]","Columns menu > ""associated_capabilities"" > Refresh Meta. Refresh this column only - a blanket refresh overwrites author overrides on all nine synced attributes.",Hazards_of_Concern :: associated_capabilities,Open,,,,,,,,,,Published,,,,,
T4-055,4,Out-of-date metadata,Maintenance,Component setting,column,https://county_template.devmny.org/the_plan/strategies,the_plan/strategies,Local Funding Capabilities,2374680,Spreadsheet on Capabilities_Catalogue,"column geoid_juris - mapped_options+meta_lookup | stored mapped_options=""{\""sourceId\"":\""1346449\"",\""viewId\"":\""1346450\"", ; meta_lookup=""{\""view_id\"":\""1346450\"",\""keyAttribute\"":\""geoid | live mapped_options=""{\""sourceId\"":\""1346449\"",\""viewId\"":\""1346450\"", ; meta_lookup=""{\""view_id\"":\""1346450\"",\""keyAttribute\"":\""geoid","Columns menu > ""geoid_juris"" > Refresh Meta. Refresh this column only - a blanket refresh overwrites author overrides on all nine synced attributes.",Capabilities_Catalogue :: geoid_juris,Open,,,,,,,,,,Published,,,,,
T4-056,4,Out-of-date metadata,Maintenance,Component setting,column,https://county_template.devmny.org/the_plan/strategies,the_plan/strategies,Local Funding Capabilities,2374680,Spreadsheet on Capabilities_Catalogue,"column capability_name - required | stored required=false | live required=""yes""","Columns menu > ""capability_name"" > Refresh Meta. Refresh this column only - a blanket refresh overwrites author overrides on all nine synced attributes.",Capabilities_Catalogue :: capability_name,Open,,,,,,,,,,Published,,,,,
T4-057,4,Out-of-date metadata,Maintenance,Component setting,column,https://county_template.devmny.org/the_plan/strategies,the_plan/strategies,Local Funding Capabilities,2374680,Spreadsheet on Capabilities_Catalogue,"column geoid_county - meta_lookup | stored meta_lookup=undefined | live meta_lookup=""{\""view_id\"":\""1108098\"",\""keyAttribute\"":\""geoid","Columns menu > ""geoid_county"" > Refresh Meta. Refresh this column only - a blanket refresh overwrites author overrides on all nine synced attributes.",Capabilities_Catalogue :: geoid_county,Open,,,,,,,,,,Published,,,,,
T4-058,4,Out-of-date metadata,Maintenance,Component setting,column,https://county_template.devmny.org/the_plan/capabilities_assessment,the_plan/capabilities_assessment,State Mitigation Capabilities,2374588,Spreadsheet on Capabilities_Catalogue,"column capability_name - required | stored required=false | live required=""yes""","Columns menu > ""capability_name"" > Refresh Meta. Refresh this column only - a blanket refresh overwrites author overrides on all nine synced attributes.",Capabilities_Catalogue :: capability_name,Open,,,,,,,,,,Published,,,,,
T4-059,4,Out-of-date metadata,Maintenance,Component setting,column,https://county_template.devmny.org/the_plan/capabilities_assessment,the_plan/capabilities_assessment,State Mitigation Capabilities,2374588,Spreadsheet on Capabilities_Catalogue,"column date_verified_or_updated - type+dataType | stored type=""text"" ; dataType=undefined | live type=""date"" ; dataType=""date""","Columns menu > ""date_verified_or_updated"" > Refresh Meta. Refresh this column only - a blanket refresh overwrites author overrides on all nine synced attributes.",Capabilities_Catalogue :: date_verified_or_updated,Open,,,,,,,,,,Published,,,,,
T4-060,4,Out-of-date metadata,Maintenance,Component setting,column,https://county_template.devmny.org/the_plan/capabilities_assessment,the_plan/capabilities_assessment,Local Capabilities Table,2374592,Spreadsheet on Capabilities_Catalogue,"column geoid_juris - mapped_options+meta_lookup | stored mapped_options=""{\""sourceId\"":\""1346449\"",\""viewId\"":\""1346450\"", ; meta_lookup=""{\""view_id\"":\""1346450\"",\""keyAttribute\"":\""geoid | live mapped_options=""{\""sourceId\"":\""1346449\"",\""viewId\"":\""1346450\"", ; meta_lookup=""{\""view_id\"":\""1346450\"",\""keyAttribute\"":\""geoid","Columns menu > ""geoid_juris"" > Refresh Meta. Refresh this column only - a blanket refresh overwrites author overrides on all nine synced attributes.",Capabilities_Catalogue :: geoid_juris,Open,,,,,,,,,,Published,,,,,
T4-061,4,Out-of-date metadata,Maintenance,Component setting,column,https://county_template.devmny.org/the_plan/capabilities_assessment,the_plan/capabilities_assessment,Local Capabilities Table,2374592,Spreadsheet on Capabilities_Catalogue,"column capability_name - required | stored required=false | live required=""yes""","Columns menu > ""capability_name"" > Refresh Meta. Refresh this column only - a blanket refresh overwrites author overrides on all nine synced attributes.",Capabilities_Catalogue :: capability_name,Open,,,,,,,,,,Published,,,,,
T4-062,4,Out-of-date metadata,Maintenance,Component setting,column,https://county_template.devmny.org/the_plan/capabilities_assessment,the_plan/capabilities_assessment,Local Capabilities Table,2374592,Spreadsheet on Capabilities_Catalogue,"column geoid_county - meta_lookup | stored meta_lookup=undefined | live meta_lookup=""{\""view_id\"":\""1108098\"",\""keyAttribute\"":\""geoid","Columns menu > ""geoid_county"" > Refresh Meta. Refresh this column only - a blanket refresh overwrites author overrides on all nine synced attributes.",Capabilities_Catalogue :: geoid_county,Open,,,,,,,,,,Published,,,,,
T4-063,4,Out-of-date metadata,Maintenance,Component setting,column,https://county_template.devmny.org/the_plan/capabilities_assessment,the_plan/capabilities_assessment,State Mitigation Capabilities,2374594,Spreadsheet on Capabilities_Catalogue,"column capability_name - required | stored required=false | live required=""yes""","Columns menu > ""capability_name"" > Refresh Meta. Refresh this column only - a blanket refresh overwrites author overrides on all nine synced attributes.",Capabilities_Catalogue :: capability_name,Open,,,,,,,,,,Published,,,,,
T4-064,4,Out-of-date metadata,Maintenance,Component setting,column,https://county_template.devmny.org/the_plan/capabilities_assessment,the_plan/capabilities_assessment,State Mitigation Capabilities,2374594,Spreadsheet on Capabilities_Catalogue,"column date_verified_or_updated - type+dataType | stored type=""text"" ; dataType=undefined | live type=""date"" ; dataType=""date""","Columns menu > ""date_verified_or_updated"" > Refresh Meta. Refresh this column only - a blanket refresh overwrites author overrides on all nine synced attributes.",Capabilities_Catalogue :: date_verified_or_updated,Open,,,,,,,,,,Published,,,,,
T4-065,4,Out-of-date metadata,Maintenance,Component setting,column,https://county_template.devmny.org/the_plan/capabilities_assessment,the_plan/capabilities_assessment,Local Capabilities Table,2374598,Spreadsheet on Capabilities_Catalogue,"column geoid_juris - mapped_options+meta_lookup | stored mapped_options=""{\""sourceId\"":\""1346449\"",\""viewId\"":\""1346450\"", ; meta_lookup=""{\""view_id\"":\""1346450\"",\""keyAttribute\"":\""geoid | live mapped_options=""{\""sourceId\"":\""1346449\"",\""viewId\"":\""1346450\"", ; meta_lookup=""{\""view_id\"":\""1346450\"",\""keyAttribute\"":\""geoid","Columns menu > ""geoid_juris"" > Refresh Meta. Refresh this column only - a blanket refresh overwrites author overrides on all nine synced attributes.",Capabilities_Catalogue :: geoid_juris,Open,,,,,,,,,,Published,,,,,
T4-066,4,Out-of-date metadata,Maintenance,Component setting,column,https://county_template.devmny.org/the_plan/capabilities_assessment,the_plan/capabilities_assessment,Local Capabilities Table,2374598,Spreadsheet on Capabilities_Catalogue,"column capability_name - required | stored required=false | live required=""yes""","Columns menu > ""capability_name"" > Refresh Meta. Refresh this column only - a blanket refresh overwrites author overrides on all nine synced attributes.",Capabilities_Catalogue :: capability_name,Open,,,,,,,,,,Published,,,,,
T4-067,4,Out-of-date metadata,Maintenance,Component setting,column,https://county_template.devmny.org/the_plan/capabilities_assessment,the_plan/capabilities_assessment,Local Capabilities Table,2374598,Spreadsheet on Capabilities_Catalogue,"column geoid_county - meta_lookup | stored meta_lookup=undefined | live meta_lookup=""{\""view_id\"":\""1108098\"",\""keyAttribute\"":\""geoid","Columns menu > ""geoid_county"" > Refresh Meta. Refresh this column only - a blanket refresh overwrites author overrides on all nine synced attributes.",Capabilities_Catalogue :: geoid_county,Open,,,,,,,,,,Published,,,,,
T4-068,4,Out-of-date metadata,Maintenance,Component setting,column,https://county_template.devmny.org/the_plan/capabilities_assessment,the_plan/capabilities_assessment,State Mitigation Capabilities,2374600,Spreadsheet on Capabilities_Catalogue,"column capability_name - required | stored required=false | live required=""yes""","Columns menu > ""capability_name"" > Refresh Meta. Refresh this column only - a blanket refresh overwrites author overrides on all nine synced attributes.",Capabilities_Catalogue :: capability_name,Open,,,,,,,,,,Published,,,,,
T4-069,4,Out-of-date metadata,Maintenance,Component setting,column,https://county_template.devmny.org/the_plan/capabilities_assessment,the_plan/capabilities_assessment,State Mitigation Capabilities,2374600,Spreadsheet on Capabilities_Catalogue,"column date_verified_or_updated - type+dataType | stored type=""text"" ; dataType=undefined | live type=""date"" ; dataType=""date""","Columns menu > ""date_verified_or_updated"" > Refresh Meta. Refresh this column only - a blanket refresh overwrites author overrides on all nine synced attributes.",Capabilities_Catalogue :: date_verified_or_updated,Open,,,,,,,,,,Published,,,,,
T4-070,4,Out-of-date metadata,Maintenance,Component setting,column,https://county_template.devmny.org/the_plan/capabilities_assessment,the_plan/capabilities_assessment,Local Capabilities Table,2374604,Spreadsheet on Capabilities_Catalogue,"column geoid_juris - mapped_options+meta_lookup | stored mapped_options=""{\""sourceId\"":\""1346449\"",\""viewId\"":\""1346450\"", ; meta_lookup=""{\""view_id\"":\""1346450\"",\""keyAttribute\"":\""geoid | live mapped_options=""{\""sourceId\"":\""1346449\"",\""viewId\"":\""1346450\"", ; meta_lookup=""{\""view_id\"":\""1346450\"",\""keyAttribute\"":\""geoid","Columns menu > ""geoid_juris"" > Refresh Meta. Refresh this column only - a blanket refresh overwrites author overrides on all nine synced attributes.",Capabilities_Catalogue :: geoid_juris,Open,,,,,,,,,,Published,,,,,
T4-071,4,Out-of-date metadata,Maintenance,Component setting,column,https://county_template.devmny.org/the_plan/capabilities_assessment,the_plan/capabilities_assessment,Local Capabilities Table,2374604,Spreadsheet on Capabilities_Catalogue,"column capability_name - required | stored required=false | live required=""yes""","Columns menu > ""capability_name"" > Refresh Meta. Refresh this column only - a blanket refresh overwrites author overrides on all nine synced attributes.",Capabilities_Catalogue :: capability_name,Open,,,,,,,,,,Published,,,,,
T4-072,4,Out-of-date metadata,Maintenance,Component setting,column,https://county_template.devmny.org/the_plan/capabilities_assessment,the_plan/capabilities_assessment,Local Capabilities Table,2374604,Spreadsheet on Capabilities_Catalogue,"column geoid_county - meta_lookup | stored meta_lookup=undefined | live meta_lookup=""{\""view_id\"":\""1108098\"",\""keyAttribute\"":\""geoid","Columns menu > ""geoid_county"" > Refresh Meta. Refresh this column only - a blanket refresh overwrites author overrides on all nine synced attributes.",Capabilities_Catalogue :: geoid_county,Open,,,,,,,,,,Published,,,,,
T4-073,4,Out-of-date metadata,Maintenance,Component setting,column,https://county_template.devmny.org/the_plan/capabilities_assessment,the_plan/capabilities_assessment,State Mitigation Capabilities,2374606,Spreadsheet on Capabilities_Catalogue,"column capability_name - required | stored required=false | live required=""yes""","Columns menu > ""capability_name"" > Refresh Meta. Refresh this column only - a blanket refresh overwrites author overrides on all nine synced attributes.",Capabilities_Catalogue :: capability_name,Open,,,,,,,,,,Published,,,,,
T4-074,4,Out-of-date metadata,Maintenance,Component setting,column,https://county_template.devmny.org/the_plan/capabilities_assessment,the_plan/capabilities_assessment,State Mitigation Capabilities,2374606,Spreadsheet on Capabilities_Catalogue,"column date_verified_or_updated - type+dataType | stored type=""text"" ; dataType=undefined | live type=""date"" ; dataType=""date""","Columns menu > ""date_verified_or_updated"" > Refresh Meta. Refresh this column only - a blanket refresh overwrites author overrides on all nine synced attributes.",Capabilities_Catalogue :: date_verified_or_updated,Open,,,,,,,,,,Published,,,,,
T4-075,4,Out-of-date metadata,Maintenance,Component setting,column,https://county_template.devmny.org/the_plan/capabilities_assessment,the_plan/capabilities_assessment,Local Financial Capabilities,2374610,Spreadsheet on Capabilities_Catalogue,"column geoid_juris - mapped_options+meta_lookup | stored mapped_options=""{\""sourceId\"":\""1346449\"",\""viewId\"":\""1346450\"", ; meta_lookup=""{\""view_id\"":\""1346450\"",\""keyAttribute\"":\""geoid | live mapped_options=""{\""sourceId\"":\""1346449\"",\""viewId\"":\""1346450\"", ; meta_lookup=""{\""view_id\"":\""1346450\"",\""keyAttribute\"":\""geoid","Columns menu > ""geoid_juris"" > Refresh Meta. Refresh this column only - a blanket refresh overwrites author overrides on all nine synced attributes.",Capabilities_Catalogue :: geoid_juris,Open,,,,,,,,,,Published,,,,,
T4-076,4,Out-of-date metadata,Maintenance,Component setting,column,https://county_template.devmny.org/the_plan/capabilities_assessment,the_plan/capabilities_assessment,Local Financial Capabilities,2374610,Spreadsheet on Capabilities_Catalogue,"column capability_name - required | stored required=false | live required=""yes""","Columns menu > ""capability_name"" > Refresh Meta. Refresh this column only - a blanket refresh overwrites author overrides on all nine synced attributes.",Capabilities_Catalogue :: capability_name,Open,,,,,,,,,,Published,,,,,
T4-077,4,Out-of-date metadata,Maintenance,Component setting,column,https://county_template.devmny.org/the_plan/capabilities_assessment,the_plan/capabilities_assessment,Local Financial Capabilities,2374610,Spreadsheet on Capabilities_Catalogue,"column geoid_county - meta_lookup | stored meta_lookup=undefined | live meta_lookup=""{\""view_id\"":\""1108098\"",\""keyAttribute\"":\""geoid","Columns menu > ""geoid_county"" > Refresh Meta. Refresh this column only - a blanket refresh overwrites author overrides on all nine synced attributes.",Capabilities_Catalogue :: geoid_county,Open,,,,,,,,,,Published,,,,,
T4-078,4,Out-of-date metadata,Maintenance,Component setting,column,https://county_template.devmny.org/the_plan/about_the_process,the_plan/about_the_process,Planning Participants,2386713,Spreadsheet on Roles,"column geoid_county - type+display+mapped_options+meta_lookup | stored type=""text"" ; display=undefined ; mapped_options=undefined ; meta_lookup=undefined | live type=""multiselect"" ; display=""meta"" ; mapped_options=""{\""sourceId\"":\""953754\"",\""viewId\"":\""1108098\"",\ ; meta_lookup=""{\""view_id\"":\""1108098\"",\""keyAttribute\"":\""geoid","Columns menu > ""geoid_county"" > Refresh Meta. Refresh this column only - a blanket refresh overwrites author overrides on all nine synced attributes.",Roles :: geoid_county,Open,,,,,,,,,,Published,,,,,
T4-079,4,Out-of-date metadata,Maintenance,Component setting,column,https://county_template.devmny.org/the_plan/about_the_process,the_plan/about_the_process,Planning Participants,2386713,Spreadsheet on Roles,"column geoid_juris - type+display+mapped_options+meta_lookup | stored type=""text"" ; display=undefined ; mapped_options=""{\""sourceId\"":\""1346449\"",\""viewId\"":\""1346450\"", ; meta_lookup=undefined | live type=""multiselect"" ; display=""meta"" ; mapped_options=""{\""sourceId\"":\""1346449\"",\""viewId\"":\""1346450\"", ; meta_lookup=""{\""view_id\"":\""1346450\"",\""keyAttribute\"":\""geoid","Columns menu > ""geoid_juris"" > Refresh Meta. Refresh this column only - a blanket refresh overwrites author overrides on all nine synced attributes.",Roles :: geoid_juris,Open,,,,,,,,,,Published,,,,,
T4-080,4,Out-of-date metadata,Maintenance,Component setting,column,https://county_template.devmny.org/the_plan/about_the_process,the_plan/about_the_process,Planning Participants,2386713,Spreadsheet on Roles,"column role - type+options | stored type=""multiselect"" ; options=[{""label"":""Watershed Manager"",""value"":""Watershed M | live type=""select"" ; options=[{""label"":""Watershed Manager"",""value"":""Watershed M","Columns menu > ""role"" > Refresh Meta. Refresh this column only - a blanket refresh overwrites author overrides on all nine synced attributes.",Roles :: role,Open,,,,,,,,,,Published,,,,,
T4-081,4,Out-of-date metadata,Maintenance,Component setting,column,https://county_template.devmny.org/the_plan/about_the_process,the_plan/about_the_process,Planning Meetings,2386715,Spreadsheet on Participation,"column geoid_juris - type+dataType+mapped_options+meta_lookup | stored type=""select"" ; dataType=""text"" ; mapped_options=""{\""sourceId\"":\""1346449\"",\""viewId\"":\""1346450\"", ; meta_lookup=undefined | live type=""multiselect"" ; dataType=undefined ; mapped_options=""{\""sourceId\"":\""1346449\"",\""viewId\"":\""1346450\"", ; meta_lookup=""{\""view_id\"":\""1346450\"",\""keyAttribute\"":\""geoid","Columns menu > ""geoid_juris"" > Refresh Meta. Refresh this column only - a blanket refresh overwrites author overrides on all nine synced attributes.",Participation :: geoid_juris,Open,,,,,,,,,,Published,,,,,
T4-082,4,Out-of-date metadata,Maintenance,Component setting,column,https://county_template.devmny.org/the_plan/about_the_process,the_plan/about_the_process,Planning Meetings,2386715,Spreadsheet on Participation,"column geoid_county - type+dataType+meta_lookup | stored type=""select"" ; dataType=""text"" ; meta_lookup=undefined | live type=""multiselect"" ; dataType=undefined ; meta_lookup=""{\""view_id\"":\""1108098\"",\""keyAttribute\"":\""geoid","Columns menu > ""geoid_county"" > Refresh Meta. Refresh this column only - a blanket refresh overwrites author overrides on all nine synced attributes.",Participation :: geoid_county,Open,,,,,,,,,,Published,,,,,
T4-083,4,Out-of-date metadata,Maintenance,Component setting,column,https://county_template.devmny.org/the_plan/about_the_process,the_plan/about_the_process,County Capabilities Table,2386724,Spreadsheet on Capabilities_Catalogue,"column geoid_juris - mapped_options+meta_lookup | stored mapped_options=""{\""sourceId\"":\""1346449\"",\""viewId\"":\""1346450\"", ; meta_lookup=""{\""view_id\"":\""1346450\"",\""keyAttribute\"":\""geoid | live mapped_options=""{\""sourceId\"":\""1346449\"",\""viewId\"":\""1346450\"", ; meta_lookup=""{\""view_id\"":\""1346450\"",\""keyAttribute\"":\""geoid","Columns menu > ""geoid_juris"" > Refresh Meta. Refresh this column only - a blanket refresh overwrites author overrides on all nine synced attributes.",Capabilities_Catalogue :: geoid_juris,Open,,,,,,,,,,Published,,,,,
T4-084,4,Out-of-date metadata,Maintenance,Component setting,column,https://county_template.devmny.org/the_plan/about_the_process,the_plan/about_the_process,County Capabilities Table,2386724,Spreadsheet on Capabilities_Catalogue,"column capability_name - required | stored required=false | live required=""yes""","Columns menu > ""capability_name"" > Refresh Meta. Refresh this column only - a blanket refresh overwrites author overrides on all nine synced attributes.",Capabilities_Catalogue :: capability_name,Open,,,,,,,,,,Published,,,,,
T4-085,4,Out-of-date metadata,Maintenance,Component setting,column,https://county_template.devmny.org/the_plan/about_the_process,the_plan/about_the_process,County Capabilities Table,2386724,Spreadsheet on Capabilities_Catalogue,"column geoid_county - meta_lookup | stored meta_lookup=undefined | live meta_lookup=""{\""view_id\"":\""1108098\"",\""keyAttribute\"":\""geoid","Columns menu > ""geoid_county"" > Refresh Meta. Refresh this column only - a blanket refresh overwrites author overrides on all nine synced attributes.",Capabilities_Catalogue :: geoid_county,Open,,,,,,,,,,Published,,,,,
T4-086,4,Out-of-date metadata,Maintenance,Component setting,column,https://county_template.devmny.org/the_plan/about_the_process,the_plan/about_the_process,Jurisdictional Resources and Capabilities,2386726,Spreadsheet on Capabilities_Catalogue,"column geoid_juris - mapped_options+meta_lookup | stored mapped_options=""{\""sourceId\"":\""1346449\"",\""viewId\"":\""1346450\"", ; meta_lookup=""{\""view_id\"":\""1346450\"",\""keyAttribute\"":\""geoid | live mapped_options=""{\""sourceId\"":\""1346449\"",\""viewId\"":\""1346450\"", ; meta_lookup=""{\""view_id\"":\""1346450\"",\""keyAttribute\"":\""geoid","Columns menu > ""geoid_juris"" > Refresh Meta. Refresh this column only - a blanket refresh overwrites author overrides on all nine synced attributes.",Capabilities_Catalogue :: geoid_juris,Open,,,,,,,,,,Published,,,,,
T4-087,4,Out-of-date metadata,Maintenance,Component setting,column,https://county_template.devmny.org/the_plan/about_the_process,the_plan/about_the_process,Jurisdictional Resources and Capabilities,2386726,Spreadsheet on Capabilities_Catalogue,"column capability_name - required | stored required=false | live required=""yes""","Columns menu > ""capability_name"" > Refresh Meta. Refresh this column only - a blanket refresh overwrites author overrides on all nine synced attributes.",Capabilities_Catalogue :: capability_name,Open,,,,,,,,,,Published,,,,,
T4-088,4,Out-of-date metadata,Maintenance,Component setting,column,https://county_template.devmny.org/the_plan/about_the_process,the_plan/about_the_process,Jurisdictional Resources and Capabilities,2386726,Spreadsheet on Capabilities_Catalogue,"column geoid_juris - mapped_options+meta_lookup | stored mapped_options=""{\""sourceId\"":\""1346449\"",\""viewId\"":\""1346450\"", ; meta_lookup=""{\""view_id\"":\""1346450\"",\""keyAttribute\"":\""geoid | live mapped_options=""{\""sourceId\"":\""1346449\"",\""viewId\"":\""1346450\"", ; meta_lookup=""{\""view_id\"":\""1346450\"",\""keyAttribute\"":\""geoid","Columns menu > ""geoid_juris"" > Refresh Meta. Refresh this column only - a blanket refresh overwrites author overrides on all nine synced attributes.",Capabilities_Catalogue :: geoid_juris,Open,,,,,,,,,,Published,,,,,
T4-089,4,Out-of-date metadata,Maintenance,Component setting,column,https://county_template.devmny.org/the_plan/about_the_process,the_plan/about_the_process,Jurisdictional Resources and Capabilities,2386726,Spreadsheet on Capabilities_Catalogue,"column geoid_county - meta_lookup | stored meta_lookup=undefined | live meta_lookup=""{\""view_id\"":\""1108098\"",\""keyAttribute\"":\""geoid","Columns menu > ""geoid_county"" > Refresh Meta. Refresh this column only - a blanket refresh overwrites author overrides on all nine synced attributes.",Capabilities_Catalogue :: geoid_county,Open,,,,,,,,,,Published,,,,,
T4-129,4,Out-of-date metadata,Maintenance,Component setting,column,https://county_template.devmny.org/the_risk/natural_hazards/avalanche,the_risk/natural_hazards/avalanche,Hazard of Concern,2380743,Card on Hazards_of_Concern,"column hazard - options+meta_lookup | stored options=[{""label"":""avalanche"",""value"":""avalanche""},{""label ; meta_lookup=""{\""avalanche\"":\""Avalanche\"",\""coastal\"":\""Coasta | live options=[{""label"":""avalanche"",""value"":""avalanche""},{""label ; meta_lookup=""{\""avalanche\"":\""Avalanche\"",\""coastal\"":\""Coasta","Columns menu > ""hazard"" > Refresh Meta. Refresh this column only - a blanket refresh overwrites author overrides on all nine synced attributes.",Hazards_of_Concern :: hazard,Open,,,,,,,,,,Published,,,,,
T4-130,4,Out-of-date metadata,Maintenance,Component setting,column,https://county_template.devmny.org/the_risk/natural_hazards/avalanche,the_risk/natural_hazards/avalanche,Hazard of Concern,2380743,Card on Hazards_of_Concern,"column hazard - options+meta_lookup | stored options=[{""label"":""avalanche"",""value"":""avalanche""},{""label ; meta_lookup=""{\""avalanche\"":\""Avalanche\"",\""coastal\"":\""Coasta | live options=[{""label"":""avalanche"",""value"":""avalanche""},{""label ; meta_lookup=""{\""avalanche\"":\""Avalanche\"",\""coastal\"":\""Coasta","Columns menu > ""hazard"" > Refresh Meta. Refresh this column only - a blanket refresh overwrites author overrides on all nine synced attributes.",Hazards_of_Concern :: hazard,Open,,,,,,,,,,Published,,,,,
T4-131,4,Out-of-date metadata,Maintenance,Component setting,column,https://county_template.devmny.org/the_risk/natural_hazards/avalanche,the_risk/natural_hazards/avalanche,Hazard of Concern,2380743,Card on Hazards_of_Concern,"column hazard_of_concern - options | stored options=[{""label"":""Yes"",""value"":""Yes""},{""label"":""No"",""valu | live options=[{""label"":""Yes"",""value"":""Yes""},{""label"":""No"",""valu","Columns menu > ""hazard_of_concern"" > Refresh Meta. Refresh this column only - a blanket refresh overwrites author overrides on all nine synced attributes.",Hazards_of_Concern :: hazard_of_concern,Open,,,,,,,,,,Published,,,,,
T4-132,4,Out-of-date metadata,Maintenance,Component setting,column,https://county_template.devmny.org/the_risk/natural_hazards/avalanche,the_risk/natural_hazards/avalanche,Hazard of Concern,2380743,Card on Hazards_of_Concern,"column geoid_county - meta_lookup | stored meta_lookup=undefined | live meta_lookup=""{\""view_id\"":\""1108098\"",\""keyAttribute\"":\""geoid","Columns menu > ""geoid_county"" > Refresh Meta. Refresh this column only - a blanket refresh overwrites author overrides on all nine synced attributes.",Hazards_of_Concern :: geoid_county,Open,,,,,,,,,,Published,,,,,
T4-133,4,Out-of-date metadata,Maintenance,Component setting,column,https://county_template.devmny.org/the_risk/natural_hazards/avalanche,the_risk/natural_hazards/avalanche,Hazard of Concern,2380743,Card on Hazards_of_Concern,"column geoid_juris - type+mapped_options+meta_lookup | stored type=""select"" ; mapped_options=""{\""sourceId\"":\""1346449\"",\""viewId\"":\""1346450\"", ; meta_lookup=""{\""view_id\"":\""1346450\"",\""valueAttribute\"":\""mun | live type=""multiselect"" ; mapped_options=""{\""sourceId\"":\""1346449\"",\""viewId\"":\""1346450\"", ; meta_lookup=""{\""view_id\"":\""1346450\"",\""valueAttribute\"":\""(da","Columns menu > ""geoid_juris"" > Refresh Meta. Refresh this column only - a blanket refresh overwrites author overrides on all nine synced attributes.",Hazards_of_Concern :: geoid_juris,Open,,,,,,,,,,Published,,,,,
T4-134,4,Out-of-date metadata,Maintenance,Component setting,column,https://county_template.devmny.org/the_risk/natural_hazards/avalanche,the_risk/natural_hazards/avalanche,(untitled Spreadsheet),2380753,Spreadsheet on R_and_V_Matrix,"column coastal_hazards - type | stored type=""text"" | live type=""checkbox""","Columns menu > ""coastal_hazards"" > Refresh Meta. Refresh this column only - a blanket refresh overwrites author overrides on all nine synced attributes.",R_and_V_Matrix :: coastal_hazards,Open,,,,,,,,,,Published,,,,,
T4-135,4,Out-of-date metadata,Maintenance,Component setting,column,https://county_template.devmny.org/the_risk/natural_hazards/avalanche,the_risk/natural_hazards/avalanche,(untitled Spreadsheet),2380753,Spreadsheet on R_and_V_Matrix,"column extreme_cold - type | stored type=""text"" | live type=""checkbox""","Columns menu > ""extreme_cold"" > Refresh Meta. Refresh this column only - a blanket refresh overwrites author overrides on all nine synced attributes.",R_and_V_Matrix :: extreme_cold,Open,,,,,,,,,,Published,,,,,
T4-136,4,Out-of-date metadata,Maintenance,Component setting,column,https://county_template.devmny.org/the_risk/natural_hazards/avalanche,the_risk/natural_hazards/avalanche,Measures Inventory,2380797,Spreadsheet on Mitigation_Measures,"column description - type | stored type=""text"" | live type=""lexical""","Columns menu > ""description"" > Refresh Meta. Refresh this column only - a blanket refresh overwrites author overrides on all nine synced attributes.",Mitigation_Measures :: description,Open,,,,,,,,,,Published,,,,,
T4-137,4,Out-of-date metadata,Maintenance,Component setting,column,https://county_template.devmny.org/the_risk/natural_hazards/avalanche,the_risk/natural_hazards/avalanche,Measures Inventory,2380797,Spreadsheet on Mitigation_Measures,"column coastal - type | stored type=""text"" | live type=""checkbox""","Columns menu > ""coastal"" > Refresh Meta. Refresh this column only - a blanket refresh overwrites author overrides on all nine synced attributes.",Mitigation_Measures :: coastal,Open,,,,,,,,,,Published,,,,,
T4-138,4,Out-of-date metadata,Maintenance,Component setting,column,https://county_template.devmny.org/the_risk/natural_hazards/coastal_hazards,the_risk/natural_hazards/coastal_hazards,Hazard of Concern,2382032,Card on Hazards_of_Concern,"column hazard - options+meta_lookup | stored options=[{""label"":""avalanche"",""value"":""avalanche""},{""label ; meta_lookup=""{\""avalanche\"":\""Avalanche\"",\""coastal\"":\""Coasta | live options=[{""label"":""avalanche"",""value"":""avalanche""},{""label ; meta_lookup=""{\""avalanche\"":\""Avalanche\"",\""coastal\"":\""Coasta","Columns menu > ""hazard"" > Refresh Meta. Refresh this column only - a blanket refresh overwrites author overrides on all nine synced attributes.",Hazards_of_Concern :: hazard,Open,,,,,,,,,,Published,,,,,
T4-139,4,Out-of-date metadata,Maintenance,Component setting,column,https://county_template.devmny.org/the_risk/natural_hazards/coastal_hazards,the_risk/natural_hazards/coastal_hazards,Hazard of Concern,2382032,Card on Hazards_of_Concern,"column hazard - options+meta_lookup | stored options=[{""label"":""avalanche"",""value"":""avalanche""},{""label ; meta_lookup=""{\""avalanche\"":\""Avalanche\"",\""coastal\"":\""Coasta | live options=[{""label"":""avalanche"",""value"":""avalanche""},{""label ; meta_lookup=""{\""avalanche\"":\""Avalanche\"",\""coastal\"":\""Coasta","Columns menu > ""hazard"" > Refresh Meta. Refresh this column only - a blanket refresh overwrites author overrides on all nine synced attributes.",Hazards_of_Concern :: hazard,Open,,,,,,,,,,Published,,,,,
T4-140,4,Out-of-date metadata,Maintenance,Component setting,column,https://county_template.devmny.org/the_risk/natural_hazards/coastal_hazards,the_risk/natural_hazards/coastal_hazards,Hazard of Concern,2382032,Card on Hazards_of_Concern,"column hazard_of_concern - options | stored options=[{""label"":""Yes"",""value"":""Yes""},{""label"":""No"",""valu | live options=[{""label"":""Yes"",""value"":""Yes""},{""label"":""No"",""valu","Columns menu > ""hazard_of_concern"" > Refresh Meta. Refresh this column only - a blanket refresh overwrites author overrides on all nine synced attributes.",Hazards_of_Concern :: hazard_of_concern,Open,,,,,,,,,,Published,,,,,
T4-141,4,Out-of-date metadata,Maintenance,Component setting,column,https://county_template.devmny.org/the_risk/natural_hazards/coastal_hazards,the_risk/natural_hazards/coastal_hazards,Hazard of Concern,2382032,Card on Hazards_of_Concern,"column geoid_county - meta_lookup | stored meta_lookup=undefined | live meta_lookup=""{\""view_id\"":\""1108098\"",\""keyAttribute\"":\""geoid","Columns menu > ""geoid_county"" > Refresh Meta. Refresh this column only - a blanket refresh overwrites author overrides on all nine synced attributes.",Hazards_of_Concern :: geoid_county,Open,,,,,,,,,,Published,,,,,
T4-142,4,Out-of-date metadata,Maintenance,Component setting,column,https://county_template.devmny.org/the_risk/natural_hazards/coastal_hazards,the_risk/natural_hazards/coastal_hazards,Hazard of Concern,2382032,Card on Hazards_of_Concern,"column geoid_juris - type+mapped_options+meta_lookup | stored type=""select"" ; mapped_options=""{\""sourceId\"":\""1346449\"",\""viewId\"":\""1346450\"", ; meta_lookup=""{\""view_id\"":\""1346450\"",\""valueAttribute\"":\""mun | live type=""multiselect"" ; mapped_options=""{\""sourceId\"":\""1346449\"",\""viewId\"":\""1346450\"", ; meta_lookup=""{\""view_id\"":\""1346450\"",\""valueAttribute\"":\""(da","Columns menu > ""geoid_juris"" > Refresh Meta. Refresh this column only - a blanket refresh overwrites author overrides on all nine synced attributes.",Hazards_of_Concern :: geoid_juris,Open,,,,,,,,,,Published,,,,,
T4-143,4,Out-of-date metadata,Maintenance,Component setting,column,https://county_template.devmny.org/the_risk/natural_hazards/coastal_hazards,the_risk/natural_hazards/coastal_hazards,(untitled Spreadsheet),2382092,Spreadsheet on Capabilities_Catalogue,"column geoid_juris - mapped_options+meta_lookup | stored mapped_options=""{\""sourceId\"":\""1346449\"",\""viewId\"":\""1346450\"", ; meta_lookup=""{\""view_id\"":\""1346450\"",\""keyAttribute\"":\""geoid | live mapped_options=""{\""sourceId\"":\""1346449\"",\""viewId\"":\""1346450\"", ; meta_lookup=""{\""view_id\"":\""1346450\"",\""keyAttribute\"":\""geoid","Columns menu > ""geoid_juris"" > Refresh Meta. Refresh this column only - a blanket refresh overwrites author overrides on all nine synced attributes.",Capabilities_Catalogue :: geoid_juris,Open,,,,,,,,,,Published,,,,,
T4-144,4,Out-of-date metadata,Maintenance,Component setting,column,https://county_template.devmny.org/the_risk/natural_hazards/coastal_hazards,the_risk/natural_hazards/coastal_hazards,(untitled Spreadsheet),2382092,Spreadsheet on Capabilities_Catalogue,"column capability_name - required | stored required=false | live required=""yes""","Columns menu > ""capability_name"" > Refresh Meta. Refresh this column only - a blanket refresh overwrites author overrides on all nine synced attributes.",Capabilities_Catalogue :: capability_name,Open,,,,,,,,,,Published,,,,,
T4-145,4,Out-of-date metadata,Maintenance,Component setting,column,https://county_template.devmny.org/the_risk/natural_hazards/coastal_hazards,the_risk/natural_hazards/coastal_hazards,(untitled Spreadsheet),2382092,Spreadsheet on Capabilities_Catalogue,"column geoid_county - meta_lookup | stored meta_lookup=undefined | live meta_lookup=""{\""view_id\"":\""1108098\"",\""keyAttribute\"":\""geoid","Columns menu > ""geoid_county"" > Refresh Meta. Refresh this column only - a blanket refresh overwrites author overrides on all nine synced attributes.",Capabilities_Catalogue :: geoid_county,Open,,,,,,,,,,Published,,,,,
T4-146,4,Out-of-date metadata,Maintenance,Component setting,column,https://county_template.devmny.org/the_risk/natural_hazards/coastal_hazards,the_risk/natural_hazards/coastal_hazards,(untitled Spreadsheet),2382042,Spreadsheet on R_and_V_Matrix,"column coastal_hazards - type | stored type=""text"" | live type=""checkbox""","Columns menu > ""coastal_hazards"" > Refresh Meta. Refresh this column only - a blanket refresh overwrites author overrides on all nine synced attributes.",R_and_V_Matrix :: coastal_hazards,Open,,,,,,,,,,Published,,,,,
T4-147,4,Out-of-date metadata,Maintenance,Component setting,column,https://county_template.devmny.org/the_risk/natural_hazards/coastal_hazards,the_risk/natural_hazards/coastal_hazards,(untitled Spreadsheet),2382042,Spreadsheet on R_and_V_Matrix,"column extreme_cold - type | stored type=""text"" | live type=""checkbox""","Columns menu > ""extreme_cold"" > Refresh Meta. Refresh this column only - a blanket refresh overwrites author overrides on all nine synced attributes.",R_and_V_Matrix :: extreme_cold,Open,,,,,,,,,,Published,,,,,
T4-148,4,Out-of-date metadata,Maintenance,Component setting,column,https://county_template.devmny.org/the_risk/natural_hazards/coastal_hazards,the_risk/natural_hazards/coastal_hazards,Measures Inventory,2382087,Spreadsheet on Mitigation_Measures,"column description - type | stored type=""text"" | live type=""lexical""","Columns menu > ""description"" > Refresh Meta. Refresh this column only - a blanket refresh overwrites author overrides on all nine synced attributes.",Mitigation_Measures :: description,Open,,,,,,,,,,Published,,,,,
T4-149,4,Out-of-date metadata,Maintenance,Component setting,column,https://county_template.devmny.org/the_risk/natural_hazards/coastal_hazards,the_risk/natural_hazards/coastal_hazards,Measures Inventory,2382087,Spreadsheet on Mitigation_Measures,"column coastal - type | stored type=""text"" | live type=""checkbox""","Columns menu > ""coastal"" > Refresh Meta. Refresh this column only - a blanket refresh overwrites author overrides on all nine synced attributes.",Mitigation_Measures :: coastal,Open,,,,,,,,,,Published,,,,,
T4-150,4,Out-of-date metadata,Maintenance,Component setting,column,https://county_template.devmny.org/the_risk/natural_hazards/drought,the_risk/natural_hazards/drought,Hazard of Concern,2383895,Card on Hazards_of_Concern,"column hazard - options+meta_lookup | stored options=[{""label"":""avalanche"",""value"":""avalanche""},{""label ; meta_lookup=""{\""avalanche\"":\""Avalanche\"",\""coastal\"":\""Coasta | live options=[{""label"":""avalanche"",""value"":""avalanche""},{""label ; meta_lookup=""{\""avalanche\"":\""Avalanche\"",\""coastal\"":\""Coasta","Columns menu > ""hazard"" > Refresh Meta. Refresh this column only - a blanket refresh overwrites author overrides on all nine synced attributes.",Hazards_of_Concern :: hazard,Open,,,,,,,,,,Published,,,,,
T4-151,4,Out-of-date metadata,Maintenance,Component setting,column,https://county_template.devmny.org/the_risk/natural_hazards/drought,the_risk/natural_hazards/drought,Hazard of Concern,2383895,Card on Hazards_of_Concern,"column hazard - options+meta_lookup | stored options=[{""label"":""avalanche"",""value"":""avalanche""},{""label ; meta_lookup=""{\""avalanche\"":\""Avalanche\"",\""coastal\"":\""Coasta | live options=[{""label"":""avalanche"",""value"":""avalanche""},{""label ; meta_lookup=""{\""avalanche\"":\""Avalanche\"",\""coastal\"":\""Coasta","Columns menu > ""hazard"" > Refresh Meta. Refresh this column only - a blanket refresh overwrites author overrides on all nine synced attributes.",Hazards_of_Concern :: hazard,Open,,,,,,,,,,Published,,,,,
T4-152,4,Out-of-date metadata,Maintenance,Component setting,column,https://county_template.devmny.org/the_risk/natural_hazards/drought,the_risk/natural_hazards/drought,Hazard of Concern,2383895,Card on Hazards_of_Concern,"column hazard_of_concern - options | stored options=[{""label"":""Yes"",""value"":""Yes""},{""label"":""No"",""valu | live options=[{""label"":""Yes"",""value"":""Yes""},{""label"":""No"",""valu","Columns menu > ""hazard_of_concern"" > Refresh Meta. Refresh this column only - a blanket refresh overwrites author overrides on all nine synced attributes.",Hazards_of_Concern :: hazard_of_concern,Open,,,,,,,,,,Published,,,,,
T4-153,4,Out-of-date metadata,Maintenance,Component setting,column,https://county_template.devmny.org/the_risk/natural_hazards/drought,the_risk/natural_hazards/drought,Hazard of Concern,2383895,Card on Hazards_of_Concern,"column geoid_county - meta_lookup | stored meta_lookup=undefined | live meta_lookup=""{\""view_id\"":\""1108098\"",\""keyAttribute\"":\""geoid","Columns menu > ""geoid_county"" > Refresh Meta. Refresh this column only - a blanket refresh overwrites author overrides on all nine synced attributes.",Hazards_of_Concern :: geoid_county,Open,,,,,,,,,,Published,,,,,
T4-154,4,Out-of-date metadata,Maintenance,Component setting,column,https://county_template.devmny.org/the_risk/natural_hazards/drought,the_risk/natural_hazards/drought,Hazard of Concern,2383895,Card on Hazards_of_Concern,"column geoid_juris - type+mapped_options+meta_lookup | stored type=""select"" ; mapped_options=""{\""sourceId\"":\""1346449\"",\""viewId\"":\""1346450\"", ; meta_lookup=""{\""view_id\"":\""1346450\"",\""valueAttribute\"":\""mun | live type=""multiselect"" ; mapped_options=""{\""sourceId\"":\""1346449\"",\""viewId\"":\""1346450\"", ; meta_lookup=""{\""view_id\"":\""1346450\"",\""valueAttribute\"":\""(da","Columns menu > ""geoid_juris"" > Refresh Meta. Refresh this column only - a blanket refresh overwrites author overrides on all nine synced attributes.",Hazards_of_Concern :: geoid_juris,Open,,,,,,,,,,Published,,,,,
T4-155,4,Out-of-date metadata,Maintenance,Component setting,column,https://county_template.devmny.org/the_risk/natural_hazards/drought,the_risk/natural_hazards/drought,(untitled Spreadsheet),2383905,Spreadsheet on R_and_V_Matrix,"column coastal_hazards - type | stored type=""text"" | live type=""checkbox""","Columns menu > ""coastal_hazards"" > Refresh Meta. Refresh this column only - a blanket refresh overwrites author overrides on all nine synced attributes.",R_and_V_Matrix :: coastal_hazards,Open,,,,,,,,,,Published,,,,,
T4-156,4,Out-of-date metadata,Maintenance,Component setting,column,https://county_template.devmny.org/the_risk/natural_hazards/drought,the_risk/natural_hazards/drought,(untitled Spreadsheet),2383905,Spreadsheet on R_and_V_Matrix,"column extreme_cold - type | stored type=""text"" | live type=""checkbox""","Columns menu > ""extreme_cold"" > Refresh Meta. Refresh this column only - a blanket refresh overwrites author overrides on all nine synced attributes.",R_and_V_Matrix :: extreme_cold,Open,,,,,,,,,,Published,,,,,
T4-157,4,Out-of-date metadata,Maintenance,Component setting,column,https://county_template.devmny.org/the_risk/natural_hazards/drought,the_risk/natural_hazards/drought,Measures Inventory,2383949,Spreadsheet on Mitigation_Measures,"column description - type | stored type=""text"" | live type=""lexical""","Columns menu > ""description"" > Refresh Meta. Refresh this column only - a blanket refresh overwrites author overrides on all nine synced attributes.",Mitigation_Measures :: description,Open,,,,,,,,,,Published,,,,,
T4-158,4,Out-of-date metadata,Maintenance,Component setting,column,https://county_template.devmny.org/the_risk/natural_hazards/drought,the_risk/natural_hazards/drought,Measures Inventory,2383949,Spreadsheet on Mitigation_Measures,"column coastal - type | stored type=""text"" | live type=""checkbox""","Columns menu > ""coastal"" > Refresh Meta. Refresh this column only - a blanket refresh overwrites author overrides on all nine synced attributes.",Mitigation_Measures :: coastal,Open,,,,,,,,,,Published,,,,,
T4-159,4,Out-of-date metadata,Maintenance,Component setting,column,https://county_template.devmny.org/the_risk/natural_hazards/earthquake,the_risk/natural_hazards/earthquake,Hazard of Concern,2384044,Card on Hazards_of_Concern,"column hazard - options+meta_lookup | stored options=[{""label"":""avalanche"",""value"":""avalanche""},{""label ; meta_lookup=""{\""avalanche\"":\""Avalanche\"",\""coastal\"":\""Coasta | live options=[{""label"":""avalanche"",""value"":""avalanche""},{""label ; meta_lookup=""{\""avalanche\"":\""Avalanche\"",\""coastal\"":\""Coasta","Columns menu > ""hazard"" > Refresh Meta. Refresh this column only - a blanket refresh overwrites author overrides on all nine synced attributes.",Hazards_of_Concern :: hazard,Open,,,,,,,,,,Published,,,,,
T4-160,4,Out-of-date metadata,Maintenance,Component setting,column,https://county_template.devmny.org/the_risk/natural_hazards/earthquake,the_risk/natural_hazards/earthquake,Hazard of Concern,2384044,Card on Hazards_of_Concern,"column hazard - options+meta_lookup | stored options=[{""label"":""avalanche"",""value"":""avalanche""},{""label ; meta_lookup=""{\""avalanche\"":\""Avalanche\"",\""coastal\"":\""Coasta | live options=[{""label"":""avalanche"",""value"":""avalanche""},{""label ; meta_lookup=""{\""avalanche\"":\""Avalanche\"",\""coastal\"":\""Coasta","Columns menu > ""hazard"" > Refresh Meta. Refresh this column only - a blanket refresh overwrites author overrides on all nine synced attributes.",Hazards_of_Concern :: hazard,Open,,,,,,,,,,Published,,,,,
T4-161,4,Out-of-date metadata,Maintenance,Component setting,column,https://county_template.devmny.org/the_risk/natural_hazards/earthquake,the_risk/natural_hazards/earthquake,Hazard of Concern,2384044,Card on Hazards_of_Concern,"column hazard_of_concern - options | stored options=[{""label"":""Yes"",""value"":""Yes""},{""label"":""No"",""valu | live options=[{""label"":""Yes"",""value"":""Yes""},{""label"":""No"",""valu","Columns menu > ""hazard_of_concern"" > Refresh Meta. Refresh this column only - a blanket refresh overwrites author overrides on all nine synced attributes.",Hazards_of_Concern :: hazard_of_concern,Open,,,,,,,,,,Published,,,,,
T4-162,4,Out-of-date metadata,Maintenance,Component setting,column,https://county_template.devmny.org/the_risk/natural_hazards/earthquake,the_risk/natural_hazards/earthquake,Hazard of Concern,2384044,Card on Hazards_of_Concern,"column geoid_county - meta_lookup | stored meta_lookup=undefined | live meta_lookup=""{\""view_id\"":\""1108098\"",\""keyAttribute\"":\""geoid","Columns menu > ""geoid_county"" > Refresh Meta. Refresh this column only - a blanket refresh overwrites author overrides on all nine synced attributes.",Hazards_of_Concern :: geoid_county,Open,,,,,,,,,,Published,,,,,
T4-163,4,Out-of-date metadata,Maintenance,Component setting,column,https://county_template.devmny.org/the_risk/natural_hazards/earthquake,the_risk/natural_hazards/earthquake,Hazard of Concern,2384044,Card on Hazards_of_Concern,"column geoid_juris - type+mapped_options+meta_lookup | stored type=""select"" ; mapped_options=""{\""sourceId\"":\""1346449\"",\""viewId\"":\""1346450\"", ; meta_lookup=""{\""view_id\"":\""1346450\"",\""valueAttribute\"":\""mun | live type=""multiselect"" ; mapped_options=""{\""sourceId\"":\""1346449\"",\""viewId\"":\""1346450\"", ; meta_lookup=""{\""view_id\"":\""1346450\"",\""valueAttribute\"":\""(da","Columns menu > ""geoid_juris"" > Refresh Meta. Refresh this column only - a blanket refresh overwrites author overrides on all nine synced attributes.",Hazards_of_Concern :: geoid_juris,Open,,,,,,,,,,Published,,,,,
T4-164,4,Out-of-date metadata,Maintenance,Component setting,column,https://county_template.devmny.org/the_risk/natural_hazards/earthquake,the_risk/natural_hazards/earthquake,(untitled Spreadsheet),2384054,Spreadsheet on R_and_V_Matrix,"column coastal_hazards - type | stored type=""text"" | live type=""checkbox""","Columns menu > ""coastal_hazards"" > Refresh Meta. Refresh this column only - a blanket refresh overwrites author overrides on all nine synced attributes.",R_and_V_Matrix :: coastal_hazards,Open,,,,,,,,,,Published,,,,,
T4-165,4,Out-of-date metadata,Maintenance,Component setting,column,https://county_template.devmny.org/the_risk/natural_hazards/earthquake,the_risk/natural_hazards/earthquake,(untitled Spreadsheet),2384054,Spreadsheet on R_and_V_Matrix,"column extreme_cold - type | stored type=""text"" | live type=""checkbox""","Columns menu > ""extreme_cold"" > Refresh Meta. Refresh this column only - a blanket refresh overwrites author overrides on all nine synced attributes.",R_and_V_Matrix :: extreme_cold,Open,,,,,,,,,,Published,,,,,
T4-166,4,Out-of-date metadata,Maintenance,Component setting,column,https://county_template.devmny.org/the_risk/natural_hazards/earthquake,the_risk/natural_hazards/earthquake,Measures Inventory,2384098,Spreadsheet on Mitigation_Measures,"column description - type | stored type=""text"" | live type=""lexical""","Columns menu > ""description"" > Refresh Meta. Refresh this column only - a blanket refresh overwrites author overrides on all nine synced attributes.",Mitigation_Measures :: description,Open,,,,,,,,,,Published,,,,,
T4-167,4,Out-of-date metadata,Maintenance,Component setting,column,https://county_template.devmny.org/the_risk/natural_hazards/earthquake,the_risk/natural_hazards/earthquake,Measures Inventory,2384098,Spreadsheet on Mitigation_Measures,"column coastal - type | stored type=""text"" | live type=""checkbox""","Columns menu > ""coastal"" > Refresh Meta. Refresh this column only - a blanket refresh overwrites author overrides on all nine synced attributes.",Mitigation_Measures :: coastal,Open,,,,,,,,,,Published,,,,,
T4-168,4,Out-of-date metadata,Maintenance,Component setting,column,https://county_template.devmny.org/the_risk/natural_hazards/extreme_cold,the_risk/natural_hazards/extreme_cold,Hazard of Concern,2384118,Card on Hazards_of_Concern,"column hazard - options+meta_lookup | stored options=[{""label"":""avalanche"",""value"":""avalanche""},{""label ; meta_lookup=""{\""avalanche\"":\""Avalanche\"",\""coastal\"":\""Coasta | live options=[{""label"":""avalanche"",""value"":""avalanche""},{""label ; meta_lookup=""{\""avalanche\"":\""Avalanche\"",\""coastal\"":\""Coasta","Columns menu > ""hazard"" > Refresh Meta. Refresh this column only - a blanket refresh overwrites author overrides on all nine synced attributes.",Hazards_of_Concern :: hazard,Open,,,,,,,,,,Published,,,,,
T4-169,4,Out-of-date metadata,Maintenance,Component setting,column,https://county_template.devmny.org/the_risk/natural_hazards/extreme_cold,the_risk/natural_hazards/extreme_cold,Hazard of Concern,2384118,Card on Hazards_of_Concern,"column hazard - options+meta_lookup | stored options=[{""label"":""avalanche"",""value"":""avalanche""},{""label ; meta_lookup=""{\""avalanche\"":\""Avalanche\"",\""coastal\"":\""Coasta | live options=[{""label"":""avalanche"",""value"":""avalanche""},{""label ; meta_lookup=""{\""avalanche\"":\""Avalanche\"",\""coastal\"":\""Coasta","Columns menu > ""hazard"" > Refresh Meta. Refresh this column only - a blanket refresh overwrites author overrides on all nine synced attributes.",Hazards_of_Concern :: hazard,Open,,,,,,,,,,Published,,,,,
T4-170,4,Out-of-date metadata,Maintenance,Component setting,column,https://county_template.devmny.org/the_risk/natural_hazards/extreme_cold,the_risk/natural_hazards/extreme_cold,Hazard of Concern,2384118,Card on Hazards_of_Concern,"column hazard_of_concern - options | stored options=[{""label"":""Yes"",""value"":""Yes""},{""label"":""No"",""valu | live options=[{""label"":""Yes"",""value"":""Yes""},{""label"":""No"",""valu","Columns menu > ""hazard_of_concern"" > Refresh Meta. Refresh this column only - a blanket refresh overwrites author overrides on all nine synced attributes.",Hazards_of_Concern :: hazard_of_concern,Open,,,,,,,,,,Published,,,,,
T4-171,4,Out-of-date metadata,Maintenance,Component setting,column,https://county_template.devmny.org/the_risk/natural_hazards/extreme_cold,the_risk/natural_hazards/extreme_cold,Hazard of Concern,2384118,Card on Hazards_of_Concern,"column geoid_county - meta_lookup | stored meta_lookup=undefined | live meta_lookup=""{\""view_id\"":\""1108098\"",\""keyAttribute\"":\""geoid","Columns menu > ""geoid_county"" > Refresh Meta. Refresh this column only - a blanket refresh overwrites author overrides on all nine synced attributes.",Hazards_of_Concern :: geoid_county,Open,,,,,,,,,,Published,,,,,
T4-172,4,Out-of-date metadata,Maintenance,Component setting,column,https://county_template.devmny.org/the_risk/natural_hazards/extreme_cold,the_risk/natural_hazards/extreme_cold,Hazard of Concern,2384118,Card on Hazards_of_Concern,"column geoid_juris - type+mapped_options+meta_lookup | stored type=""select"" ; mapped_options=""{\""sourceId\"":\""1346449\"",\""viewId\"":\""1346450\"", ; meta_lookup=""{\""view_id\"":\""1346450\"",\""valueAttribute\"":\""mun | live type=""multiselect"" ; mapped_options=""{\""sourceId\"":\""1346449\"",\""viewId\"":\""1346450\"", ; meta_lookup=""{\""view_id\"":\""1346450\"",\""valueAttribute\"":\""(da","Columns menu > ""geoid_juris"" > Refresh Meta. Refresh this column only - a blanket refresh overwrites author overrides on all nine synced attributes.",Hazards_of_Concern :: geoid_juris,Open,,,,,,,,,,Published,,,,,
T4-173,4,Out-of-date metadata,Maintenance,Component setting,column,https://county_template.devmny.org/the_risk/natural_hazards/extreme_cold,the_risk/natural_hazards/extreme_cold,(untitled Spreadsheet),2384128,Spreadsheet on R_and_V_Matrix,"column coastal_hazards - type | stored type=""text"" | live type=""checkbox""","Columns menu > ""coastal_hazards"" > Refresh Meta. Refresh this column only - a blanket refresh overwrites author overrides on all nine synced attributes.",R_and_V_Matrix :: coastal_hazards,Open,,,,,,,,,,Published,,,,,
T4-174,4,Out-of-date metadata,Maintenance,Component setting,column,https://county_template.devmny.org/the_risk/natural_hazards/extreme_cold,the_risk/natural_hazards/extreme_cold,(untitled Spreadsheet),2384128,Spreadsheet on R_and_V_Matrix,"column extreme_cold - type | stored type=""text"" | live type=""checkbox""","Columns menu > ""extreme_cold"" > Refresh Meta. Refresh this column only - a blanket refresh overwrites author overrides on all nine synced attributes.",R_and_V_Matrix :: extreme_cold,Open,,,,,,,,,,Published,,,,,
T4-175,4,Out-of-date metadata,Maintenance,Component setting,column,https://county_template.devmny.org/the_risk/natural_hazards/extreme_cold,the_risk/natural_hazards/extreme_cold,Measures Inventory,2384171,Spreadsheet on Mitigation_Measures,"column description - type | stored type=""text"" | live type=""lexical""","Columns menu > ""description"" > Refresh Meta. Refresh this column only - a blanket refresh overwrites author overrides on all nine synced attributes.",Mitigation_Measures :: description,Open,,,,,,,,,,Published,,,,,
T4-176,4,Out-of-date metadata,Maintenance,Component setting,column,https://county_template.devmny.org/the_risk/natural_hazards/extreme_cold,the_risk/natural_hazards/extreme_cold,Measures Inventory,2384171,Spreadsheet on Mitigation_Measures,"column coastal - type | stored type=""text"" | live type=""checkbox""","Columns menu > ""coastal"" > Refresh Meta. Refresh this column only - a blanket refresh overwrites author overrides on all nine synced attributes.",Mitigation_Measures :: coastal,Open,,,,,,,,,,Published,,,,,
T4-177,4,Out-of-date metadata,Maintenance,Component setting,column,https://county_template.devmny.org/the_risk/natural_hazards/extreme_heat,the_risk/natural_hazards/extreme_heat,Hazard of Concern,2384192,Card on Hazards_of_Concern,"column hazard - options+meta_lookup | stored options=[{""label"":""avalanche"",""value"":""avalanche""},{""label ; meta_lookup=""{\""avalanche\"":\""Avalanche\"",\""coastal\"":\""Coasta | live options=[{""label"":""avalanche"",""value"":""avalanche""},{""label ; meta_lookup=""{\""avalanche\"":\""Avalanche\"",\""coastal\"":\""Coasta","Columns menu > ""hazard"" > Refresh Meta. Refresh this column only - a blanket refresh overwrites author overrides on all nine synced attributes.",Hazards_of_Concern :: hazard,Open,,,,,,,,,,Published,,,,,
T4-178,4,Out-of-date metadata,Maintenance,Component setting,column,https://county_template.devmny.org/the_risk/natural_hazards/extreme_heat,the_risk/natural_hazards/extreme_heat,Hazard of Concern,2384192,Card on Hazards_of_Concern,"column hazard - options+meta_lookup | stored options=[{""label"":""avalanche"",""value"":""avalanche""},{""label ; meta_lookup=""{\""avalanche\"":\""Avalanche\"",\""coastal\"":\""Coasta | live options=[{""label"":""avalanche"",""value"":""avalanche""},{""label ; meta_lookup=""{\""avalanche\"":\""Avalanche\"",\""coastal\"":\""Coasta","Columns menu > ""hazard"" > Refresh Meta. Refresh this column only - a blanket refresh overwrites author overrides on all nine synced attributes.",Hazards_of_Concern :: hazard,Open,,,,,,,,,,Published,,,,,
T4-179,4,Out-of-date metadata,Maintenance,Component setting,column,https://county_template.devmny.org/the_risk/natural_hazards/extreme_heat,the_risk/natural_hazards/extreme_heat,Hazard of Concern,2384192,Card on Hazards_of_Concern,"column hazard_of_concern - options | stored options=[{""label"":""Yes"",""value"":""Yes""},{""label"":""No"",""valu | live options=[{""label"":""Yes"",""value"":""Yes""},{""label"":""No"",""valu","Columns menu > ""hazard_of_concern"" > Refresh Meta. Refresh this column only - a blanket refresh overwrites author overrides on all nine synced attributes.",Hazards_of_Concern :: hazard_of_concern,Open,,,,,,,,,,Published,,,,,
T4-180,4,Out-of-date metadata,Maintenance,Component setting,column,https://county_template.devmny.org/the_risk/natural_hazards/extreme_heat,the_risk/natural_hazards/extreme_heat,Hazard of Concern,2384192,Card on Hazards_of_Concern,"column geoid_county - meta_lookup | stored meta_lookup=undefined | live meta_lookup=""{\""view_id\"":\""1108098\"",\""keyAttribute\"":\""geoid","Columns menu > ""geoid_county"" > Refresh Meta. Refresh this column only - a blanket refresh overwrites author overrides on all nine synced attributes.",Hazards_of_Concern :: geoid_county,Open,,,,,,,,,,Published,,,,,
T4-181,4,Out-of-date metadata,Maintenance,Component setting,column,https://county_template.devmny.org/the_risk/natural_hazards/extreme_heat,the_risk/natural_hazards/extreme_heat,Hazard of Concern,2384192,Card on Hazards_of_Concern,"column geoid_juris - type+mapped_options+meta_lookup | stored type=""select"" ; mapped_options=""{\""sourceId\"":\""1346449\"",\""viewId\"":\""1346450\"", ; meta_lookup=""{\""view_id\"":\""1346450\"",\""valueAttribute\"":\""mun | live type=""multiselect"" ; mapped_options=""{\""sourceId\"":\""1346449\"",\""viewId\"":\""1346450\"", ; meta_lookup=""{\""view_id\"":\""1346450\"",\""valueAttribute\"":\""(da","Columns menu > ""geoid_juris"" > Refresh Meta. Refresh this column only - a blanket refresh overwrites author overrides on all nine synced attributes.",Hazards_of_Concern :: geoid_juris,Open,,,,,,,,,,Published,,,,,
T4-182,4,Out-of-date metadata,Maintenance,Component setting,column,https://county_template.devmny.org/the_risk/natural_hazards/extreme_heat,the_risk/natural_hazards/extreme_heat,(untitled Spreadsheet),2384202,Spreadsheet on R_and_V_Matrix,"column coastal_hazards - type | stored type=""text"" | live type=""checkbox""","Columns menu > ""coastal_hazards"" > Refresh Meta. Refresh this column only - a blanket refresh overwrites author overrides on all nine synced attributes.",R_and_V_Matrix :: coastal_hazards,Open,,,,,,,,,,Published,,,,,
T4-183,4,Out-of-date metadata,Maintenance,Component setting,column,https://county_template.devmny.org/the_risk/natural_hazards/extreme_heat,the_risk/natural_hazards/extreme_heat,(untitled Spreadsheet),2384202,Spreadsheet on R_and_V_Matrix,"column extreme_cold - type | stored type=""text"" | live type=""checkbox""","Columns menu > ""extreme_cold"" > Refresh Meta. Refresh this column only - a blanket refresh overwrites author overrides on all nine synced attributes.",R_and_V_Matrix :: extreme_cold,Open,,,,,,,,,,Published,,,,,
T4-184,4,Out-of-date metadata,Maintenance,Component setting,column,https://county_template.devmny.org/the_risk/natural_hazards/extreme_heat,the_risk/natural_hazards/extreme_heat,Measures Inventory,2384246,Spreadsheet on Mitigation_Measures,"column description - type | stored type=""text"" | live type=""lexical""","Columns menu > ""description"" > Refresh Meta. Refresh this column only - a blanket refresh overwrites author overrides on all nine synced attributes.",Mitigation_Measures :: description,Open,,,,,,,,,,Published,,,,,
T4-185,4,Out-of-date metadata,Maintenance,Component setting,column,https://county_template.devmny.org/the_risk/natural_hazards/extreme_heat,the_risk/natural_hazards/extreme_heat,Measures Inventory,2384246,Spreadsheet on Mitigation_Measures,"column coastal - type | stored type=""text"" | live type=""checkbox""","Columns menu > ""coastal"" > Refresh Meta. Refresh this column only - a blanket refresh overwrites author overrides on all nine synced attributes.",Mitigation_Measures :: coastal,Open,,,,,,,,,,Published,,,,,
T4-186,4,Out-of-date metadata,Maintenance,Component setting,column,https://county_template.devmny.org/the_risk/natural_hazards/flooding,the_risk/natural_hazards/flooding,Hazard of Concern,2384266,Card on Hazards_of_Concern,"column hazard - options+meta_lookup | stored options=[{""label"":""avalanche"",""value"":""avalanche""},{""label ; meta_lookup=""{\""avalanche\"":\""Avalanche\"",\""coastal\"":\""Coasta | live options=[{""label"":""avalanche"",""value"":""avalanche""},{""label ; meta_lookup=""{\""avalanche\"":\""Avalanche\"",\""coastal\"":\""Coasta","Columns menu > ""hazard"" > Refresh Meta. Refresh this column only - a blanket refresh overwrites author overrides on all nine synced attributes.",Hazards_of_Concern :: hazard,Open,,,,,,,,,,Published,,,,,
T4-187,4,Out-of-date metadata,Maintenance,Component setting,column,https://county_template.devmny.org/the_risk/natural_hazards/flooding,the_risk/natural_hazards/flooding,Hazard of Concern,2384266,Card on Hazards_of_Concern,"column hazard - options+meta_lookup | stored options=[{""label"":""avalanche"",""value"":""avalanche""},{""label ; meta_lookup=""{\""avalanche\"":\""Avalanche\"",\""coastal\"":\""Coasta | live options=[{""label"":""avalanche"",""value"":""avalanche""},{""label ; meta_lookup=""{\""avalanche\"":\""Avalanche\"",\""coastal\"":\""Coasta","Columns menu > ""hazard"" > Refresh Meta. Refresh this column only - a blanket refresh overwrites author overrides on all nine synced attributes.",Hazards_of_Concern :: hazard,Open,,,,,,,,,,Published,,,,,
T4-188,4,Out-of-date metadata,Maintenance,Component setting,column,https://county_template.devmny.org/the_risk/natural_hazards/flooding,the_risk/natural_hazards/flooding,Hazard of Concern,2384266,Card on Hazards_of_Concern,"column hazard_of_concern - options | stored options=[{""label"":""Yes"",""value"":""Yes""},{""label"":""No"",""valu | live options=[{""label"":""Yes"",""value"":""Yes""},{""label"":""No"",""valu","Columns menu > ""hazard_of_concern"" > Refresh Meta. Refresh this column only - a blanket refresh overwrites author overrides on all nine synced attributes.",Hazards_of_Concern :: hazard_of_concern,Open,,,,,,,,,,Published,,,,,
T4-189,4,Out-of-date metadata,Maintenance,Component setting,column,https://county_template.devmny.org/the_risk/natural_hazards/flooding,the_risk/natural_hazards/flooding,Hazard of Concern,2384266,Card on Hazards_of_Concern,"column geoid_county - meta_lookup | stored meta_lookup=undefined | live meta_lookup=""{\""view_id\"":\""1108098\"",\""keyAttribute\"":\""geoid","Columns menu > ""geoid_county"" > Refresh Meta. Refresh this column only - a blanket refresh overwrites author overrides on all nine synced attributes.",Hazards_of_Concern :: geoid_county,Open,,,,,,,,,,Published,,,,,
T4-190,4,Out-of-date metadata,Maintenance,Component setting,column,https://county_template.devmny.org/the_risk/natural_hazards/flooding,the_risk/natural_hazards/flooding,Hazard of Concern,2384266,Card on Hazards_of_Concern,"column geoid_juris - type+mapped_options+meta_lookup | stored type=""select"" ; mapped_options=""{\""sourceId\"":\""1346449\"",\""viewId\"":\""1346450\"", ; meta_lookup=""{\""view_id\"":\""1346450\"",\""valueAttribute\"":\""mun | live type=""multiselect"" ; mapped_options=""{\""sourceId\"":\""1346449\"",\""viewId\"":\""1346450\"", ; meta_lookup=""{\""view_id\"":\""1346450\"",\""valueAttribute\"":\""(da","Columns menu > ""geoid_juris"" > Refresh Meta. Refresh this column only - a blanket refresh overwrites author overrides on all nine synced attributes.",Hazards_of_Concern :: geoid_juris,Open,,,,,,,,,,Published,,,,,
T4-191,4,Out-of-date metadata,Maintenance,Component setting,column,https://county_template.devmny.org/the_risk/natural_hazards/flooding,the_risk/natural_hazards/flooding,(untitled Spreadsheet),2384276,Spreadsheet on R_and_V_Matrix,"column coastal_hazards - type | stored type=""text"" | live type=""checkbox""","Columns menu > ""coastal_hazards"" > Refresh Meta. Refresh this column only - a blanket refresh overwrites author overrides on all nine synced attributes.",R_and_V_Matrix :: coastal_hazards,Open,,,,,,,,,,Published,,,,,
T4-192,4,Out-of-date metadata,Maintenance,Component setting,column,https://county_template.devmny.org/the_risk/natural_hazards/flooding,the_risk/natural_hazards/flooding,(untitled Spreadsheet),2384276,Spreadsheet on R_and_V_Matrix,"column extreme_cold - type | stored type=""text"" | live type=""checkbox""","Columns menu > ""extreme_cold"" > Refresh Meta. Refresh this column only - a blanket refresh overwrites author overrides on all nine synced attributes.",R_and_V_Matrix :: extreme_cold,Open,,,,,,,,,,Published,,,,,
T4-193,4,Out-of-date metadata,Maintenance,Component setting,column,https://county_template.devmny.org/the_risk/natural_hazards/flooding,the_risk/natural_hazards/flooding,Measures Inventory,2384325,Spreadsheet on Mitigation_Measures,"column description - type | stored type=""text"" | live type=""lexical""","Columns menu > ""description"" > Refresh Meta. Refresh this column only - a blanket refresh overwrites author overrides on all nine synced attributes.",Mitigation_Measures :: description,Open,,,,,,,,,,Published,,,,,
T4-194,4,Out-of-date metadata,Maintenance,Component setting,column,https://county_template.devmny.org/the_risk/natural_hazards/flooding,the_risk/natural_hazards/flooding,Measures Inventory,2384325,Spreadsheet on Mitigation_Measures,"column coastal - type | stored type=""text"" | live type=""checkbox""","Columns menu > ""coastal"" > Refresh Meta. Refresh this column only - a blanket refresh overwrites author overrides on all nine synced attributes.",Mitigation_Measures :: coastal,Open,,,,,,,,,,Published,,,,,
T4-195,4,Out-of-date metadata,Maintenance,Component setting,column,https://county_template.devmny.org/the_risk/natural_hazards/hail,the_risk/natural_hazards/hail,Hazard of Concern,2384448,Card on Hazards_of_Concern,"column hazard - options+meta_lookup | stored options=[{""label"":""avalanche"",""value"":""avalanche""},{""label ; meta_lookup=""{\""avalanche\"":\""Avalanche\"",\""coastal\"":\""Coasta | live options=[{""label"":""avalanche"",""value"":""avalanche""},{""label ; meta_lookup=""{\""avalanche\"":\""Avalanche\"",\""coastal\"":\""Coasta","Columns menu > ""hazard"" > Refresh Meta. Refresh this column only - a blanket refresh overwrites author overrides on all nine synced attributes.",Hazards_of_Concern :: hazard,Open,,,,,,,,,,Published,,,,,
T4-196,4,Out-of-date metadata,Maintenance,Component setting,column,https://county_template.devmny.org/the_risk/natural_hazards/hail,the_risk/natural_hazards/hail,Hazard of Concern,2384448,Card on Hazards_of_Concern,"column hazard - options+meta_lookup | stored options=[{""label"":""avalanche"",""value"":""avalanche""},{""label ; meta_lookup=""{\""avalanche\"":\""Avalanche\"",\""coastal\"":\""Coasta | live options=[{""label"":""avalanche"",""value"":""avalanche""},{""label ; meta_lookup=""{\""avalanche\"":\""Avalanche\"",\""coastal\"":\""Coasta","Columns menu > ""hazard"" > Refresh Meta. Refresh this column only - a blanket refresh overwrites author overrides on all nine synced attributes.",Hazards_of_Concern :: hazard,Open,,,,,,,,,,Published,,,,,
T4-197,4,Out-of-date metadata,Maintenance,Component setting,column,https://county_template.devmny.org/the_risk/natural_hazards/hail,the_risk/natural_hazards/hail,Hazard of Concern,2384448,Card on Hazards_of_Concern,"column hazard_of_concern - options | stored options=[{""label"":""Yes"",""value"":""Yes""},{""label"":""No"",""valu | live options=[{""label"":""Yes"",""value"":""Yes""},{""label"":""No"",""valu","Columns menu > ""hazard_of_concern"" > Refresh Meta. Refresh this column only - a blanket refresh overwrites author overrides on all nine synced attributes.",Hazards_of_Concern :: hazard_of_concern,Open,,,,,,,,,,Published,,,,,
T4-198,4,Out-of-date metadata,Maintenance,Component setting,column,https://county_template.devmny.org/the_risk/natural_hazards/hail,the_risk/natural_hazards/hail,Hazard of Concern,2384448,Card on Hazards_of_Concern,"column geoid_county - meta_lookup | stored meta_lookup=undefined | live meta_lookup=""{\""view_id\"":\""1108098\"",\""keyAttribute\"":\""geoid","Columns menu > ""geoid_county"" > Refresh Meta. Refresh this column only - a blanket refresh overwrites author overrides on all nine synced attributes.",Hazards_of_Concern :: geoid_county,Open,,,,,,,,,,Published,,,,,
T4-199,4,Out-of-date metadata,Maintenance,Component setting,column,https://county_template.devmny.org/the_risk/natural_hazards/hail,the_risk/natural_hazards/hail,Hazard of Concern,2384448,Card on Hazards_of_Concern,"column geoid_juris - type+mapped_options+meta_lookup | stored type=""select"" ; mapped_options=""{\""sourceId\"":\""1346449\"",\""viewId\"":\""1346450\"", ; meta_lookup=""{\""view_id\"":\""1346450\"",\""valueAttribute\"":\""mun | live type=""multiselect"" ; mapped_options=""{\""sourceId\"":\""1346449\"",\""viewId\"":\""1346450\"", ; meta_lookup=""{\""view_id\"":\""1346450\"",\""valueAttribute\"":\""(da","Columns menu > ""geoid_juris"" > Refresh Meta. Refresh this column only - a blanket refresh overwrites author overrides on all nine synced attributes.",Hazards_of_Concern :: geoid_juris,Open,,,,,,,,,,Published,,,,,
T4-200,4,Out-of-date metadata,Maintenance,Component setting,column,https://county_template.devmny.org/the_risk/natural_hazards/hail,the_risk/natural_hazards/hail,(untitled Spreadsheet),2384458,Spreadsheet on R_and_V_Matrix,"column coastal_hazards - type | stored type=""text"" | live type=""checkbox""","Columns menu > ""coastal_hazards"" > Refresh Meta. Refresh this column only - a blanket refresh overwrites author overrides on all nine synced attributes.",R_and_V_Matrix :: coastal_hazards,Open,,,,,,,,,,Published,,,,,
T4-201,4,Out-of-date metadata,Maintenance,Component setting,column,https://county_template.devmny.org/the_risk/natural_hazards/hail,the_risk/natural_hazards/hail,(untitled Spreadsheet),2384458,Spreadsheet on R_and_V_Matrix,"column extreme_cold - type | stored type=""text"" | live type=""checkbox""","Columns menu > ""extreme_cold"" > Refresh Meta. Refresh this column only - a blanket refresh overwrites author overrides on all nine synced attributes.",R_and_V_Matrix :: extreme_cold,Open,,,,,,,,,,Published,,,,,
T4-202,4,Out-of-date metadata,Maintenance,Component setting,column,https://county_template.devmny.org/the_risk/natural_hazards/hail,the_risk/natural_hazards/hail,Measures Inventory,2384502,Spreadsheet on Mitigation_Measures,"column description - type | stored type=""text"" | live type=""lexical""","Columns menu > ""description"" > Refresh Meta. Refresh this column only - a blanket refresh overwrites author overrides on all nine synced attributes.",Mitigation_Measures :: description,Open,,,,,,,,,,Published,,,,,
T4-203,4,Out-of-date metadata,Maintenance,Component setting,column,https://county_template.devmny.org/the_risk/natural_hazards/hail,the_risk/natural_hazards/hail,Measures Inventory,2384502,Spreadsheet on Mitigation_Measures,"column coastal - type | stored type=""text"" | live type=""checkbox""","Columns menu > ""coastal"" > Refresh Meta. Refresh this column only - a blanket refresh overwrites author overrides on all nine synced attributes.",Mitigation_Measures :: coastal,Open,,,,,,,,,,Published,,,,,
T4-223,4,Out-of-date metadata,Maintenance,Component setting,column,https://county_template.devmny.org/the_risk/natural_hazards/ice_storm,the_risk/natural_hazards/ice_storm,Hazard of Concern,2384621,Card on Hazards_of_Concern,"column hazard - options+meta_lookup | stored options=[{""label"":""avalanche"",""value"":""avalanche""},{""label ; meta_lookup=""{\""avalanche\"":\""Avalanche\"",\""coastal\"":\""Coasta | live options=[{""label"":""avalanche"",""value"":""avalanche""},{""label ; meta_lookup=""{\""avalanche\"":\""Avalanche\"",\""coastal\"":\""Coasta","Columns menu > ""hazard"" > Refresh Meta. Refresh this column only - a blanket refresh overwrites author overrides on all nine synced attributes.",Hazards_of_Concern :: hazard,Open,,,,,,,,,,Published,,,,,
T4-224,4,Out-of-date metadata,Maintenance,Component setting,column,https://county_template.devmny.org/the_risk/natural_hazards/ice_storm,the_risk/natural_hazards/ice_storm,Hazard of Concern,2384621,Card on Hazards_of_Concern,"column hazard - options+meta_lookup | stored options=[{""label"":""avalanche"",""value"":""avalanche""},{""label ; meta_lookup=""{\""avalanche\"":\""Avalanche\"",\""coastal\"":\""Coasta | live options=[{""label"":""avalanche"",""value"":""avalanche""},{""label ; meta_lookup=""{\""avalanche\"":\""Avalanche\"",\""coastal\"":\""Coasta","Columns menu > ""hazard"" > Refresh Meta. Refresh this column only - a blanket refresh overwrites author overrides on all nine synced attributes.",Hazards_of_Concern :: hazard,Open,,,,,,,,,,Published,,,,,
T4-225,4,Out-of-date metadata,Maintenance,Component setting,column,https://county_template.devmny.org/the_risk/natural_hazards/ice_storm,the_risk/natural_hazards/ice_storm,Hazard of Concern,2384621,Card on Hazards_of_Concern,"column hazard_of_concern - options | stored options=[{""label"":""Yes"",""value"":""Yes""},{""label"":""No"",""valu | live options=[{""label"":""Yes"",""value"":""Yes""},{""label"":""No"",""valu","Columns menu > ""hazard_of_concern"" > Refresh Meta. Refresh this column only - a blanket refresh overwrites author overrides on all nine synced attributes.",Hazards_of_Concern :: hazard_of_concern,Open,,,,,,,,,,Published,,,,,
T4-226,4,Out-of-date metadata,Maintenance,Component setting,column,https://county_template.devmny.org/the_risk/natural_hazards/ice_storm,the_risk/natural_hazards/ice_storm,Hazard of Concern,2384621,Card on Hazards_of_Concern,"column geoid_county - meta_lookup | stored meta_lookup=undefined | live meta_lookup=""{\""view_id\"":\""1108098\"",\""keyAttribute\"":\""geoid","Columns menu > ""geoid_county"" > Refresh Meta. Refresh this column only - a blanket refresh overwrites author overrides on all nine synced attributes.",Hazards_of_Concern :: geoid_county,Open,,,,,,,,,,Published,,,,,
T4-227,4,Out-of-date metadata,Maintenance,Component setting,column,https://county_template.devmny.org/the_risk/natural_hazards/ice_storm,the_risk/natural_hazards/ice_storm,Hazard of Concern,2384621,Card on Hazards_of_Concern,"column geoid_juris - type+mapped_options+meta_lookup | stored type=""select"" ; mapped_options=""{\""sourceId\"":\""1346449\"",\""viewId\"":\""1346450\"", ; meta_lookup=""{\""view_id\"":\""1346450\"",\""valueAttribute\"":\""mun | live type=""multiselect"" ; mapped_options=""{\""sourceId\"":\""1346449\"",\""viewId\"":\""1346450\"", ; meta_lookup=""{\""view_id\"":\""1346450\"",\""valueAttribute\"":\""(da","Columns menu > ""geoid_juris"" > Refresh Meta. Refresh this column only - a blanket refresh overwrites author overrides on all nine synced attributes.",Hazards_of_Concern :: geoid_juris,Open,,,,,,,,,,Published,,,,,
T4-228,4,Out-of-date metadata,Maintenance,Component setting,column,https://county_template.devmny.org/the_risk/natural_hazards/ice_storm,the_risk/natural_hazards/ice_storm,(untitled Spreadsheet),2384631,Spreadsheet on R_and_V_Matrix,"column coastal_hazards - type | stored type=""text"" | live type=""checkbox""","Columns menu > ""coastal_hazards"" > Refresh Meta. Refresh this column only - a blanket refresh overwrites author overrides on all nine synced attributes.",R_and_V_Matrix :: coastal_hazards,Open,,,,,,,,,,Published,,,,,
T4-229,4,Out-of-date metadata,Maintenance,Component setting,column,https://county_template.devmny.org/the_risk/natural_hazards/ice_storm,the_risk/natural_hazards/ice_storm,(untitled Spreadsheet),2384631,Spreadsheet on R_and_V_Matrix,"column extreme_cold - type | stored type=""text"" | live type=""checkbox""","Columns menu > ""extreme_cold"" > Refresh Meta. Refresh this column only - a blanket refresh overwrites author overrides on all nine synced attributes.",R_and_V_Matrix :: extreme_cold,Open,,,,,,,,,,Published,,,,,
T4-230,4,Out-of-date metadata,Maintenance,Component setting,column,https://county_template.devmny.org/the_risk/natural_hazards/ice_storm,the_risk/natural_hazards/ice_storm,Measures Inventory,2384675,Spreadsheet on Mitigation_Measures,"column description - type | stored type=""text"" | live type=""lexical""","Columns menu > ""description"" > Refresh Meta. Refresh this column only - a blanket refresh overwrites author overrides on all nine synced attributes.",Mitigation_Measures :: description,Open,,,,,,,,,,Published,,,,,
T4-231,4,Out-of-date metadata,Maintenance,Component setting,column,https://county_template.devmny.org/the_risk/natural_hazards/ice_storm,the_risk/natural_hazards/ice_storm,Measures Inventory,2384675,Spreadsheet on Mitigation_Measures,"column coastal - type | stored type=""text"" | live type=""checkbox""","Columns menu > ""coastal"" > Refresh Meta. Refresh this column only - a blanket refresh overwrites author overrides on all nine synced attributes.",Mitigation_Measures :: coastal,Open,,,,,,,,,,Published,,,,,
T4-232,4,Out-of-date metadata,Maintenance,Component setting,column,https://county_template.devmny.org/the_risk/natural_hazards/landslide,the_risk/natural_hazards/landslide,Hazard of Concern,2384696,Card on Hazards_of_Concern,"column hazard - options+meta_lookup | stored options=[{""label"":""avalanche"",""value"":""avalanche""},{""label ; meta_lookup=""{\""avalanche\"":\""Avalanche\"",\""coastal\"":\""Coasta | live options=[{""label"":""avalanche"",""value"":""avalanche""},{""label ; meta_lookup=""{\""avalanche\"":\""Avalanche\"",\""coastal\"":\""Coasta","Columns menu > ""hazard"" > Refresh Meta. Refresh this column only - a blanket refresh overwrites author overrides on all nine synced attributes.",Hazards_of_Concern :: hazard,Open,,,,,,,,,,Published,,,,,
T4-233,4,Out-of-date metadata,Maintenance,Component setting,column,https://county_template.devmny.org/the_risk/natural_hazards/landslide,the_risk/natural_hazards/landslide,Hazard of Concern,2384696,Card on Hazards_of_Concern,"column hazard - options+meta_lookup | stored options=[{""label"":""avalanche"",""value"":""avalanche""},{""label ; meta_lookup=""{\""avalanche\"":\""Avalanche\"",\""coastal\"":\""Coasta | live options=[{""label"":""avalanche"",""value"":""avalanche""},{""label ; meta_lookup=""{\""avalanche\"":\""Avalanche\"",\""coastal\"":\""Coasta","Columns menu > ""hazard"" > Refresh Meta. Refresh this column only - a blanket refresh overwrites author overrides on all nine synced attributes.",Hazards_of_Concern :: hazard,Open,,,,,,,,,,Published,,,,,
T4-234,4,Out-of-date metadata,Maintenance,Component setting,column,https://county_template.devmny.org/the_risk/natural_hazards/landslide,the_risk/natural_hazards/landslide,Hazard of Concern,2384696,Card on Hazards_of_Concern,"column hazard_of_concern - options | stored options=[{""label"":""Yes"",""value"":""Yes""},{""label"":""No"",""valu | live options=[{""label"":""Yes"",""value"":""Yes""},{""label"":""No"",""valu","Columns menu > ""hazard_of_concern"" > Refresh Meta. Refresh this column only - a blanket refresh overwrites author overrides on all nine synced attributes.",Hazards_of_Concern :: hazard_of_concern,Open,,,,,,,,,,Published,,,,,
T4-235,4,Out-of-date metadata,Maintenance,Component setting,column,https://county_template.devmny.org/the_risk/natural_hazards/landslide,the_risk/natural_hazards/landslide,Hazard of Concern,2384696,Card on Hazards_of_Concern,"column geoid_county - meta_lookup | stored meta_lookup=undefined | live meta_lookup=""{\""view_id\"":\""1108098\"",\""keyAttribute\"":\""geoid","Columns menu > ""geoid_county"" > Refresh Meta. Refresh this column only - a blanket refresh overwrites author overrides on all nine synced attributes.",Hazards_of_Concern :: geoid_county,Open,,,,,,,,,,Published,,,,,
T4-236,4,Out-of-date metadata,Maintenance,Component setting,column,https://county_template.devmny.org/the_risk/natural_hazards/landslide,the_risk/natural_hazards/landslide,Hazard of Concern,2384696,Card on Hazards_of_Concern,"column geoid_juris - type+mapped_options+meta_lookup | stored type=""select"" ; mapped_options=""{\""sourceId\"":\""1346449\"",\""viewId\"":\""1346450\"", ; meta_lookup=""{\""view_id\"":\""1346450\"",\""valueAttribute\"":\""mun | live type=""multiselect"" ; mapped_options=""{\""sourceId\"":\""1346449\"",\""viewId\"":\""1346450\"", ; meta_lookup=""{\""view_id\"":\""1346450\"",\""valueAttribute\"":\""(da","Columns menu > ""geoid_juris"" > Refresh Meta. Refresh this column only - a blanket refresh overwrites author overrides on all nine synced attributes.",Hazards_of_Concern :: geoid_juris,Open,,,,,,,,,,Published,,,,,
T4-237,4,Out-of-date metadata,Maintenance,Component setting,column,https://county_template.devmny.org/the_risk/natural_hazards/landslide,the_risk/natural_hazards/landslide,(untitled Spreadsheet),2384706,Spreadsheet on R_and_V_Matrix,"column coastal_hazards - type | stored type=""text"" | live type=""checkbox""","Columns menu > ""coastal_hazards"" > Refresh Meta. Refresh this column only - a blanket refresh overwrites author overrides on all nine synced attributes.",R_and_V_Matrix :: coastal_hazards,Open,,,,,,,,,,Published,,,,,
T4-238,4,Out-of-date metadata,Maintenance,Component setting,column,https://county_template.devmny.org/the_risk/natural_hazards/landslide,the_risk/natural_hazards/landslide,(untitled Spreadsheet),2384706,Spreadsheet on R_and_V_Matrix,"column extreme_cold - type | stored type=""text"" | live type=""checkbox""","Columns menu > ""extreme_cold"" > Refresh Meta. Refresh this column only - a blanket refresh overwrites author overrides on all nine synced attributes.",R_and_V_Matrix :: extreme_cold,Open,,,,,,,,,,Published,,,,,
T4-239,4,Out-of-date metadata,Maintenance,Component setting,column,https://county_template.devmny.org/the_risk/natural_hazards/landslide,the_risk/natural_hazards/landslide,Measures Inventory,2384750,Spreadsheet on Mitigation_Measures,"column description - type | stored type=""text"" | live type=""lexical""","Columns menu > ""description"" > Refresh Meta. Refresh this column only - a blanket refresh overwrites author overrides on all nine synced attributes.",Mitigation_Measures :: description,Open,,,,,,,,,,Published,,,,,
T4-240,4,Out-of-date metadata,Maintenance,Component setting,column,https://county_template.devmny.org/the_risk/natural_hazards/landslide,the_risk/natural_hazards/landslide,Measures Inventory,2384750,Spreadsheet on Mitigation_Measures,"column coastal - type | stored type=""text"" | live type=""checkbox""","Columns menu > ""coastal"" > Refresh Meta. Refresh this column only - a blanket refresh overwrites author overrides on all nine synced attributes.",Mitigation_Measures :: coastal,Open,,,,,,,,,,Published,,,,,
T4-241,4,Out-of-date metadata,Maintenance,Component setting,column,https://county_template.devmny.org/the_risk/natural_hazards/lightning,the_risk/natural_hazards/lightning,(untitled Spreadsheet),2384781,Spreadsheet on R_and_V_Matrix,"column coastal_hazards - type | stored type=""text"" | live type=""checkbox""","Columns menu > ""coastal_hazards"" > Refresh Meta. Refresh this column only - a blanket refresh overwrites author overrides on all nine synced attributes.",R_and_V_Matrix :: coastal_hazards,Open,,,,,,,,,,Published,,,,,
T4-242,4,Out-of-date metadata,Maintenance,Component setting,column,https://county_template.devmny.org/the_risk/natural_hazards/lightning,the_risk/natural_hazards/lightning,(untitled Spreadsheet),2384781,Spreadsheet on R_and_V_Matrix,"column extreme_cold - type | stored type=""text"" | live type=""checkbox""","Columns menu > ""extreme_cold"" > Refresh Meta. Refresh this column only - a blanket refresh overwrites author overrides on all nine synced attributes.",R_and_V_Matrix :: extreme_cold,Open,,,,,,,,,,Published,,,,,
T4-243,4,Out-of-date metadata,Maintenance,Component setting,column,https://county_template.devmny.org/the_risk/natural_hazards/lightning,the_risk/natural_hazards/lightning,Hazard of Concern,2384771,Card on Hazards_of_Concern,"column hazard - options+meta_lookup | stored options=[{""label"":""avalanche"",""value"":""avalanche""},{""label ; meta_lookup=""{\""avalanche\"":\""Avalanche\"",\""coastal\"":\""Coasta | live options=[{""label"":""avalanche"",""value"":""avalanche""},{""label ; meta_lookup=""{\""avalanche\"":\""Avalanche\"",\""coastal\"":\""Coasta","Columns menu > ""hazard"" > Refresh Meta. Refresh this column only - a blanket refresh overwrites author overrides on all nine synced attributes.",Hazards_of_Concern :: hazard,Open,,,,,,,,,,Published,,,,,
T4-244,4,Out-of-date metadata,Maintenance,Component setting,column,https://county_template.devmny.org/the_risk/natural_hazards/lightning,the_risk/natural_hazards/lightning,Hazard of Concern,2384771,Card on Hazards_of_Concern,"column hazard - options+meta_lookup | stored options=[{""label"":""avalanche"",""value"":""avalanche""},{""label ; meta_lookup=""{\""avalanche\"":\""Avalanche\"",\""coastal\"":\""Coasta | live options=[{""label"":""avalanche"",""value"":""avalanche""},{""label ; meta_lookup=""{\""avalanche\"":\""Avalanche\"",\""coastal\"":\""Coasta","Columns menu > ""hazard"" > Refresh Meta. Refresh this column only - a blanket refresh overwrites author overrides on all nine synced attributes.",Hazards_of_Concern :: hazard,Open,,,,,,,,,,Published,,,,,
T4-245,4,Out-of-date metadata,Maintenance,Component setting,column,https://county_template.devmny.org/the_risk/natural_hazards/lightning,the_risk/natural_hazards/lightning,Hazard of Concern,2384771,Card on Hazards_of_Concern,"column hazard_of_concern - options | stored options=[{""label"":""Yes"",""value"":""Yes""},{""label"":""No"",""valu | live options=[{""label"":""Yes"",""value"":""Yes""},{""label"":""No"",""valu","Columns menu > ""hazard_of_concern"" > Refresh Meta. Refresh this column only - a blanket refresh overwrites author overrides on all nine synced attributes.",Hazards_of_Concern :: hazard_of_concern,Open,,,,,,,,,,Published,,,,,
T4-246,4,Out-of-date metadata,Maintenance,Component setting,column,https://county_template.devmny.org/the_risk/natural_hazards/lightning,the_risk/natural_hazards/lightning,Hazard of Concern,2384771,Card on Hazards_of_Concern,"column geoid_county - meta_lookup | stored meta_lookup=undefined | live meta_lookup=""{\""view_id\"":\""1108098\"",\""keyAttribute\"":\""geoid","Columns menu > ""geoid_county"" > Refresh Meta. Refresh this column only - a blanket refresh overwrites author overrides on all nine synced attributes.",Hazards_of_Concern :: geoid_county,Open,,,,,,,,,,Published,,,,,
T4-247,4,Out-of-date metadata,Maintenance,Component setting,column,https://county_template.devmny.org/the_risk/natural_hazards/lightning,the_risk/natural_hazards/lightning,Hazard of Concern,2384771,Card on Hazards_of_Concern,"column geoid_juris - type+mapped_options+meta_lookup | stored type=""select"" ; mapped_options=""{\""sourceId\"":\""1346449\"",\""viewId\"":\""1346450\"", ; meta_lookup=""{\""view_id\"":\""1346450\"",\""valueAttribute\"":\""mun | live type=""multiselect"" ; mapped_options=""{\""sourceId\"":\""1346449\"",\""viewId\"":\""1346450\"", ; meta_lookup=""{\""view_id\"":\""1346450\"",\""valueAttribute\"":\""(da","Columns menu > ""geoid_juris"" > Refresh Meta. Refresh this column only - a blanket refresh overwrites author overrides on all nine synced attributes.",Hazards_of_Concern :: geoid_juris,Open,,,,,,,,,,Published,,,,,
T4-248,4,Out-of-date metadata,Maintenance,Component setting,column,https://county_template.devmny.org/the_risk/natural_hazards/lightning,the_risk/natural_hazards/lightning,Measures Inventory,2384825,Spreadsheet on Mitigation_Measures,"column description - type | stored type=""text"" | live type=""lexical""","Columns menu > ""description"" > Refresh Meta. Refresh this column only - a blanket refresh overwrites author overrides on all nine synced attributes.",Mitigation_Measures :: description,Open,,,,,,,,,,Published,,,,,
T4-249,4,Out-of-date metadata,Maintenance,Component setting,column,https://county_template.devmny.org/the_risk/natural_hazards/lightning,the_risk/natural_hazards/lightning,Measures Inventory,2384825,Spreadsheet on Mitigation_Measures,"column coastal - type | stored type=""text"" | live type=""checkbox""","Columns menu > ""coastal"" > Refresh Meta. Refresh this column only - a blanket refresh overwrites author overrides on all nine synced attributes.",Mitigation_Measures :: coastal,Open,,,,,,,,,,Published,,,,,
T4-250,4,Out-of-date metadata,Maintenance,Component setting,column,https://county_template.devmny.org/the_risk/natural_hazards/snowstorm,the_risk/natural_hazards/snowstorm,Hazard of Concern,2384846,Card on Hazards_of_Concern,"column hazard - options+meta_lookup | stored options=[{""label"":""avalanche"",""value"":""avalanche""},{""label ; meta_lookup=""{\""avalanche\"":\""Avalanche\"",\""coastal\"":\""Coasta | live options=[{""label"":""avalanche"",""value"":""avalanche""},{""label ; meta_lookup=""{\""avalanche\"":\""Avalanche\"",\""coastal\"":\""Coasta","Columns menu > ""hazard"" > Refresh Meta. Refresh this column only - a blanket refresh overwrites author overrides on all nine synced attributes.",Hazards_of_Concern :: hazard,Open,,,,,,,,,,Published,,,,,
T4-251,4,Out-of-date metadata,Maintenance,Component setting,column,https://county_template.devmny.org/the_risk/natural_hazards/snowstorm,the_risk/natural_hazards/snowstorm,Hazard of Concern,2384846,Card on Hazards_of_Concern,"column hazard - options+meta_lookup | stored options=[{""label"":""avalanche"",""value"":""avalanche""},{""label ; meta_lookup=""{\""avalanche\"":\""Avalanche\"",\""coastal\"":\""Coasta | live options=[{""label"":""avalanche"",""value"":""avalanche""},{""label ; meta_lookup=""{\""avalanche\"":\""Avalanche\"",\""coastal\"":\""Coasta","Columns menu > ""hazard"" > Refresh Meta. Refresh this column only - a blanket refresh overwrites author overrides on all nine synced attributes.",Hazards_of_Concern :: hazard,Open,,,,,,,,,,Published,,,,,
T4-252,4,Out-of-date metadata,Maintenance,Component setting,column,https://county_template.devmny.org/the_risk/natural_hazards/snowstorm,the_risk/natural_hazards/snowstorm,Hazard of Concern,2384846,Card on Hazards_of_Concern,"column hazard_of_concern - options | stored options=[{""label"":""Yes"",""value"":""Yes""},{""label"":""No"",""valu | live options=[{""label"":""Yes"",""value"":""Yes""},{""label"":""No"",""valu","Columns menu > ""hazard_of_concern"" > Refresh Meta. Refresh this column only - a blanket refresh overwrites author overrides on all nine synced attributes.",Hazards_of_Concern :: hazard_of_concern,Open,,,,,,,,,,Published,,,,,
T4-253,4,Out-of-date metadata,Maintenance,Component setting,column,https://county_template.devmny.org/the_risk/natural_hazards/snowstorm,the_risk/natural_hazards/snowstorm,Hazard of Concern,2384846,Card on Hazards_of_Concern,"column geoid_county - meta_lookup | stored meta_lookup=undefined | live meta_lookup=""{\""view_id\"":\""1108098\"",\""keyAttribute\"":\""geoid","Columns menu > ""geoid_county"" > Refresh Meta. Refresh this column only - a blanket refresh overwrites author overrides on all nine synced attributes.",Hazards_of_Concern :: geoid_county,Open,,,,,,,,,,Published,,,,,
T4-254,4,Out-of-date metadata,Maintenance,Component setting,column,https://county_template.devmny.org/the_risk/natural_hazards/snowstorm,the_risk/natural_hazards/snowstorm,Hazard of Concern,2384846,Card on Hazards_of_Concern,"column geoid_juris - type+mapped_options+meta_lookup | stored type=""select"" ; mapped_options=""{\""sourceId\"":\""1346449\"",\""viewId\"":\""1346450\"", ; meta_lookup=""{\""view_id\"":\""1346450\"",\""valueAttribute\"":\""mun | live type=""multiselect"" ; mapped_options=""{\""sourceId\"":\""1346449\"",\""viewId\"":\""1346450\"", ; meta_lookup=""{\""view_id\"":\""1346450\"",\""valueAttribute\"":\""(da","Columns menu > ""geoid_juris"" > Refresh Meta. Refresh this column only - a blanket refresh overwrites author overrides on all nine synced attributes.",Hazards_of_Concern :: geoid_juris,Open,,,,,,,,,,Published,,,,,
T4-255,4,Out-of-date metadata,Maintenance,Component setting,column,https://county_template.devmny.org/the_risk/natural_hazards/snowstorm,the_risk/natural_hazards/snowstorm,(untitled Spreadsheet),2384855,Spreadsheet on R_and_V_Matrix,"column coastal_hazards - type | stored type=""text"" | live type=""checkbox""","Columns menu > ""coastal_hazards"" > Refresh Meta. Refresh this column only - a blanket refresh overwrites author overrides on all nine synced attributes.",R_and_V_Matrix :: coastal_hazards,Open,,,,,,,,,,Published,,,,,
T4-256,4,Out-of-date metadata,Maintenance,Component setting,column,https://county_template.devmny.org/the_risk/natural_hazards/snowstorm,the_risk/natural_hazards/snowstorm,(untitled Spreadsheet),2384855,Spreadsheet on R_and_V_Matrix,"column extreme_cold - type | stored type=""text"" | live type=""checkbox""","Columns menu > ""extreme_cold"" > Refresh Meta. Refresh this column only - a blanket refresh overwrites author overrides on all nine synced attributes.",R_and_V_Matrix :: extreme_cold,Open,,,,,,,,,,Published,,,,,
T4-257,4,Out-of-date metadata,Maintenance,Component setting,column,https://county_template.devmny.org/the_risk/natural_hazards/snowstorm,the_risk/natural_hazards/snowstorm,Measures Inventory,2384899,Spreadsheet on Mitigation_Measures,"column description - type | stored type=""text"" | live type=""lexical""","Columns menu > ""description"" > Refresh Meta. Refresh this column only - a blanket refresh overwrites author overrides on all nine synced attributes.",Mitigation_Measures :: description,Open,,,,,,,,,,Published,,,,,
T4-258,4,Out-of-date metadata,Maintenance,Component setting,column,https://county_template.devmny.org/the_risk/natural_hazards/snowstorm,the_risk/natural_hazards/snowstorm,Measures Inventory,2384899,Spreadsheet on Mitigation_Measures,"column coastal - type | stored type=""text"" | live type=""checkbox""","Columns menu > ""coastal"" > Refresh Meta. Refresh this column only - a blanket refresh overwrites author overrides on all nine synced attributes.",Mitigation_Measures :: coastal,Open,,,,,,,,,,Published,,,,,
T4-259,4,Out-of-date metadata,Maintenance,Component setting,column,https://county_template.devmny.org/the_risk/natural_hazards/tornado,the_risk/natural_hazards/tornado,Hazard of Concern,2384920,Card on Hazards_of_Concern,"column hazard - options+meta_lookup | stored options=[{""label"":""avalanche"",""value"":""avalanche""},{""label ; meta_lookup=""{\""avalanche\"":\""Avalanche\"",\""coastal\"":\""Coasta | live options=[{""label"":""avalanche"",""value"":""avalanche""},{""label ; meta_lookup=""{\""avalanche\"":\""Avalanche\"",\""coastal\"":\""Coasta","Columns menu > ""hazard"" > Refresh Meta. Refresh this column only - a blanket refresh overwrites author overrides on all nine synced attributes.",Hazards_of_Concern :: hazard,Open,,,,,,,,,,Published,,,,,
T4-260,4,Out-of-date metadata,Maintenance,Component setting,column,https://county_template.devmny.org/the_risk/natural_hazards/tornado,the_risk/natural_hazards/tornado,Hazard of Concern,2384920,Card on Hazards_of_Concern,"column hazard - options+meta_lookup | stored options=[{""label"":""avalanche"",""value"":""avalanche""},{""label ; meta_lookup=""{\""avalanche\"":\""Avalanche\"",\""coastal\"":\""Coasta | live options=[{""label"":""avalanche"",""value"":""avalanche""},{""label ; meta_lookup=""{\""avalanche\"":\""Avalanche\"",\""coastal\"":\""Coasta","Columns menu > ""hazard"" > Refresh Meta. Refresh this column only - a blanket refresh overwrites author overrides on all nine synced attributes.",Hazards_of_Concern :: hazard,Open,,,,,,,,,,Published,,,,,
T4-261,4,Out-of-date metadata,Maintenance,Component setting,column,https://county_template.devmny.org/the_risk/natural_hazards/tornado,the_risk/natural_hazards/tornado,Hazard of Concern,2384920,Card on Hazards_of_Concern,"column hazard_of_concern - options | stored options=[{""label"":""Yes"",""value"":""Yes""},{""label"":""No"",""valu | live options=[{""label"":""Yes"",""value"":""Yes""},{""label"":""No"",""valu","Columns menu > ""hazard_of_concern"" > Refresh Meta. Refresh this column only - a blanket refresh overwrites author overrides on all nine synced attributes.",Hazards_of_Concern :: hazard_of_concern,Open,,,,,,,,,,Published,,,,,
T4-262,4,Out-of-date metadata,Maintenance,Component setting,column,https://county_template.devmny.org/the_risk/natural_hazards/tornado,the_risk/natural_hazards/tornado,Hazard of Concern,2384920,Card on Hazards_of_Concern,"column geoid_county - meta_lookup | stored meta_lookup=undefined | live meta_lookup=""{\""view_id\"":\""1108098\"",\""keyAttribute\"":\""geoid","Columns menu > ""geoid_county"" > Refresh Meta. Refresh this column only - a blanket refresh overwrites author overrides on all nine synced attributes.",Hazards_of_Concern :: geoid_county,Open,,,,,,,,,,Published,,,,,
T4-263,4,Out-of-date metadata,Maintenance,Component setting,column,https://county_template.devmny.org/the_risk/natural_hazards/tornado,the_risk/natural_hazards/tornado,Hazard of Concern,2384920,Card on Hazards_of_Concern,"column geoid_juris - type+mapped_options+meta_lookup | stored type=""select"" ; mapped_options=""{\""sourceId\"":\""1346449\"",\""viewId\"":\""1346450\"", ; meta_lookup=""{\""view_id\"":\""1346450\"",\""valueAttribute\"":\""mun | live type=""multiselect"" ; mapped_options=""{\""sourceId\"":\""1346449\"",\""viewId\"":\""1346450\"", ; meta_lookup=""{\""view_id\"":\""1346450\"",\""valueAttribute\"":\""(da","Columns menu > ""geoid_juris"" > Refresh Meta. Refresh this column only - a blanket refresh overwrites author overrides on all nine synced attributes.",Hazards_of_Concern :: geoid_juris,Open,,,,,,,,,,Published,,,,,
T4-264,4,Out-of-date metadata,Maintenance,Component setting,column,https://county_template.devmny.org/the_risk/natural_hazards/tornado,the_risk/natural_hazards/tornado,(untitled Spreadsheet),2384930,Spreadsheet on R_and_V_Matrix,"column coastal_hazards - type | stored type=""text"" | live type=""checkbox""","Columns menu > ""coastal_hazards"" > Refresh Meta. Refresh this column only - a blanket refresh overwrites author overrides on all nine synced attributes.",R_and_V_Matrix :: coastal_hazards,Open,,,,,,,,,,Published,,,,,
T4-265,4,Out-of-date metadata,Maintenance,Component setting,column,https://county_template.devmny.org/the_risk/natural_hazards/tornado,the_risk/natural_hazards/tornado,(untitled Spreadsheet),2384930,Spreadsheet on R_and_V_Matrix,"column extreme_cold - type | stored type=""text"" | live type=""checkbox""","Columns menu > ""extreme_cold"" > Refresh Meta. Refresh this column only - a blanket refresh overwrites author overrides on all nine synced attributes.",R_and_V_Matrix :: extreme_cold,Open,,,,,,,,,,Published,,,,,
T4-266,4,Out-of-date metadata,Maintenance,Component setting,column,https://county_template.devmny.org/the_risk/natural_hazards/tornado,the_risk/natural_hazards/tornado,Measures Inventory,2384974,Spreadsheet on Mitigation_Measures,"column description - type | stored type=""text"" | live type=""lexical""","Columns menu > ""description"" > Refresh Meta. Refresh this column only - a blanket refresh overwrites author overrides on all nine synced attributes.",Mitigation_Measures :: description,Open,,,,,,,,,,Published,,,,,
T4-267,4,Out-of-date metadata,Maintenance,Component setting,column,https://county_template.devmny.org/the_risk/natural_hazards/tornado,the_risk/natural_hazards/tornado,Measures Inventory,2384974,Spreadsheet on Mitigation_Measures,"column coastal - type | stored type=""text"" | live type=""checkbox""","Columns menu > ""coastal"" > Refresh Meta. Refresh this column only - a blanket refresh overwrites author overrides on all nine synced attributes.",Mitigation_Measures :: coastal,Open,,,,,,,,,,Published,,,,,
T4-268,4,Out-of-date metadata,Maintenance,Component setting,column,https://county_template.devmny.org/the_risk/natural_hazards/wildfire,the_risk/natural_hazards/wildfire,Hazard of Concern,2384995,Card on Hazards_of_Concern,"column hazard - options+meta_lookup | stored options=[{""label"":""avalanche"",""value"":""avalanche""},{""label ; meta_lookup=""{\""avalanche\"":\""Avalanche\"",\""coastal\"":\""Coasta | live options=[{""label"":""avalanche"",""value"":""avalanche""},{""label ; meta_lookup=""{\""avalanche\"":\""Avalanche\"",\""coastal\"":\""Coasta","Columns menu > ""hazard"" > Refresh Meta. Refresh this column only - a blanket refresh overwrites author overrides on all nine synced attributes.",Hazards_of_Concern :: hazard,Open,,,,,,,,,,Published,,,,,
T4-269,4,Out-of-date metadata,Maintenance,Component setting,column,https://county_template.devmny.org/the_risk/natural_hazards/wildfire,the_risk/natural_hazards/wildfire,Hazard of Concern,2384995,Card on Hazards_of_Concern,"column hazard - options+meta_lookup | stored options=[{""label"":""avalanche"",""value"":""avalanche""},{""label ; meta_lookup=""{\""avalanche\"":\""Avalanche\"",\""coastal\"":\""Coasta | live options=[{""label"":""avalanche"",""value"":""avalanche""},{""label ; meta_lookup=""{\""avalanche\"":\""Avalanche\"",\""coastal\"":\""Coasta","Columns menu > ""hazard"" > Refresh Meta. Refresh this column only - a blanket refresh overwrites author overrides on all nine synced attributes.",Hazards_of_Concern :: hazard,Open,,,,,,,,,,Published,,,,,
T4-270,4,Out-of-date metadata,Maintenance,Component setting,column,https://county_template.devmny.org/the_risk/natural_hazards/wildfire,the_risk/natural_hazards/wildfire,Hazard of Concern,2384995,Card on Hazards_of_Concern,"column hazard_of_concern - options | stored options=[{""label"":""Yes"",""value"":""Yes""},{""label"":""No"",""valu | live options=[{""label"":""Yes"",""value"":""Yes""},{""label"":""No"",""valu","Columns menu > ""hazard_of_concern"" > Refresh Meta. Refresh this column only - a blanket refresh overwrites author overrides on all nine synced attributes.",Hazards_of_Concern :: hazard_of_concern,Open,,,,,,,,,,Published,,,,,
T4-271,4,Out-of-date metadata,Maintenance,Component setting,column,https://county_template.devmny.org/the_risk/natural_hazards/wildfire,the_risk/natural_hazards/wildfire,Hazard of Concern,2384995,Card on Hazards_of_Concern,"column geoid_county - meta_lookup | stored meta_lookup=undefined | live meta_lookup=""{\""view_id\"":\""1108098\"",\""keyAttribute\"":\""geoid","Columns menu > ""geoid_county"" > Refresh Meta. Refresh this column only - a blanket refresh overwrites author overrides on all nine synced attributes.",Hazards_of_Concern :: geoid_county,Open,,,,,,,,,,Published,,,,,
T4-272,4,Out-of-date metadata,Maintenance,Component setting,column,https://county_template.devmny.org/the_risk/natural_hazards/wildfire,the_risk/natural_hazards/wildfire,Hazard of Concern,2384995,Card on Hazards_of_Concern,"column geoid_juris - type+mapped_options+meta_lookup | stored type=""select"" ; mapped_options=""{\""sourceId\"":\""1346449\"",\""viewId\"":\""1346450\"", ; meta_lookup=""{\""view_id\"":\""1346450\"",\""valueAttribute\"":\""mun | live type=""multiselect"" ; mapped_options=""{\""sourceId\"":\""1346449\"",\""viewId\"":\""1346450\"", ; meta_lookup=""{\""view_id\"":\""1346450\"",\""valueAttribute\"":\""(da","Columns menu > ""geoid_juris"" > Refresh Meta. Refresh this column only - a blanket refresh overwrites author overrides on all nine synced attributes.",Hazards_of_Concern :: geoid_juris,Open,,,,,,,,,,Published,,,,,
T4-273,4,Out-of-date metadata,Maintenance,Component setting,column,https://county_template.devmny.org/the_risk/natural_hazards/wildfire,the_risk/natural_hazards/wildfire,(untitled Spreadsheet),2385005,Spreadsheet on R_and_V_Matrix,"column coastal_hazards - type | stored type=""text"" | live type=""checkbox""","Columns menu > ""coastal_hazards"" > Refresh Meta. Refresh this column only - a blanket refresh overwrites author overrides on all nine synced attributes.",R_and_V_Matrix :: coastal_hazards,Open,,,,,,,,,,Published,,,,,
T4-274,4,Out-of-date metadata,Maintenance,Component setting,column,https://county_template.devmny.org/the_risk/natural_hazards/wildfire,the_risk/natural_hazards/wildfire,(untitled Spreadsheet),2385005,Spreadsheet on R_and_V_Matrix,"column extreme_cold - type | stored type=""text"" | live type=""checkbox""","Columns menu > ""extreme_cold"" > Refresh Meta. Refresh this column only - a blanket refresh overwrites author overrides on all nine synced attributes.",R_and_V_Matrix :: extreme_cold,Open,,,,,,,,,,Published,,,,,
T4-275,4,Out-of-date metadata,Maintenance,Component setting,column,https://county_template.devmny.org/the_risk/natural_hazards/wind,the_risk/natural_hazards/wind,Hazard of Concern,2385070,Card on Hazards_of_Concern,"column hazard - options+meta_lookup | stored options=[{""label"":""avalanche"",""value"":""avalanche""},{""label ; meta_lookup=""{\""avalanche\"":\""Avalanche\"",\""coastal\"":\""Coasta | live options=[{""label"":""avalanche"",""value"":""avalanche""},{""label ; meta_lookup=""{\""avalanche\"":\""Avalanche\"",\""coastal\"":\""Coasta","Columns menu > ""hazard"" > Refresh Meta. Refresh this column only - a blanket refresh overwrites author overrides on all nine synced attributes.",Hazards_of_Concern :: hazard,Open,,,,,,,,,,Published,,,,,
T4-276,4,Out-of-date metadata,Maintenance,Component setting,column,https://county_template.devmny.org/the_risk/natural_hazards/wind,the_risk/natural_hazards/wind,Hazard of Concern,2385070,Card on Hazards_of_Concern,"column hazard - options+meta_lookup | stored options=[{""label"":""avalanche"",""value"":""avalanche""},{""label ; meta_lookup=""{\""avalanche\"":\""Avalanche\"",\""coastal\"":\""Coasta | live options=[{""label"":""avalanche"",""value"":""avalanche""},{""label ; meta_lookup=""{\""avalanche\"":\""Avalanche\"",\""coastal\"":\""Coasta","Columns menu > ""hazard"" > Refresh Meta. Refresh this column only - a blanket refresh overwrites author overrides on all nine synced attributes.",Hazards_of_Concern :: hazard,Open,,,,,,,,,,Published,,,,,
T4-277,4,Out-of-date metadata,Maintenance,Component setting,column,https://county_template.devmny.org/the_risk/natural_hazards/wind,the_risk/natural_hazards/wind,Hazard of Concern,2385070,Card on Hazards_of_Concern,"column hazard_of_concern - options | stored options=[{""label"":""Yes"",""value"":""Yes""},{""label"":""No"",""valu | live options=[{""label"":""Yes"",""value"":""Yes""},{""label"":""No"",""valu","Columns menu > ""hazard_of_concern"" > Refresh Meta. Refresh this column only - a blanket refresh overwrites author overrides on all nine synced attributes.",Hazards_of_Concern :: hazard_of_concern,Open,,,,,,,,,,Published,,,,,
T4-278,4,Out-of-date metadata,Maintenance,Component setting,column,https://county_template.devmny.org/the_risk/natural_hazards/wind,the_risk/natural_hazards/wind,Hazard of Concern,2385070,Card on Hazards_of_Concern,"column geoid_county - meta_lookup | stored meta_lookup=undefined | live meta_lookup=""{\""view_id\"":\""1108098\"",\""keyAttribute\"":\""geoid","Columns menu > ""geoid_county"" > Refresh Meta. Refresh this column only - a blanket refresh overwrites author overrides on all nine synced attributes.",Hazards_of_Concern :: geoid_county,Open,,,,,,,,,,Published,,,,,
T4-279,4,Out-of-date metadata,Maintenance,Component setting,column,https://county_template.devmny.org/the_risk/natural_hazards/wind,the_risk/natural_hazards/wind,Hazard of Concern,2385070,Card on Hazards_of_Concern,"column geoid_juris - type+mapped_options+meta_lookup | stored type=""select"" ; mapped_options=""{\""sourceId\"":\""1346449\"",\""viewId\"":\""1346450\"", ; meta_lookup=""{\""view_id\"":\""1346450\"",\""valueAttribute\"":\""mun | live type=""multiselect"" ; mapped_options=""{\""sourceId\"":\""1346449\"",\""viewId\"":\""1346450\"", ; meta_lookup=""{\""view_id\"":\""1346450\"",\""valueAttribute\"":\""(da","Columns menu > ""geoid_juris"" > Refresh Meta. Refresh this column only - a blanket refresh overwrites author overrides on all nine synced attributes.",Hazards_of_Concern :: geoid_juris,Open,,,,,,,,,,Published,,,,,
T4-280,4,Out-of-date metadata,Maintenance,Component setting,column,https://county_template.devmny.org/the_risk/natural_hazards/wildfire,the_risk/natural_hazards/wildfire,Measures Inventory,2385049,Spreadsheet on Mitigation_Measures,"column description - type | stored type=""text"" | live type=""lexical""","Columns menu > ""description"" > Refresh Meta. Refresh this column only - a blanket refresh overwrites author overrides on all nine synced attributes.",Mitigation_Measures :: description,Open,,,,,,,,,,Published,,,,,
T4-281,4,Out-of-date metadata,Maintenance,Component setting,column,https://county_template.devmny.org/the_risk/natural_hazards/wildfire,the_risk/natural_hazards/wildfire,Measures Inventory,2385049,Spreadsheet on Mitigation_Measures,"column coastal - type | stored type=""text"" | live type=""checkbox""","Columns menu > ""coastal"" > Refresh Meta. Refresh this column only - a blanket refresh overwrites author overrides on all nine synced attributes.",Mitigation_Measures :: coastal,Open,,,,,,,,,,Published,,,,,
T4-282,4,Out-of-date metadata,Maintenance,Component setting,column,https://county_template.devmny.org/the_risk/natural_hazards/wind,the_risk/natural_hazards/wind,Measures Inventory,2385121,Spreadsheet on Mitigation_Measures,"column description - type | stored type=""text"" | live type=""lexical""","Columns menu > ""description"" > Refresh Meta. Refresh this column only - a blanket refresh overwrites author overrides on all nine synced attributes.",Mitigation_Measures :: description,Open,,,,,,,,,,Published,,,,,
T4-283,4,Out-of-date metadata,Maintenance,Component setting,column,https://county_template.devmny.org/the_risk/natural_hazards/wind,the_risk/natural_hazards/wind,Measures Inventory,2385121,Spreadsheet on Mitigation_Measures,"column coastal - type | stored type=""text"" | live type=""checkbox""","Columns menu > ""coastal"" > Refresh Meta. Refresh this column only - a blanket refresh overwrites author overrides on all nine synced attributes.",Mitigation_Measures :: coastal,Open,,,,,,,,,,Published,,,,,
T4-284,4,Out-of-date metadata,Maintenance,Component setting,column,https://county_template.devmny.org/the_risk/natural_hazards/wind,the_risk/natural_hazards/wind,(untitled Spreadsheet),2385079,Spreadsheet on R_and_V_Matrix,"column coastal_hazards - type | stored type=""text"" | live type=""checkbox""","Columns menu > ""coastal_hazards"" > Refresh Meta. Refresh this column only - a blanket refresh overwrites author overrides on all nine synced attributes.",R_and_V_Matrix :: coastal_hazards,Open,,,,,,,,,,Published,,,,,
T4-285,4,Out-of-date metadata,Maintenance,Component setting,column,https://county_template.devmny.org/the_risk/natural_hazards/wind,the_risk/natural_hazards/wind,(untitled Spreadsheet),2385079,Spreadsheet on R_and_V_Matrix,"column extreme_cold - type | stored type=""text"" | live type=""checkbox""","Columns menu > ""extreme_cold"" > Refresh Meta. Refresh this column only - a blanket refresh overwrites author overrides on all nine synced attributes.",R_and_V_Matrix :: extreme_cold,Open,,,,,,,,,,Published,,,,,
T5-001,5,No requirement tag,Governance,Component setting,component,https://county_template.devmny.org/the_risk/climate_change,the_risk/climate_change,(untitled lexical),2178590,lexical,tags (absent),"Section Settings > Tags: assign the 44 CFR 201.6 element this section satisfies, using the vocabulary already in use on the other 903 sections (A1-a, B1-d, C4-a, E1-a, ...).",,Open,,,Run against LHMP IA dataset against page section etc to check for req,,1686487,Overview,Overview Annotation Card,"LHMP_IA section ""Overview"" (first section on the page)",,Published (hidden from view),"on the page but flagged Hidden from View, so it paints nothing",,,,
T5-002,5,No requirement tag,Governance,Component setting,component,https://county_template.devmny.org/the_risk/climate_change,the_risk/climate_change,Overview,2178591,Card on LHMP_IA,tags (absent),"Section Settings > Tags: assign the 44 CFR 201.6 element this section satisfies, using the vocabulary already in use on the other 903 sections (A1-a, B1-d, C4-a, E1-a, ...).",,Open,,,,,1686487,Overview,Overview Annotation Card,"LHMP_IA component ""Overview Annotation Card"" (Overview / Annotation SHMP Card)",,Published,,,,,
T5-003,5,No requirement tag,Governance,Component setting,component,https://county_template.devmny.org/the_risk/climate_change,the_risk/climate_change,(untitled Card),2178592,Card on LHMP_IA,tags (absent),"Section Settings > Tags: assign the 44 CFR 201.6 element this section satisfies, using the vocabulary already in use on the other 903 sections (A1-a, B1-d, C4-a, E1-a, ...).",,Open,,,,,1686487,Overview,Overview Annotation Card,"inherited from LHMP_IA component ""Overview Annotation Card"" (Overview / Annotation SHMP Card)",,Published,,,,,
T5-004,5,No requirement tag,Governance,Component setting,component,https://county_template.devmny.org/the_risk,the_risk,(untitled lexical),2178618,lexical,tags (absent),"Section Settings > Tags: assign the 44 CFR 201.6 element this section satisfies, using the vocabulary already in use on the other 903 sections (A1-a, B1-d, C4-a, E1-a, ...).",,Open,,,,Not Applicable,1468642,Overview,Overview,"LHMP_IA section ""Overview"" (first section on the page)",Medium,Published (hidden from view),"on the page but flagged Hidden from View, so it paints nothing",,,,
T5-005,5,No requirement tag,Governance,Component setting,component,https://county_template.devmny.org/the_risk,the_risk,Overview,2178619,Card on LHMP_IA,tags (absent),"Section Settings > Tags: assign the 44 CFR 201.6 element this section satisfies, using the vocabulary already in use on the other 903 sections (A1-a, B1-d, C4-a, E1-a, ...).",,Open,,,,Not Applicable,1468642,Overview,Overview,"LHMP_IA component ""Overview"" (Overview / Card)",High,Published,,,,,
T5-006,5,No requirement tag,Governance,Component setting,component,https://county_template.devmny.org/the_risk,the_risk,Requirements,2178620,Card on LHMP_IA,tags (absent),"Section Settings > Tags: assign the 44 CFR 201.6 element this section satisfies, using the vocabulary already in use on the other 903 sections (A1-a, B1-d, C4-a, E1-a, ...).",,Open,,,,Not Applicable,1468641,Overview,Requirements,"LHMP_IA component ""Requirements"" (Overview / Card)",High,Published,,,,,
T5-007,5,No requirement tag,Governance,Component setting,component,https://county_template.devmny.org/the_risk,the_risk,Executive Summary,2178621,lexical,tags (absent),"Section Settings > Tags: assign the 44 CFR 201.6 element this section satisfies, using the vocabulary already in use on the other 903 sections (A1-a, B1-d, C4-a, E1-a, ...).",,Open,,,,Not Applicable,1468643,Executive Summary,Executive Summary,"LHMP_IA component ""Executive Summary"" (Executive Summary / Card)",High,Published,,,,,
T5-008,5,No requirement tag,Governance,Component setting,component,https://county_template.devmny.org/the_risk,the_risk,(untitled lexical),2178622,lexical,tags (absent),"Section Settings > Tags: assign the 44 CFR 201.6 element this section satisfies, using the vocabulary already in use on the other 903 sections (A1-a, B1-d, C4-a, E1-a, ...).",,Open,,,,Not Applicable,1468643,Executive Summary,Executive Summary,"inherited from LHMP_IA component ""Executive Summary"" (Executive Summary / Card)",Medium,Published (hidden from view),"on the page but flagged Hidden from View, so it paints nothing",,,,
T5-025,5,No requirement tag,Governance,Component setting,component,https://county_template.devmny.org/the_plan/strategies/capacity_to_implement/response,the_plan/strategies/capacity_to_implement/response,Response,1300686,lexical,tags (absent),"Section Settings > Tags: assign the 44 CFR 201.6 element this section satisfies, using the vocabulary already in use on the other 903 sections (A1-a, B1-d, C4-a, E1-a, ...).",,Open,,,,,1686491,Implementation and Integration,Plan for Displaced Residents,"LHMP_IA section ""Implementation and Integration"" (via ""Plan for Displaced Residents"")",,Published,,,,,
T5-033,5,No requirement tag,Governance,Component setting,component,https://county_template.devmny.org/the_plan,the_plan,(untitled lexical),2100625,lexical,tags (absent),"Section Settings > Tags: assign the 44 CFR 201.6 element this section satisfies, using the vocabulary already in use on the other 903 sections (A1-a, B1-d, C4-a, E1-a, ...).",,Open,,,,Not Applicable,1468650,Overview,Overview,"LHMP_IA section ""Overview"" (first section on the page)",Medium,Published (hidden from view),"on the page but flagged Hidden from View, so it paints nothing",,,,
T5-034,5,No requirement tag,Governance,Component setting,component,https://county_template.devmny.org/the_plan,the_plan,Overview,2100626,Card on LHMP_IA,tags (absent),"Section Settings > Tags: assign the 44 CFR 201.6 element this section satisfies, using the vocabulary already in use on the other 903 sections (A1-a, B1-d, C4-a, E1-a, ...).",,Open,,,,Not Applicable,1468650,Overview,Overview,"LHMP_IA component ""Overview"" (Overview / Card)",High,Published,,,,,
T5-035,5,No requirement tag,Governance,Component setting,component,https://county_template.devmny.org/the_plan,the_plan,Requirements,2100627,Card on LHMP_IA,tags (absent),"Section Settings > Tags: assign the 44 CFR 201.6 element this section satisfies, using the vocabulary already in use on the other 903 sections (A1-a, B1-d, C4-a, E1-a, ...).",,Open,,,,Not Applicable,1468652,Overview,Requirements,"LHMP_IA component ""Requirements"" (Overview / Card)",High,Published,,,,,
T5-036,5,No requirement tag,Governance,Component setting,component,https://county_template.devmny.org/the_plan,the_plan,(untitled lexical),2100628,lexical,tags (absent),"Section Settings > Tags: assign the 44 CFR 201.6 element this section satisfies, using the vocabulary already in use on the other 903 sections (A1-a, B1-d, C4-a, E1-a, ...).",,Open,,,,Not Applicable,1468652,Overview,Requirements,"inherited from LHMP_IA component ""Requirements"" (Overview / Card)",Medium,Published,,,,,
T5-037,5,No requirement tag,Governance,Component setting,component,https://county_template.devmny.org/the_plan,the_plan,(untitled lexical),2100629,lexical,tags (absent),"Section Settings > Tags: assign the 44 CFR 201.6 element this section satisfies, using the vocabulary already in use on the other 903 sections (A1-a, B1-d, C4-a, E1-a, ...).",,Open,,,,Not Applicable,1468652,Overview,Requirements,"inherited from LHMP_IA component ""Requirements"" (Overview / Card)",Medium,Published (hidden from view),"on the page but flagged Hidden from View, so it paints nothing",,,,
T5-038,5,No requirement tag,Governance,Component setting,component,https://county_template.devmny.org/the_plan,the_plan,Executive Summary,2100630,lexical,tags (absent),"Section Settings > Tags: assign the 44 CFR 201.6 element this section satisfies, using the vocabulary already in use on the other 903 sections (A1-a, B1-d, C4-a, E1-a, ...).",,Open,,,,Not Applicable,1468653,Executive Summary,Executive Summary,"LHMP_IA component ""Executive Summary"" (Executive Summary / Card)",High,Published,,,,,
T5-039,5,No requirement tag,Governance,Component setting,component,https://county_template.devmny.org/the_plan,the_plan,(untitled lexical),2100632,lexical,tags (absent),"Section Settings > Tags: assign the 44 CFR 201.6 element this section satisfies, using the vocabulary already in use on the other 903 sections (A1-a, B1-d, C4-a, E1-a, ...).",,Open,,,,Not Applicable,1468653,Executive Summary,Executive Summary,"inherited from LHMP_IA component ""Executive Summary"" (Executive Summary / Card)",Medium,Published,,,,,
T5-040,5,No requirement tag,Governance,Component setting,component,https://county_template.devmny.org/the_plan/strategies/capacity_to_implement/response,the_plan/strategies/capacity_to_implement/response,Shelter Table,1300693,lexical,tags (absent),"Section Settings > Tags: assign the 44 CFR 201.6 element this section satisfies, using the vocabulary already in use on the other 903 sections (A1-a, B1-d, C4-a, E1-a, ...).",,Open,,,,,1686493,Implementation and Integration,Shelters,"inherited from LHMP_IA component ""Shelters"" (Implementation and Integration / Rich Text)",,Published,,,,,
T5-041,5,No requirement tag,Governance,Component setting,component,https://county_template.devmny.org/the_plan/strategies/capacity_to_implement/response,the_plan/strategies/capacity_to_implement/response,(untitled lexical),1300694,lexical,tags (absent),"Section Settings > Tags: assign the 44 CFR 201.6 element this section satisfies, using the vocabulary already in use on the other 903 sections (A1-a, B1-d, C4-a, E1-a, ...).",,Open,,,,,1686493,Implementation and Integration,Shelters,"inherited from LHMP_IA component ""Shelters"" (Implementation and Integration / Rich Text)",,Published,,,,,
T5-042,5,No requirement tag,Governance,Component setting,component,https://county_template.devmny.org/the_plan/jurisdictional_annexes,the_plan/jurisdictional_annexes,(untitled lexical),1959578,lexical,tags (absent),"Section Settings > Tags: assign the 44 CFR 201.6 element this section satisfies, using the vocabulary already in use on the other 903 sections (A1-a, B1-d, C4-a, E1-a, ...).",,Open,,,,H2,1468559,Jurisdictional Annexes,Jurisdictional Annexes,"LHMP_IA section ""Jurisdictional Annexes"" (first section on the page)",Medium,Published (hidden from view),"on the page but flagged Hidden from View, so it paints nothing",,,,
T5-043,5,No requirement tag,Governance,Component setting,component,https://county_template.devmny.org/the_plan/jurisdictional_annexes,the_plan/jurisdictional_annexes,Overview,1959579,Card on LHMP_IA,tags (absent),"Section Settings > Tags: assign the 44 CFR 201.6 element this section satisfies, using the vocabulary already in use on the other 903 sections (A1-a, B1-d, C4-a, E1-a, ...).",,Open,,,,H2,1468559,Jurisdictional Annexes,Jurisdictional Annexes,"LHMP_IA section ""Jurisdictional Annexes"" (via ""Jurisdictional Annexes"")",Medium,Published,,,,,
T5-044,5,No requirement tag,Governance,Component setting,component,https://county_template.devmny.org/track_progress,track_progress,(untitled lexical),2100786,lexical,tags (absent),"Section Settings > Tags: assign the 44 CFR 201.6 element this section satisfies, using the vocabulary already in use on the other 903 sections (A1-a, B1-d, C4-a, E1-a, ...).",,Open,,,,Not Applicable,1468654,Overview,Overview,"LHMP_IA section ""Overview"" (first section on the page)",Medium,Published (hidden from view),"on the page but flagged Hidden from View, so it paints nothing",,,,
T5-045,5,No requirement tag,Governance,Component setting,component,https://county_template.devmny.org/track_progress,track_progress,Overview,2100787,Card on LHMP_IA,tags (absent),"Section Settings > Tags: assign the 44 CFR 201.6 element this section satisfies, using the vocabulary already in use on the other 903 sections (A1-a, B1-d, C4-a, E1-a, ...).",,Open,,,,Not Applicable,1468654,Overview,Overview,"LHMP_IA component ""Overview"" (Overview / Card)",High,Published,,,,,
T5-046,5,No requirement tag,Governance,Component setting,component,https://county_template.devmny.org/track_progress,track_progress,Requirements,2100788,Card on LHMP_IA,tags (absent),"Section Settings > Tags: assign the 44 CFR 201.6 element this section satisfies, using the vocabulary already in use on the other 903 sections (A1-a, B1-d, C4-a, E1-a, ...).",,Open,,,,Not Applicable,1468655,Overview,Requirements,"LHMP_IA component ""Requirements"" (Overview / Card)",High,Published,,,,,
T5-047,5,No requirement tag,Governance,Component setting,component,https://county_template.devmny.org/track_progress,track_progress,Executive Summary,2100789,lexical,tags (absent),"Section Settings > Tags: assign the 44 CFR 201.6 element this section satisfies, using the vocabulary already in use on the other 903 sections (A1-a, B1-d, C4-a, E1-a, ...).",,Open,,,,Not Applicable,1468656,Executive Summary,Executive Summary,"LHMP_IA component ""Executive Summary"" (Executive Summary / Card)",High,Published,,,,,
T5-048,5,No requirement tag,Governance,Component setting,component,https://county_template.devmny.org/track_progress,track_progress,(untitled lexical),2100791,lexical,tags (absent),"Section Settings > Tags: assign the 44 CFR 201.6 element this section satisfies, using the vocabulary already in use on the other 903 sections (A1-a, B1-d, C4-a, E1-a, ...).",,Open,,,,Not Applicable,1468656,Executive Summary,Executive Summary,"inherited from LHMP_IA component ""Executive Summary"" (Executive Summary / Card)",Medium,Published,,,,,
T5-049,5,No requirement tag,Governance,Component setting,component,https://county_template.devmny.org/pages,pages,Pages,1496710,Spreadsheet on src mitigat-ny-prod+0aced1a7-3d54-48c7-a1d7-b68401811ded,tags (absent),"Section Settings > Tags: assign the 44 CFR 201.6 element this section satisfies, using the vocabulary already in use on the other 903 sections (A1-a, B1-d, C4-a, E1-a, ...).",,Open,,,,,,,,page has no counterpart in LHMP_IA,,Published,,,,,
T5-050,5,No requirement tag,Governance,Component setting,component,https://county_template.devmny.org/sections,sections,(untitled lexical),1681718,lexical,tags (absent),"Section Settings > Tags: assign the 44 CFR 201.6 element this section satisfies, using the vocabulary already in use on the other 903 sections (A1-a, B1-d, C4-a, E1-a, ...).",,Open,,,,,,,,page has no counterpart in LHMP_IA,,Published,,,,,
T5-051,5,No requirement tag,Governance,Component setting,component,https://county_template.devmny.org/sections,sections,(untitled Spreadsheet),1681719,Spreadsheet on src mitigat-ny-prod+0aced1a7-3d54-48c7-a1d7-b68401811ded+sections,tags (absent),"Section Settings > Tags: assign the 44 CFR 201.6 element this section satisfies, using the vocabulary already in use on the other 903 sections (A1-a, B1-d, C4-a, E1-a, ...).",,Open,,,,,,,,page has no counterpart in LHMP_IA,,Published,,,,,
T5-052,5,No requirement tag,Governance,Component setting,component,https://county_template.devmny.org/track_progress/funding_sources,track_progress/funding_sources,(untitled lexical),2050871,lexical,tags (absent),"Section Settings > Tags: assign the 44 CFR 201.6 element this section satisfies, using the vocabulary already in use on the other 903 sections (A1-a, B1-d, C4-a, E1-a, ...).",,Open,,,,,,,,page has no counterpart in LHMP_IA,,Published (hidden from view),"on the page but flagged Hidden from View, so it paints nothing",,,,
T5-053,5,No requirement tag,Governance,Component setting,component,https://county_template.devmny.org/track_progress/funding_sources,track_progress/funding_sources,(untitled Card),2050873,Card on Funding_Sources,tags (absent),"Section Settings > Tags: assign the 44 CFR 201.6 element this section satisfies, using the vocabulary already in use on the other 903 sections (A1-a, B1-d, C4-a, E1-a, ...).",,Open,,,,,,,,page has no counterpart in LHMP_IA,,Published,,,,,
T5-054,5,No requirement tag,Governance,Component setting,component,https://county_template.devmny.org/track_progress/annual_maintenance,track_progress/annual_maintenance,(untitled lexical),2100806,lexical,tags (absent),"Section Settings > Tags: assign the 44 CFR 201.6 element this section satisfies, using the vocabulary already in use on the other 903 sections (A1-a, B1-d, C4-a, E1-a, ...).",,Open,,,,,1609890,Annual Maintenance Overview,Annual Maintenance Overview,"LHMP_IA section ""Annual Maintenance Overview"" (first section on the page)",,Published (hidden from view),"on the page but flagged Hidden from View, so it paints nothing",,,,
T5-055,5,No requirement tag,Governance,Component setting,component,https://county_template.devmny.org/track_progress/annual_maintenance,track_progress/annual_maintenance,(untitled lexical),2100808,lexical,tags (absent),"Section Settings > Tags: assign the 44 CFR 201.6 element this section satisfies, using the vocabulary already in use on the other 903 sections (A1-a, B1-d, C4-a, E1-a, ...).",,Open,,,,,1609890,Annual Maintenance Overview,Annual Maintenance Overview,"inherited from LHMP_IA component ""Annual Maintenance Overview"" (Annual Maintenance Overview / Card)",,Published (hidden from view),"on the page but flagged Hidden from View, so it paints nothing",,,,
T5-056,5,No requirement tag,Governance,Component setting,component,https://county_template.devmny.org/track_progress/fema_plan_review_tool,track_progress/fema_plan_review_tool,(untitled lexical),2062620,lexical,tags (absent),"Section Settings > Tags: assign the 44 CFR 201.6 element this section satisfies, using the vocabulary already in use on the other 903 sections (A1-a, B1-d, C4-a, E1-a, ...).",,Open,,,,,,,,page has no counterpart in LHMP_IA,,Published,,,,,
T5-057,5,No requirement tag,Governance,Component setting,component,https://county_template.devmny.org/the_plan/jurisdictional_annexes/crit_infra_form_prototype,the_plan/jurisdictional_annexes/crit_infra_form_prototype,Critical Infrastructure Vulnerability or Problem Statements,2144346,lexical,tags (absent),"Section Settings > Tags: assign the 44 CFR 201.6 element this section satisfies, using the vocabulary already in use on the other 903 sections (A1-a, B1-d, C4-a, E1-a, ...).",,Open,,,,H2,1468619,[Municipality]'s Profile,Critical Infrastructure,"LHMP_IA component ""Critical Infrastructure"" ([Municipality]'s Profile / Card)",High,Published,,,,,
T5-058,5,No requirement tag,Governance,Component setting,component,https://county_template.devmny.org/the_plan/jurisdictional_annexes/crit_infra_form_prototype,the_plan/jurisdictional_annexes/crit_infra_form_prototype,"Agriculture (Crops, Livestock, related products)",2144348,Card,tags (absent),"Section Settings > Tags: assign the 44 CFR 201.6 element this section satisfies, using the vocabulary already in use on the other 903 sections (A1-a, B1-d, C4-a, E1-a, ...).",,Open,,,,H2,1468619,[Municipality]'s Profile,Critical Infrastructure,"inherited from LHMP_IA component ""Critical Infrastructure"" ([Municipality]'s Profile / Card)",Medium,Published,,,,,
T5-059,5,No requirement tag,Governance,Component setting,component,https://county_template.devmny.org/the_plan/jurisdictional_annexes/crit_infra_form_prototype,the_plan/jurisdictional_annexes/crit_infra_form_prototype,"Area: Concentration of Local Businesses, Major Employers",2144349,Card,tags (absent),"Section Settings > Tags: assign the 44 CFR 201.6 element this section satisfies, using the vocabulary already in use on the other 903 sections (A1-a, B1-d, C4-a, E1-a, ...).",,Open,,,,H2,1468619,[Municipality]'s Profile,Critical Infrastructure,"inherited from LHMP_IA component ""Critical Infrastructure"" ([Municipality]'s Profile / Card)",Medium,Published,,,,,
T5-060,5,No requirement tag,Governance,Component setting,component,https://county_template.devmny.org/the_plan/jurisdictional_annexes/crit_infra_form_prototype,the_plan/jurisdictional_annexes/crit_infra_form_prototype,Area: Concentration of Residences,2144350,Card,tags (absent),"Section Settings > Tags: assign the 44 CFR 201.6 element this section satisfies, using the vocabulary already in use on the other 903 sections (A1-a, B1-d, C4-a, E1-a, ...).",,Open,,,,H2,1468619,[Municipality]'s Profile,Critical Infrastructure,"inherited from LHMP_IA component ""Critical Infrastructure"" ([Municipality]'s Profile / Card)",Medium,Published,,,,,
T5-061,5,No requirement tag,Governance,Component setting,component,https://county_template.devmny.org/the_plan/jurisdictional_annexes/crit_infra_form_prototype,the_plan/jurisdictional_annexes/crit_infra_form_prototype,"Local Roads, Highways, Culverts, Bridges",2144351,Card,tags (absent),"Section Settings > Tags: assign the 44 CFR 201.6 element this section satisfies, using the vocabulary already in use on the other 903 sections (A1-a, B1-d, C4-a, E1-a, ...).",,Open,,,,H2,1468619,[Municipality]'s Profile,Critical Infrastructure,"inherited from LHMP_IA component ""Critical Infrastructure"" ([Municipality]'s Profile / Card)",Medium,Published,,,,,
T5-062,5,No requirement tag,Governance,Component setting,component,https://county_template.devmny.org/the_plan/jurisdictional_annexes/crit_infra_form_prototype,the_plan/jurisdictional_annexes/crit_infra_form_prototype,Municipal Buildings,2144352,Card,tags (absent),"Section Settings > Tags: assign the 44 CFR 201.6 element this section satisfies, using the vocabulary already in use on the other 903 sections (A1-a, B1-d, C4-a, E1-a, ...).",,Open,,,,H2,1468612,[Municipality]'s Profile,Buildings,"LHMP_IA component ""Buildings"" ([Municipality]'s Profile / Card)",High,Published,,,,,
T5-063,5,No requirement tag,Governance,Component setting,component,https://county_template.devmny.org/the_plan/jurisdictional_annexes/crit_infra_form_prototype,the_plan/jurisdictional_annexes/crit_infra_form_prototype,Medical Centers (non-hospital),2144353,Card,tags (absent),"Section Settings > Tags: assign the 44 CFR 201.6 element this section satisfies, using the vocabulary already in use on the other 903 sections (A1-a, B1-d, C4-a, E1-a, ...).",,Open,,,,H2,1468612,[Municipality]'s Profile,Buildings,"inherited from LHMP_IA component ""Buildings"" ([Municipality]'s Profile / Card)",Medium,Published,,,,,
T5-064,5,No requirement tag,Governance,Component setting,component,https://county_template.devmny.org/the_plan/jurisdictional_annexes/crit_infra_form_prototype,the_plan/jurisdictional_annexes/crit_infra_form_prototype,College/University,2144354,Card,tags (absent),"Section Settings > Tags: assign the 44 CFR 201.6 element this section satisfies, using the vocabulary already in use on the other 903 sections (A1-a, B1-d, C4-a, E1-a, ...).",,Open,,,,H2,1468612,[Municipality]'s Profile,Buildings,"inherited from LHMP_IA component ""Buildings"" ([Municipality]'s Profile / Card)",Medium,Published,,,,,
T5-065,5,No requirement tag,Governance,Component setting,component,https://county_template.devmny.org/the_plan/jurisdictional_annexes/crit_infra_form_prototype,the_plan/jurisdictional_annexes/crit_infra_form_prototype,Place of Worship,2144355,Card,tags (absent),"Section Settings > Tags: assign the 44 CFR 201.6 element this section satisfies, using the vocabulary already in use on the other 903 sections (A1-a, B1-d, C4-a, E1-a, ...).",,Open,,,,H2,1468612,[Municipality]'s Profile,Buildings,"inherited from LHMP_IA component ""Buildings"" ([Municipality]'s Profile / Card)",Medium,Published,,,,,
T5-066,5,No requirement tag,Governance,Component setting,component,https://county_template.devmny.org/the_plan/jurisdictional_annexes/crit_infra_form_prototype,the_plan/jurisdictional_annexes/crit_infra_form_prototype,"Community Centers, Parks, Recreational Sites and Local Events (economic drivers such as fairs, beaches, skiing, farming, fishing, etc.)",2144356,Card,tags (absent),"Section Settings > Tags: assign the 44 CFR 201.6 element this section satisfies, using the vocabulary already in use on the other 903 sections (A1-a, B1-d, C4-a, E1-a, ...).",,Open,,,,H2,1468612,[Municipality]'s Profile,Buildings,"inherited from LHMP_IA component ""Buildings"" ([Municipality]'s Profile / Card)",Medium,Published,,,,,
T5-067,5,No requirement tag,Governance,Component setting,component,https://county_template.devmny.org/the_plan/jurisdictional_annexes/crit_infra_form_prototype,the_plan/jurisdictional_annexes/crit_infra_form_prototype,"Public Transportation including fleets, transportation infrastructure (i.e., railroads, signals, bus/train stops etc.), mobile asset and equipment storage, critical public transit routes, Airport(s)",2144357,Card,tags (absent),"Section Settings > Tags: assign the 44 CFR 201.6 element this section satisfies, using the vocabulary already in use on the other 903 sections (A1-a, B1-d, C4-a, E1-a, ...).",,Open,,,,H2,1468618,[Municipality]'s Profile,Infrastructure,"LHMP_IA component ""Infrastructure"" ([Municipality]'s Profile / Card)",High,Published,,,,,
T5-068,5,No requirement tag,Governance,Component setting,component,https://county_template.devmny.org/the_plan/jurisdictional_annexes/crit_infra_form_prototype,the_plan/jurisdictional_annexes/crit_infra_form_prototype,Cultural/Historic Buildings/Sites,2144358,Card,tags (absent),"Section Settings > Tags: assign the 44 CFR 201.6 element this section satisfies, using the vocabulary already in use on the other 903 sections (A1-a, B1-d, C4-a, E1-a, ...).",,Open,,,,H2,1468612,[Municipality]'s Profile,Buildings,"LHMP_IA component ""Buildings"" ([Municipality]'s Profile / Card)",High,Published,,,,,
T5-069,5,No requirement tag,Governance,Component setting,component,https://county_template.devmny.org/the_plan/jurisdictional_annexes/crit_infra_form_prototype,the_plan/jurisdictional_annexes/crit_infra_form_prototype,Schools (K-12),2144359,Card,tags (absent),"Section Settings > Tags: assign the 44 CFR 201.6 element this section satisfies, using the vocabulary already in use on the other 903 sections (A1-a, B1-d, C4-a, E1-a, ...).",,Open,,,,H2,1468612,[Municipality]'s Profile,Buildings,"inherited from LHMP_IA component ""Buildings"" ([Municipality]'s Profile / Card)",Medium,Published,,,,,
T5-070,5,No requirement tag,Governance,Component setting,component,https://county_template.devmny.org/the_plan/jurisdictional_annexes/crit_infra_form_prototype,the_plan/jurisdictional_annexes/crit_infra_form_prototype,Elder-care Facilities,2144360,Card,tags (absent),"Section Settings > Tags: assign the 44 CFR 201.6 element this section satisfies, using the vocabulary already in use on the other 903 sections (A1-a, B1-d, C4-a, E1-a, ...).",,Open,,,,H2,1468612,[Municipality]'s Profile,Buildings,"inherited from LHMP_IA component ""Buildings"" ([Municipality]'s Profile / Card)",Medium,Published,,,,,
T5-071,5,No requirement tag,Governance,Component setting,component,https://county_template.devmny.org/the_plan/jurisdictional_annexes/crit_infra_form_prototype,the_plan/jurisdictional_annexes/crit_infra_form_prototype,Utilities,2144361,Card,tags (absent),"Section Settings > Tags: assign the 44 CFR 201.6 element this section satisfies, using the vocabulary already in use on the other 903 sections (A1-a, B1-d, C4-a, E1-a, ...).",,Open,,,,H2,1468612,[Municipality]'s Profile,Buildings,"inherited from LHMP_IA component ""Buildings"" ([Municipality]'s Profile / Card)",Medium,Published,,,,,
T5-072,5,No requirement tag,Governance,Component setting,component,https://county_template.devmny.org/the_plan/jurisdictional_annexes/crit_infra_form_prototype,the_plan/jurisdictional_annexes/crit_infra_form_prototype,Fire/Police Stations,2144362,Card,tags (absent),"Section Settings > Tags: assign the 44 CFR 201.6 element this section satisfies, using the vocabulary already in use on the other 903 sections (A1-a, B1-d, C4-a, E1-a, ...).",,Open,,,,H2,1468612,[Municipality]'s Profile,Buildings,"inherited from LHMP_IA component ""Buildings"" ([Municipality]'s Profile / Card)",Medium,Published,,,,,
T5-073,5,No requirement tag,Governance,Component setting,component,https://county_template.devmny.org/the_plan/jurisdictional_annexes/crit_infra_form_prototype,the_plan/jurisdictional_annexes/crit_infra_form_prototype,Wastewater Treatment Plants,2144363,Card,tags (absent),"Section Settings > Tags: assign the 44 CFR 201.6 element this section satisfies, using the vocabulary already in use on the other 903 sections (A1-a, B1-d, C4-a, E1-a, ...).",,Open,,,,H2,1468612,[Municipality]'s Profile,Buildings,"inherited from LHMP_IA component ""Buildings"" ([Municipality]'s Profile / Card)",Medium,Published,,,,,
T5-074,5,No requirement tag,Governance,Component setting,component,https://county_template.devmny.org/the_plan/jurisdictional_annexes/crit_infra_form_prototype,the_plan/jurisdictional_annexes/crit_infra_form_prototype,"Gas Stations, Grocery Stores, Supermarkets",2144364,Card,tags (absent),"Section Settings > Tags: assign the 44 CFR 201.6 element this section satisfies, using the vocabulary already in use on the other 903 sections (A1-a, B1-d, C4-a, E1-a, ...).",,Open,,,,H2,1468612,[Municipality]'s Profile,Buildings,"inherited from LHMP_IA component ""Buildings"" ([Municipality]'s Profile / Card)",Medium,Published,,,,,
T5-075,5,No requirement tag,Governance,Component setting,component,https://county_template.devmny.org/the_plan/jurisdictional_annexes/crit_infra_form_prototype,the_plan/jurisdictional_annexes/crit_infra_form_prototype,Water: Drinking Water Resources,2144365,Card,tags (absent),"Section Settings > Tags: assign the 44 CFR 201.6 element this section satisfies, using the vocabulary already in use on the other 903 sections (A1-a, B1-d, C4-a, E1-a, ...).",,Open,,,,H2,1468612,[Municipality]'s Profile,Buildings,"inherited from LHMP_IA component ""Buildings"" ([Municipality]'s Profile / Card)",Medium,Published,,,,,
T5-076,5,No requirement tag,Governance,Component setting,component,https://county_template.devmny.org/the_plan/jurisdictional_annexes/crit_infra_form_prototype,the_plan/jurisdictional_annexes/crit_infra_form_prototype,Hospitals,2144366,Card,tags (absent),"Section Settings > Tags: assign the 44 CFR 201.6 element this section satisfies, using the vocabulary already in use on the other 903 sections (A1-a, B1-d, C4-a, E1-a, ...).",,Open,,,,H2,1468612,[Municipality]'s Profile,Buildings,"inherited from LHMP_IA component ""Buildings"" ([Municipality]'s Profile / Card)",Medium,Published,,,,,
T5-077,5,No requirement tag,Governance,Component setting,component,https://county_template.devmny.org/the_plan/jurisdictional_annexes/crit_infra_form_prototype,the_plan/jurisdictional_annexes/crit_infra_form_prototype,Other,2144367,Card,tags (absent),"Section Settings > Tags: assign the 44 CFR 201.6 element this section satisfies, using the vocabulary already in use on the other 903 sections (A1-a, B1-d, C4-a, E1-a, ...).",,Open,,,,Not Applicable,1468627,Risk,Other Hazards,"LHMP_IA component ""Other Hazards"" (Risk / Card)",High,Published,,,,,
T5-078,5,No requirement tag,Governance,Component setting,component,https://county_template.devmny.org/the_plan/jurisdictional_annexes/ho_c_form_prototype,the_plan/jurisdictional_annexes/ho_c_form_prototype,Hazard of Concern,2144375,Card,tags (absent),"Section Settings > Tags: assign the 44 CFR 201.6 element this section satisfies, using the vocabulary already in use on the other 903 sections (A1-a, B1-d, C4-a, E1-a, ...).",,Open,,,,"H2, B1-f, B2-a",1468621,Risk,Hazards of Concern,"LHMP_IA component ""Hazards of Concern"" (Risk / Card)",High,Published,,,,,
T5-079,5,No requirement tag,Governance,Component setting,component,https://county_template.devmny.org/the_plan/jurisdictional_annexes/ho_c_form_prototype,the_plan/jurisdictional_annexes/ho_c_form_prototype,Specific Problem Statements Related to this Hazard,2144376,Card,tags (absent),"Section Settings > Tags: assign the 44 CFR 201.6 element this section satisfies, using the vocabulary already in use on the other 903 sections (A1-a, B1-d, C4-a, E1-a, ...).",,Open,,,,"H2, B1-f, B2-a",1468621,Risk,Hazards of Concern,"inherited from LHMP_IA component ""Hazards of Concern"" (Risk / Card)",Medium,Published,,,,,
T5-080,5,No requirement tag,Governance,Component setting,component,https://county_template.devmny.org/the_plan/jurisdictional_annexes/jurisdictional_annex_form,the_plan/jurisdictional_annexes/jurisdictional_annex_form,(untitled lexical),2262433,lexical,tags (absent),"Section Settings > Tags: assign the 44 CFR 201.6 element this section satisfies, using the vocabulary already in use on the other 903 sections (A1-a, B1-d, C4-a, E1-a, ...).",,Open,,,,H2,1468608,Executive Summary,Executive Summary,"LHMP_IA section ""Executive Summary"" (first section on the page)",Medium,Published (hidden from view),"on the page but flagged Hidden from View, so it paints nothing",,,,
T5-081,5,No requirement tag,Governance,Component setting,component,https://county_template.devmny.org/the_plan/jurisdictional_annexes/jurisdictional_annex_form,the_plan/jurisdictional_annexes/jurisdictional_annex_form,(untitled lexical),2262434,lexical,tags (absent),"Section Settings > Tags: assign the 44 CFR 201.6 element this section satisfies, using the vocabulary already in use on the other 903 sections (A1-a, B1-d, C4-a, E1-a, ...).",,Open,,,,H2,1468608,Executive Summary,Executive Summary,"LHMP_IA section ""Executive Summary"" (first section on the page)",Medium,Published,,,,,
T5-082,5,No requirement tag,Governance,Component setting,component,https://county_template.devmny.org/the_plan/jurisdictional_annexes/jurisdictional_annex_form,the_plan/jurisdictional_annexes/jurisdictional_annex_form,(untitled Card),2262439,Card on Jurisdictions,tags (absent),"Section Settings > Tags: assign the 44 CFR 201.6 element this section satisfies, using the vocabulary already in use on the other 903 sections (A1-a, B1-d, C4-a, E1-a, ...).",,Open,,,,A1-b,1468609,Executive Summary,Hazard Mitigation Representatives,"inherited from LHMP_IA component ""Hazard Mitigation Representatives"" (Executive Summary / Card)",Medium,Published (hidden from view),"on the page but flagged Hidden from View, so it paints nothing",,,,
T5-083,5,No requirement tag,Governance,Component setting,component,https://county_template.devmny.org/the_plan/jurisdictional_annexes/jurisdictional_annex_form,the_plan/jurisdictional_annexes/jurisdictional_annex_form,(untitled lexical),2262440,lexical,tags (absent),"Section Settings > Tags: assign the 44 CFR 201.6 element this section satisfies, using the vocabulary already in use on the other 903 sections (A1-a, B1-d, C4-a, E1-a, ...).",,Open,,,,A1-b,1468609,Executive Summary,Hazard Mitigation Representatives,"inherited from LHMP_IA component ""Hazard Mitigation Representatives"" (Executive Summary / Card)",Medium,Published (hidden from view),"on the page but flagged Hidden from View, so it paints nothing",,,,
T5-084,5,No requirement tag,Governance,Component setting,component,https://county_template.devmny.org/the_plan/jurisdictional_annexes/jurisdictional_annex_form,the_plan/jurisdictional_annexes/jurisdictional_annex_form,(untitled Card),2262443,Card on Jurisdictions,tags (absent),"Section Settings > Tags: assign the 44 CFR 201.6 element this section satisfies, using the vocabulary already in use on the other 903 sections (A1-a, B1-d, C4-a, E1-a, ...).",,Open,,,,A1-a,1515527,Planning Process,Planning Process,"inherited from LHMP_IA component ""Planning Process"" (Planning Process / Card)",Medium,Published (hidden from view),"on the page but flagged Hidden from View, so it paints nothing",,,,
T5-085,5,No requirement tag,Governance,Component setting,component,https://county_template.devmny.org/the_plan/jurisdictional_annexes/jurisdictional_annex_form,the_plan/jurisdictional_annexes/jurisdictional_annex_form,(untitled lexical),2262444,lexical,tags (absent),"Section Settings > Tags: assign the 44 CFR 201.6 element this section satisfies, using the vocabulary already in use on the other 903 sections (A1-a, B1-d, C4-a, E1-a, ...).",,Open,,,,A1-a,1515527,Planning Process,Planning Process,"inherited from LHMP_IA component ""Planning Process"" (Planning Process / Card)",Medium,Published (hidden from view),"on the page but flagged Hidden from View, so it paints nothing",,,,
T5-086,5,No requirement tag,Governance,Component setting,component,https://county_template.devmny.org/the_plan/jurisdictional_annexes/jurisdictional_annex_form,the_plan/jurisdictional_annexes/jurisdictional_annex_form,(untitled lexical),2262447,lexical,tags (absent),"Section Settings > Tags: assign the 44 CFR 201.6 element this section satisfies, using the vocabulary already in use on the other 903 sections (A1-a, B1-d, C4-a, E1-a, ...).",,Open,,,,H2,1468612,[Municipality]'s Profile,Buildings,"inherited from LHMP_IA component ""Buildings"" ([Municipality]'s Profile / Card)",Medium,Published (hidden from view),"on the page but flagged Hidden from View, so it paints nothing",,,,
T5-087,5,No requirement tag,Governance,Component setting,component,https://county_template.devmny.org/the_plan/jurisdictional_annexes/jurisdictional_annex_form,the_plan/jurisdictional_annexes/jurisdictional_annex_form,(untitled lexical),2262449,lexical,tags (absent),"Section Settings > Tags: assign the 44 CFR 201.6 element this section satisfies, using the vocabulary already in use on the other 903 sections (A1-a, B1-d, C4-a, E1-a, ...).",,Open,,,,H2,1468613,[Municipality]'s Profile,Local Context,"inherited from LHMP_IA component ""Local Context"" ([Municipality]'s Profile / Card)",Medium,Published (hidden from view),"on the page but flagged Hidden from View, so it paints nothing",,,,
T5-088,5,No requirement tag,Governance,Component setting,component,https://county_template.devmny.org/the_plan/jurisdictional_annexes/jurisdictional_annex_form,the_plan/jurisdictional_annexes/jurisdictional_annex_form,(untitled lexical),2262453,lexical,tags (absent),"Section Settings > Tags: assign the 44 CFR 201.6 element this section satisfies, using the vocabulary already in use on the other 903 sections (A1-a, B1-d, C4-a, E1-a, ...).",,Open,,,,H2,1468616,[Municipality]'s Profile,Critical Buildings Table,"inherited from LHMP_IA component ""Critical Buildings Table"" ([Municipality]'s Profile / Table)",Medium,Published (hidden from view),"on the page but flagged Hidden from View, so it paints nothing",,,,
T5-089,5,No requirement tag,Governance,Component setting,component,https://county_template.devmny.org/the_plan/jurisdictional_annexes/jurisdictional_annex_form,the_plan/jurisdictional_annexes/jurisdictional_annex_form,(untitled lexical),2262456,lexical,tags (absent),"Section Settings > Tags: assign the 44 CFR 201.6 element this section satisfies, using the vocabulary already in use on the other 903 sections (A1-a, B1-d, C4-a, E1-a, ...).",,Open,,,,H2,1468618,[Municipality]'s Profile,Infrastructure,"inherited from LHMP_IA component ""Infrastructure"" ([Municipality]'s Profile / Card)",Medium,Published (hidden from view),"on the page but flagged Hidden from View, so it paints nothing",,,,
T5-090,5,No requirement tag,Governance,Component setting,component,https://county_template.devmny.org/the_plan/jurisdictional_annexes/jurisdictional_annex_form,the_plan/jurisdictional_annexes/jurisdictional_annex_form,(untitled lexical),2262458,lexical,tags (absent),"Section Settings > Tags: assign the 44 CFR 201.6 element this section satisfies, using the vocabulary already in use on the other 903 sections (A1-a, B1-d, C4-a, E1-a, ...).",,Open,,,,H2,1468619,[Municipality]'s Profile,Critical Infrastructure,"inherited from LHMP_IA component ""Critical Infrastructure"" ([Municipality]'s Profile / Card)",Medium,Published (hidden from view),"on the page but flagged Hidden from View, so it paints nothing",,,,
T5-091,5,No requirement tag,Governance,Component setting,component,https://county_template.devmny.org/the_plan/jurisdictional_annexes/jurisdictional_annex_form,the_plan/jurisdictional_annexes/jurisdictional_annex_form,(untitled lexical),2262460,lexical,tags (absent),"Section Settings > Tags: assign the 44 CFR 201.6 element this section satisfies, using the vocabulary already in use on the other 903 sections (A1-a, B1-d, C4-a, E1-a, ...).",,Open,,,,,1518082,[Municipality]'s Profile,Growth and Development Trends,"inherited from LHMP_IA component ""Growth and Development Trends"" ([Municipality]'s Profile / Card)",,Published (hidden from view),"on the page but flagged Hidden from View, so it paints nothing",,,,
T5-092,5,No requirement tag,Governance,Component setting,component,https://county_template.devmny.org/the_plan/jurisdictional_annexes/jurisdictional_annex_form,the_plan/jurisdictional_annexes/jurisdictional_annex_form,(untitled lexical),2262462,lexical,tags (absent),"Section Settings > Tags: assign the 44 CFR 201.6 element this section satisfies, using the vocabulary already in use on the other 903 sections (A1-a, B1-d, C4-a, E1-a, ...).",,Open,,,,H2,1515529,[Municipality]'s Profile,Additional Context (Municipal Profile),"inherited from LHMP_IA component ""Additional Context (Municipal Profile)"" ([Municipality]'s Profile / Card)",Medium,Published (hidden from view),"on the page but flagged Hidden from View, so it paints nothing",,,,
T5-093,5,No requirement tag,Governance,Component setting,component,https://county_template.devmny.org/the_plan/jurisdictional_annexes/jurisdictional_annex_form,the_plan/jurisdictional_annexes/jurisdictional_annex_form,(untitled Card),2262464,Card on Jurisdictions,tags (absent),"Section Settings > Tags: assign the 44 CFR 201.6 element this section satisfies, using the vocabulary already in use on the other 903 sections (A1-a, B1-d, C4-a, E1-a, ...).",,Open,,,,"H2, B1-a, B1-f, B2-a",1468620,Risk,Risk,"inherited from LHMP_IA component ""Risk"" (Risk / Card)",Medium,Published (hidden from view),"on the page but flagged Hidden from View, so it paints nothing",,,,
T5-094,5,No requirement tag,Governance,Component setting,component,https://county_template.devmny.org/the_plan/jurisdictional_annexes/jurisdictional_annex_form,the_plan/jurisdictional_annexes/jurisdictional_annex_form,(untitled lexical),2262468,lexical,tags (absent),"Section Settings > Tags: assign the 44 CFR 201.6 element this section satisfies, using the vocabulary already in use on the other 903 sections (A1-a, B1-d, C4-a, E1-a, ...).",,Open,,,,"H2, B1-f, B2-a, C4-b",1515530,Risk,Hazards of Concern Table,"inherited from LHMP_IA component ""Hazards of Concern Table"" (Risk / Table)",Medium,Published (hidden from view),"on the page but flagged Hidden from View, so it paints nothing",,,,
T5-095,5,No requirement tag,Governance,Component setting,component,https://county_template.devmny.org/the_plan/jurisdictional_annexes/jurisdictional_annex_form,the_plan/jurisdictional_annexes/jurisdictional_annex_form,(untitled lexical),2262472,lexical,tags (absent),"Section Settings > Tags: assign the 44 CFR 201.6 element this section satisfies, using the vocabulary already in use on the other 903 sections (A1-a, B1-d, C4-a, E1-a, ...).",,Open,,,,"H2, B1-d",1468624,Risk,Disaster and Local Emergencies,"inherited from LHMP_IA component ""Disaster and Local Emergencies"" (Risk / Card)",Medium,Published (hidden from view),"on the page but flagged Hidden from View, so it paints nothing",,,,
T5-096,5,No requirement tag,Governance,Component setting,component,https://county_template.devmny.org/the_plan/jurisdictional_annexes/jurisdictional_annex_form,the_plan/jurisdictional_annexes/jurisdictional_annex_form,(untitled lexical),2262474,lexical,tags (absent),"Section Settings > Tags: assign the 44 CFR 201.6 element this section satisfies, using the vocabulary already in use on the other 903 sections (A1-a, B1-d, C4-a, E1-a, ...).",,Open,,,,"H2, B1-d",1468625,Risk,Declared Disasters,"inherited from LHMP_IA component ""Declared Disasters"" (Risk / Card)",Medium,Published (hidden from view),"on the page but flagged Hidden from View, so it paints nothing",,,,
T5-097,5,No requirement tag,Governance,Component setting,component,https://county_template.devmny.org/the_plan/jurisdictional_annexes/jurisdictional_annex_form,the_plan/jurisdictional_annexes/jurisdictional_annex_form,Buildings in The Floodplain,2262478,Spreadsheet on src 1651,tags (absent),"Section Settings > Tags: assign the 44 CFR 201.6 element this section satisfies, using the vocabulary already in use on the other 903 sections (A1-a, B1-d, C4-a, E1-a, ...).",,Open,,,,,1686498,Risk,Floodplain Map,"inherited from LHMP_IA component ""Floodplain Map"" (Risk / Map)",,Published,,,,,
T5-098,5,No requirement tag,Governance,Component setting,component,https://county_template.devmny.org/the_plan/jurisdictional_annexes/jurisdictional_annex_form,the_plan/jurisdictional_annexes/jurisdictional_annex_form,Critical Buildings in The Floodplain,2262479,Spreadsheet on src 1651,tags (absent),"Section Settings > Tags: assign the 44 CFR 201.6 element this section satisfies, using the vocabulary already in use on the other 903 sections (A1-a, B1-d, C4-a, E1-a, ...).",,Open,,,,,1686498,Risk,Floodplain Map,"inherited from LHMP_IA component ""Floodplain Map"" (Risk / Map)",,Published,,,,,
T5-099,5,No requirement tag,Governance,Component setting,component,https://county_template.devmny.org/the_plan/jurisdictional_annexes/jurisdictional_annex_form,the_plan/jurisdictional_annexes/jurisdictional_annex_form,(untitled lexical),2262480,lexical,tags (absent),"Section Settings > Tags: assign the 44 CFR 201.6 element this section satisfies, using the vocabulary already in use on the other 903 sections (A1-a, B1-d, C4-a, E1-a, ...).",,Open,,,,,1686498,Risk,Floodplain Map,"inherited from LHMP_IA component ""Floodplain Map"" (Risk / Map)",,Published (hidden from view),"on the page but flagged Hidden from View, so it paints nothing",,,,
T5-100,5,No requirement tag,Governance,Component setting,component,https://county_template.devmny.org/the_plan/jurisdictional_annexes/jurisdictional_annex_form,the_plan/jurisdictional_annexes/jurisdictional_annex_form,Cascading Impacts from Hazards,2262481,Card,tags (absent),"Section Settings > Tags: assign the 44 CFR 201.6 element this section satisfies, using the vocabulary already in use on the other 903 sections (A1-a, B1-d, C4-a, E1-a, ...).",,Open,,,,,1686499,Risk,Cascading Impacts from Hazards,"LHMP_IA component ""Cascading Impacts from Hazards"" (Risk / Card)",,Published,,,,,
T5-101,5,No requirement tag,Governance,Component setting,component,https://county_template.devmny.org/the_plan/jurisdictional_annexes/jurisdictional_annex_form,the_plan/jurisdictional_annexes/jurisdictional_annex_form,(untitled lexical),2262482,lexical,tags (absent),"Section Settings > Tags: assign the 44 CFR 201.6 element this section satisfies, using the vocabulary already in use on the other 903 sections (A1-a, B1-d, C4-a, E1-a, ...).",,Open,,,,,1686499,Risk,Cascading Impacts from Hazards,"inherited from LHMP_IA component ""Cascading Impacts from Hazards"" (Risk / Card)",,Published (hidden from view),"on the page but flagged Hidden from View, so it paints nothing",,,,
T5-102,5,No requirement tag,Governance,Component setting,component,https://county_template.devmny.org/the_plan/jurisdictional_annexes/jurisdictional_annex_form,the_plan/jurisdictional_annexes/jurisdictional_annex_form,Other Hazards,2262483,Card,tags (absent),"Section Settings > Tags: assign the 44 CFR 201.6 element this section satisfies, using the vocabulary already in use on the other 903 sections (A1-a, B1-d, C4-a, E1-a, ...).",,Open,,,,Not Applicable,1468627,Risk,Other Hazards,"LHMP_IA component ""Other Hazards"" (Risk / Card)",High,Published,,,,,
T5-103,5,No requirement tag,Governance,Component setting,component,https://county_template.devmny.org/the_plan/jurisdictional_annexes/jurisdictional_annex_form,the_plan/jurisdictional_annexes/jurisdictional_annex_form,(untitled lexical),2262484,lexical,tags (absent),"Section Settings > Tags: assign the 44 CFR 201.6 element this section satisfies, using the vocabulary already in use on the other 903 sections (A1-a, B1-d, C4-a, E1-a, ...).",,Open,,,,Not Applicable,1468627,Risk,Other Hazards,"inherited from LHMP_IA component ""Other Hazards"" (Risk / Card)",Medium,Published (hidden from view),"on the page but flagged Hidden from View, so it paints nothing",,,,
T5-104,5,No requirement tag,Governance,Component setting,component,https://county_template.devmny.org/the_plan/jurisdictional_annexes/jurisdictional_annex_form,the_plan/jurisdictional_annexes/jurisdictional_annex_form,Strategy,2262486,lexical,tags (absent),"Section Settings > Tags: assign the 44 CFR 201.6 element this section satisfies, using the vocabulary already in use on the other 903 sections (A1-a, B1-d, C4-a, E1-a, ...).",,Open,,,,H2,1515532,Strategy,Strategy,"LHMP_IA component ""Strategy"" (Strategy / Card)",High,Published,,,,,
T5-105,5,No requirement tag,Governance,Component setting,component,https://county_template.devmny.org/the_plan/jurisdictional_annexes/jurisdictional_annex_form,the_plan/jurisdictional_annexes/jurisdictional_annex_form,(untitled lexical),2262487,lexical,tags (absent),"Section Settings > Tags: assign the 44 CFR 201.6 element this section satisfies, using the vocabulary already in use on the other 903 sections (A1-a, B1-d, C4-a, E1-a, ...).",,Open,,,,H2,1515532,Strategy,Strategy,"inherited from LHMP_IA component ""Strategy"" (Strategy / Card)",Medium,Published (hidden from view),"on the page but flagged Hidden from View, so it paints nothing",,,,
T5-106,5,No requirement tag,Governance,Component setting,component,https://county_template.devmny.org/the_plan/jurisdictional_annexes/jurisdictional_annex_form,the_plan/jurisdictional_annexes/jurisdictional_annex_form,(untitled Card),2262489,Card on Jurisdictions,tags (absent),"Section Settings > Tags: assign the 44 CFR 201.6 element this section satisfies, using the vocabulary already in use on the other 903 sections (A1-a, B1-d, C4-a, E1-a, ...).",,Open,,,,"H2, E2-b",1468628,Strategy,Evaluation of Previously Identified Actions,"inherited from LHMP_IA component ""Evaluation of Previously Identified Actions"" (Strategy / Card)",Medium,Published (hidden from view),"on the page but flagged Hidden from View, so it paints nothing",,,,
T5-107,5,No requirement tag,Governance,Component setting,component,https://county_template.devmny.org/the_plan/jurisdictional_annexes/jurisdictional_annex_form,the_plan/jurisdictional_annexes/jurisdictional_annex_form,(untitled lexical),2262490,lexical,tags (absent),"Section Settings > Tags: assign the 44 CFR 201.6 element this section satisfies, using the vocabulary already in use on the other 903 sections (A1-a, B1-d, C4-a, E1-a, ...).",,Open,,,,"H2, E2-b",1468628,Strategy,Evaluation of Previously Identified Actions,"inherited from LHMP_IA component ""Evaluation of Previously Identified Actions"" (Strategy / Card)",Medium,Published (hidden from view),"on the page but flagged Hidden from View, so it paints nothing",,,,
T5-108,5,No requirement tag,Governance,Component setting,component,https://county_template.devmny.org/the_plan/jurisdictional_annexes/jurisdictional_annex_form,the_plan/jurisdictional_annexes/jurisdictional_annex_form,(untitled Card),2262493,Card on Jurisdictions,tags (absent),"Section Settings > Tags: assign the 44 CFR 201.6 element this section satisfies, using the vocabulary already in use on the other 903 sections (A1-a, B1-d, C4-a, E1-a, ...).",,Open,,,,C5-a,1468630,Strategy,Prioritization,"inherited from LHMP_IA component ""Prioritization"" (Strategy / Card)",Medium,Published (hidden from view),"on the page but flagged Hidden from View, so it paints nothing",,,,
T5-109,5,No requirement tag,Governance,Component setting,component,https://county_template.devmny.org/the_plan/jurisdictional_annexes/jurisdictional_annex_form,the_plan/jurisdictional_annexes/jurisdictional_annex_form,(untitled lexical),2262494,lexical,tags (absent),"Section Settings > Tags: assign the 44 CFR 201.6 element this section satisfies, using the vocabulary already in use on the other 903 sections (A1-a, B1-d, C4-a, E1-a, ...).",,Open,,,,C5-a,1468630,Strategy,Prioritization,"inherited from LHMP_IA component ""Prioritization"" (Strategy / Card)",Medium,Published (hidden from view),"on the page but flagged Hidden from View, so it paints nothing",,,,
T5-110,5,No requirement tag,Governance,Component setting,component,https://county_template.devmny.org/the_plan/jurisdictional_annexes/jurisdictional_annex_form,the_plan/jurisdictional_annexes/jurisdictional_annex_form,(untitled Card),2262498,Card on Jurisdictions,tags (absent),"Section Settings > Tags: assign the 44 CFR 201.6 element this section satisfies, using the vocabulary already in use on the other 903 sections (A1-a, B1-d, C4-a, E1-a, ...).",,Open,,,,"H2, H3, C4-b, C5-b",1468633,Strategy,Local Actions Database,"inherited from LHMP_IA component ""Local Actions Database"" (Strategy / Table)",Medium,Published (hidden from view),"on the page but flagged Hidden from View, so it paints nothing",,,,
T5-111,5,No requirement tag,Governance,Component setting,component,https://county_template.devmny.org/the_plan/jurisdictional_annexes/jurisdictional_annex_form,the_plan/jurisdictional_annexes/jurisdictional_annex_form,(untitled lexical),2262499,lexical,tags (absent),"Section Settings > Tags: assign the 44 CFR 201.6 element this section satisfies, using the vocabulary already in use on the other 903 sections (A1-a, B1-d, C4-a, E1-a, ...).",,Open,,,,"H2, H3, C4-b, C5-b",1468633,Strategy,Local Actions Database,"inherited from LHMP_IA component ""Local Actions Database"" (Strategy / Table)",Medium,Published (hidden from view),"on the page but flagged Hidden from View, so it paints nothing",,,,
T5-112,5,No requirement tag,Governance,Component setting,component,https://county_template.devmny.org/the_plan/jurisdictional_annexes/jurisdictional_annex_form,the_plan/jurisdictional_annexes/jurisdictional_annex_form,Additional Context (Strategy),2262500,Card,tags (absent),"Section Settings > Tags: assign the 44 CFR 201.6 element this section satisfies, using the vocabulary already in use on the other 903 sections (A1-a, B1-d, C4-a, E1-a, ...).",,Open,,,,Not Applicable,1515533,Strategy,Additional Context (Strategy),"LHMP_IA component ""Additional Context (Strategy)"" (Strategy / Card)",High,Published,,,,,
T5-113,5,No requirement tag,Governance,Component setting,component,https://county_template.devmny.org/the_plan/jurisdictional_annexes/jurisdictional_annex_form,the_plan/jurisdictional_annexes/jurisdictional_annex_form,(untitled lexical),2262501,lexical,tags (absent),"Section Settings > Tags: assign the 44 CFR 201.6 element this section satisfies, using the vocabulary already in use on the other 903 sections (A1-a, B1-d, C4-a, E1-a, ...).",,Open,,,,Not Applicable,1515533,Strategy,Additional Context (Strategy),"inherited from LHMP_IA component ""Additional Context (Strategy)"" (Strategy / Card)",Medium,Published (hidden from view),"on the page but flagged Hidden from View, so it paints nothing",,,,
T5-114,5,No requirement tag,Governance,Component setting,component,https://county_template.devmny.org/the_plan/jurisdictional_annexes/jurisdictional_annex_form,the_plan/jurisdictional_annexes/jurisdictional_annex_form,(untitled lexical),2262503,lexical,tags (absent),"Section Settings > Tags: assign the 44 CFR 201.6 element this section satisfies, using the vocabulary already in use on the other 903 sections (A1-a, B1-d, C4-a, E1-a, ...).",,Open,,,,"H2, C1-a, C1-b, C2-a, D3-b",1468634,Capacity To Implement,Capacity To Implement,"inherited from LHMP_IA component ""Capacity To Implement"" (Capacity To Implement / Card)",Medium,Published (hidden from view),"on the page but flagged Hidden from View, so it paints nothing",,,,
T5-115,5,No requirement tag,Governance,Component setting,component,https://county_template.devmny.org/the_plan/jurisdictional_annexes/jurisdictional_annex_form,the_plan/jurisdictional_annexes/jurisdictional_annex_form,(untitled Card),2262505,Card on Jurisdictions,tags (absent),"Section Settings > Tags: assign the 44 CFR 201.6 element this section satisfies, using the vocabulary already in use on the other 903 sections (A1-a, B1-d, C4-a, E1-a, ...).",,Open,,,,"D3-a, D3-c",1468635,Capacity To Implement,Integration,"inherited from LHMP_IA component ""Integration"" (Capacity To Implement / Card)",Medium,Published (hidden from view),"on the page but flagged Hidden from View, so it paints nothing",,,,
T5-116,5,No requirement tag,Governance,Component setting,component,https://county_template.devmny.org/the_plan/jurisdictional_annexes/jurisdictional_annex_form,the_plan/jurisdictional_annexes/jurisdictional_annex_form,(untitled Spreadsheet),2262507,Spreadsheet on Capabilities_Catalogue,tags (absent),"Section Settings > Tags: assign the 44 CFR 201.6 element this section satisfies, using the vocabulary already in use on the other 903 sections (A1-a, B1-d, C4-a, E1-a, ...).",,Open,,,,,1686501,Capacity To Implement,Capabilities Inventory,"inherited from LHMP_IA component ""Capabilities Inventory"" (Capacity To Implement / Card)",,Published,,,,,
T5-117,5,No requirement tag,Governance,Component setting,component,https://county_template.devmny.org/the_plan/jurisdictional_annexes/jurisdictional_annex_form,the_plan/jurisdictional_annexes/jurisdictional_annex_form,(untitled lexical),2262509,lexical,tags (absent),"Section Settings > Tags: assign the 44 CFR 201.6 element this section satisfies, using the vocabulary already in use on the other 903 sections (A1-a, B1-d, C4-a, E1-a, ...).",,Open,,,,C1-a,1515534,Capacity To Implement,Additional Context (Capacity To Implement),"inherited from LHMP_IA component ""Additional Context (Capacity To Implement)"" (Capacity To Implement / Card)",Medium,Published (hidden from view),"on the page but flagged Hidden from View, so it paints nothing",,,,
T5-118,5,No requirement tag,Governance,Component setting,component,https://county_template.devmny.org/the_plan/jurisdictional_annexes/jurisdictional_annex_form,the_plan/jurisdictional_annexes/jurisdictional_annex_form,Progress,2262510,Card on LHMP_IA,tags (absent),"Section Settings > Tags: assign the 44 CFR 201.6 element this section satisfies, using the vocabulary already in use on the other 903 sections (A1-a, B1-d, C4-a, E1-a, ...).",,Open,,,,Not Applicable,1468637,Progress,Progress,"LHMP_IA component ""Progress"" (Progress / Card)",High,Published,,,,,
T5-119,5,No requirement tag,Governance,Component setting,component,https://county_template.devmny.org/the_plan/jurisdictional_annexes/jurisdictional_annex_form,the_plan/jurisdictional_annexes/jurisdictional_annex_form,(untitled lexical),2262511,lexical,tags (absent),"Section Settings > Tags: assign the 44 CFR 201.6 element this section satisfies, using the vocabulary already in use on the other 903 sections (A1-a, B1-d, C4-a, E1-a, ...).",,Open,,,,Not Applicable,1468637,Progress,Progress,"inherited from LHMP_IA component ""Progress"" (Progress / Card)",Medium,Published (hidden from view),"on the page but flagged Hidden from View, so it paints nothing",,,,
T5-120,5,No requirement tag,Governance,Component setting,component,https://county_template.devmny.org/the_plan/jurisdictional_annexes/jurisdictional_annex_form,the_plan/jurisdictional_annexes/jurisdictional_annex_form,(untitled lexical),2262514,lexical,tags (absent),"Section Settings > Tags: assign the 44 CFR 201.6 element this section satisfies, using the vocabulary already in use on the other 903 sections (A1-a, B1-d, C4-a, E1-a, ...).",,Open,,,,"H2, E2-b",1515535,Progress,Completed Actions,"inherited from LHMP_IA component ""Completed Actions"" (Progress / Table)",Medium,Published (hidden from view),"on the page but flagged Hidden from View, so it paints nothing",,,,
T5-121,5,No requirement tag,Governance,Component setting,component,https://county_template.devmny.org/the_plan/jurisdictional_annexes/jurisdictional_annex_form,the_plan/jurisdictional_annexes/jurisdictional_annex_form,(untitled Card),2262516,Card on Jurisdictions,tags (absent),"Section Settings > Tags: assign the 44 CFR 201.6 element this section satisfies, using the vocabulary already in use on the other 903 sections (A1-a, B1-d, C4-a, E1-a, ...).",,Open,,,,"H2, H3, E2-b, C5-b, C4-a, C4-b",1468640,Progress,In-Progress Actions,"inherited from LHMP_IA component ""In-Progress Actions"" (Progress / Card)",Medium,Published (hidden from view),"on the page but flagged Hidden from View, so it paints nothing",,,,
T5-122,5,No requirement tag,Governance,Component setting,component,https://county_template.devmny.org/the_plan/jurisdictional_annexes/jurisdictional_annex_form,the_plan/jurisdictional_annexes/jurisdictional_annex_form,(untitled lexical),2262518,lexical,tags (absent),"Section Settings > Tags: assign the 44 CFR 201.6 element this section satisfies, using the vocabulary already in use on the other 903 sections (A1-a, B1-d, C4-a, E1-a, ...).",,Open,,,,"H2, H3, E2-b, C5-b, C4-a, C4-b",1515537,Progress,In-Progress Actions,"inherited from LHMP_IA component ""In-Progress Actions"" (Progress / Table)",Medium,Published (hidden from view),"on the page but flagged Hidden from View, so it paints nothing",,,,
T5-123,5,No requirement tag,Governance,Component setting,component,https://county_template.devmny.org/the_plan/jurisdictional_annexes/jurisdictional_annex_form,the_plan/jurisdictional_annexes/jurisdictional_annex_form,(untitled lexical),2262521,lexical,tags (absent),"Section Settings > Tags: assign the 44 CFR 201.6 element this section satisfies, using the vocabulary already in use on the other 903 sections (A1-a, B1-d, C4-a, E1-a, ...).",,Open,,,,"H2, H3, C5-b, C4-a, C4-b",1468639,Progress,Proposed Actions,"inherited from LHMP_IA component ""Proposed Actions"" (Progress / Table)",Medium,Published (hidden from view),"on the page but flagged Hidden from View, so it paints nothing",,,,
T5-124,5,No requirement tag,Governance,Component setting,component,https://county_template.devmny.org/the_plan/jurisdictional_annexes/jurisdictional_annex_form,the_plan/jurisdictional_annexes/jurisdictional_annex_form,Additional Context (Progress),2262522,Card,tags (absent),"Section Settings > Tags: assign the 44 CFR 201.6 element this section satisfies, using the vocabulary already in use on the other 903 sections (A1-a, B1-d, C4-a, E1-a, ...).",,Open,,,,Not Applicable,1515538,Progress,Additional Context (Progress),"LHMP_IA component ""Additional Context (Progress)"" (Progress / Card)",High,Published,,,,,
T5-125,5,No requirement tag,Governance,Component setting,component,https://county_template.devmny.org/track_progress/actions_database/actions_index,track_progress/actions_database/actions_index,(untitled lexical),2262702,lexical,tags (absent),"Section Settings > Tags: assign the 44 CFR 201.6 element this section satisfies, using the vocabulary already in use on the other 903 sections (A1-a, B1-d, C4-a, E1-a, ...).",,Open,,,,"C4-a, C4-b, C5-b",1468606,Actions Listview,Local Actions by Progress Status - Card,"LHMP_IA page ""Actions Listview"" (page-level match) [component fetched directly (page not readable)]",Medium,Published,,,,,
T5-126,5,No requirement tag,Governance,Component setting,component,https://county_template.devmny.org/track_progress/actions_database,track_progress/actions_database,(untitled lexical),2262722,lexical,tags (absent),"Section Settings > Tags: assign the 44 CFR 201.6 element this section satisfies, using the vocabulary already in use on the other 903 sections (A1-a, B1-d, C4-a, E1-a, ...).",,Open,,,,"C4-a, C4-b, C5-b",1468603,Actions Dashboard,Local Actions by Progress Status,"LHMP_IA section ""Actions Dashboard"" (first section on the page)",Medium,Published (hidden from view),"on the page but flagged Hidden from View, so it paints nothing",,,,
T5-127,5,No requirement tag,Governance,Component setting,component,https://county_template.devmny.org/track_progress/actions_database,track_progress/actions_database,Actions Database,2262723,lexical,tags (empty string),"Section Settings > Tags: assign the 44 CFR 201.6 element this section satisfies, using the vocabulary already in use on the other 903 sections (A1-a, B1-d, C4-a, E1-a, ...).",,Open,,,,"C4-a, C4-b, C5-b",1468603,Actions Dashboard,Local Actions by Progress Status,"LHMP_IA section ""Actions Dashboard"" (via ""Local Actions by Progress Status"")",Medium,Published,,,,,
T5-128,5,No requirement tag,Governance,Component setting,component,https://county_template.devmny.org/track_progress/actions_database,track_progress/actions_database,(untitled lexical),2262724,lexical,tags (absent),"Section Settings > Tags: assign the 44 CFR 201.6 element this section satisfies, using the vocabulary already in use on the other 903 sections (A1-a, B1-d, C4-a, E1-a, ...).",,Open,,,,"C4-a, C4-b, C5-b",1468603,Actions Dashboard,Local Actions by Progress Status,"inherited from LHMP_IA section ""Actions Dashboard"" (via ""Local Actions by Progress Status"")",Medium,Published,,,,,
T5-129,5,No requirement tag,Governance,Component setting,component,https://county_template.devmny.org/track_progress/actions_database,track_progress/actions_database,(untitled Spreadsheet),2262727,Spreadsheet,tags (absent),"Section Settings > Tags: assign the 44 CFR 201.6 element this section satisfies, using the vocabulary already in use on the other 903 sections (A1-a, B1-d, C4-a, E1-a, ...).",,Open,,,,"C4-a, C4-b, C5-b",1468603,Actions Dashboard,Local Actions by Progress Status,"inherited from LHMP_IA component ""Local Actions by Progress Status"" (Actions Dashboard / Card)",Medium,Published,,,,,
T5-130,5,No requirement tag,Governance,Component setting,component,https://county_template.devmny.org/track_progress/actions_database/actions_index/action_prioritize_cards,track_progress/actions_database/actions_index/action_prioritize_cards,(untitled lexical),2262739,lexical,tags (absent),"Section Settings > Tags: assign the 44 CFR 201.6 element this section satisfies, using the vocabulary already in use on the other 903 sections (A1-a, B1-d, C4-a, E1-a, ...).",,Open,,,,"C4-a, C4-b, C5-b",1468606,Actions Listview,Local Actions by Progress Status - Card,"LHMP_IA page ""Actions Listview"" (page-level match) [component fetched directly (page not readable)]",Medium,Published,,,,,
T5-131,5,No requirement tag,Governance,Component setting,component,https://county_template.devmny.org/track_progress/actions_database/actions_index/action_prioritize_cards,track_progress/actions_database/actions_index/action_prioritize_cards,(untitled Card),2262740,Card,tags (empty string),"Section Settings > Tags: assign the 44 CFR 201.6 element this section satisfies, using the vocabulary already in use on the other 903 sections (A1-a, B1-d, C4-a, E1-a, ...).",,Open,,,,"C4-a, C4-b, C5-b",1468606,Actions Listview,Local Actions by Progress Status - Card,"LHMP_IA page ""Actions Listview"" (page-level match) [component fetched directly (page not readable)]",Medium,Published,,,,,
T5-132,5,No requirement tag,Governance,Component setting,component,https://county_template.devmny.org/track_progress/actions_database/actions_index/action_prioritize_cards,track_progress/actions_database/actions_index/action_prioritize_cards,(untitled lexical),2262741,lexical,tags (absent),"Section Settings > Tags: assign the 44 CFR 201.6 element this section satisfies, using the vocabulary already in use on the other 903 sections (A1-a, B1-d, C4-a, E1-a, ...).",,Open,,,,"C4-a, C4-b, C5-b",1468606,Actions Listview,Local Actions by Progress Status - Card,"LHMP_IA page ""Actions Listview"" (page-level match) [component fetched directly (page not readable)]",Medium,Published,,,,,
T5-133,5,No requirement tag,Governance,Component setting,component,https://county_template.devmny.org/track_progress/actions_database/actions_index/action_prioritize_cards,track_progress/actions_database/actions_index/action_prioritize_cards,(untitled Card),2262743,Card,tags (absent),"Section Settings > Tags: assign the 44 CFR 201.6 element this section satisfies, using the vocabulary already in use on the other 903 sections (A1-a, B1-d, C4-a, E1-a, ...).",,Open,,,,"C4-a, C4-b, C5-b",1468606,Actions Listview,Local Actions by Progress Status - Card,"LHMP_IA page ""Actions Listview"" (page-level match) [component fetched directly (page not readable)]",Medium,Published,,,,,
T5-134,5,No requirement tag,Governance,Component setting,component,https://county_template.devmny.org/track_progress/actions_database/actions_index/action_prioritize,track_progress/actions_database/actions_index/action_prioritize,(untitled lexical),2262744,lexical,tags (absent),"Section Settings > Tags: assign the 44 CFR 201.6 element this section satisfies, using the vocabulary already in use on the other 903 sections (A1-a, B1-d, C4-a, E1-a, ...).",,Open,,,,"C4-a, C4-b, C5-b",1468606,Actions Listview,Local Actions by Progress Status - Card,"LHMP_IA page ""Actions Listview"" (page-level match) [component fetched directly (page not readable)]",Medium,Published,,,,,
T5-135,5,No requirement tag,Governance,Component setting,component,https://county_template.devmny.org/track_progress/actions_database/actions_index/action_prioritize,track_progress/actions_database/actions_index/action_prioritize,(untitled Card),2262745,Card,tags (empty string),"Section Settings > Tags: assign the 44 CFR 201.6 element this section satisfies, using the vocabulary already in use on the other 903 sections (A1-a, B1-d, C4-a, E1-a, ...).",,Open,,,,"C4-a, C4-b, C5-b",1468606,Actions Listview,Local Actions by Progress Status - Card,"LHMP_IA page ""Actions Listview"" (page-level match) [component fetched directly (page not readable)]",Medium,Published,,,,,
T5-136,5,No requirement tag,Governance,Component setting,component,https://county_template.devmny.org/track_progress/actions_database/actions_index/action_prioritize,track_progress/actions_database/actions_index/action_prioritize,(untitled lexical),2262746,lexical,tags (absent),"Section Settings > Tags: assign the 44 CFR 201.6 element this section satisfies, using the vocabulary already in use on the other 903 sections (A1-a, B1-d, C4-a, E1-a, ...).",,Open,,,,"C4-a, C4-b, C5-b",1468606,Actions Listview,Local Actions by Progress Status - Card,"LHMP_IA page ""Actions Listview"" (page-level match) [component fetched directly (page not readable)]",Medium,Published,,,,,
T5-137,5,No requirement tag,Governance,Component setting,component,https://county_template.devmny.org/track_progress/actions_database/actions_index/action_prioritize,track_progress/actions_database/actions_index/action_prioritize,(untitled Spreadsheet),2262748,Spreadsheet,tags (absent),"Section Settings > Tags: assign the 44 CFR 201.6 element this section satisfies, using the vocabulary already in use on the other 903 sections (A1-a, B1-d, C4-a, E1-a, ...).",,Open,,,,"C4-a, C4-b, C5-b",1468607,Actions Listview,Local Actions by Progress Status - Table,"LHMP_IA page ""Actions Listview"" (page-level match) [component fetched directly (page not readable)]",Medium,Published,,,,,
T5-140,5,No requirement tag,Governance,Component setting,component,https://county_template.devmny.org/track_progress,track_progress,(untitled lexical),2100790,lexical,tags (absent),"Section Settings > Tags: assign the 44 CFR 201.6 element this section satisfies, using the vocabulary already in use on the other 903 sections (A1-a, B1-d, C4-a, E1-a, ...).",,Open,,,,Not Applicable,1468656,Executive Summary,Executive Summary,"inherited from LHMP_IA component ""Executive Summary"" (Executive Summary / Card)",Medium,Published,,,,,
T5-141,5,No requirement tag,Governance,Component setting,component,https://county_template.devmny.org/the_plan,the_plan,(untitled lexical),2100631,lexical,tags (absent),"Section Settings > Tags: assign the 44 CFR 201.6 element this section satisfies, using the vocabulary already in use on the other 903 sections (A1-a, B1-d, C4-a, E1-a, ...).",,Open,,,,Not Applicable,1468653,Executive Summary,Executive Summary,"inherited from LHMP_IA component ""Executive Summary"" (Executive Summary / Card)",Medium,Published,,,,,
T5-142,5,No requirement tag,Governance,Component setting,component,https://county_template.devmny.org/the_plan,the_plan,(untitled lexical),2100633,lexical,tags (absent),"Section Settings > Tags: assign the 44 CFR 201.6 element this section satisfies, using the vocabulary already in use on the other 903 sections (A1-a, B1-d, C4-a, E1-a, ...).",,Open,,,,Not Applicable,1468653,Executive Summary,Executive Summary,"inherited from LHMP_IA component ""Executive Summary"" (Executive Summary / Card)",Medium,Published,,,,,
T5-143,5,No requirement tag,Governance,Component setting,component,https://county_template.devmny.org/the_risk/non_natural_hazards,the_risk/non_natural_hazards,(untitled lexical),2239655,lexical,tags (absent),"Section Settings > Tags: assign the 44 CFR 201.6 element this section satisfies, using the vocabulary already in use on the other 903 sections (A1-a, B1-d, C4-a, E1-a, ...).",,Open,,,,Not Applicable,1468503,Overview,Overview,"LHMP_IA section ""Overview"" (first section on the page)",Medium,Published (hidden from view),"on the page but flagged Hidden from View, so it paints nothing",,,,
T5-144,5,No requirement tag,Governance,Component setting,component,https://county_template.devmny.org/the_risk/non_natural_hazards,the_risk/non_natural_hazards,Overview,2239656,Card on LHMP_IA,tags (absent),"Section Settings > Tags: assign the 44 CFR 201.6 element this section satisfies, using the vocabulary already in use on the other 903 sections (A1-a, B1-d, C4-a, E1-a, ...).",,Open,,,,Not Applicable,1468503,Overview,Overview,"LHMP_IA component ""Overview"" (Overview / Card)",High,Published,,,,,
T5-145,5,No requirement tag,Governance,Component setting,component,https://county_template.devmny.org/the_risk/non_natural_hazards,the_risk/non_natural_hazards,(untitled Card),2239657,Card on LHMP_IA,tags (absent),"Section Settings > Tags: assign the 44 CFR 201.6 element this section satisfies, using the vocabulary already in use on the other 903 sections (A1-a, B1-d, C4-a, E1-a, ...).",,Open,,,,Not Applicable,1468503,Overview,Overview,"inherited from LHMP_IA component ""Overview"" (Overview / Card)",Medium,Published,,,,,
T5-146,5,No requirement tag,Governance,Component setting,component,https://county_template.devmny.org/the_risk/non_natural_hazards,the_risk/non_natural_hazards,(untitled lexical),2239658,lexical,tags (absent),"Section Settings > Tags: assign the 44 CFR 201.6 element this section satisfies, using the vocabulary already in use on the other 903 sections (A1-a, B1-d, C4-a, E1-a, ...).",,Open,,,,Not Applicable,1468503,Overview,Overview,"inherited from LHMP_IA component ""Overview"" (Overview / Card)",Medium,Published (hidden from view),"on the page but flagged Hidden from View, so it paints nothing",,,,
T5-147,5,No requirement tag,Governance,Component setting,component,https://county_template.devmny.org/the_risk/non_natural_hazards,the_risk/non_natural_hazards,Local Context,2239659,lexical,tags (absent),"Section Settings > Tags: assign the 44 CFR 201.6 element this section satisfies, using the vocabulary already in use on the other 903 sections (A1-a, B1-d, C4-a, E1-a, ...).",,Open,,,,Not Applicable,1468504,Overview,Local Context,"LHMP_IA component ""Local Context"" (Overview / Rich Text)",High,Published,,,,,
T5-148,5,No requirement tag,Governance,Component setting,component,https://county_template.devmny.org/track_progress/actions_database/actions_index/actions_edit_list_dup,track_progress/actions_database/actions_index/actions_edit_list_dup,(untitled lexical),2239662,lexical,tags (absent),"Section Settings > Tags: assign the 44 CFR 201.6 element this section satisfies, using the vocabulary already in use on the other 903 sections (A1-a, B1-d, C4-a, E1-a, ...).",,Open,,,,"C4-a, C4-b, C5-b",1468606,Actions Listview,Local Actions by Progress Status - Card,"LHMP_IA page ""Actions Listview"" (page-level match) [component fetched directly (page not readable)]",Medium,Published,,,,,
T5-149,5,No requirement tag,Governance,Component setting,component,https://county_template.devmny.org/track_progress/actions_database/actions_index/actions_edit_list_dup,track_progress/actions_database/actions_index/actions_edit_list_dup,(untitled Spreadsheet),2239663,Spreadsheet,tags (absent),"Section Settings > Tags: assign the 44 CFR 201.6 element this section satisfies, using the vocabulary already in use on the other 903 sections (A1-a, B1-d, C4-a, E1-a, ...).",,Open,,,,"C4-a, C4-b, C5-b",1468607,Actions Listview,Local Actions by Progress Status - Table,"LHMP_IA page ""Actions Listview"" (page-level match) [component fetched directly (page not readable)]",Medium,Published,,,,,
T5-150,5,No requirement tag,Governance,Component setting,component,https://county_template.devmny.org/the_risk/climate_change,the_risk/climate_change,(untitled lexical),2178593,lexical,tags (absent),"Section Settings > Tags: assign the 44 CFR 201.6 element this section satisfies, using the vocabulary already in use on the other 903 sections (A1-a, B1-d, C4-a, E1-a, ...).",,Open,,,,,1686487,Overview,Overview Annotation Card,"inherited from LHMP_IA component ""Overview Annotation Card"" (Overview / Annotation SHMP Card)",,Published (hidden from view),"on the page but flagged Hidden from View, so it paints nothing",,,,
T5-151,5,No requirement tag,Governance,Component setting,component,https://county_template.devmny.org/the_risk/climate_change,the_risk/climate_change,Local Context,2178594,lexical,tags (empty string),"Section Settings > Tags: assign the 44 CFR 201.6 element this section satisfies, using the vocabulary already in use on the other 903 sections (A1-a, B1-d, C4-a, E1-a, ...).",,Open,,,,Not Applicable,1468506,Overview,Local Context,"LHMP_IA component ""Local Context"" (Overview / Rich Text)",High,Published,,,,,
T5-152,5,No requirement tag,Governance,Component setting,component,https://county_template.devmny.org/the_risk/climate_change,the_risk/climate_change,(untitled Card),2178595,Card on LHMP_IA,tags (absent),"Section Settings > Tags: assign the 44 CFR 201.6 element this section satisfies, using the vocabulary already in use on the other 903 sections (A1-a, B1-d, C4-a, E1-a, ...).",,Open,,,,Not Applicable,1468506,Overview,Local Context,"inherited from LHMP_IA component ""Local Context"" (Overview / Rich Text)",Medium,Published,,,,,
T5-153,5,No requirement tag,Governance,Component setting,component,https://county_template.devmny.org/the_risk/climate_change,the_risk/climate_change,Hazards Impacted By Climate Change,2178596,Spreadsheet on Hazards_of_Concern,tags (absent),"Section Settings > Tags: assign the 44 CFR 201.6 element this section satisfies, using the vocabulary already in use on the other 903 sections (A1-a, B1-d, C4-a, E1-a, ...).",,Open,,,,,1686489,Overview,Hazards Impacted By Climate Change,"LHMP_IA component ""Hazards Impacted By Climate Change"" (Overview / Table)",,Published,,,,,
T5-154,5,No requirement tag,Governance,Component setting,component,https://county_template.devmny.org/the_risk/climate_change,the_risk/climate_change,(untitled Card),2178597,Card on LHMP_IA,tags (absent),"Section Settings > Tags: assign the 44 CFR 201.6 element this section satisfies, using the vocabulary already in use on the other 903 sections (A1-a, B1-d, C4-a, E1-a, ...).",,Open,,,,,1686489,Overview,Hazards Impacted By Climate Change,"inherited from LHMP_IA component ""Hazards Impacted By Climate Change"" (Overview / Table)",,Published,,,,,
T5-155,5,No requirement tag,Governance,Component setting,component,https://county_template.devmny.org/the_risk/climate_change,the_risk/climate_change,(untitled Spreadsheet),2178599,Spreadsheet on src 1636,tags (absent),"Section Settings > Tags: assign the 44 CFR 201.6 element this section satisfies, using the vocabulary already in use on the other 903 sections (A1-a, B1-d, C4-a, E1-a, ...).",,Open,,,,Not Applicable,1468508,Climate Smart Communities,Climate Smart Communities,"inherited from LHMP_IA component ""Climate Smart Communities"" (Climate Smart Communities / Card)",Medium,Published,,,,,
T5-156,5,No requirement tag,Governance,Component setting,component,https://county_template.devmny.org/the_risk/climate_change,the_risk/climate_change,Regional Climate Assessment,2178600,Card on LHMP_IA,tags (absent),"Section Settings > Tags: assign the 44 CFR 201.6 element this section satisfies, using the vocabulary already in use on the other 903 sections (A1-a, B1-d, C4-a, E1-a, ...).",,Open,,,,Not Applicable,1468507,Regional Climate Assessment,Regional Climate Assessment,"LHMP_IA component ""Regional Climate Assessment"" (Regional Climate Assessment / Card)",High,Published,,,,,
T5-157,5,No requirement tag,Governance,Component setting,component,https://county_template.devmny.org/the_risk/disasters,the_risk/disasters,(untitled lexical),2178604,lexical,tags (absent),"Section Settings > Tags: assign the 44 CFR 201.6 element this section satisfies, using the vocabulary already in use on the other 903 sections (A1-a, B1-d, C4-a, E1-a, ...).",,Open,,,,B1-d,1468519,Presidential Declarations,Presidential Declarations,"LHMP_IA section ""Presidential Declarations"" (first section on the page)",Medium,Published (hidden from view),"on the page but flagged Hidden from View, so it paints nothing",,,,
T5-158,5,No requirement tag,Governance,Component setting,component,https://county_template.devmny.org/the_risk/disasters,the_risk/disasters,(untitled lexical),2178606,lexical,tags (absent),"Section Settings > Tags: assign the 44 CFR 201.6 element this section satisfies, using the vocabulary already in use on the other 903 sections (A1-a, B1-d, C4-a, E1-a, ...).",,Open,,,,B1-d,1468519,Presidential Declarations,Presidential Declarations,"inherited from LHMP_IA component ""Presidential Declarations"" (Presidential Declarations / Card)",Medium,Published (hidden from view),"on the page but flagged Hidden from View, so it paints nothing",,,,
T5-159,5,No requirement tag,Governance,Component setting,component,https://county_template.devmny.org/the_risk/disasters,the_risk/disasters,(untitled lexical),2178610,lexical,tags (absent),"Section Settings > Tags: assign the 44 CFR 201.6 element this section satisfies, using the vocabulary already in use on the other 903 sections (A1-a, B1-d, C4-a, E1-a, ...).",,Open,,,,B1-d,1468520,Presidential Declarations,Local Context,"inherited from LHMP_IA section ""Presidential Declarations"" (via ""Local Context"")",Medium,Published (hidden from view),"on the page but flagged Hidden from View, so it paints nothing",,,,
T5-160,5,No requirement tag,Governance,Component setting,component,https://county_template.devmny.org/the_risk/disasters,the_risk/disasters,(untitled lexical),2178613,lexical,tags (absent),"Section Settings > Tags: assign the 44 CFR 201.6 element this section satisfies, using the vocabulary already in use on the other 903 sections (A1-a, B1-d, C4-a, E1-a, ...).",,Open,,,,B1-d,1468520,Presidential Declarations,Local Context,"inherited from LHMP_IA section ""Presidential Declarations"" (via ""Local Context"")",Medium,Published (hidden from view),"on the page but flagged Hidden from View, so it paints nothing",,,,
T5-161,5,No requirement tag,Governance,Component setting,component,https://county_template.devmny.org/the_risk,the_risk,(untitled lexical),2178625,lexical,tags (absent),"Section Settings > Tags: assign the 44 CFR 201.6 element this section satisfies, using the vocabulary already in use on the other 903 sections (A1-a, B1-d, C4-a, E1-a, ...).",,Open,,,,A1-a,1468644,Executive Summary,Process Summary,"inherited from LHMP_IA component ""Process Summary"" (Executive Summary / Card)",Medium,Published,,,,,
T5-162,5,No requirement tag,Governance,Component setting,component,https://county_template.devmny.org/the_risk,the_risk,(untitled lexical),2178626,lexical,tags (absent),"Section Settings > Tags: assign the 44 CFR 201.6 element this section satisfies, using the vocabulary already in use on the other 903 sections (A1-a, B1-d, C4-a, E1-a, ...).",,Open,,,,A1-a,1468644,Executive Summary,Process Summary,"inherited from LHMP_IA component ""Process Summary"" (Executive Summary / Card)",Medium,Published,,,,,
T5-163,5,No requirement tag,Governance,Component setting,component,https://county_template.devmny.org/the_risk,the_risk,(untitled lexical),2178627,lexical,tags (absent),"Section Settings > Tags: assign the 44 CFR 201.6 element this section satisfies, using the vocabulary already in use on the other 903 sections (A1-a, B1-d, C4-a, E1-a, ...).",,Open,,,,A1-a,1468644,Executive Summary,Process Summary,"inherited from LHMP_IA component ""Process Summary"" (Executive Summary / Card)",Medium,Published,,,,,
T5-164,5,No requirement tag,Governance,Component setting,component,https://county_template.devmny.org/the_risk,the_risk,(untitled lexical),2178628,lexical,tags (absent),"Section Settings > Tags: assign the 44 CFR 201.6 element this section satisfies, using the vocabulary already in use on the other 903 sections (A1-a, B1-d, C4-a, E1-a, ...).",,Open,,,,A1-a,1468644,Executive Summary,Process Summary,"inherited from LHMP_IA component ""Process Summary"" (Executive Summary / Card)",Medium,Published,,,,,
T5-165,5,No requirement tag,Governance,Component setting,component,https://county_template.devmny.org/the_risk,the_risk,(untitled lexical),2178629,lexical,tags (absent),"Section Settings > Tags: assign the 44 CFR 201.6 element this section satisfies, using the vocabulary already in use on the other 903 sections (A1-a, B1-d, C4-a, E1-a, ...).",,Open,,,,A1-a,1468644,Executive Summary,Process Summary,"inherited from LHMP_IA component ""Process Summary"" (Executive Summary / Card)",Medium,Published,,,,,
T5-166,5,No requirement tag,Governance,Component setting,component,https://county_template.devmny.org/the_risk,the_risk,(untitled lexical),2178630,lexical,tags (absent),"Section Settings > Tags: assign the 44 CFR 201.6 element this section satisfies, using the vocabulary already in use on the other 903 sections (A1-a, B1-d, C4-a, E1-a, ...).",,Open,,,,A1-a,1468644,Executive Summary,Process Summary,"inherited from LHMP_IA component ""Process Summary"" (Executive Summary / Card)",Medium,Published,,,,,
T5-167,5,No requirement tag,Governance,Component setting,component,https://county_template.devmny.org/track_progress/actions_database/actions_index/action_edit,track_progress/actions_database/actions_index/action_edit,(untitled lexical),2248257,lexical,tags (absent),"Section Settings > Tags: assign the 44 CFR 201.6 element this section satisfies, using the vocabulary already in use on the other 903 sections (A1-a, B1-d, C4-a, E1-a, ...).",,Open,,,,"C4-a, C4-b, C5-b",1468606,Actions Listview,Local Actions by Progress Status - Card,"LHMP_IA page ""Actions Listview"" (page-level match) [component fetched directly (page not readable)]",Medium,Published,,,,,
T5-168,5,No requirement tag,Governance,Component setting,component,https://county_template.devmny.org/track_progress/actions_database/actions_index/action_edit,track_progress/actions_database/actions_index/action_edit,(untitled Card),2248258,Card,tags (absent),"Section Settings > Tags: assign the 44 CFR 201.6 element this section satisfies, using the vocabulary already in use on the other 903 sections (A1-a, B1-d, C4-a, E1-a, ...).",,Open,,,,"C4-a, C4-b, C5-b",1468606,Actions Listview,Local Actions by Progress Status - Card,"LHMP_IA page ""Actions Listview"" (page-level match) [component fetched directly (page not readable)]",Medium,Published,,,,,
T5-169,5,No requirement tag,Governance,Component setting,component,https://county_template.devmny.org/track_progress/actions_database/actions_index/action_edit,track_progress/actions_database/actions_index/action_edit,(untitled Card),2248259,Card,tags (absent),"Section Settings > Tags: assign the 44 CFR 201.6 element this section satisfies, using the vocabulary already in use on the other 903 sections (A1-a, B1-d, C4-a, E1-a, ...).",,Open,,,,"C4-a, C4-b, C5-b",1468606,Actions Listview,Local Actions by Progress Status - Card,"LHMP_IA page ""Actions Listview"" (page-level match) [component fetched directly (page not readable)]",Medium,Published,,,,,
T5-170,5,No requirement tag,Governance,Component setting,component,https://county_template.devmny.org/track_progress/actions_database/actions_index/action_edit,track_progress/actions_database/actions_index/action_edit,(untitled Card),2248260,Card,tags (absent),"Section Settings > Tags: assign the 44 CFR 201.6 element this section satisfies, using the vocabulary already in use on the other 903 sections (A1-a, B1-d, C4-a, E1-a, ...).",,Open,,,,"C4-a, C4-b, C5-b",1468606,Actions Listview,Local Actions by Progress Status - Card,"LHMP_IA page ""Actions Listview"" (page-level match) [component fetched directly (page not readable)]",Medium,Published,,,,,
T5-171,5,No requirement tag,Governance,Component setting,component,https://county_template.devmny.org/track_progress/actions_database/actions_index/action_edit,track_progress/actions_database/actions_index/action_edit,(untitled Card),2248261,Card,tags (absent),"Section Settings > Tags: assign the 44 CFR 201.6 element this section satisfies, using the vocabulary already in use on the other 903 sections (A1-a, B1-d, C4-a, E1-a, ...).",,Open,,,,"C4-a, C4-b, C5-b",1468606,Actions Listview,Local Actions by Progress Status - Card,"LHMP_IA page ""Actions Listview"" (page-level match) [component fetched directly (page not readable)]",Medium,Published,,,,,
T5-172,5,No requirement tag,Governance,Component setting,component,https://county_template.devmny.org/track_progress/actions_database/actions_index/action_edit,track_progress/actions_database/actions_index/action_edit,(untitled Card),2248262,Card,tags (absent),"Section Settings > Tags: assign the 44 CFR 201.6 element this section satisfies, using the vocabulary already in use on the other 903 sections (A1-a, B1-d, C4-a, E1-a, ...).",,Open,,,,"C4-a, C4-b, C5-b",1468606,Actions Listview,Local Actions by Progress Status - Card,"LHMP_IA page ""Actions Listview"" (page-level match) [component fetched directly (page not readable)]",Medium,Published,,,,,
T5-173,5,No requirement tag,Governance,Component setting,component,https://county_template.devmny.org/track_progress/actions_database/actions_index/action_edit,track_progress/actions_database/actions_index/action_edit,(untitled Card),2248263,Card,tags (absent),"Section Settings > Tags: assign the 44 CFR 201.6 element this section satisfies, using the vocabulary already in use on the other 903 sections (A1-a, B1-d, C4-a, E1-a, ...).",,Open,,,,"C4-a, C4-b, C5-b",1468606,Actions Listview,Local Actions by Progress Status - Card,"LHMP_IA page ""Actions Listview"" (page-level match) [component fetched directly (page not readable)]",Medium,Published,,,,,
T5-174,5,No requirement tag,Governance,Component setting,component,https://county_template.devmny.org/track_progress/actions_database/actions_index/action_edit,track_progress/actions_database/actions_index/action_edit,(untitled Card),2248264,Card,tags (absent),"Section Settings > Tags: assign the 44 CFR 201.6 element this section satisfies, using the vocabulary already in use on the other 903 sections (A1-a, B1-d, C4-a, E1-a, ...).",,Open,,,,"C4-a, C4-b, C5-b",1468606,Actions Listview,Local Actions by Progress Status - Card,"LHMP_IA page ""Actions Listview"" (page-level match) [component fetched directly (page not readable)]",Medium,Published,,,,,
T5-175,5,No requirement tag,Governance,Component setting,component,https://county_template.devmny.org/track_progress/actions_database/actions_index/action_view,track_progress/actions_database/actions_index/action_view,(untitled lexical),2248273,lexical,tags (absent),"Section Settings > Tags: assign the 44 CFR 201.6 element this section satisfies, using the vocabulary already in use on the other 903 sections (A1-a, B1-d, C4-a, E1-a, ...).",,Open,,,,"C4-a, C4-b, C5-b",1468606,Actions Listview,Local Actions by Progress Status - Card,"LHMP_IA page ""Actions Listview"" (page-level match) [component fetched directly (page not readable)]",Medium,Published,,,,,
T5-176,5,No requirement tag,Governance,Component setting,component,https://county_template.devmny.org/track_progress/actions_database/actions_index/action_view,track_progress/actions_database/actions_index/action_view,(untitled Card),2248274,Card,tags (absent),"Section Settings > Tags: assign the 44 CFR 201.6 element this section satisfies, using the vocabulary already in use on the other 903 sections (A1-a, B1-d, C4-a, E1-a, ...).",,Open,,,,"C4-a, C4-b, C5-b",1468606,Actions Listview,Local Actions by Progress Status - Card,"LHMP_IA page ""Actions Listview"" (page-level match) [component fetched directly (page not readable)]",Medium,Published,,,,,
T5-177,5,No requirement tag,Governance,Component setting,component,https://county_template.devmny.org/track_progress/actions_database/actions_index/action_view,track_progress/actions_database/actions_index/action_view,(untitled Card),2248275,Card,tags (absent),"Section Settings > Tags: assign the 44 CFR 201.6 element this section satisfies, using the vocabulary already in use on the other 903 sections (A1-a, B1-d, C4-a, E1-a, ...).",,Open,,,,"C4-a, C4-b, C5-b",1468606,Actions Listview,Local Actions by Progress Status - Card,"LHMP_IA page ""Actions Listview"" (page-level match) [component fetched directly (page not readable)]",Medium,Published,,,,,
T5-178,5,No requirement tag,Governance,Component setting,component,https://county_template.devmny.org/track_progress/actions_database/actions_index/action_view,track_progress/actions_database/actions_index/action_view,(untitled Card),2248276,Card,tags (absent),"Section Settings > Tags: assign the 44 CFR 201.6 element this section satisfies, using the vocabulary already in use on the other 903 sections (A1-a, B1-d, C4-a, E1-a, ...).",,Open,,,,"C4-a, C4-b, C5-b",1468606,Actions Listview,Local Actions by Progress Status - Card,"LHMP_IA page ""Actions Listview"" (page-level match) [component fetched directly (page not readable)]",Medium,Published,,,,,
T5-179,5,No requirement tag,Governance,Component setting,component,https://county_template.devmny.org/track_progress/actions_database/actions_index/action_view,track_progress/actions_database/actions_index/action_view,(untitled Card),2248277,Card,tags (absent),"Section Settings > Tags: assign the 44 CFR 201.6 element this section satisfies, using the vocabulary already in use on the other 903 sections (A1-a, B1-d, C4-a, E1-a, ...).",,Open,,,,"C4-a, C4-b, C5-b",1468606,Actions Listview,Local Actions by Progress Status - Card,"LHMP_IA page ""Actions Listview"" (page-level match) [component fetched directly (page not readable)]",Medium,Published,,,,,
T5-180,5,No requirement tag,Governance,Component setting,component,https://county_template.devmny.org/track_progress/actions_database/actions_index/action_view,track_progress/actions_database/actions_index/action_view,(untitled Card),2248278,Card,tags (absent),"Section Settings > Tags: assign the 44 CFR 201.6 element this section satisfies, using the vocabulary already in use on the other 903 sections (A1-a, B1-d, C4-a, E1-a, ...).",,Open,,,,"C4-a, C4-b, C5-b",1468606,Actions Listview,Local Actions by Progress Status - Card,"LHMP_IA page ""Actions Listview"" (page-level match) [component fetched directly (page not readable)]",Medium,Published,,,,,
T5-181,5,No requirement tag,Governance,Component setting,component,https://county_template.devmny.org/track_progress/actions_database/actions_index/action_view,track_progress/actions_database/actions_index/action_view,(untitled Card),2248279,Card,tags (absent),"Section Settings > Tags: assign the 44 CFR 201.6 element this section satisfies, using the vocabulary already in use on the other 903 sections (A1-a, B1-d, C4-a, E1-a, ...).",,Open,,,,"C4-a, C4-b, C5-b",1468606,Actions Listview,Local Actions by Progress Status - Card,"LHMP_IA page ""Actions Listview"" (page-level match) [component fetched directly (page not readable)]",Medium,Published,,,,,
T5-182,5,No requirement tag,Governance,Component setting,component,https://county_template.devmny.org/track_progress/actions_database/actions_index/action_view,track_progress/actions_database/actions_index/action_view,(untitled Card),2248280,Card,tags (absent),"Section Settings > Tags: assign the 44 CFR 201.6 element this section satisfies, using the vocabulary already in use on the other 903 sections (A1-a, B1-d, C4-a, E1-a, ...).",,Open,,,,"C4-a, C4-b, C5-b",1468606,Actions Listview,Local Actions by Progress Status - Card,"LHMP_IA page ""Actions Listview"" (page-level match) [component fetched directly (page not readable)]",Medium,Published,,,,,
T5-183,5,No requirement tag,Governance,Component setting,component,https://county_template.devmny.org/track_progress/actions_database/actions_index/actions_edit_list,track_progress/actions_database/actions_index/actions_edit_list,(untitled lexical),2249033,lexical,tags (absent),"Section Settings > Tags: assign the 44 CFR 201.6 element this section satisfies, using the vocabulary already in use on the other 903 sections (A1-a, B1-d, C4-a, E1-a, ...).",,Open,,,,"C4-a, C4-b, C5-b",1468606,Actions Listview,Local Actions by Progress Status - Card,"LHMP_IA page ""Actions Listview"" (page-level match) [component fetched directly (page not readable)]",Medium,Published,,,,,
T5-184,5,No requirement tag,Governance,Component setting,component,https://county_template.devmny.org/track_progress/actions_database/actions_index/actions_edit_list,track_progress/actions_database/actions_index/actions_edit_list,(untitled Spreadsheet),2249034,Spreadsheet,tags (absent),"Section Settings > Tags: assign the 44 CFR 201.6 element this section satisfies, using the vocabulary already in use on the other 903 sections (A1-a, B1-d, C4-a, E1-a, ...).",,Open,,,,"C4-a, C4-b, C5-b",1468607,Actions Listview,Local Actions by Progress Status - Table,"LHMP_IA page ""Actions Listview"" (page-level match) [component fetched directly (page not readable)]",Medium,Published,,,,,
T5-185,5,No requirement tag,Governance,Component setting,component,https://county_template.devmny.org/the_risk/disasters/disaster_template,the_risk/disasters/disaster_template,(untitled Card),2249220,Card,tags (absent),"Section Settings > Tags: assign the 44 CFR 201.6 element this section satisfies, using the vocabulary already in use on the other 903 sections (A1-a, B1-d, C4-a, E1-a, ...).",,Open,,,,B1-d,1468530,Total Loss by Program for the County,Total Loss by Program for the County,"LHMP_IA section ""Total Loss by Program for the County"" (first section on the page)",Medium,Published,,,,,
T5-186,5,No requirement tag,Governance,Component setting,component,https://county_template.devmny.org/the_risk/disasters/disaster_template,the_risk/disasters/disaster_template,Total Loss by Program,2249221,Card,tags (absent),"Section Settings > Tags: assign the 44 CFR 201.6 element this section satisfies, using the vocabulary already in use on the other 903 sections (A1-a, B1-d, C4-a, E1-a, ...).",,Open,,,,B1-d,1468530,Total Loss by Program for the County,Total Loss by Program for the County,"LHMP_IA component ""Total Loss by Program for the County"" (Total Loss by Program for the County / Card)",High,Published,,,,,
T5-187,5,No requirement tag,Governance,Component setting,component,https://county_template.devmny.org/home,home,(untitled lexical),2275241,lexical,tags (absent),"Section Settings > Tags: assign the 44 CFR 201.6 element this section satisfies, using the vocabulary already in use on the other 903 sections (A1-a, B1-d, C4-a, E1-a, ...).",,Open,,,,,,,,page has no counterpart in LHMP_IA,,Published,,,,,
T5-188,5,No requirement tag,Governance,Component setting,component,https://county_template.devmny.org/home,home,(untitled lexical),2275242,lexical,tags (absent),"Section Settings > Tags: assign the 44 CFR 201.6 element this section satisfies, using the vocabulary already in use on the other 903 sections (A1-a, B1-d, C4-a, E1-a, ...).",,Open,,,,,,,,page has no counterpart in LHMP_IA,,Published,,,,,
T5-189,5,No requirement tag,Governance,Component setting,component,https://county_template.devmny.org/home,home,(untitled lexical),2275243,lexical,tags (absent),"Section Settings > Tags: assign the 44 CFR 201.6 element this section satisfies, using the vocabulary already in use on the other 903 sections (A1-a, B1-d, C4-a, E1-a, ...).",,Open,,,,,,,,page has no counterpart in LHMP_IA,,Published,,,,,
T5-190,5,No requirement tag,Governance,Component setting,component,https://county_template.devmny.org/home,home,(untitled lexical),2275244,lexical,tags (absent),"Section Settings > Tags: assign the 44 CFR 201.6 element this section satisfies, using the vocabulary already in use on the other 903 sections (A1-a, B1-d, C4-a, E1-a, ...).",,Open,,,,,,,,page has no counterpart in LHMP_IA,,Published,,,,,
T5-191,5,No requirement tag,Governance,Component setting,component,https://county_template.devmny.org/home,home,(untitled lexical),2275245,lexical,tags (absent),"Section Settings > Tags: assign the 44 CFR 201.6 element this section satisfies, using the vocabulary already in use on the other 903 sections (A1-a, B1-d, C4-a, E1-a, ...).",,Open,,,,,,,,page has no counterpart in LHMP_IA,,Published,,,,,
T5-192,5,No requirement tag,Governance,Component setting,component,https://county_template.devmny.org/home,home,(untitled lexical),2275246,lexical,tags (absent),"Section Settings > Tags: assign the 44 CFR 201.6 element this section satisfies, using the vocabulary already in use on the other 903 sections (A1-a, B1-d, C4-a, E1-a, ...).",,Open,,,,,,,,page has no counterpart in LHMP_IA,,Published,,,,,
T5-193,5,No requirement tag,Governance,Component setting,component,https://county_template.devmny.org/home,home,(untitled lexical),2275247,lexical,tags (absent),"Section Settings > Tags: assign the 44 CFR 201.6 element this section satisfies, using the vocabulary already in use on the other 903 sections (A1-a, B1-d, C4-a, E1-a, ...).",,Open,,,,,,,,page has no counterpart in LHMP_IA,,Published,,,,,
T5-194,5,No requirement tag,Governance,Component setting,component,https://county_template.devmny.org/home,home,(untitled lexical),2275248,lexical,tags (absent),"Section Settings > Tags: assign the 44 CFR 201.6 element this section satisfies, using the vocabulary already in use on the other 903 sections (A1-a, B1-d, C4-a, E1-a, ...).",,Open,,,,,,,,page has no counterpart in LHMP_IA,,Published,,,,,
T5-195,5,No requirement tag,Governance,Component setting,component,https://county_template.devmny.org/home,home,County Hazard Profiles,2275250,Card,tags (absent),"Section Settings > Tags: assign the 44 CFR 201.6 element this section satisfies, using the vocabulary already in use on the other 903 sections (A1-a, B1-d, C4-a, E1-a, ...).",,Open,,,,,,,,page has no counterpart in LHMP_IA,,Published,,,,,
T5-196,5,No requirement tag,Governance,Component setting,component,https://county_template.devmny.org/the_plan/strategies,the_plan/strategies,(untitled lexical),2374656,lexical,tags (absent),"Section Settings > Tags: assign the 44 CFR 201.6 element this section satisfies, using the vocabulary already in use on the other 903 sections (A1-a, B1-d, C4-a, E1-a, ...).",,Open,,,,Not Applicable,1468537,Overview,Overview,"LHMP_IA section ""Overview"" (first section on the page)",Medium,Published (hidden from view),"on the page but flagged Hidden from View, so it paints nothing",,,,
T5-197,5,No requirement tag,Governance,Component setting,component,https://county_template.devmny.org/the_plan/strategies,the_plan/strategies,Overview,2374657,Card on LHMP_IA,tags (absent),"Section Settings > Tags: assign the 44 CFR 201.6 element this section satisfies, using the vocabulary already in use on the other 903 sections (A1-a, B1-d, C4-a, E1-a, ...).",,Open,,,,Not Applicable,1468537,Overview,Overview,"LHMP_IA component ""Overview"" (Overview / Card)",High,Published,,,,,
T5-198,5,No requirement tag,Governance,Component setting,component,https://county_template.devmny.org/the_plan/strategies,the_plan/strategies,(untitled lexical),2374658,lexical,tags (absent),"Section Settings > Tags: assign the 44 CFR 201.6 element this section satisfies, using the vocabulary already in use on the other 903 sections (A1-a, B1-d, C4-a, E1-a, ...).",,Open,,,,Not Applicable,1468537,Overview,Overview,"inherited from LHMP_IA component ""Overview"" (Overview / Card)",Medium,Published (hidden from view),"on the page but flagged Hidden from View, so it paints nothing",,,,
T5-199,5,No requirement tag,Governance,Component setting,component,https://county_template.devmny.org/the_plan/strategies,the_plan/strategies,Local Context,2374659,lexical,tags (absent),"Section Settings > Tags: assign the 44 CFR 201.6 element this section satisfies, using the vocabulary already in use on the other 903 sections (A1-a, B1-d, C4-a, E1-a, ...).",,Open,,,,Not Applicable,1468538,Overview,Local Context,"LHMP_IA component ""Local Context"" (Overview / Rich Text)",High,Published,,,,,
T5-200,5,No requirement tag,Governance,Component setting,component,https://county_template.devmny.org/the_plan/strategies,the_plan/strategies,(untitled lexical),2374662,lexical,tags (absent),"Section Settings > Tags: assign the 44 CFR 201.6 element this section satisfies, using the vocabulary already in use on the other 903 sections (A1-a, B1-d, C4-a, E1-a, ...).",,Open,,,,C3-a,1468539,Goals and Objectives,Goals and Objectives,"inherited from LHMP_IA component ""Goals and Objectives"" (Goals and Objectives / Card)",Medium,Published (hidden from view),"on the page but flagged Hidden from View, so it paints nothing",,,,
T5-201,5,No requirement tag,Governance,Component setting,component,https://county_template.devmny.org/the_plan/strategies,the_plan/strategies,(untitled lexical),2374665,lexical,tags (absent),"Section Settings > Tags: assign the 44 CFR 201.6 element this section satisfies, using the vocabulary already in use on the other 903 sections (A1-a, B1-d, C4-a, E1-a, ...).",,Open,,,,"C4-a, C5-a",1468541,Action Development,Action Development,"inherited from LHMP_IA component ""Action Development"" (Action Development / Card)",Medium,Published (hidden from view),"on the page but flagged Hidden from View, so it paints nothing",,,,
T5-202,5,No requirement tag,Governance,Component setting,component,https://county_template.devmny.org/the_plan/strategies,the_plan/strategies,(untitled Card),2374668,Card,tags (absent),"Section Settings > Tags: assign the 44 CFR 201.6 element this section satisfies, using the vocabulary already in use on the other 903 sections (A1-a, B1-d, C4-a, E1-a, ...).",,Open,,,,C4-a,1468543,Action Development,Local Context,"inherited from LHMP_IA component ""Local Context"" (Action Development / Rich Text)",Medium,Published (hidden from view),"on the page but flagged Hidden from View, so it paints nothing",,,,
T5-203,5,No requirement tag,Governance,Component setting,component,https://county_template.devmny.org/the_plan/strategies,the_plan/strategies,(untitled lexical),2374669,lexical,tags (absent),"Section Settings > Tags: assign the 44 CFR 201.6 element this section satisfies, using the vocabulary already in use on the other 903 sections (A1-a, B1-d, C4-a, E1-a, ...).",,Open,,,,C4-a,1468543,Action Development,Local Context,"inherited from LHMP_IA component ""Local Context"" (Action Development / Rich Text)",Medium,Published (hidden from view),"on the page but flagged Hidden from View, so it paints nothing",,,,
T5-204,5,No requirement tag,Governance,Component setting,component,https://county_template.devmny.org/the_local_environment/built_environment,the_local_environment/built_environment,(untitled lexical),2341171,lexical,tags (absent),"Section Settings > Tags: assign the 44 CFR 201.6 element this section satisfies, using the vocabulary already in use on the other 903 sections (A1-a, B1-d, C4-a, E1-a, ...).",,Open,,,,Not Applicable,1468262,Overview,Overview-1,"LHMP_IA section ""Overview"" (first section on the page)",Medium,Published (hidden from view),"on the page but flagged Hidden from View, so it paints nothing",,,,
T5-205,5,No requirement tag,Governance,Component setting,component,https://county_template.devmny.org/the_local_environment/built_environment,the_local_environment/built_environment,Overview,2341172,Card on LHMP_IA,tags (absent),"Section Settings > Tags: assign the 44 CFR 201.6 element this section satisfies, using the vocabulary already in use on the other 903 sections (A1-a, B1-d, C4-a, E1-a, ...).",,Open,,,,Not Applicable,1468262,Overview,Overview-1,"LHMP_IA component ""Overview-1"" (Overview / Card)",High,Published,,,,,
T5-206,5,No requirement tag,Governance,Component setting,component,https://county_template.devmny.org/the_local_environment/built_environment,the_local_environment/built_environment,(untitled Card),2341173,Card,tags (absent),"Section Settings > Tags: assign the 44 CFR 201.6 element this section satisfies, using the vocabulary already in use on the other 903 sections (A1-a, B1-d, C4-a, E1-a, ...).",,Open,,,,Not Applicable,1468262,Overview,Overview-1,"inherited from LHMP_IA component ""Overview-1"" (Overview / Card)",Medium,Published,,,,,
T5-207,5,No requirement tag,Governance,Component setting,component,https://county_template.devmny.org/the_local_environment/built_environment,the_local_environment/built_environment,Critical Buildings and Infrastructure,2341177,Card on LHMP_IA,tags (absent),"Section Settings > Tags: assign the 44 CFR 201.6 element this section satisfies, using the vocabulary already in use on the other 903 sections (A1-a, B1-d, C4-a, E1-a, ...).",,Open,,,,B2-a,1468282,Critical Buildings and Infrastructure,Critical Buildings and Infrastructure,"LHMP_IA component ""Critical Buildings and Infrastructure"" (Critical Buildings and Infrastructure / Card)",High,Published,,,,,
T5-208,5,No requirement tag,Governance,Component setting,component,https://county_template.devmny.org/the_local_environment/built_environment,the_local_environment/built_environment,(untitled lexical),2341174,lexical,tags (absent),"Section Settings > Tags: assign the 44 CFR 201.6 element this section satisfies, using the vocabulary already in use on the other 903 sections (A1-a, B1-d, C4-a, E1-a, ...).",,Open,,,,Not Applicable,1468262,Overview,Overview-1,"inherited from LHMP_IA component ""Overview-1"" (Overview / Card)",Medium,Published (hidden from view),"on the page but flagged Hidden from View, so it paints nothing",,,,
T5-209,5,No requirement tag,Governance,Component setting,component,https://county_template.devmny.org/the_local_environment/built_environment,the_local_environment/built_environment,(untitled lexical),2341178,lexical,tags (absent),"Section Settings > Tags: assign the 44 CFR 201.6 element this section satisfies, using the vocabulary already in use on the other 903 sections (A1-a, B1-d, C4-a, E1-a, ...).",,Open,,,,B2-a,1468282,Critical Buildings and Infrastructure,Critical Buildings and Infrastructure,"inherited from LHMP_IA component ""Critical Buildings and Infrastructure"" (Critical Buildings and Infrastructure / Card)",Medium,Published (hidden from view),"on the page but flagged Hidden from View, so it paints nothing",,,,
T5-210,5,No requirement tag,Governance,Component setting,component,https://county_template.devmny.org/the_local_environment/built_environment,the_local_environment/built_environment,(untitled lexical),2341182,lexical,tags (absent),"Section Settings > Tags: assign the 44 CFR 201.6 element this section satisfies, using the vocabulary already in use on the other 903 sections (A1-a, B1-d, C4-a, E1-a, ...).",,Open,,,,B2-a,1468283,Critical Buildings and Infrastructure,Infrastructure,"inherited from LHMP_IA component ""Infrastructure"" (Critical Buildings and Infrastructure / Card)",Medium,Published (hidden from view),"on the page but flagged Hidden from View, so it paints nothing",,,,
T5-211,5,No requirement tag,Governance,Component setting,component,https://county_template.devmny.org/the_local_environment/built_environment,the_local_environment/built_environment,Local Context,2341183,lexical,tags (absent),"Section Settings > Tags: assign the 44 CFR 201.6 element this section satisfies, using the vocabulary already in use on the other 903 sections (A1-a, B1-d, C4-a, E1-a, ...).",,Open,,,,B2-a,1468288,Critical Buildings and Infrastructure,Local Context,"LHMP_IA component ""Local Context"" (Critical Buildings and Infrastructure / Rich Text)",High,Published,,,,,
T5-212,5,No requirement tag,Governance,Component setting,component,https://county_template.devmny.org/the_local_environment/built_environment,the_local_environment/built_environment,Water Infrastructure,2341184,Card on LHMP_IA,tags (absent),"Section Settings > Tags: assign the 44 CFR 201.6 element this section satisfies, using the vocabulary already in use on the other 903 sections (A1-a, B1-d, C4-a, E1-a, ...).",,Open,,,,,1957817,Critical Buildings and Infrastructure,Water Infrastructure,"LHMP_IA component ""Water Infrastructure"" (Critical Buildings and Infrastructure / Card)",,Published,,,,,
T5-213,5,No requirement tag,Governance,Component setting,component,https://county_template.devmny.org/the_local_environment/built_environment,the_local_environment/built_environment,(untitled lexical),2341185,lexical,tags (absent),"Section Settings > Tags: assign the 44 CFR 201.6 element this section satisfies, using the vocabulary already in use on the other 903 sections (A1-a, B1-d, C4-a, E1-a, ...).",,Open,,,,,1957817,Critical Buildings and Infrastructure,Water Infrastructure,"inherited from LHMP_IA component ""Water Infrastructure"" (Critical Buildings and Infrastructure / Card)",,Published (hidden from view),"on the page but flagged Hidden from View, so it paints nothing",,,,
T5-214,5,No requirement tag,Governance,Component setting,component,https://county_template.devmny.org/the_local_environment/built_environment,the_local_environment/built_environment,(untitled Card),2341187,Card on LHMP_IA,tags (absent),"Section Settings > Tags: assign the 44 CFR 201.6 element this section satisfies, using the vocabulary already in use on the other 903 sections (A1-a, B1-d, C4-a, E1-a, ...).",,Open,,,,B2-a,1468288,Critical Buildings and Infrastructure,Local Context,"inherited from LHMP_IA component ""Local Context"" (Critical Buildings and Infrastructure / Rich Text)",Medium,Published,,,,,
T5-215,5,No requirement tag,Governance,Component setting,component,https://county_template.devmny.org/the_local_environment/built_environment,the_local_environment/built_environment,Transportation,2341188,Card on LHMP_IA,tags (absent),"Section Settings > Tags: assign the 44 CFR 201.6 element this section satisfies, using the vocabulary already in use on the other 903 sections (A1-a, B1-d, C4-a, E1-a, ...).",,Open,,,,,1957818,Critical Buildings and Infrastructure,Transportation,"LHMP_IA component ""Transportation"" (Critical Buildings and Infrastructure / Card)",,Published,,,,,
T5-216,5,No requirement tag,Governance,Component setting,component,https://county_template.devmny.org/the_local_environment/built_environment,the_local_environment/built_environment,(untitled lexical),2341189,lexical,tags (absent),"Section Settings > Tags: assign the 44 CFR 201.6 element this section satisfies, using the vocabulary already in use on the other 903 sections (A1-a, B1-d, C4-a, E1-a, ...).",,Open,,,,,1957818,Critical Buildings and Infrastructure,Transportation,"inherited from LHMP_IA component ""Transportation"" (Critical Buildings and Infrastructure / Card)",,Published (hidden from view),"on the page but flagged Hidden from View, so it paints nothing",,,,
T5-217,5,No requirement tag,Governance,Component setting,component,https://county_template.devmny.org/the_local_environment/built_environment,the_local_environment/built_environment,(untitled lexical),2341192,lexical,tags (absent),"Section Settings > Tags: assign the 44 CFR 201.6 element this section satisfies, using the vocabulary already in use on the other 903 sections (A1-a, B1-d, C4-a, E1-a, ...).",,Open,,,,B2-a,1468289,Critical Buildings and Infrastructure,Energy,"inherited from LHMP_IA component ""Energy"" (Critical Buildings and Infrastructure / Card)",Medium,Published (hidden from view),"on the page but flagged Hidden from View, so it paints nothing",,,,
T5-218,5,No requirement tag,Governance,Component setting,component,https://county_template.devmny.org/the_local_environment/built_environment,the_local_environment/built_environment,(untitled lexical),2341195,lexical,tags (absent),"Section Settings > Tags: assign the 44 CFR 201.6 element this section satisfies, using the vocabulary already in use on the other 903 sections (A1-a, B1-d, C4-a, E1-a, ...).",,Open,,,,B2-a,1468290,Critical Buildings and Infrastructure,Communications,"inherited from LHMP_IA component ""Communications"" (Critical Buildings and Infrastructure / Card)",Medium,Published (hidden from view),"on the page but flagged Hidden from View, so it paints nothing",,,,
T5-219,5,No requirement tag,Governance,Component setting,component,https://county_template.devmny.org/the_local_environment/built_environment,the_local_environment/built_environment,(untitled lexical),2341198,lexical,tags (absent),"Section Settings > Tags: assign the 44 CFR 201.6 element this section satisfies, using the vocabulary already in use on the other 903 sections (A1-a, B1-d, C4-a, E1-a, ...).",,Open,,,,B2-a,1468266,Buildings,Buildings,"inherited from LHMP_IA component ""Buildings"" (Buildings / Card)",Medium,Published (hidden from view),"on the page but flagged Hidden from View, so it paints nothing",,,,
T5-220,5,No requirement tag,Governance,Component setting,component,https://county_template.devmny.org/the_local_environment/built_environment,the_local_environment/built_environment,(untitled lexical),2341202,lexical,tags (absent),"Section Settings > Tags: assign the 44 CFR 201.6 element this section satisfies, using the vocabulary already in use on the other 903 sections (A1-a, B1-d, C4-a, E1-a, ...).",,Open,,,,,1543648,Buildings,Buildings in the Floodplain by Jurisdiction,"inherited from LHMP_IA component ""Buildings in the Floodplain by Jurisdiction"" (Buildings / Table)",,Published (hidden from view),"on the page but flagged Hidden from View, so it paints nothing",,,,
T5-221,5,No requirement tag,Governance,Component setting,component,https://county_template.devmny.org/the_local_environment/built_environment,the_local_environment/built_environment,(untitled Card),2341204,Card on LHMP_IA,tags (absent),"Section Settings > Tags: assign the 44 CFR 201.6 element this section satisfies, using the vocabulary already in use on the other 903 sections (A1-a, B1-d, C4-a, E1-a, ...).",,Open,,,,B2-a,1468268,Buildings,Historic Properties,"inherited from LHMP_IA component ""Historic Properties"" (Buildings / Rich Text)",Medium,Published,,,,,
T5-222,5,No requirement tag,Governance,Component setting,component,https://county_template.devmny.org/the_local_environment/built_environment,the_local_environment/built_environment,Historic Buildings,2341205,Spreadsheet on src 1651,tags (absent),"Section Settings > Tags: assign the 44 CFR 201.6 element this section satisfies, using the vocabulary already in use on the other 903 sections (A1-a, B1-d, C4-a, E1-a, ...).",,Open,,,,B2-a,1468268,Buildings,Historic Properties,"inherited from LHMP_IA component ""Historic Properties"" (Buildings / Rich Text)",Medium,Published,,,,,
T5-223,5,No requirement tag,Governance,Component setting,component,https://county_template.devmny.org/the_local_environment/built_environment,the_local_environment/built_environment,(untitled lexical),2341206,lexical,tags (absent),"Section Settings > Tags: assign the 44 CFR 201.6 element this section satisfies, using the vocabulary already in use on the other 903 sections (A1-a, B1-d, C4-a, E1-a, ...).",,Open,,,,B2-a,1468268,Buildings,Historic Properties,"inherited from LHMP_IA component ""Historic Properties"" (Buildings / Rich Text)",Medium,Published (hidden from view),"on the page but flagged Hidden from View, so it paints nothing",,,,
T5-224,5,No requirement tag,Governance,Component setting,component,https://county_template.devmny.org/the_local_environment/built_environment,the_local_environment/built_environment,(untitled lexical),2341213,lexical,tags (absent),"Section Settings > Tags: assign the 44 CFR 201.6 element this section satisfies, using the vocabulary already in use on the other 903 sections (A1-a, B1-d, C4-a, E1-a, ...).",,Open,,,,C1-a,1468278,Buildings,County and Local Buildings Codes,"inherited from LHMP_IA component ""County and Local Buildings Codes"" (Buildings / Card)",Medium,Published (hidden from view),"on the page but flagged Hidden from View, so it paints nothing",,,,
T5-225,5,No requirement tag,Governance,Component setting,component,https://county_template.devmny.org/the_local_environment/built_environment,the_local_environment/built_environment,(untitled lexical),2341215,lexical,tags (absent),"Section Settings > Tags: assign the 44 CFR 201.6 element this section satisfies, using the vocabulary already in use on the other 903 sections (A1-a, B1-d, C4-a, E1-a, ...).",,Open,,,,C1-a,1468279,Buildings,Codes Enforcement,"inherited from LHMP_IA component ""Codes Enforcement"" (Buildings / Rich Text)",Medium,Published (hidden from view),"on the page but flagged Hidden from View, so it paints nothing",,,,
T5-226,5,No requirement tag,Governance,Component setting,component,https://county_template.devmny.org/the_local_environment/built_environment,the_local_environment/built_environment,Potential Hazard Impacts to the Built Environment,2341220,lexical,tags (empty string),"Section Settings > Tags: assign the 44 CFR 201.6 element this section satisfies, using the vocabulary already in use on the other 903 sections (A1-a, B1-d, C4-a, E1-a, ...).",,Open,,,,B2-b,1468299,Vulnerability,Potential Hazard Impacts to the Built Environment,"LHMP_IA component ""Potential Hazard Impacts to the Built Environment"" (Vulnerability / Table)",High,Published,,,,,
T5-227,5,No requirement tag,Governance,Component setting,component,https://county_template.devmny.org/the_local_environment/built_environment,the_local_environment/built_environment,(untitled Spreadsheet),2341221,Spreadsheet on R_and_V_Matrix,tags (empty string),"Section Settings > Tags: assign the 44 CFR 201.6 element this section satisfies, using the vocabulary already in use on the other 903 sections (A1-a, B1-d, C4-a, E1-a, ...).",,Open,,,,B2-b,1468299,Vulnerability,Potential Hazard Impacts to the Built Environment,"inherited from LHMP_IA component ""Potential Hazard Impacts to the Built Environment"" (Vulnerability / Table)",Medium,Published,,,,,
T5-228,5,No requirement tag,Governance,Component setting,component,https://county_template.devmny.org/the_plan/strategies,the_plan/strategies,(untitled lexical),2374672,lexical,tags (absent),"Section Settings > Tags: assign the 44 CFR 201.6 element this section satisfies, using the vocabulary already in use on the other 903 sections (A1-a, B1-d, C4-a, E1-a, ...).",,Open,,,,,1688827,Action Development,Problem Area Identification,"inherited from LHMP_IA component ""Problem Area Identification"" (Action Development / Rich Text)",,Published (hidden from view),"on the page but flagged Hidden from View, so it paints nothing",,,,
T5-229,5,No requirement tag,Governance,Component setting,component,https://county_template.devmny.org/the_plan/strategies,the_plan/strategies,(untitled lexical),2374677,lexical,tags (absent),"Section Settings > Tags: assign the 44 CFR 201.6 element this section satisfies, using the vocabulary already in use on the other 903 sections (A1-a, B1-d, C4-a, E1-a, ...).",,Open,,,,"C1-a, C1-b",1468552,Capacity to Implement,Capacity to Implement,"inherited from LHMP_IA component ""Capacity to Implement"" (Capacity to Implement / Card)",Medium,Published (hidden from view),"on the page but flagged Hidden from View, so it paints nothing",,,,
T5-230,5,No requirement tag,Governance,Component setting,component,https://county_template.devmny.org/the_plan/strategies,the_plan/strategies,(untitled lexical),2374681,lexical,tags (absent),"Section Settings > Tags: assign the 44 CFR 201.6 element this section satisfies, using the vocabulary already in use on the other 903 sections (A1-a, B1-d, C4-a, E1-a, ...).",,Open,,,,C1-a,1468554,Capacity to Implement,Local Funding Capabilities,"inherited from LHMP_IA component ""Local Funding Capabilities"" (Capacity to Implement / Table)",Medium,Published (hidden from view),"on the page but flagged Hidden from View, so it paints nothing",,,,
T5-231,5,No requirement tag,Governance,Component setting,component,https://county_template.devmny.org/the_plan/strategies,the_plan/strategies,(untitled lexical),2374684,lexical,tags (absent),"Section Settings > Tags: assign the 44 CFR 201.6 element this section satisfies, using the vocabulary already in use on the other 903 sections (A1-a, B1-d, C4-a, E1-a, ...).",,Open,,,,"D3-a, E2-c",1468556,Implementation and Integration,Implementation and Integration,"inherited from LHMP_IA component ""Implementation and Integration"" (Implementation and Integration / Card)",Medium,Published (hidden from view),"on the page but flagged Hidden from View, so it paints nothing",,,,
T5-232,5,No requirement tag,Governance,Component setting,component,https://county_template.devmny.org/the_plan/strategies,the_plan/strategies,(untitled lexical),2374687,lexical,tags (absent),"Section Settings > Tags: assign the 44 CFR 201.6 element this section satisfies, using the vocabulary already in use on the other 903 sections (A1-a, B1-d, C4-a, E1-a, ...).",,Open,,,,"D3-a, D3-b, E2-a, E2-c",1468557,Implementation and Integration,Local Context,"inherited from LHMP_IA component ""Local Context"" (Implementation and Integration / Rich Text)",Medium,Published (hidden from view),"on the page but flagged Hidden from View, so it paints nothing",,,,
T5-233,5,No requirement tag,Governance,Component setting,component,https://county_template.devmny.org/the_plan/strategies,the_plan/strategies,(untitled lexical),2374689,lexical,tags (absent),"Section Settings > Tags: assign the 44 CFR 201.6 element this section satisfies, using the vocabulary already in use on the other 903 sections (A1-a, B1-d, C4-a, E1-a, ...).",,Open,,,,,1686491,Implementation and Integration,Plan for Displaced Residents,"inherited from LHMP_IA component ""Plan for Displaced Residents"" (Implementation and Integration / Rich Text)",,Published (hidden from view),"on the page but flagged Hidden from View, so it paints nothing",,,,
T5-234,5,No requirement tag,Governance,Component setting,component,https://county_template.devmny.org/the_plan/strategies,the_plan/strategies,(untitled lexical),2374691,lexical,tags (absent),"Section Settings > Tags: assign the 44 CFR 201.6 element this section satisfies, using the vocabulary already in use on the other 903 sections (A1-a, B1-d, C4-a, E1-a, ...).",,Open,,,,,1686492,Implementation and Integration,Temporary Housing and Relocation,"inherited from LHMP_IA component ""Temporary Housing and Relocation"" (Implementation and Integration / Rich Text)",,Published (hidden from view),"on the page but flagged Hidden from View, so it paints nothing",,,,
T5-235,5,No requirement tag,Governance,Component setting,component,https://county_template.devmny.org/the_plan/strategies,the_plan/strategies,(untitled lexical),2374693,lexical,tags (absent),"Section Settings > Tags: assign the 44 CFR 201.6 element this section satisfies, using the vocabulary already in use on the other 903 sections (A1-a, B1-d, C4-a, E1-a, ...).",,Open,,,,,1686494,Implementation and Integration,Evacuation Procedures,"inherited from LHMP_IA component ""Evacuation Procedures"" (Implementation and Integration / Rich Text)",,Published (hidden from view),"on the page but flagged Hidden from View, so it paints nothing",,,,
T5-236,5,No requirement tag,Governance,Component setting,component,https://county_template.devmny.org/the_plan/capabilities_assessment,the_plan/capabilities_assessment,(untitled lexical),2374585,lexical,tags (absent),"Section Settings > Tags: assign the 44 CFR 201.6 element this section satisfies, using the vocabulary already in use on the other 903 sections (A1-a, B1-d, C4-a, E1-a, ...).",,Open,,,,Not Applicable,1468584,Overview,Overview,"LHMP_IA section ""Overview"" (first section on the page)",Medium,Published (hidden from view),"on the page but flagged Hidden from View, so it paints nothing",,,,
T5-237,5,No requirement tag,Governance,Component setting,component,https://county_template.devmny.org/the_plan/capabilities_assessment,the_plan/capabilities_assessment,Overview,2374586,Card,tags (absent),"Section Settings > Tags: assign the 44 CFR 201.6 element this section satisfies, using the vocabulary already in use on the other 903 sections (A1-a, B1-d, C4-a, E1-a, ...).",,Open,,,,Not Applicable,1468584,Overview,Overview,"LHMP_IA component ""Overview"" (Overview / Card)",High,Published,,,,,
T5-238,5,No requirement tag,Governance,Component setting,component,https://county_template.devmny.org/the_plan/capabilities_assessment,the_plan/capabilities_assessment,(untitled lexical),2374589,lexical,tags (absent),"Section Settings > Tags: assign the 44 CFR 201.6 element this section satisfies, using the vocabulary already in use on the other 903 sections (A1-a, B1-d, C4-a, E1-a, ...).",,Open,,,,C1-a,1468587,Planning and Regulatory,Planning and Regulatory,"inherited from LHMP_IA component ""Planning and Regulatory"" (Planning and Regulatory / Card)",Medium,Published (hidden from view),"on the page but flagged Hidden from View, so it paints nothing",,,,
T5-239,5,No requirement tag,Governance,Component setting,component,https://county_template.devmny.org/the_plan/capabilities_assessment,the_plan/capabilities_assessment,(untitled Card),2374591,Card,tags (absent),"Section Settings > Tags: assign the 44 CFR 201.6 element this section satisfies, using the vocabulary already in use on the other 903 sections (A1-a, B1-d, C4-a, E1-a, ...).",,Open,,,,C1-a,1468589,Planning and Regulatory,Local Context,"inherited from LHMP_IA component ""Local Context"" (Planning and Regulatory / Rich Text)",Medium,Published (hidden from view),"on the page but flagged Hidden from View, so it paints nothing",,,,
T5-240,5,No requirement tag,Governance,Component setting,component,https://county_template.devmny.org/the_plan/capabilities_assessment,the_plan/capabilities_assessment,(untitled lexical),2374595,lexical,tags (absent),"Section Settings > Tags: assign the 44 CFR 201.6 element this section satisfies, using the vocabulary already in use on the other 903 sections (A1-a, B1-d, C4-a, E1-a, ...).",,Open,,,,C1-a,1468591,Administrative and Technical,Administrative and Technical,"inherited from LHMP_IA component ""Administrative and Technical"" (Administrative and Technical / Card)",Medium,Published (hidden from view),"on the page but flagged Hidden from View, so it paints nothing",,,,
T5-241,5,No requirement tag,Governance,Component setting,component,https://county_template.devmny.org/the_plan/capabilities_assessment,the_plan/capabilities_assessment,(untitled Card),2374597,Card,tags (absent),"Section Settings > Tags: assign the 44 CFR 201.6 element this section satisfies, using the vocabulary already in use on the other 903 sections (A1-a, B1-d, C4-a, E1-a, ...).",,Open,,,,C1-a,1468593,Administrative and Technical,Local Context,"inherited from LHMP_IA component ""Local Context"" (Administrative and Technical / Rich Text)",Medium,Published (hidden from view),"on the page but flagged Hidden from View, so it paints nothing",,,,
T5-242,5,No requirement tag,Governance,Component setting,component,https://county_template.devmny.org/the_plan/capabilities_assessment,the_plan/capabilities_assessment,Education / Outreach,2374599,Card on LHMP_IA,tags (absent),"Section Settings > Tags: assign the 44 CFR 201.6 element this section satisfies, using the vocabulary already in use on the other 903 sections (A1-a, B1-d, C4-a, E1-a, ...).",,Open,,,,C1-a,1468595,Education/ Outreach,Education/ Outreach,"LHMP_IA component ""Education/ Outreach"" (Education/ Outreach / Card)",High,Published,,,,,
T5-243,5,No requirement tag,Governance,Component setting,component,https://county_template.devmny.org/the_plan/capabilities_assessment,the_plan/capabilities_assessment,(untitled lexical),2374601,lexical,tags (absent),"Section Settings > Tags: assign the 44 CFR 201.6 element this section satisfies, using the vocabulary already in use on the other 903 sections (A1-a, B1-d, C4-a, E1-a, ...).",,Open,,,,C1-a,1468595,Education/ Outreach,Education/ Outreach,"inherited from LHMP_IA component ""Education/ Outreach"" (Education/ Outreach / Card)",Medium,Published (hidden from view),"on the page but flagged Hidden from View, so it paints nothing",,,,
T5-244,5,No requirement tag,Governance,Component setting,component,https://county_template.devmny.org/the_plan/capabilities_assessment,the_plan/capabilities_assessment,(untitled Card),2374603,Card,tags (absent),"Section Settings > Tags: assign the 44 CFR 201.6 element this section satisfies, using the vocabulary already in use on the other 903 sections (A1-a, B1-d, C4-a, E1-a, ...).",,Open,,,,C1-a,1468597,Education/ Outreach,Local Context,"inherited from LHMP_IA component ""Local Context"" (Education/ Outreach / Rich Text)",Medium,Published (hidden from view),"on the page but flagged Hidden from View, so it paints nothing",,,,
T5-245,5,No requirement tag,Governance,Component setting,component,https://county_template.devmny.org/the_plan/capabilities_assessment,the_plan/capabilities_assessment,(untitled lexical),2374607,lexical,tags (absent),"Section Settings > Tags: assign the 44 CFR 201.6 element this section satisfies, using the vocabulary already in use on the other 903 sections (A1-a, B1-d, C4-a, E1-a, ...).",,Open,,,,C1-a,1468599,Financial,Financial,"inherited from LHMP_IA component ""Financial"" (Financial / Card)",Medium,Published (hidden from view),"on the page but flagged Hidden from View, so it paints nothing",,,,
T5-246,5,No requirement tag,Governance,Component setting,component,https://county_template.devmny.org/the_plan/capabilities_assessment,the_plan/capabilities_assessment,(untitled Card),2374609,Card,tags (absent),"Section Settings > Tags: assign the 44 CFR 201.6 element this section satisfies, using the vocabulary already in use on the other 903 sections (A1-a, B1-d, C4-a, E1-a, ...).",,Open,,,,C1-a,1468601,Financial,Local Context,"inherited from LHMP_IA component ""Local Context"" (Financial / Rich Text)",Medium,Published (hidden from view),"on the page but flagged Hidden from View, so it paints nothing",,,,
T5-247,5,No requirement tag,Governance,Component setting,component,https://county_template.devmny.org/the_plan/capabilities_assessment,the_plan/capabilities_assessment,(untitled lexical),2374611,lexical,tags (absent),"Section Settings > Tags: assign the 44 CFR 201.6 element this section satisfies, using the vocabulary already in use on the other 903 sections (A1-a, B1-d, C4-a, E1-a, ...).",,Open,,,,C1-a,1468601,Financial,Local Context,"inherited from LHMP_IA component ""Local Context"" (Financial / Rich Text)",Medium,Published,,,,,
T5-248,5,No requirement tag,Governance,Component setting,component,https://county_template.devmny.org/the_plan/capabilities_assessment,the_plan/capabilities_assessment,(untitled lexical),2374612,lexical,tags (absent),"Section Settings > Tags: assign the 44 CFR 201.6 element this section satisfies, using the vocabulary already in use on the other 903 sections (A1-a, B1-d, C4-a, E1-a, ...).",,Open,,,,C1-a,1468601,Financial,Local Context,"inherited from LHMP_IA component ""Local Context"" (Financial / Rich Text)",Medium,Published,,,,,
T5-249,5,No requirement tag,Governance,Component setting,component,https://county_template.devmny.org/the_plan/about_the_process,the_plan/about_the_process,(untitled lexical),2386697,lexical,tags (absent),"Section Settings > Tags: assign the 44 CFR 201.6 element this section satisfies, using the vocabulary already in use on the other 903 sections (A1-a, B1-d, C4-a, E1-a, ...).",,Open,,,,Not Applicable,1468560,Overview,Overview,"LHMP_IA section ""Overview"" (first section on the page)",Medium,Published (hidden from view),"on the page but flagged Hidden from View, so it paints nothing",,,,
T5-250,5,No requirement tag,Governance,Component setting,component,https://county_template.devmny.org/the_plan/about_the_process,the_plan/about_the_process,Overview,2386698,Card on LHMP_IA,tags (absent),"Section Settings > Tags: assign the 44 CFR 201.6 element this section satisfies, using the vocabulary already in use on the other 903 sections (A1-a, B1-d, C4-a, E1-a, ...).",,Open,,,,Not Applicable,1468560,Overview,Overview,"LHMP_IA component ""Overview"" (Overview / Card)",High,Published,,,,,
T5-251,5,No requirement tag,Governance,Component setting,component,https://county_template.devmny.org/the_plan/about_the_process,the_plan/about_the_process,(untitled lexical),2386699,lexical,tags (absent),"Section Settings > Tags: assign the 44 CFR 201.6 element this section satisfies, using the vocabulary already in use on the other 903 sections (A1-a, B1-d, C4-a, E1-a, ...).",,Open,,,,Not Applicable,1468560,Overview,Overview,"inherited from LHMP_IA component ""Overview"" (Overview / Card)",Medium,Published (hidden from view),"on the page but flagged Hidden from View, so it paints nothing",,,,
T5-252,5,No requirement tag,Governance,Component setting,component,https://county_template.devmny.org/the_plan/about_the_process,the_plan/about_the_process,(untitled lexical),2386701,lexical,tags (absent),"Section Settings > Tags: assign the 44 CFR 201.6 element this section satisfies, using the vocabulary already in use on the other 903 sections (A1-a, B1-d, C4-a, E1-a, ...).",,Open,,,,Not Applicable,1468562,Overview,Local Context,"inherited from LHMP_IA component ""Local Context"" (Overview / Rich Text)",Medium,Published (hidden from view),"on the page but flagged Hidden from View, so it paints nothing",,,,
T5-253,5,No requirement tag,Governance,Component setting,component,https://county_template.devmny.org/the_plan/about_the_process,the_plan/about_the_process,Other Related Planning Processes,2386702,lexical,tags (absent),"Section Settings > Tags: assign the 44 CFR 201.6 element this section satisfies, using the vocabulary already in use on the other 903 sections (A1-a, B1-d, C4-a, E1-a, ...).",,Open,,,,,1686495,Overview,Other Related Planning Processes,"LHMP_IA component ""Other Related Planning Processes"" (Overview / Rich Text)",,Published,,,,,
T5-254,5,No requirement tag,Governance,Component setting,component,https://county_template.devmny.org/the_plan/about_the_process,the_plan/about_the_process,(untitled lexical),2386704,lexical,tags (absent),"Section Settings > Tags: assign the 44 CFR 201.6 element this section satisfies, using the vocabulary already in use on the other 903 sections (A1-a, B1-d, C4-a, E1-a, ...).",,Open,,,,,1686496,The Planning Process,The Planning Process,"inherited from LHMP_IA component ""The Planning Process"" (The Planning Process / Card)",,Published (hidden from view),"on the page but flagged Hidden from View, so it paints nothing",,,,
T5-255,5,No requirement tag,Governance,Component setting,component,https://county_template.devmny.org/the_plan/about_the_process,the_plan/about_the_process,(untitled lexical),2386706,lexical,tags (absent),"Section Settings > Tags: assign the 44 CFR 201.6 element this section satisfies, using the vocabulary already in use on the other 903 sections (A1-a, B1-d, C4-a, E1-a, ...).",,Open,,,,A1-a,1468561,The Planning Process,Organizational Structure - Planning Teams,"inherited from LHMP_IA component ""Organizational Structure - Planning Teams"" (The Planning Process / Rich Text)",Medium,Published (hidden from view),"on the page but flagged Hidden from View, so it paints nothing",,,,
T5-256,5,No requirement tag,Governance,Component setting,component,https://county_template.devmny.org/the_plan/about_the_process,the_plan/about_the_process,Jurisdictional Representation,2386707,lexical,tags (absent),"Section Settings > Tags: assign the 44 CFR 201.6 element this section satisfies, using the vocabulary already in use on the other 903 sections (A1-a, B1-d, C4-a, E1-a, ...).",,Open,,,,"A1-a, A1-b",1468563,The Planning Process,Jurisdictional Representation,"LHMP_IA component ""Jurisdictional Representation"" (The Planning Process / Rich Text)",High,Published,,,,,
T5-257,5,No requirement tag,Governance,Component setting,component,https://county_template.devmny.org/the_plan/about_the_process,the_plan/about_the_process,(untitled lexical),2386709,lexical,tags (absent),"Section Settings > Tags: assign the 44 CFR 201.6 element this section satisfies, using the vocabulary already in use on the other 903 sections (A1-a, B1-d, C4-a, E1-a, ...).",,Open,,,,"A1-a, A1-b",1468563,The Planning Process,Jurisdictional Representation,"inherited from LHMP_IA component ""Jurisdictional Representation"" (The Planning Process / Rich Text)",Medium,Published (hidden from view),"on the page but flagged Hidden from View, so it paints nothing",,,,
T5-258,5,No requirement tag,Governance,Component setting,component,https://county_template.devmny.org/the_plan/about_the_process,the_plan/about_the_process,(untitled lexical),2386711,lexical,tags (absent),"Section Settings > Tags: assign the 44 CFR 201.6 element this section satisfies, using the vocabulary already in use on the other 903 sections (A1-a, B1-d, C4-a, E1-a, ...).",,Open,,,,"A1-a, A1-b, H2",1468564,The Planning Process,Jurisdictional Engagement Process,"inherited from LHMP_IA component ""Jurisdictional Engagement Process"" (The Planning Process / Rich Text)",Medium,Published (hidden from view),"on the page but flagged Hidden from View, so it paints nothing",,,,
T5-259,5,No requirement tag,Governance,Component setting,component,https://county_template.devmny.org/the_plan/about_the_process,the_plan/about_the_process,(untitled lexical),2386716,lexical,tags (absent),"Section Settings > Tags: assign the 44 CFR 201.6 element this section satisfies, using the vocabulary already in use on the other 903 sections (A1-a, B1-d, C4-a, E1-a, ...).",,Open,,,,"A1-a, A2-a",1468567,The Planning Process,Planning Meetings,"inherited from LHMP_IA component ""Planning Meetings"" (The Planning Process / Table)",Medium,Published (hidden from view),"on the page but flagged Hidden from View, so it paints nothing",,,,
T5-260,5,No requirement tag,Governance,Component setting,component,https://county_template.devmny.org/the_plan/about_the_process,the_plan/about_the_process,(untitled lexical),2386718,lexical,tags (absent),"Section Settings > Tags: assign the 44 CFR 201.6 element this section satisfies, using the vocabulary already in use on the other 903 sections (A1-a, B1-d, C4-a, E1-a, ...).",,Open,,,,"A1-a, A3-a",1468573,The Planning Process,Public Participation,"inherited from LHMP_IA component ""Public Participation"" (The Planning Process / Rich Text)",Medium,Published (hidden from view),"on the page but flagged Hidden from View, so it paints nothing",,,,
T5-261,5,No requirement tag,Governance,Component setting,component,https://county_template.devmny.org/the_plan/about_the_process,the_plan/about_the_process,(untitled lexical),2386721,lexical,tags (absent),"Section Settings > Tags: assign the 44 CFR 201.6 element this section satisfies, using the vocabulary already in use on the other 903 sections (A1-a, B1-d, C4-a, E1-a, ...).",,Open,,,,"A1-a, A4-a",1468576,Local Resources,Local Resources,"inherited from LHMP_IA component ""Local Resources"" (Local Resources / Card)",Medium,Published (hidden from view),"on the page but flagged Hidden from View, so it paints nothing",,,,
T5-262,5,No requirement tag,Governance,Component setting,component,https://county_template.devmny.org/the_plan/about_the_process,the_plan/about_the_process,(untitled lexical),2386728,lexical,tags (absent),"Section Settings > Tags: assign the 44 CFR 201.6 element this section satisfies, using the vocabulary already in use on the other 903 sections (A1-a, B1-d, C4-a, E1-a, ...).",,Open,,,,"A1-a, F1-a",1468579,Adoption,Adoption,"inherited from LHMP_IA component ""Adoption"" (Adoption / Card)",Medium,Published (hidden from view),"on the page but flagged Hidden from View, so it paints nothing",,,,
T5-263,5,No requirement tag,Governance,Component setting,component,https://county_template.devmny.org/the_plan/about_the_process,the_plan/about_the_process,Local Context,2386729,lexical,tags (absent),"Section Settings > Tags: assign the 44 CFR 201.6 element this section satisfies, using the vocabulary already in use on the other 903 sections (A1-a, B1-d, C4-a, E1-a, ...).",,Open,,,,,1686497,Adoption,Local Context,"LHMP_IA component ""Local Context"" (Adoption / Rich Text)",,Published,,,,,
T5-264,5,No requirement tag,Governance,Component setting,component,https://county_template.devmny.org/the_plan/about_the_process,the_plan/about_the_process,Maintenance,2386730,Card on LHMP_IA,tags (absent),"Section Settings > Tags: assign the 44 CFR 201.6 element this section satisfies, using the vocabulary already in use on the other 903 sections (A1-a, B1-d, C4-a, E1-a, ...).",,Open,,,,Not Applicable,1468582,Maintenance,Maintenance,"LHMP_IA component ""Maintenance"" (Maintenance / Card)",High,Published,,,,,
T5-265,5,No requirement tag,Governance,Component setting,component,https://county_template.devmny.org/the_plan/about_the_process,the_plan/about_the_process,(untitled lexical),2386731,lexical,tags (absent),"Section Settings > Tags: assign the 44 CFR 201.6 element this section satisfies, using the vocabulary already in use on the other 903 sections (A1-a, B1-d, C4-a, E1-a, ...).",,Open,,,,Not Applicable,1468582,Maintenance,Maintenance,"inherited from LHMP_IA component ""Maintenance"" (Maintenance / Card)",Medium,Published (hidden from view),"on the page but flagged Hidden from View, so it paints nothing",,,,
T5-266,5,No requirement tag,Governance,Component setting,component,https://county_template.devmny.org/the_plan/about_the_process,the_plan/about_the_process,(untitled lexical),2386733,lexical,tags (absent),"Section Settings > Tags: assign the 44 CFR 201.6 element this section satisfies, using the vocabulary already in use on the other 903 sections (A1-a, B1-d, C4-a, E1-a, ...).",,Open,,,,"D2-a, D2-b, D2-c",1468580,Maintenance,"Monitoring, Evaluating, and Updating the Plan","inherited from LHMP_IA component ""Monitoring, Evaluating, and Updating the Plan"" (Maintenance / Rich Text)",Medium,Published (hidden from view),"on the page but flagged Hidden from View, so it paints nothing",,,,
T5-267,5,No requirement tag,Governance,Component setting,component,https://county_template.devmny.org/the_plan/about_the_process,the_plan/about_the_process,(untitled lexical),2386735,lexical,tags (absent),"Section Settings > Tags: assign the 44 CFR 201.6 element this section satisfies, using the vocabulary already in use on the other 903 sections (A1-a, B1-d, C4-a, E1-a, ...).",,Open,,,,"D3-a, D3-b",1468581,Maintenance,Plan for Integration with Other Plans,"inherited from LHMP_IA component ""Plan for Integration with Other Plans"" (Maintenance / Rich Text)",Medium,Published (hidden from view),"on the page but flagged Hidden from View, so it paints nothing",,,,
T5-314,5,No requirement tag,Governance,Component setting,component,https://county_template.devmny.org/the_local_environment/high_hazard_dams,the_local_environment/high_hazard_dams,(untitled lexical),2380244,lexical,tags (absent),"Section Settings > Tags: assign the 44 CFR 201.6 element this section satisfies, using the vocabulary already in use on the other 903 sections (A1-a, B1-d, C4-a, E1-a, ...).",,Open,,,,B1-a,1468651,Overview,Overview,"LHMP_IA section ""Overview"" (first section on the page)",Medium,Published (hidden from view),"on the page but flagged Hidden from View, so it paints nothing",,,,
T5-315,5,No requirement tag,Governance,Component setting,component,https://county_template.devmny.org/the_local_environment/high_hazard_dams,the_local_environment/high_hazard_dams,Overview,2380245,Card on LHMP_IA,tags (empty string),"Section Settings > Tags: assign the 44 CFR 201.6 element this section satisfies, using the vocabulary already in use on the other 903 sections (A1-a, B1-d, C4-a, E1-a, ...).",,Open,,,,B1-a,1468651,Overview,Overview,"LHMP_IA component ""Overview"" (Overview / Card)",High,Published,,,,,
T5-316,5,No requirement tag,Governance,Component setting,component,https://county_template.devmny.org/the_local_environment/high_hazard_dams,the_local_environment/high_hazard_dams,(untitled Card),2380246,Card,tags (absent),"Section Settings > Tags: assign the 44 CFR 201.6 element this section satisfies, using the vocabulary already in use on the other 903 sections (A1-a, B1-d, C4-a, E1-a, ...).",,Open,,,,B1-a,1468651,Overview,Overview,"inherited from LHMP_IA component ""Overview"" (Overview / Card)",Medium,Published (hidden from view),"on the page but flagged Hidden from View, so it paints nothing",,,,
T5-317,5,No requirement tag,Governance,Component setting,component,https://county_template.devmny.org/the_local_environment/high_hazard_dams,the_local_environment/high_hazard_dams,(untitled lexical),2380247,lexical,tags (absent),"Section Settings > Tags: assign the 44 CFR 201.6 element this section satisfies, using the vocabulary already in use on the other 903 sections (A1-a, B1-d, C4-a, E1-a, ...).",,Open,,,,B1-a,1468651,Overview,Overview,"inherited from LHMP_IA component ""Overview"" (Overview / Card)",Medium,Published (hidden from view),"on the page but flagged Hidden from View, so it paints nothing",,,,
T5-318,5,No requirement tag,Governance,Component setting,component,https://county_template.devmny.org/the_local_environment/high_hazard_dams,the_local_environment/high_hazard_dams,Local Context,2380248,lexical,tags (absent),"Section Settings > Tags: assign the 44 CFR 201.6 element this section satisfies, using the vocabulary already in use on the other 903 sections (A1-a, B1-d, C4-a, E1-a, ...).",,Open,,,,Not Applicable,1468658,Overview,Local Context,"LHMP_IA component ""Local Context"" (Overview / Rich Text)",High,Published,,,,,
T5-319,5,No requirement tag,Governance,Component setting,component,https://county_template.devmny.org/the_local_environment/high_hazard_dams,the_local_environment/high_hazard_dams,DEC Dam Inventory,2380249,Spreadsheet on NYS_Dams,tags (absent),"Section Settings > Tags: assign the 44 CFR 201.6 element this section satisfies, using the vocabulary already in use on the other 903 sections (A1-a, B1-d, C4-a, E1-a, ...).",,Open,,,,Not Applicable,1468658,Overview,Local Context,"inherited from LHMP_IA component ""Local Context"" (Overview / Rich Text)",Medium,Published,,,,,
T5-320,5,No requirement tag,Governance,Component setting,component,https://county_template.devmny.org/the_local_environment/high_hazard_dams,the_local_environment/high_hazard_dams,(untitled Map),2380250,Map,tags (absent),"Section Settings > Tags: assign the 44 CFR 201.6 element this section satisfies, using the vocabulary already in use on the other 903 sections (A1-a, B1-d, C4-a, E1-a, ...).",,Open,,,,Not Applicable,1468658,Overview,Local Context,"inherited from LHMP_IA component ""Local Context"" (Overview / Rich Text)",Medium,Published,,,,,
T5-321,5,No requirement tag,Governance,Component setting,component,https://county_template.devmny.org/the_local_environment/nfip_floodplain_management,the_local_environment/nfip_floodplain_management,(untitled lexical),2380276,lexical,tags (absent),"Section Settings > Tags: assign the 44 CFR 201.6 element this section satisfies, using the vocabulary already in use on the other 903 sections (A1-a, B1-d, C4-a, E1-a, ...).",,Open,,,,C2-a,1468300,National Flood Insurance Program (NFIP),National Flood Insurance Program (NFIP),"LHMP_IA section ""National Flood Insurance Program (NFIP)"" (first section on the page)",Medium,Published (hidden from view),"on the page but flagged Hidden from View, so it paints nothing",,,,
T5-322,5,No requirement tag,Governance,Component setting,component,https://county_template.devmny.org/the_local_environment/nfip_floodplain_management,the_local_environment/nfip_floodplain_management,(untitled lexical),2380278,lexical,tags (absent),"Section Settings > Tags: assign the 44 CFR 201.6 element this section satisfies, using the vocabulary already in use on the other 903 sections (A1-a, B1-d, C4-a, E1-a, ...).",,Open,,,,C2-a,1468300,National Flood Insurance Program (NFIP),National Flood Insurance Program (NFIP),"inherited from LHMP_IA component ""National Flood Insurance Program (NFIP)"" (National Flood Insurance Program (NFIP) / Card)",Medium,Published (hidden from view),"on the page but flagged Hidden from View, so it paints nothing",,,,
T5-323,5,No requirement tag,Governance,Component setting,component,https://county_template.devmny.org/the_local_environment/nfip_floodplain_management,the_local_environment/nfip_floodplain_management,MitigateNY Floodplain Map,2380280,Card on LHMP_IA,tags (absent),"Section Settings > Tags: assign the 44 CFR 201.6 element this section satisfies, using the vocabulary already in use on the other 903 sections (A1-a, B1-d, C4-a, E1-a, ...).",,Open,,,,,1957823,National Flood Insurance Program (NFIP),MitigateNY Floodplain Map,"LHMP_IA component ""MitigateNY Floodplain Map"" (National Flood Insurance Program (NFIP) / Card)",,Published,,,,,
T5-324,5,No requirement tag,Governance,Component setting,component,https://county_template.devmny.org/the_local_environment/nfip_floodplain_management,the_local_environment/nfip_floodplain_management,(untitled Card),2380284,Card,tags (absent),"Section Settings > Tags: assign the 44 CFR 201.6 element this section satisfies, using the vocabulary already in use on the other 903 sections (A1-a, B1-d, C4-a, E1-a, ...).",,Open,,,,,1518079,National Flood Insurance Program (NFIP),Floodplain Administrators,"inherited from LHMP_IA component ""Floodplain Administrators"" (National Flood Insurance Program (NFIP) / Card)",,Published (hidden from view),"on the page but flagged Hidden from View, so it paints nothing",,,,
T5-325,5,No requirement tag,Governance,Component setting,component,https://county_template.devmny.org/the_local_environment/nfip_floodplain_management,the_local_environment/nfip_floodplain_management,(untitled lexical),2380285,lexical,tags (absent),"Section Settings > Tags: assign the 44 CFR 201.6 element this section satisfies, using the vocabulary already in use on the other 903 sections (A1-a, B1-d, C4-a, E1-a, ...).",,Open,,,,,1518079,National Flood Insurance Program (NFIP),Floodplain Administrators,"inherited from LHMP_IA component ""Floodplain Administrators"" (National Flood Insurance Program (NFIP) / Card)",,Published (hidden from view),"on the page but flagged Hidden from View, so it paints nothing",,,,
T5-326,5,No requirement tag,Governance,Component setting,component,https://county_template.devmny.org/the_local_environment/nfip_floodplain_management,the_local_environment/nfip_floodplain_management,(untitled lexical),2380291,lexical,tags (absent),"Section Settings > Tags: assign the 44 CFR 201.6 element this section satisfies, using the vocabulary already in use on the other 903 sections (A1-a, B1-d, C4-a, E1-a, ...).",,Open,,,,B1-b,1468309,National Flood Insurance Program (NFIP),NFIP Problems Zones Map,"inherited from LHMP_IA component ""NFIP Problems Zones Map"" (National Flood Insurance Program (NFIP) / Map)",Medium,Published (hidden from view),"on the page but flagged Hidden from View, so it paints nothing",,,,
T5-327,5,No requirement tag,Governance,Component setting,component,https://county_template.devmny.org/the_local_environment/high_hazard_dams/high_hazard_dams_view_card,the_local_environment/high_hazard_dams/high_hazard_dams_view_card,(untitled Card),2380355,Card on NYS_Dams,tags (absent),"Section Settings > Tags: assign the 44 CFR 201.6 element this section satisfies, using the vocabulary already in use on the other 903 sections (A1-a, B1-d, C4-a, E1-a, ...).",,Open,,,,,1686502,Overview,High Hazard Dam Assessment,"LHMP_IA section ""Overview"" (first section on the page)",,Published,,,,,
T5-328,5,No requirement tag,Governance,Component setting,component,https://county_template.devmny.org/the_local_environment/high_hazard_dams/high_hazard_dams_view_card,the_local_environment/high_hazard_dams/high_hazard_dams_view_card,(untitled Card),2380356,Card on NYS_Dams,tags (absent),"Section Settings > Tags: assign the 44 CFR 201.6 element this section satisfies, using the vocabulary already in use on the other 903 sections (A1-a, B1-d, C4-a, E1-a, ...).",,Open,,,,,1686502,Overview,High Hazard Dam Assessment,"LHMP_IA section ""Overview"" (first section on the page)",,Published,,,,,
T5-329,5,No requirement tag,Governance,Component setting,component,https://county_template.devmny.org/the_local_environment/high_hazard_dams/high_hazard_dams_view_card,the_local_environment/high_hazard_dams/high_hazard_dams_view_card,(untitled Map),2380357,Map,tags (absent),"Section Settings > Tags: assign the 44 CFR 201.6 element this section satisfies, using the vocabulary already in use on the other 903 sections (A1-a, B1-d, C4-a, E1-a, ...).",,Open,,,,,1686502,Overview,High Hazard Dam Assessment,"LHMP_IA section ""Overview"" (first section on the page)",,Published,,,,,
T5-330,5,No requirement tag,Governance,Component setting,component,https://county_template.devmny.org/the_local_environment/high_hazard_dams/high_hazard_dams_view_card,the_local_environment/high_hazard_dams/high_hazard_dams_view_card,(untitled Card),2380358,Card on NYS_Dams,tags (absent),"Section Settings > Tags: assign the 44 CFR 201.6 element this section satisfies, using the vocabulary already in use on the other 903 sections (A1-a, B1-d, C4-a, E1-a, ...).",,Open,,,,,1686502,Overview,High Hazard Dam Assessment,"LHMP_IA section ""Overview"" (first section on the page)",,Published,,,,,
T5-331,5,No requirement tag,Governance,Component setting,component,https://county_template.devmny.org/the_local_environment/high_hazard_dams/high_hazard_dams_view_card,the_local_environment/high_hazard_dams/high_hazard_dams_view_card,Risk Assessment Process,2380360,Card,tags (absent),"Section Settings > Tags: assign the 44 CFR 201.6 element this section satisfies, using the vocabulary already in use on the other 903 sections (A1-a, B1-d, C4-a, E1-a, ...).",,Open,,,,,1686502,Overview,High Hazard Dam Assessment,"inherited from LHMP_IA component ""High Hazard Dam Assessment"" (Overview / Card)",,Published,,,,,
T5-332,5,No requirement tag,Governance,Component setting,component,https://county_template.devmny.org/the_local_environment/high_hazard_dams/high_hazard_dams_view_card,the_local_environment/high_hazard_dams/high_hazard_dams_view_card,Dam Risks and Failure Impact,2380361,Card,tags (absent),"Section Settings > Tags: assign the 44 CFR 201.6 element this section satisfies, using the vocabulary already in use on the other 903 sections (A1-a, B1-d, C4-a, E1-a, ...).",,Open,,,,,1686502,Overview,High Hazard Dam Assessment,"inherited from LHMP_IA component ""High Hazard Dam Assessment"" (Overview / Card)",,Published,,,,,
T5-333,5,No requirement tag,Governance,Component setting,component,https://county_template.devmny.org/the_local_environment/high_hazard_dams/high_hazard_dams_view_card,the_local_environment/high_hazard_dams/high_hazard_dams_view_card,Mitigation Plan Goal,2380362,Card,tags (absent),"Section Settings > Tags: assign the 44 CFR 201.6 element this section satisfies, using the vocabulary already in use on the other 903 sections (A1-a, B1-d, C4-a, E1-a, ...).",,Open,,,,,1686502,Overview,High Hazard Dam Assessment,"inherited from LHMP_IA component ""High Hazard Dam Assessment"" (Overview / Card)",,Published,,,,,
T5-334,5,No requirement tag,Governance,Component setting,component,https://county_template.devmny.org/the_local_environment/high_hazard_dams/high_hazard_dams_view_card,the_local_environment/high_hazard_dams/high_hazard_dams_view_card,Planned Mitigation Actions / Projects,2380363,Card,tags (absent),"Section Settings > Tags: assign the 44 CFR 201.6 element this section satisfies, using the vocabulary already in use on the other 903 sections (A1-a, B1-d, C4-a, E1-a, ...).",,Open,,,,,1686502,Overview,High Hazard Dam Assessment,"inherited from LHMP_IA component ""High Hazard Dam Assessment"" (Overview / Card)",,Published,,,,,
T5-335,5,No requirement tag,Governance,Component setting,component,https://county_template.devmny.org/the_local_environment/high_hazard_dams/high_hazard_dams_view_card,the_local_environment/high_hazard_dams/high_hazard_dams_view_card,Dam Assessment Form,2380364,lexical,tags (absent),"Section Settings > Tags: assign the 44 CFR 201.6 element this section satisfies, using the vocabulary already in use on the other 903 sections (A1-a, B1-d, C4-a, E1-a, ...).",,Open,,,,,1468666,Assessment,Question 4,"LHMP_IA section ""Assessment"" - no requirement recorded on any row",,Published (hidden from view),"on the page but flagged Hidden from View, so it paints nothing",,,,
T5-336,5,No requirement tag,Governance,Component setting,component,https://county_template.devmny.org/the_local_environment/high_hazard_dams/high_hazard_dams_view_card,the_local_environment/high_hazard_dams/high_hazard_dams_view_card,Risk Assessment Process,2380365,Card,tags (absent),"Section Settings > Tags: assign the 44 CFR 201.6 element this section satisfies, using the vocabulary already in use on the other 903 sections (A1-a, B1-d, C4-a, E1-a, ...).",,Open,,,,,1468666,Assessment,Question 4,"LHMP_IA section ""Assessment"" - no requirement recorded on any row",,Published (hidden from view),"on the page but flagged Hidden from View, so it paints nothing",,,,
T5-337,5,No requirement tag,Governance,Component setting,component,https://county_template.devmny.org/the_local_environment/high_hazard_dams/high_hazard_dams_view_card,the_local_environment/high_hazard_dams/high_hazard_dams_view_card,Dam Risks and Failure Impact,2380366,Card,tags (absent),"Section Settings > Tags: assign the 44 CFR 201.6 element this section satisfies, using the vocabulary already in use on the other 903 sections (A1-a, B1-d, C4-a, E1-a, ...).",,Open,,,,,1468666,Assessment,Question 4,"LHMP_IA section ""Assessment"" - no requirement recorded on any row",,Published (hidden from view),"on the page but flagged Hidden from View, so it paints nothing",,,,
T5-338,5,No requirement tag,Governance,Component setting,component,https://county_template.devmny.org/the_local_environment/high_hazard_dams/high_hazard_dams_view_card,the_local_environment/high_hazard_dams/high_hazard_dams_view_card,Mitigation Plan Goal,2380367,Card,tags (absent),"Section Settings > Tags: assign the 44 CFR 201.6 element this section satisfies, using the vocabulary already in use on the other 903 sections (A1-a, B1-d, C4-a, E1-a, ...).",,Open,,,,,1468666,Assessment,Question 4,"LHMP_IA section ""Assessment"" - no requirement recorded on any row",,Published (hidden from view),"on the page but flagged Hidden from View, so it paints nothing",,,,
T5-339,5,No requirement tag,Governance,Component setting,component,https://county_template.devmny.org/the_local_environment/high_hazard_dams/high_hazard_dams_view_card,the_local_environment/high_hazard_dams/high_hazard_dams_view_card,Planned Mitigation Actions / Projects,2380368,Card,tags (absent),"Section Settings > Tags: assign the 44 CFR 201.6 element this section satisfies, using the vocabulary already in use on the other 903 sections (A1-a, B1-d, C4-a, E1-a, ...).",,Open,,,,,1468666,Assessment,Question 4,"LHMP_IA section ""Assessment"" - no requirement recorded on any row",,Published (hidden from view),"on the page but flagged Hidden from View, so it paints nothing",,,,
T5-340,5,No requirement tag,Governance,Component setting,component,https://county_template.devmny.org/the_local_environment/high_hazard_dams/high_hazard_dams_view_card,the_local_environment/high_hazard_dams/high_hazard_dams_view_card,Additional Comments or Notes,2380369,Card,tags (absent),"Section Settings > Tags: assign the 44 CFR 201.6 element this section satisfies, using the vocabulary already in use on the other 903 sections (A1-a, B1-d, C4-a, E1-a, ...).",,Open,,,,,1468666,Assessment,Question 4,"LHMP_IA section ""Assessment"" - no requirement recorded on any row",,Published (hidden from view),"on the page but flagged Hidden from View, so it paints nothing",,,,
T5-341,5,No requirement tag,Governance,Component setting,component,https://county_template.devmny.org/the_risk/natural_hazards,the_risk/natural_hazards,(untitled lexical),2380560,lexical,tags (absent),"Section Settings > Tags: assign the 44 CFR 201.6 element this section satisfies, using the vocabulary already in use on the other 903 sections (A1-a, B1-d, C4-a, E1-a, ...).",,Open,,,,Not Applicable,1468335,Overview,Overview,"LHMP_IA section ""Overview"" (first section on the page)",Medium,Published (hidden from view),"on the page but flagged Hidden from View, so it paints nothing",,,,
T5-342,5,No requirement tag,Governance,Component setting,component,https://county_template.devmny.org/the_risk/natural_hazards,the_risk/natural_hazards,(untitled lexical),2380564,lexical,tags (absent),"Section Settings > Tags: assign the 44 CFR 201.6 element this section satisfies, using the vocabulary already in use on the other 903 sections (A1-a, B1-d, C4-a, E1-a, ...).",,Open,,,,"B1-a, B1-d, B2-a, B2-b, C4-b",1468339,Hazards of Concern,Local Hazards of Concern Cards,"inherited from LHMP_IA component ""Local Hazards of Concern Cards"" (Hazards of Concern / Card)",Medium,Published,,,,,
T5-343,5,No requirement tag,Governance,Component setting,component,https://county_template.devmny.org/the_risk/natural_hazards,the_risk/natural_hazards,(untitled Card),2380565,Card,tags (absent),"Section Settings > Tags: assign the 44 CFR 201.6 element this section satisfies, using the vocabulary already in use on the other 903 sections (A1-a, B1-d, C4-a, E1-a, ...).",,Open,,,,"B1-a, B1-d, B2-a, B2-b, C4-b",1468339,Hazards of Concern,Local Hazards of Concern Cards,"inherited from LHMP_IA component ""Local Hazards of Concern Cards"" (Hazards of Concern / Card)",Medium,Published,,,,,
T5-344,5,No requirement tag,Governance,Component setting,component,https://county_template.devmny.org/the_risk/natural_hazards,the_risk/natural_hazards,(untitled Card),2380567,Card,tags (absent),"Section Settings > Tags: assign the 44 CFR 201.6 element this section satisfies, using the vocabulary already in use on the other 903 sections (A1-a, B1-d, C4-a, E1-a, ...).",,Open,,,,"B1-a, B1-d, B2-a, B2-b, C4-b",1468339,Hazards of Concern,Local Hazards of Concern Cards,"inherited from LHMP_IA component ""Local Hazards of Concern Cards"" (Hazards of Concern / Card)",Medium,Published (hidden from view),"on the page but flagged Hidden from View, so it paints nothing",,,,
T5-345,5,No requirement tag,Governance,Component setting,component,https://county_template.devmny.org/the_risk/natural_hazards,the_risk/natural_hazards,(untitled lexical),2380568,lexical,tags (absent),"Section Settings > Tags: assign the 44 CFR 201.6 element this section satisfies, using the vocabulary already in use on the other 903 sections (A1-a, B1-d, C4-a, E1-a, ...).",,Open,,,,"B1-a, B1-d, B2-a, B2-b, C4-b",1468339,Hazards of Concern,Local Hazards of Concern Cards,"inherited from LHMP_IA component ""Local Hazards of Concern Cards"" (Hazards of Concern / Card)",Medium,Published (hidden from view),"on the page but flagged Hidden from View, so it paints nothing",,,,
T5-346,5,No requirement tag,Governance,Component setting,component,https://county_template.devmny.org/the_risk/natural_hazards,the_risk/natural_hazards,(untitled Spreadsheet),2380581,Spreadsheet on src 198,tags (absent),"Section Settings > Tags: assign the 44 CFR 201.6 element this section satisfies, using the vocabulary already in use on the other 903 sections (A1-a, B1-d, C4-a, E1-a, ...).",,Open,,,,B1-d,1468351,Historic Loss,Other Hazard Events,"inherited from LHMP_IA component ""Other Hazard Events"" (Historic Loss / Card)",Medium,Published,,,,,
T5-347,5,No requirement tag,Governance,Component setting,component,https://county_template.devmny.org/the_risk/natural_hazards,the_risk/natural_hazards,The Last 5 Years - Events,2380587,Graph,tags (absent),"Section Settings > Tags: assign the 44 CFR 201.6 element this section satisfies, using the vocabulary already in use on the other 903 sections (A1-a, B1-d, C4-a, E1-a, ...).",,Open,,,,B1-d,1468358,Historic Loss,Historic Loss by Month,"inherited from LHMP_IA component ""Historic Loss by Month"" (Historic Loss / Card)",Medium,Published,,,,,
T5-348,5,No requirement tag,Governance,Component setting,component,https://county_template.devmny.org/the_risk/natural_hazards,the_risk/natural_hazards,The Last 5 Years - Fusion Damage,2380588,Graph,tags (absent),"Section Settings > Tags: assign the 44 CFR 201.6 element this section satisfies, using the vocabulary already in use on the other 903 sections (A1-a, B1-d, C4-a, E1-a, ...).",,Open,,,,B1-d,1468358,Historic Loss,Historic Loss by Month,"inherited from LHMP_IA component ""Historic Loss by Month"" (Historic Loss / Card)",Medium,Published,,,,,
T5-349,5,No requirement tag,Governance,Component setting,component,https://county_template.devmny.org/the_risk/natural_hazards,the_risk/natural_hazards,(untitled lexical),2380589,lexical,tags (absent),"Section Settings > Tags: assign the 44 CFR 201.6 element this section satisfies, using the vocabulary already in use on the other 903 sections (A1-a, B1-d, C4-a, E1-a, ...).",,Open,,,,B1-d,1468358,Historic Loss,Historic Loss by Month,"inherited from LHMP_IA component ""Historic Loss by Month"" (Historic Loss / Card)",Medium,Published,,,,,
T5-350,5,No requirement tag,Governance,Component setting,component,https://county_template.devmny.org/the_risk/natural_hazards/avalanche,the_risk/natural_hazards/avalanche,(untitled lexical),2380740,lexical,tags (absent),"Section Settings > Tags: assign the 44 CFR 201.6 element this section satisfies, using the vocabulary already in use on the other 903 sections (A1-a, B1-d, C4-a, E1-a, ...).",,Open,,,,B2-b,1468434,Modeled Risks (NRI),Modeled Risks (NRI),"LHMP_IA section ""Modeled Risks (NRI)"" (first section on the page)",Medium,Published (hidden from view),"on the page but flagged Hidden from View, so it paints nothing",,,,
T5-351,5,No requirement tag,Governance,Component setting,component,https://county_template.devmny.org/the_risk/natural_hazards/avalanche,the_risk/natural_hazards/avalanche,Hazard of Concern,2380743,Card on Hazards_of_Concern,tags (absent),"Section Settings > Tags: assign the 44 CFR 201.6 element this section satisfies, using the vocabulary already in use on the other 903 sections (A1-a, B1-d, C4-a, E1-a, ...).",,Open,,,,B2-b,1468434,Modeled Risks (NRI),Modeled Risks (NRI),"LHMP_IA section ""Modeled Risks (NRI)"" (first section on the page)",Medium,Published,,,,,
T5-352,5,No requirement tag,Governance,Component setting,component,https://county_template.devmny.org/the_risk/natural_hazards/avalanche,the_risk/natural_hazards/avalanche,Modeled RIsk,2380744,Card on src 1508,tags (absent),"Section Settings > Tags: assign the 44 CFR 201.6 element this section satisfies, using the vocabulary already in use on the other 903 sections (A1-a, B1-d, C4-a, E1-a, ...).",,Open,,,,B2-b,1468434,Modeled Risks (NRI),Modeled Risks (NRI),"LHMP_IA component ""Modeled Risks (NRI)"" (Modeled Risks (NRI) / Card)",High,Published,,,,,
T5-353,5,No requirement tag,Governance,Component setting,component,https://county_template.devmny.org/the_risk/natural_hazards/avalanche,the_risk/natural_hazards/avalanche,Historical Risk,2380745,Card,tags (absent),"Section Settings > Tags: assign the 44 CFR 201.6 element this section satisfies, using the vocabulary already in use on the other 903 sections (A1-a, B1-d, C4-a, E1-a, ...).",,Open,,,,B2-b,1468434,Modeled Risks (NRI),Modeled Risks (NRI),"inherited from LHMP_IA component ""Modeled Risks (NRI)"" (Modeled Risks (NRI) / Card)",Medium,Published,,,,,
T5-354,5,No requirement tag,Governance,Component setting,component,https://county_template.devmny.org/the_risk/natural_hazards/avalanche,the_risk/natural_hazards/avalanche,(untitled lexical),2380746,lexical,tags (absent),"Section Settings > Tags: assign the 44 CFR 201.6 element this section satisfies, using the vocabulary already in use on the other 903 sections (A1-a, B1-d, C4-a, E1-a, ...).",,Open,,,,B2-b,1468434,Modeled Risks (NRI),Modeled Risks (NRI),"inherited from LHMP_IA component ""Modeled Risks (NRI)"" (Modeled Risks (NRI) / Card)",Medium,Published,,,,,
T5-355,5,No requirement tag,Governance,Component setting,component,https://county_template.devmny.org/the_risk/natural_hazards/avalanche,the_risk/natural_hazards/avalanche,(untitled lexical),2380748,lexical,tags (absent),"Section Settings > Tags: assign the 44 CFR 201.6 element this section satisfies, using the vocabulary already in use on the other 903 sections (A1-a, B1-d, C4-a, E1-a, ...).",,Open,,,,B2-b,1468434,Modeled Risks (NRI),Modeled Risks (NRI),"inherited from LHMP_IA component ""Modeled Risks (NRI)"" (Modeled Risks (NRI) / Card)",Medium,Published,,,,,
T5-356,5,No requirement tag,Governance,Component setting,component,https://county_template.devmny.org/the_risk/natural_hazards/avalanche,the_risk/natural_hazards/avalanche,Local Hazard Summary,2380749,lexical,tags (absent),"Section Settings > Tags: assign the 44 CFR 201.6 element this section satisfies, using the vocabulary already in use on the other 903 sections (A1-a, B1-d, C4-a, E1-a, ...).",,Open,,,,"B2-a, B2-b",1468375,Overview,General Vulnerability,"LHMP_IA section ""Overview"" (via ""General Vulnerability"")",Medium,Published,,,,,
T5-357,5,No requirement tag,Governance,Component setting,component,https://county_template.devmny.org/the_risk/natural_hazards/avalanche,the_risk/natural_hazards/avalanche,(untitled Card),2380755,Card,tags (absent),"Section Settings > Tags: assign the 44 CFR 201.6 element this section satisfies, using the vocabulary already in use on the other 903 sections (A1-a, B1-d, C4-a, E1-a, ...).",,Open,,,,B1-d,1468416,Historic Occurrences,Historic Occurrences,"inherited from LHMP_IA component ""Historic Occurrences"" (Historic Occurrences / Card)",Medium,Published,,,,,
T5-358,5,No requirement tag,Governance,Component setting,component,https://county_template.devmny.org/the_risk/natural_hazards/avalanche,the_risk/natural_hazards/avalanche,(untitled lexical),2380760,lexical,tags (absent),"Section Settings > Tags: assign the 44 CFR 201.6 element this section satisfies, using the vocabulary already in use on the other 903 sections (A1-a, B1-d, C4-a, E1-a, ...).",,Open,,,,B1-d,1468423,Historic Occurrences,Number of Events by County Municipality,"inherited from LHMP_IA component ""Number of Events by County Municipality"" (Historic Occurrences / Map)",Medium,Published,,,,,
T5-359,5,No requirement tag,Governance,Component setting,component,https://county_template.devmny.org/the_risk/natural_hazards/avalanche,the_risk/natural_hazards/avalanche,(untitled lexical),2380763,lexical,tags (absent),"Section Settings > Tags: assign the 44 CFR 201.6 element this section satisfies, using the vocabulary already in use on the other 903 sections (A1-a, B1-d, C4-a, E1-a, ...).",,Open,,,,B1-d,1468423,Historic Occurrences,Number of Events by County Municipality,"inherited from LHMP_IA component ""Number of Events by County Municipality"" (Historic Occurrences / Map)",Medium,Published,,,,,
T5-360,5,No requirement tag,Governance,Component setting,component,https://county_template.devmny.org/the_risk/natural_hazards/avalanche,the_risk/natural_hazards/avalanche,(untitled Card),2380767,Card,tags (absent),"Section Settings > Tags: assign the 44 CFR 201.6 element this section satisfies, using the vocabulary already in use on the other 903 sections (A1-a, B1-d, C4-a, E1-a, ...).",,Open,,,,B1-d,1468427,Historic Occurrences,Presidential Disaster Declarations,"inherited from LHMP_IA component ""Presidential Disaster Declarations"" (Historic Occurrences / Card)",Medium,Published,,,,,
T5-361,5,No requirement tag,Governance,Component setting,component,https://county_template.devmny.org/the_risk/natural_hazards/avalanche,the_risk/natural_hazards/avalanche,(untitled lexical),2380769,lexical,tags (absent),"Section Settings > Tags: assign the 44 CFR 201.6 element this section satisfies, using the vocabulary already in use on the other 903 sections (A1-a, B1-d, C4-a, E1-a, ...).",,Open,,,,B1-d,1468427,Historic Occurrences,Presidential Disaster Declarations,"inherited from LHMP_IA component ""Presidential Disaster Declarations"" (Historic Occurrences / Card)",Medium,Published (hidden from view),"on the page but flagged Hidden from View, so it paints nothing",,,,
T5-362,5,No requirement tag,Governance,Component setting,component,https://county_template.devmny.org/the_risk/natural_hazards/avalanche,the_risk/natural_hazards/avalanche,(untitled lexical),2380774,lexical,tags (absent),"Section Settings > Tags: assign the 44 CFR 201.6 element this section satisfies, using the vocabulary already in use on the other 903 sections (A1-a, B1-d, C4-a, E1-a, ...).",,Open,,,,B1-d,1468431,Historic Occurrences,Other Hazard Events,"inherited from LHMP_IA component ""Other Hazard Events"" (Historic Occurrences / Card)",Medium,Published (hidden from view),"on the page but flagged Hidden from View, so it paints nothing",,,,
T5-363,5,No requirement tag,Governance,Component setting,component,https://county_template.devmny.org/the_risk/natural_hazards/avalanche,the_risk/natural_hazards/avalanche,Local Risk Assessment,2380776,lexical,tags (absent),"Section Settings > Tags: assign the 44 CFR 201.6 element this section satisfies, using the vocabulary already in use on the other 903 sections (A1-a, B1-d, C4-a, E1-a, ...).",,Open,,,,"B2-a, B2-b",1468438,Modeled Risks (NRI),Built Environment Overview,"LHMP_IA section ""Modeled Risks (NRI)"" (via ""Built Environment Overview"")",Medium,Published,,,,,
T5-364,5,No requirement tag,Governance,Component setting,component,https://county_template.devmny.org/the_risk/natural_hazards/avalanche,the_risk/natural_hazards/avalanche,(untitled lexical),2380777,lexical,tags (absent),"Section Settings > Tags: assign the 44 CFR 201.6 element this section satisfies, using the vocabulary already in use on the other 903 sections (A1-a, B1-d, C4-a, E1-a, ...).",,Open,,,,"B2-a, B2-b",1468438,Modeled Risks (NRI),Built Environment Overview,"inherited from LHMP_IA section ""Modeled Risks (NRI)"" (via ""Built Environment Overview"")",Medium,Published (hidden from view),"on the page but flagged Hidden from View, so it paints nothing",,,,
T5-365,5,No requirement tag,Governance,Component setting,component,https://county_template.devmny.org/the_risk/natural_hazards/avalanche,the_risk/natural_hazards/avalanche,(untitled Card),2380779,Card,tags (absent),"Section Settings > Tags: assign the 44 CFR 201.6 element this section satisfies, using the vocabulary already in use on the other 903 sections (A1-a, B1-d, C4-a, E1-a, ...).",,Open,,,,"B2-a, B2-b",1468397,Local Impacts,County Level,"inherited from LHMP_IA section ""Local Impacts"" (via ""County Level"")",Medium,Published (hidden from view),"on the page but flagged Hidden from View, so it paints nothing",,,,
T5-366,5,No requirement tag,Governance,Component setting,component,https://county_template.devmny.org/the_risk/natural_hazards/avalanche,the_risk/natural_hazards/avalanche,(untitled lexical),2380780,lexical,tags (absent),"Section Settings > Tags: assign the 44 CFR 201.6 element this section satisfies, using the vocabulary already in use on the other 903 sections (A1-a, B1-d, C4-a, E1-a, ...).",,Open,,,,"B2-a, B2-b",1468397,Local Impacts,County Level,"inherited from LHMP_IA section ""Local Impacts"" (via ""County Level"")",Medium,Published (hidden from view),"on the page but flagged Hidden from View, so it paints nothing",,,,
T5-367,5,No requirement tag,Governance,Component setting,component,https://county_template.devmny.org/the_risk/natural_hazards/avalanche,the_risk/natural_hazards/avalanche,(untitled Spreadsheet),2380782,Spreadsheet,tags (absent),"Section Settings > Tags: assign the 44 CFR 201.6 element this section satisfies, using the vocabulary already in use on the other 903 sections (A1-a, B1-d, C4-a, E1-a, ...).",,Open,,,,"B2-a, B2-b",1468397,Local Impacts,County Level,"inherited from LHMP_IA section ""Local Impacts"" (via ""County Level"")",Medium,Published,,,,,
T5-368,5,No requirement tag,Governance,Component setting,component,https://county_template.devmny.org/the_risk/natural_hazards/avalanche,the_risk/natural_hazards/avalanche,(untitled lexical),2380787,lexical,tags (absent),"Section Settings > Tags: assign the 44 CFR 201.6 element this section satisfies, using the vocabulary already in use on the other 903 sections (A1-a, B1-d, C4-a, E1-a, ...).",,Open,,,,"B2-a, B2-b",1468438,Modeled Risks (NRI),Built Environment Overview,"inherited from LHMP_IA component ""Built Environment Overview"" (Modeled Risks (NRI) / Card)",Medium,Published (hidden from view),"on the page but flagged Hidden from View, so it paints nothing",,,,
T5-369,5,No requirement tag,Governance,Component setting,component,https://county_template.devmny.org/the_risk/natural_hazards/avalanche,the_risk/natural_hazards/avalanche,Built Environment - Local Risk Summary,2380788,lexical,tags (absent),"Section Settings > Tags: assign the 44 CFR 201.6 element this section satisfies, using the vocabulary already in use on the other 903 sections (A1-a, B1-d, C4-a, E1-a, ...).",,Open,,,,,1957824,Modeled Risks (NRI),Built Environment - Local Risk Summary,"LHMP_IA component ""Built Environment - Local Risk Summary"" (Modeled Risks (NRI) / Rich Text)",,Published,,,,,
T5-370,5,No requirement tag,Governance,Component setting,component,https://county_template.devmny.org/the_risk/natural_hazards/avalanche,the_risk/natural_hazards/avalanche,(untitled lexical),2380790,lexical,tags (absent),"Section Settings > Tags: assign the 44 CFR 201.6 element this section satisfies, using the vocabulary already in use on the other 903 sections (A1-a, B1-d, C4-a, E1-a, ...).",,Open,,,,"B2-a, B2-b",1468457,Modeled Risks (NRI),People and Communities Overview,"inherited from LHMP_IA component ""People and Communities Overview"" (Modeled Risks (NRI) / Card)",Medium,Published (hidden from view),"on the page but flagged Hidden from View, so it paints nothing",,,,
T5-371,5,No requirement tag,Governance,Component setting,component,https://county_template.devmny.org/the_risk/natural_hazards/avalanche,the_risk/natural_hazards/avalanche,People and Communities - Local Risk Summary,2380791,lexical,tags (absent),"Section Settings > Tags: assign the 44 CFR 201.6 element this section satisfies, using the vocabulary already in use on the other 903 sections (A1-a, B1-d, C4-a, E1-a, ...).",,Open,,,,,1686455,Modeled Risks (NRI),People and Communities - Local Risk Summary,"LHMP_IA component ""People and Communities - Local Risk Summary"" (Modeled Risks (NRI) / Rich Text)",,Published,,,,,
T5-372,5,No requirement tag,Governance,Component setting,component,https://county_template.devmny.org/the_risk/natural_hazards/avalanche,the_risk/natural_hazards/avalanche,(untitled lexical),2380793,lexical,tags (absent),"Section Settings > Tags: assign the 44 CFR 201.6 element this section satisfies, using the vocabulary already in use on the other 903 sections (A1-a, B1-d, C4-a, E1-a, ...).",,Open,,,,"B2-a, B2-b",1468475,Modeled Risks (NRI),Natural Environment Overview,"inherited from LHMP_IA component ""Natural Environment Overview"" (Modeled Risks (NRI) / Card)",Medium,Published (hidden from view),"on the page but flagged Hidden from View, so it paints nothing",,,,
T5-373,5,No requirement tag,Governance,Component setting,component,https://county_template.devmny.org/the_risk/natural_hazards/avalanche,the_risk/natural_hazards/avalanche,Natural Environment - Local Risk Summary,2380794,lexical,tags (absent),"Section Settings > Tags: assign the 44 CFR 201.6 element this section satisfies, using the vocabulary already in use on the other 903 sections (A1-a, B1-d, C4-a, E1-a, ...).",,Open,,,,,1957825,Modeled Risks (NRI),Natural Environment - Local Risk Summary,"LHMP_IA component ""Natural Environment - Local Risk Summary"" (Modeled Risks (NRI) / Rich Text)",,Published,,,,,
T5-374,5,No requirement tag,Governance,Component setting,component,https://county_template.devmny.org/the_risk/natural_hazards/avalanche,the_risk/natural_hazards/avalanche,(untitled lexical),2380795,lexical,tags (absent),"Section Settings > Tags: assign the 44 CFR 201.6 element this section satisfies, using the vocabulary already in use on the other 903 sections (A1-a, B1-d, C4-a, E1-a, ...).",,Open,,,,,1957825,Modeled Risks (NRI),Natural Environment - Local Risk Summary,"inherited from LHMP_IA component ""Natural Environment - Local Risk Summary"" (Modeled Risks (NRI) / Rich Text)",,Published,,,,,
T5-375,5,No requirement tag,Governance,Component setting,component,https://county_template.devmny.org/the_risk/natural_hazards/avalanche,the_risk/natural_hazards/avalanche,(untitled lexical),2380799,lexical,tags (absent),"Section Settings > Tags: assign the 44 CFR 201.6 element this section satisfies, using the vocabulary already in use on the other 903 sections (A1-a, B1-d, C4-a, E1-a, ...).",,Open,,,,C1-a,1468495,Strategies,Capabilities,"inherited from LHMP_IA component ""Capabilities"" (Strategies / Card)",Medium,Published (hidden from view),"on the page but flagged Hidden from View, so it paints nothing",,,,
T5-376,5,No requirement tag,Governance,Component setting,component,https://county_template.devmny.org/the_risk/natural_hazards/avalanche,the_risk/natural_hazards/avalanche,(untitled Card),2380801,Card,tags (absent),"Section Settings > Tags: assign the 44 CFR 201.6 element this section satisfies, using the vocabulary already in use on the other 903 sections (A1-a, B1-d, C4-a, E1-a, ...).",,Open,,,,C1-a,1468496,Strategies (2.0),Local Capabilities,"inherited from LHMP_IA component ""Local Capabilities"" (Strategies (2.0) / Rich Text)",Medium,Published (hidden from view),"on the page but flagged Hidden from View, so it paints nothing",,,,
T5-377,5,No requirement tag,Governance,Component setting,component,https://county_template.devmny.org/the_risk/natural_hazards/avalanche,the_risk/natural_hazards/avalanche,(untitled lexical),2380804,lexical,tags (absent),"Section Settings > Tags: assign the 44 CFR 201.6 element this section satisfies, using the vocabulary already in use on the other 903 sections (A1-a, B1-d, C4-a, E1-a, ...).",,Open,,,,"C4-a, C4-b",1468498,Strategies,Actions,"inherited from LHMP_IA component ""Actions"" (Strategies / Card)",Medium,Published (hidden from view),"on the page but flagged Hidden from View, so it paints nothing",,,,
T5-378,5,No requirement tag,Governance,Component setting,component,https://county_template.devmny.org/the_risk/natural_hazards/avalanche,the_risk/natural_hazards/avalanche,(untitled Card),2380808,Card,tags (absent),"Section Settings > Tags: assign the 44 CFR 201.6 element this section satisfies, using the vocabulary already in use on the other 903 sections (A1-a, B1-d, C4-a, E1-a, ...).",,Open,,,,"C4-a, C4-b, E2-b",1468501,Strategies (2.0),Local Actions Table,"inherited from LHMP_IA component ""Local Actions Table"" (Strategies (2.0) / Table)",Medium,Published (hidden from view),"on the page but flagged Hidden from View, so it paints nothing",,,,
T5-379,5,No requirement tag,Governance,Component setting,component,https://county_template.devmny.org/the_risk/natural_hazards/avalanche,the_risk/natural_hazards/avalanche,(untitled lexical),2380809,lexical,tags (absent),"Section Settings > Tags: assign the 44 CFR 201.6 element this section satisfies, using the vocabulary already in use on the other 903 sections (A1-a, B1-d, C4-a, E1-a, ...).",,Open,,,,"C4-a, C4-b, E2-b",1468501,Strategies (2.0),Local Actions Table,"inherited from LHMP_IA component ""Local Actions Table"" (Strategies (2.0) / Table)",Medium,Published (hidden from view),"on the page but flagged Hidden from View, so it paints nothing",,,,
T5-380,5,No requirement tag,Governance,Component setting,component,https://county_template.devmny.org/the_risk/natural_hazards/avalanche,the_risk/natural_hazards/avalanche,(untitled lexical),2380811,lexical,tags (absent),"Section Settings > Tags: assign the 44 CFR 201.6 element this section satisfies, using the vocabulary already in use on the other 903 sections (A1-a, B1-d, C4-a, E1-a, ...).",,Open,,,,C4-a,1468502,Strategies (2.0),Featured Strategy,"inherited from LHMP_IA component ""Featured Strategy"" (Strategies (2.0) / Rich Text)",Medium,Published,,,,,
T5-381,5,No requirement tag,Governance,Component setting,component,https://county_template.devmny.org/the_risk/natural_hazards/coastal_hazards,the_risk/natural_hazards/coastal_hazards,(untitled lexical),2382029,lexical,tags (absent),"Section Settings > Tags: assign the 44 CFR 201.6 element this section satisfies, using the vocabulary already in use on the other 903 sections (A1-a, B1-d, C4-a, E1-a, ...).",,Open,,,,B1-a,1468360,Overview,Overview,"LHMP_IA section ""Overview"" (first section on the page)",Medium,Published (hidden from view),"on the page but flagged Hidden from View, so it paints nothing",,,,
T5-382,5,No requirement tag,Governance,Component setting,component,https://county_template.devmny.org/the_risk/natural_hazards/coastal_hazards,the_risk/natural_hazards/coastal_hazards,Hazard of Concern,2382032,Card on Hazards_of_Concern,tags (absent),"Section Settings > Tags: assign the 44 CFR 201.6 element this section satisfies, using the vocabulary already in use on the other 903 sections (A1-a, B1-d, C4-a, E1-a, ...).",,Open,,,,"B1-d, B1-e, B2-b",1468376,Overview,Hero Stats,"LHMP_IA component ""Hero Stats"" (Overview / Card)",High,Published,,,,,
T5-383,5,No requirement tag,Governance,Component setting,component,https://county_template.devmny.org/the_risk/natural_hazards/coastal_hazards,the_risk/natural_hazards/coastal_hazards,Historical Risk,2382034,Card,tags (absent),"Section Settings > Tags: assign the 44 CFR 201.6 element this section satisfies, using the vocabulary already in use on the other 903 sections (A1-a, B1-d, C4-a, E1-a, ...).",,Open,,,,"B1-d, B1-e, B2-b",1468376,Overview,Hero Stats,"LHMP_IA component ""Hero Stats"" (Overview / Card)",High,Published,,,,,
T5-384,5,No requirement tag,Governance,Component setting,component,https://county_template.devmny.org/the_risk/natural_hazards/coastal_hazards,the_risk/natural_hazards/coastal_hazards,(untitled lexical),2382037,lexical,tags (absent),"Section Settings > Tags: assign the 44 CFR 201.6 element this section satisfies, using the vocabulary already in use on the other 903 sections (A1-a, B1-d, C4-a, E1-a, ...).",,Open,,,,"B1-d, B1-e, B2-b",1468376,Overview,Hero Stats,"inherited from LHMP_IA component ""Hero Stats"" (Overview / Card)",Medium,Published,,,,,
T5-385,5,No requirement tag,Governance,Component setting,component,https://county_template.devmny.org/the_risk/natural_hazards/coastal_hazards,the_risk/natural_hazards/coastal_hazards,Modeled RIsk,2382033,Card on src 1508,tags (absent),"Section Settings > Tags: assign the 44 CFR 201.6 element this section satisfies, using the vocabulary already in use on the other 903 sections (A1-a, B1-d, C4-a, E1-a, ...).",,Open,,,,"B1-d, B1-e, B2-b",1468376,Overview,Hero Stats,"LHMP_IA component ""Hero Stats"" (Overview / Card)",High,Published,,,,,
T5-386,5,No requirement tag,Governance,Component setting,component,https://county_template.devmny.org/the_risk/natural_hazards/coastal_hazards,the_risk/natural_hazards/coastal_hazards,(untitled lexical),2382035,lexical,tags (absent),"Section Settings > Tags: assign the 44 CFR 201.6 element this section satisfies, using the vocabulary already in use on the other 903 sections (A1-a, B1-d, C4-a, E1-a, ...).",,Open,,,,"B1-d, B1-e, B2-b",1468376,Overview,Hero Stats,"inherited from LHMP_IA component ""Hero Stats"" (Overview / Card)",Medium,Published,,,,,
T5-387,5,No requirement tag,Governance,Component setting,component,https://county_template.devmny.org/the_risk/natural_hazards/coastal_hazards,the_risk/natural_hazards/coastal_hazards,Local Hazard Summary,2382038,lexical,tags (absent),"Section Settings > Tags: assign the 44 CFR 201.6 element this section satisfies, using the vocabulary already in use on the other 903 sections (A1-a, B1-d, C4-a, E1-a, ...).",,Open,,,,"B2-a, B2-b",1468377,Overview,General Vulnerability,"LHMP_IA section ""Overview"" (via ""General Vulnerability"")",Medium,Published,,,,,
T5-388,5,No requirement tag,Governance,Component setting,component,https://county_template.devmny.org/the_risk/natural_hazards/coastal_hazards,the_risk/natural_hazards/coastal_hazards,(untitled Spreadsheet),2382058,Spreadsheet on src 870,tags (absent),"Section Settings > Tags: assign the 44 CFR 201.6 element this section satisfies, using the vocabulary already in use on the other 903 sections (A1-a, B1-d, C4-a, E1-a, ...).",,Open,,,,B1-d,1468427,Historic Occurrences,Presidential Disaster Declarations,"inherited from LHMP_IA component ""Presidential Disaster Declarations"" (Historic Occurrences / Card)",Medium,Published,,,,,
T5-389,5,No requirement tag,Governance,Component setting,component,https://county_template.devmny.org/the_risk/natural_hazards/coastal_hazards,the_risk/natural_hazards/coastal_hazards,Total Events and Losses in $: Declared Disasters and Non-Declared Events,2382045,Card on LHMP_IA,tags (absent),"Section Settings > Tags: assign the 44 CFR 201.6 element this section satisfies, using the vocabulary already in use on the other 903 sections (A1-a, B1-d, C4-a, E1-a, ...).",,Open,,,,B1-d,1468416,Historic Occurrences,Historic Occurrences,"inherited from LHMP_IA component ""Historic Occurrences"" (Historic Occurrences / Card)",Medium,Published,,,,,
T5-390,5,No requirement tag,Governance,Component setting,component,https://county_template.devmny.org/the_risk/natural_hazards/coastal_hazards,the_risk/natural_hazards/coastal_hazards,(untitled Card),2382057,Card on LHMP_IA,tags (absent),"Section Settings > Tags: assign the 44 CFR 201.6 element this section satisfies, using the vocabulary already in use on the other 903 sections (A1-a, B1-d, C4-a, E1-a, ...).",,Open,,,,B1-d,1468427,Historic Occurrences,Presidential Disaster Declarations,"inherited from LHMP_IA component ""Presidential Disaster Declarations"" (Historic Occurrences / Card)",Medium,Published,,,,,
T5-391,5,No requirement tag,Governance,Component setting,component,https://county_template.devmny.org/the_risk/natural_hazards/coastal_hazards,the_risk/natural_hazards/coastal_hazards,(untitled lexical),2382064,lexical,tags (absent),"Section Settings > Tags: assign the 44 CFR 201.6 element this section satisfies, using the vocabulary already in use on the other 903 sections (A1-a, B1-d, C4-a, E1-a, ...).",,Open,,,,B1-d,1468431,Historic Occurrences,Other Hazard Events,"inherited from LHMP_IA component ""Other Hazard Events"" (Historic Occurrences / Card)",Medium,Published (hidden from view),"on the page but flagged Hidden from View, so it paints nothing",,,,
T5-392,5,No requirement tag,Governance,Component setting,component,https://county_template.devmny.org/the_risk/natural_hazards/coastal_hazards,the_risk/natural_hazards/coastal_hazards,Local Risk Assessment,2382066,lexical,tags (absent),"Section Settings > Tags: assign the 44 CFR 201.6 element this section satisfies, using the vocabulary already in use on the other 903 sections (A1-a, B1-d, C4-a, E1-a, ...).",,Open,,,,"B2-a, B2-b",1468438,Modeled Risks (NRI),Built Environment Overview,"LHMP_IA section ""Modeled Risks (NRI)"" (via ""Built Environment Overview"")",Medium,Published,,,,,
T5-393,5,No requirement tag,Governance,Component setting,component,https://county_template.devmny.org/the_risk/natural_hazards/coastal_hazards,the_risk/natural_hazards/coastal_hazards,(untitled lexical),2382050,lexical,tags (absent),"Section Settings > Tags: assign the 44 CFR 201.6 element this section satisfies, using the vocabulary already in use on the other 903 sections (A1-a, B1-d, C4-a, E1-a, ...).",,Open,,,,B1-d,1468423,Historic Occurrences,Number of Events by County Municipality,"inherited from LHMP_IA component ""Number of Events by County Municipality"" (Historic Occurrences / Map)",Medium,Published,,,,,
T5-394,5,No requirement tag,Governance,Component setting,component,https://county_template.devmny.org/the_risk/natural_hazards/coastal_hazards,the_risk/natural_hazards/coastal_hazards,(untitled Card),2382069,Card,tags (absent),"Section Settings > Tags: assign the 44 CFR 201.6 element this section satisfies, using the vocabulary already in use on the other 903 sections (A1-a, B1-d, C4-a, E1-a, ...).",,Open,,,,"B2-a, B2-b",1468397,Local Impacts,County Level,"inherited from LHMP_IA section ""Local Impacts"" (via ""County Level"")",Medium,Published (hidden from view),"on the page but flagged Hidden from View, so it paints nothing",,,,
T5-395,5,No requirement tag,Governance,Component setting,component,https://county_template.devmny.org/the_risk/natural_hazards/coastal_hazards,the_risk/natural_hazards/coastal_hazards,Built Environment - Local Risk Summary,2382078,lexical,tags (absent),"Section Settings > Tags: assign the 44 CFR 201.6 element this section satisfies, using the vocabulary already in use on the other 903 sections (A1-a, B1-d, C4-a, E1-a, ...).",,Open,,,,,1957824,Modeled Risks (NRI),Built Environment - Local Risk Summary,"LHMP_IA component ""Built Environment - Local Risk Summary"" (Modeled Risks (NRI) / Rich Text)",,Published,,,,,
T5-396,5,No requirement tag,Governance,Component setting,component,https://county_template.devmny.org/the_risk/natural_hazards/coastal_hazards,the_risk/natural_hazards/coastal_hazards,(untitled lexical),2382053,lexical,tags (absent),"Section Settings > Tags: assign the 44 CFR 201.6 element this section satisfies, using the vocabulary already in use on the other 903 sections (A1-a, B1-d, C4-a, E1-a, ...).",,Open,,,,B1-d,1468423,Historic Occurrences,Number of Events by County Municipality,"inherited from LHMP_IA component ""Number of Events by County Municipality"" (Historic Occurrences / Map)",Medium,Published,,,,,
T5-397,5,No requirement tag,Governance,Component setting,component,https://county_template.devmny.org/the_risk/natural_hazards/coastal_hazards,the_risk/natural_hazards/coastal_hazards,(untitled Card),2382091,Card,tags (absent),"Section Settings > Tags: assign the 44 CFR 201.6 element this section satisfies, using the vocabulary already in use on the other 903 sections (A1-a, B1-d, C4-a, E1-a, ...).",,Open,,,,C1-a,1468496,Strategies (2.0),Local Capabilities,"inherited from LHMP_IA component ""Local Capabilities"" (Strategies (2.0) / Rich Text)",Medium,Published (hidden from view),"on the page but flagged Hidden from View, so it paints nothing",,,,
T5-398,5,No requirement tag,Governance,Component setting,component,https://county_template.devmny.org/the_risk/natural_hazards/coastal_hazards,the_risk/natural_hazards/coastal_hazards,(untitled lexical),2382094,lexical,tags (absent),"Section Settings > Tags: assign the 44 CFR 201.6 element this section satisfies, using the vocabulary already in use on the other 903 sections (A1-a, B1-d, C4-a, E1-a, ...).",,Open,,,,"C4-a, C4-b",1468498,Strategies,Actions,"inherited from LHMP_IA component ""Actions"" (Strategies / Card)",Medium,Published (hidden from view),"on the page but flagged Hidden from View, so it paints nothing",,,,
T5-399,5,No requirement tag,Governance,Component setting,component,https://county_template.devmny.org/the_risk/natural_hazards/coastal_hazards,the_risk/natural_hazards/coastal_hazards,(untitled lexical),2382059,lexical,tags (absent),"Section Settings > Tags: assign the 44 CFR 201.6 element this section satisfies, using the vocabulary already in use on the other 903 sections (A1-a, B1-d, C4-a, E1-a, ...).",,Open,,,,B1-d,1468427,Historic Occurrences,Presidential Disaster Declarations,"inherited from LHMP_IA component ""Presidential Disaster Declarations"" (Historic Occurrences / Card)",Medium,Published (hidden from view),"on the page but flagged Hidden from View, so it paints nothing",,,,
T5-400,5,No requirement tag,Governance,Component setting,component,https://county_template.devmny.org/the_risk/natural_hazards/coastal_hazards,the_risk/natural_hazards/coastal_hazards,(untitled lexical),2382067,lexical,tags (absent),"Section Settings > Tags: assign the 44 CFR 201.6 element this section satisfies, using the vocabulary already in use on the other 903 sections (A1-a, B1-d, C4-a, E1-a, ...).",,Open,,,,"B2-a, B2-b",1468438,Modeled Risks (NRI),Built Environment Overview,"inherited from LHMP_IA section ""Modeled Risks (NRI)"" (via ""Built Environment Overview"")",Medium,Published (hidden from view),"on the page but flagged Hidden from View, so it paints nothing",,,,
T5-401,5,No requirement tag,Governance,Component setting,component,https://county_template.devmny.org/the_risk/natural_hazards/coastal_hazards,the_risk/natural_hazards/coastal_hazards,(untitled lexical),2382070,lexical,tags (absent),"Section Settings > Tags: assign the 44 CFR 201.6 element this section satisfies, using the vocabulary already in use on the other 903 sections (A1-a, B1-d, C4-a, E1-a, ...).",,Open,,,,"B2-a, B2-b",1468397,Local Impacts,County Level,"inherited from LHMP_IA section ""Local Impacts"" (via ""County Level"")",Medium,Published (hidden from view),"on the page but flagged Hidden from View, so it paints nothing",,,,
T5-402,5,No requirement tag,Governance,Component setting,component,https://county_template.devmny.org/the_risk/natural_hazards/coastal_hazards,the_risk/natural_hazards/coastal_hazards,(untitled Spreadsheet),2382072,Spreadsheet,tags (absent),"Section Settings > Tags: assign the 44 CFR 201.6 element this section satisfies, using the vocabulary already in use on the other 903 sections (A1-a, B1-d, C4-a, E1-a, ...).",,Open,,,,"B2-a, B2-b",1468397,Local Impacts,County Level,"inherited from LHMP_IA section ""Local Impacts"" (via ""County Level"")",Medium,Published,,,,,
T5-403,5,No requirement tag,Governance,Component setting,component,https://county_template.devmny.org/the_risk/natural_hazards/coastal_hazards,the_risk/natural_hazards/coastal_hazards,(untitled lexical),2382077,lexical,tags (absent),"Section Settings > Tags: assign the 44 CFR 201.6 element this section satisfies, using the vocabulary already in use on the other 903 sections (A1-a, B1-d, C4-a, E1-a, ...).",,Open,,,,"B2-a, B2-b",1468440,Modeled Risks (NRI),Built Environment Overview,"inherited from LHMP_IA component ""Built Environment Overview"" (Modeled Risks (NRI) / Card)",Medium,Published (hidden from view),"on the page but flagged Hidden from View, so it paints nothing",,,,
T5-404,5,No requirement tag,Governance,Component setting,component,https://county_template.devmny.org/the_risk/natural_hazards/coastal_hazards,the_risk/natural_hazards/coastal_hazards,(untitled lexical),2382080,lexical,tags (absent),"Section Settings > Tags: assign the 44 CFR 201.6 element this section satisfies, using the vocabulary already in use on the other 903 sections (A1-a, B1-d, C4-a, E1-a, ...).",,Open,,,,"B2-a, B2-b",1468458,Modeled Risks (NRI),People and Communities Overview,"inherited from LHMP_IA component ""People and Communities Overview"" (Modeled Risks (NRI) / Card)",Medium,Published (hidden from view),"on the page but flagged Hidden from View, so it paints nothing",,,,
T5-405,5,No requirement tag,Governance,Component setting,component,https://county_template.devmny.org/the_risk/natural_hazards/coastal_hazards,the_risk/natural_hazards/coastal_hazards,People and Communities - Local Risk Summary,2382081,lexical,tags (absent),"Section Settings > Tags: assign the 44 CFR 201.6 element this section satisfies, using the vocabulary already in use on the other 903 sections (A1-a, B1-d, C4-a, E1-a, ...).",,Open,,,,,1686455,Modeled Risks (NRI),People and Communities - Local Risk Summary,"LHMP_IA component ""People and Communities - Local Risk Summary"" (Modeled Risks (NRI) / Rich Text)",,Published,,,,,
T5-406,5,No requirement tag,Governance,Component setting,component,https://county_template.devmny.org/the_risk/natural_hazards/coastal_hazards,the_risk/natural_hazards/coastal_hazards,(untitled lexical),2382083,lexical,tags (absent),"Section Settings > Tags: assign the 44 CFR 201.6 element this section satisfies, using the vocabulary already in use on the other 903 sections (A1-a, B1-d, C4-a, E1-a, ...).",,Open,,,,"B2-a, B2-b",1468476,Modeled Risks (NRI),Natural Environment Overview,"inherited from LHMP_IA component ""Natural Environment Overview"" (Modeled Risks (NRI) / Card)",Medium,Published (hidden from view),"on the page but flagged Hidden from View, so it paints nothing",,,,
T5-407,5,No requirement tag,Governance,Component setting,component,https://county_template.devmny.org/the_risk/natural_hazards/coastal_hazards,the_risk/natural_hazards/coastal_hazards,Natural Environment - Local Risk Summary,2382084,lexical,tags (absent),"Section Settings > Tags: assign the 44 CFR 201.6 element this section satisfies, using the vocabulary already in use on the other 903 sections (A1-a, B1-d, C4-a, E1-a, ...).",,Open,,,,,1686471,Modeled Risks (NRI),Natural Environment - Local Risk Summary,"LHMP_IA component ""Natural Environment - Local Risk Summary"" (Modeled Risks (NRI) / Rich Text)",,Published,,,,,
T5-408,5,No requirement tag,Governance,Component setting,component,https://county_template.devmny.org/the_risk/natural_hazards/coastal_hazards,the_risk/natural_hazards/coastal_hazards,(untitled lexical),2382085,lexical,tags (absent),"Section Settings > Tags: assign the 44 CFR 201.6 element this section satisfies, using the vocabulary already in use on the other 903 sections (A1-a, B1-d, C4-a, E1-a, ...).",,Open,,,,,1686471,Modeled Risks (NRI),Natural Environment - Local Risk Summary,"inherited from LHMP_IA component ""Natural Environment - Local Risk Summary"" (Modeled Risks (NRI) / Rich Text)",,Published,,,,,
T5-409,5,No requirement tag,Governance,Component setting,component,https://county_template.devmny.org/the_risk/natural_hazards/coastal_hazards,the_risk/natural_hazards/coastal_hazards,(untitled lexical),2382089,lexical,tags (absent),"Section Settings > Tags: assign the 44 CFR 201.6 element this section satisfies, using the vocabulary already in use on the other 903 sections (A1-a, B1-d, C4-a, E1-a, ...).",,Open,,,,C1-a,1468495,Strategies,Capabilities,"inherited from LHMP_IA component ""Capabilities"" (Strategies / Card)",Medium,Published (hidden from view),"on the page but flagged Hidden from View, so it paints nothing",,,,
T5-410,5,No requirement tag,Governance,Component setting,component,https://county_template.devmny.org/the_risk/natural_hazards/coastal_hazards,the_risk/natural_hazards/coastal_hazards,(untitled Card),2382097,Card,tags (absent),"Section Settings > Tags: assign the 44 CFR 201.6 element this section satisfies, using the vocabulary already in use on the other 903 sections (A1-a, B1-d, C4-a, E1-a, ...).",,Open,,,,"C4-a, C4-b",1468499,Strategies (2.0),Local Actions,"inherited from LHMP_IA component ""Local Actions"" (Strategies (2.0) / Rich Text)",Medium,Published (hidden from view),"on the page but flagged Hidden from View, so it paints nothing",,,,
T5-411,5,No requirement tag,Governance,Component setting,component,https://county_template.devmny.org/the_risk/natural_hazards/coastal_hazards,the_risk/natural_hazards/coastal_hazards,(untitled lexical),2382099,lexical,tags (absent),"Section Settings > Tags: assign the 44 CFR 201.6 element this section satisfies, using the vocabulary already in use on the other 903 sections (A1-a, B1-d, C4-a, E1-a, ...).",,Open,,,,"C4-a, C4-b, E2-b",1468501,Strategies (2.0),Local Actions Table,"inherited from LHMP_IA component ""Local Actions Table"" (Strategies (2.0) / Table)",Medium,Published (hidden from view),"on the page but flagged Hidden from View, so it paints nothing",,,,
T5-412,5,No requirement tag,Governance,Component setting,component,https://county_template.devmny.org/the_risk/natural_hazards/coastal_hazards,the_risk/natural_hazards/coastal_hazards,(untitled lexical),2382101,lexical,tags (absent),"Section Settings > Tags: assign the 44 CFR 201.6 element this section satisfies, using the vocabulary already in use on the other 903 sections (A1-a, B1-d, C4-a, E1-a, ...).",,Open,,,,C4-a,1468502,Strategies (2.0),Featured Strategy,"inherited from LHMP_IA component ""Featured Strategy"" (Strategies (2.0) / Rich Text)",Medium,Published,,,,,
T5-413,5,No requirement tag,Governance,Component setting,component,https://county_template.devmny.org/the_risk/natural_hazards/drought,the_risk/natural_hazards/drought,(untitled lexical),2383892,lexical,tags (absent),"Section Settings > Tags: assign the 44 CFR 201.6 element this section satisfies, using the vocabulary already in use on the other 903 sections (A1-a, B1-d, C4-a, E1-a, ...).",,Open,,,,B1-a,1468363,Overview,Overview,"LHMP_IA section ""Overview"" (first section on the page)",Medium,Published (hidden from view),"on the page but flagged Hidden from View, so it paints nothing",,,,
T5-414,5,No requirement tag,Governance,Component setting,component,https://county_template.devmny.org/the_risk/natural_hazards/drought,the_risk/natural_hazards/drought,Hazard of Concern,2383895,Card on Hazards_of_Concern,tags (absent),"Section Settings > Tags: assign the 44 CFR 201.6 element this section satisfies, using the vocabulary already in use on the other 903 sections (A1-a, B1-d, C4-a, E1-a, ...).",,Open,,,,"B1-d, B1-e, B2-b",1468376,Overview,Hero Stats,"LHMP_IA component ""Hero Stats"" (Overview / Card)",High,Published,,,,,
T5-415,5,No requirement tag,Governance,Component setting,component,https://county_template.devmny.org/the_risk/natural_hazards/drought,the_risk/natural_hazards/drought,Modeled RIsk,2383896,Card on src 1508,tags (absent),"Section Settings > Tags: assign the 44 CFR 201.6 element this section satisfies, using the vocabulary already in use on the other 903 sections (A1-a, B1-d, C4-a, E1-a, ...).",,Open,,,,"B1-d, B1-e, B2-b",1468376,Overview,Hero Stats,"LHMP_IA component ""Hero Stats"" (Overview / Card)",High,Published,,,,,
T5-416,5,No requirement tag,Governance,Component setting,component,https://county_template.devmny.org/the_risk/natural_hazards/drought,the_risk/natural_hazards/drought,Historical Risk,2383897,Card,tags (absent),"Section Settings > Tags: assign the 44 CFR 201.6 element this section satisfies, using the vocabulary already in use on the other 903 sections (A1-a, B1-d, C4-a, E1-a, ...).",,Open,,,,"B1-d, B1-e, B2-b",1468376,Overview,Hero Stats,"LHMP_IA component ""Hero Stats"" (Overview / Card)",High,Published,,,,,
T5-417,5,No requirement tag,Governance,Component setting,component,https://county_template.devmny.org/the_risk/natural_hazards/drought,the_risk/natural_hazards/drought,(untitled lexical),2383898,lexical,tags (absent),"Section Settings > Tags: assign the 44 CFR 201.6 element this section satisfies, using the vocabulary already in use on the other 903 sections (A1-a, B1-d, C4-a, E1-a, ...).",,Open,,,,"B1-d, B1-e, B2-b",1468376,Overview,Hero Stats,"inherited from LHMP_IA component ""Hero Stats"" (Overview / Card)",Medium,Published,,,,,
T5-418,5,No requirement tag,Governance,Component setting,component,https://county_template.devmny.org/the_risk/natural_hazards/drought,the_risk/natural_hazards/drought,(untitled lexical),2383900,lexical,tags (absent),"Section Settings > Tags: assign the 44 CFR 201.6 element this section satisfies, using the vocabulary already in use on the other 903 sections (A1-a, B1-d, C4-a, E1-a, ...).",,Open,,,,"B1-d, B1-e, B2-b",1468376,Overview,Hero Stats,"inherited from LHMP_IA component ""Hero Stats"" (Overview / Card)",Medium,Published,,,,,
T5-419,5,No requirement tag,Governance,Component setting,component,https://county_template.devmny.org/the_risk/natural_hazards/drought,the_risk/natural_hazards/drought,Local Hazard Summary,2383901,lexical,tags (absent),"Section Settings > Tags: assign the 44 CFR 201.6 element this section satisfies, using the vocabulary already in use on the other 903 sections (A1-a, B1-d, C4-a, E1-a, ...).",,Open,,,,"B2-a, B2-b",1468378,Overview,General Vulnerability,"LHMP_IA section ""Overview"" (via ""General Vulnerability"")",Medium,Published,,,,,
T5-420,5,No requirement tag,Governance,Component setting,component,https://county_template.devmny.org/the_risk/natural_hazards/drought,the_risk/natural_hazards/drought,Total Events and Losses in $: Declared Disasters and Non-Declared Events,2383908,Card on LHMP_IA,tags (absent),"Section Settings > Tags: assign the 44 CFR 201.6 element this section satisfies, using the vocabulary already in use on the other 903 sections (A1-a, B1-d, C4-a, E1-a, ...).",,Open,,,,B1-d,1468416,Historic Occurrences,Historic Occurrences,"inherited from LHMP_IA component ""Historic Occurrences"" (Historic Occurrences / Card)",Medium,Published,,,,,
T5-421,5,No requirement tag,Governance,Component setting,component,https://county_template.devmny.org/the_risk/natural_hazards/drought,the_risk/natural_hazards/drought,(untitled lexical),2383912,lexical,tags (absent),"Section Settings > Tags: assign the 44 CFR 201.6 element this section satisfies, using the vocabulary already in use on the other 903 sections (A1-a, B1-d, C4-a, E1-a, ...).",,Open,,,,B1-d,1468423,Historic Occurrences,Number of Events by County Municipality,"inherited from LHMP_IA component ""Number of Events by County Municipality"" (Historic Occurrences / Map)",Medium,Published,,,,,
T5-422,5,No requirement tag,Governance,Component setting,component,https://county_template.devmny.org/the_risk/natural_hazards/drought,the_risk/natural_hazards/drought,(untitled lexical),2383915,lexical,tags (absent),"Section Settings > Tags: assign the 44 CFR 201.6 element this section satisfies, using the vocabulary already in use on the other 903 sections (A1-a, B1-d, C4-a, E1-a, ...).",,Open,,,,B1-d,1468423,Historic Occurrences,Number of Events by County Municipality,"inherited from LHMP_IA component ""Number of Events by County Municipality"" (Historic Occurrences / Map)",Medium,Published,,,,,
T5-423,5,No requirement tag,Governance,Component setting,component,https://county_template.devmny.org/the_risk/natural_hazards/drought,the_risk/natural_hazards/drought,(untitled Card),2383919,Card on LHMP_IA,tags (absent),"Section Settings > Tags: assign the 44 CFR 201.6 element this section satisfies, using the vocabulary already in use on the other 903 sections (A1-a, B1-d, C4-a, E1-a, ...).",,Open,,,,B1-d,1468427,Historic Occurrences,Presidential Disaster Declarations,"inherited from LHMP_IA component ""Presidential Disaster Declarations"" (Historic Occurrences / Card)",Medium,Published,,,,,
T5-424,5,No requirement tag,Governance,Component setting,component,https://county_template.devmny.org/the_risk/natural_hazards/drought,the_risk/natural_hazards/drought,(untitled Spreadsheet),2383920,Spreadsheet on src 870,tags (absent),"Section Settings > Tags: assign the 44 CFR 201.6 element this section satisfies, using the vocabulary already in use on the other 903 sections (A1-a, B1-d, C4-a, E1-a, ...).",,Open,,,,B1-d,1468427,Historic Occurrences,Presidential Disaster Declarations,"inherited from LHMP_IA component ""Presidential Disaster Declarations"" (Historic Occurrences / Card)",Medium,Published,,,,,
T5-425,5,No requirement tag,Governance,Component setting,component,https://county_template.devmny.org/the_risk/natural_hazards/drought,the_risk/natural_hazards/drought,(untitled lexical),2383921,lexical,tags (absent),"Section Settings > Tags: assign the 44 CFR 201.6 element this section satisfies, using the vocabulary already in use on the other 903 sections (A1-a, B1-d, C4-a, E1-a, ...).",,Open,,,,B1-d,1468427,Historic Occurrences,Presidential Disaster Declarations,"inherited from LHMP_IA component ""Presidential Disaster Declarations"" (Historic Occurrences / Card)",Medium,Published (hidden from view),"on the page but flagged Hidden from View, so it paints nothing",,,,
T5-426,5,No requirement tag,Governance,Component setting,component,https://county_template.devmny.org/the_risk/natural_hazards/drought,the_risk/natural_hazards/drought,(untitled lexical),2383926,lexical,tags (absent),"Section Settings > Tags: assign the 44 CFR 201.6 element this section satisfies, using the vocabulary already in use on the other 903 sections (A1-a, B1-d, C4-a, E1-a, ...).",,Open,,,,B1-d,1468431,Historic Occurrences,Other Hazard Events,"inherited from LHMP_IA component ""Other Hazard Events"" (Historic Occurrences / Card)",Medium,Published (hidden from view),"on the page but flagged Hidden from View, so it paints nothing",,,,
T5-427,5,No requirement tag,Governance,Component setting,component,https://county_template.devmny.org/the_risk/natural_hazards/drought,the_risk/natural_hazards/drought,Local Risk Assessment,2383928,lexical,tags (absent),"Section Settings > Tags: assign the 44 CFR 201.6 element this section satisfies, using the vocabulary already in use on the other 903 sections (A1-a, B1-d, C4-a, E1-a, ...).",,Open,,,,"B2-a, B2-b",1468438,Modeled Risks (NRI),Built Environment Overview,"LHMP_IA section ""Modeled Risks (NRI)"" (via ""Built Environment Overview"")",Medium,Published,,,,,
T5-428,5,No requirement tag,Governance,Component setting,component,https://county_template.devmny.org/the_risk/natural_hazards/drought,the_risk/natural_hazards/drought,(untitled lexical),2383929,lexical,tags (absent),"Section Settings > Tags: assign the 44 CFR 201.6 element this section satisfies, using the vocabulary already in use on the other 903 sections (A1-a, B1-d, C4-a, E1-a, ...).",,Open,,,,"B2-a, B2-b",1468438,Modeled Risks (NRI),Built Environment Overview,"inherited from LHMP_IA section ""Modeled Risks (NRI)"" (via ""Built Environment Overview"")",Medium,Published (hidden from view),"on the page but flagged Hidden from View, so it paints nothing",,,,
T5-429,5,No requirement tag,Governance,Component setting,component,https://county_template.devmny.org/the_risk/natural_hazards/drought,the_risk/natural_hazards/drought,(untitled Card),2383931,Card,tags (absent),"Section Settings > Tags: assign the 44 CFR 201.6 element this section satisfies, using the vocabulary already in use on the other 903 sections (A1-a, B1-d, C4-a, E1-a, ...).",,Open,,,,"B2-a, B2-b",1468397,Local Impacts,County Level,"inherited from LHMP_IA section ""Local Impacts"" (via ""County Level"")",Medium,Published (hidden from view),"on the page but flagged Hidden from View, so it paints nothing",,,,
T5-430,5,No requirement tag,Governance,Component setting,component,https://county_template.devmny.org/the_risk/natural_hazards/drought,the_risk/natural_hazards/drought,(untitled lexical),2383932,lexical,tags (absent),"Section Settings > Tags: assign the 44 CFR 201.6 element this section satisfies, using the vocabulary already in use on the other 903 sections (A1-a, B1-d, C4-a, E1-a, ...).",,Open,,,,"B2-a, B2-b",1468397,Local Impacts,County Level,"inherited from LHMP_IA section ""Local Impacts"" (via ""County Level"")",Medium,Published (hidden from view),"on the page but flagged Hidden from View, so it paints nothing",,,,
T5-431,5,No requirement tag,Governance,Component setting,component,https://county_template.devmny.org/the_risk/natural_hazards/drought,the_risk/natural_hazards/drought,(untitled Spreadsheet),2383934,Spreadsheet,tags (absent),"Section Settings > Tags: assign the 44 CFR 201.6 element this section satisfies, using the vocabulary already in use on the other 903 sections (A1-a, B1-d, C4-a, E1-a, ...).",,Open,,,,"B2-a, B2-b",1468397,Local Impacts,County Level,"inherited from LHMP_IA section ""Local Impacts"" (via ""County Level"")",Medium,Published,,,,,
T5-432,5,No requirement tag,Governance,Component setting,component,https://county_template.devmny.org/the_risk/natural_hazards/drought,the_risk/natural_hazards/drought,(untitled lexical),2383939,lexical,tags (absent),"Section Settings > Tags: assign the 44 CFR 201.6 element this section satisfies, using the vocabulary already in use on the other 903 sections (A1-a, B1-d, C4-a, E1-a, ...).",,Open,,,,"B2-a, B2-b",1468442,Modeled Risks (NRI),Built Environment Overview,"inherited from LHMP_IA component ""Built Environment Overview"" (Modeled Risks (NRI) / Card)",Medium,Published (hidden from view),"on the page but flagged Hidden from View, so it paints nothing",,,,
T5-433,5,No requirement tag,Governance,Component setting,component,https://county_template.devmny.org/the_risk/natural_hazards/drought,the_risk/natural_hazards/drought,Built Environment - Local Risk Summary,2383940,lexical,tags (absent),"Section Settings > Tags: assign the 44 CFR 201.6 element this section satisfies, using the vocabulary already in use on the other 903 sections (A1-a, B1-d, C4-a, E1-a, ...).",,Open,,,,,1957824,Modeled Risks (NRI),Built Environment - Local Risk Summary,"LHMP_IA component ""Built Environment - Local Risk Summary"" (Modeled Risks (NRI) / Rich Text)",,Published,,,,,
T5-434,5,No requirement tag,Governance,Component setting,component,https://county_template.devmny.org/the_risk/natural_hazards/drought,the_risk/natural_hazards/drought,(untitled lexical),2383942,lexical,tags (absent),"Section Settings > Tags: assign the 44 CFR 201.6 element this section satisfies, using the vocabulary already in use on the other 903 sections (A1-a, B1-d, C4-a, E1-a, ...).",,Open,,,,"B2-a, B2-b",1468459,Modeled Risks (NRI),People and Communities Overview,"inherited from LHMP_IA component ""People and Communities Overview"" (Modeled Risks (NRI) / Card)",Medium,Published (hidden from view),"on the page but flagged Hidden from View, so it paints nothing",,,,
T5-435,5,No requirement tag,Governance,Component setting,component,https://county_template.devmny.org/the_risk/natural_hazards/drought,the_risk/natural_hazards/drought,People and Communities - Local Risk Summary,2383943,lexical,tags (absent),"Section Settings > Tags: assign the 44 CFR 201.6 element this section satisfies, using the vocabulary already in use on the other 903 sections (A1-a, B1-d, C4-a, E1-a, ...).",,Open,,,,,1686455,Modeled Risks (NRI),People and Communities - Local Risk Summary,"LHMP_IA component ""People and Communities - Local Risk Summary"" (Modeled Risks (NRI) / Rich Text)",,Published,,,,,
T5-436,5,No requirement tag,Governance,Component setting,component,https://county_template.devmny.org/the_risk/natural_hazards/drought,the_risk/natural_hazards/drought,(untitled lexical),2383945,lexical,tags (absent),"Section Settings > Tags: assign the 44 CFR 201.6 element this section satisfies, using the vocabulary already in use on the other 903 sections (A1-a, B1-d, C4-a, E1-a, ...).",,Open,,,,"B2-a, B2-b",1468478,Modeled Risks (NRI),Natural Environment Overview,"inherited from LHMP_IA component ""Natural Environment Overview"" (Modeled Risks (NRI) / Card)",Medium,Published (hidden from view),"on the page but flagged Hidden from View, so it paints nothing",,,,
T5-437,5,No requirement tag,Governance,Component setting,component,https://county_template.devmny.org/the_risk/natural_hazards/drought,the_risk/natural_hazards/drought,Natural Environment - Local Risk Summary,2383946,lexical,tags (absent),"Section Settings > Tags: assign the 44 CFR 201.6 element this section satisfies, using the vocabulary already in use on the other 903 sections (A1-a, B1-d, C4-a, E1-a, ...).",,Open,,,,,1957825,Modeled Risks (NRI),Natural Environment - Local Risk Summary,"LHMP_IA component ""Natural Environment - Local Risk Summary"" (Modeled Risks (NRI) / Rich Text)",,Published,,,,,
T5-438,5,No requirement tag,Governance,Component setting,component,https://county_template.devmny.org/the_risk/natural_hazards/drought,the_risk/natural_hazards/drought,(untitled lexical),2383947,lexical,tags (absent),"Section Settings > Tags: assign the 44 CFR 201.6 element this section satisfies, using the vocabulary already in use on the other 903 sections (A1-a, B1-d, C4-a, E1-a, ...).",,Open,,,,,1957825,Modeled Risks (NRI),Natural Environment - Local Risk Summary,"inherited from LHMP_IA component ""Natural Environment - Local Risk Summary"" (Modeled Risks (NRI) / Rich Text)",,Published,,,,,
T5-439,5,No requirement tag,Governance,Component setting,component,https://county_template.devmny.org/the_risk/natural_hazards/drought,the_risk/natural_hazards/drought,(untitled lexical),2383951,lexical,tags (absent),"Section Settings > Tags: assign the 44 CFR 201.6 element this section satisfies, using the vocabulary already in use on the other 903 sections (A1-a, B1-d, C4-a, E1-a, ...).",,Open,,,,C1-a,1468495,Strategies,Capabilities,"inherited from LHMP_IA component ""Capabilities"" (Strategies / Card)",Medium,Published (hidden from view),"on the page but flagged Hidden from View, so it paints nothing",,,,
T5-440,5,No requirement tag,Governance,Component setting,component,https://county_template.devmny.org/the_risk/natural_hazards/drought,the_risk/natural_hazards/drought,(untitled Card),2383953,Card,tags (absent),"Section Settings > Tags: assign the 44 CFR 201.6 element this section satisfies, using the vocabulary already in use on the other 903 sections (A1-a, B1-d, C4-a, E1-a, ...).",,Open,,,,C1-a,1468496,Strategies (2.0),Local Capabilities,"inherited from LHMP_IA component ""Local Capabilities"" (Strategies (2.0) / Rich Text)",Medium,Published (hidden from view),"on the page but flagged Hidden from View, so it paints nothing",,,,
T5-441,5,No requirement tag,Governance,Component setting,component,https://county_template.devmny.org/the_risk/natural_hazards/drought,the_risk/natural_hazards/drought,(untitled lexical),2383956,lexical,tags (absent),"Section Settings > Tags: assign the 44 CFR 201.6 element this section satisfies, using the vocabulary already in use on the other 903 sections (A1-a, B1-d, C4-a, E1-a, ...).",,Open,,,,"C4-a, C4-b",1468498,Strategies,Actions,"inherited from LHMP_IA component ""Actions"" (Strategies / Card)",Medium,Published (hidden from view),"on the page but flagged Hidden from View, so it paints nothing",,,,
T5-442,5,No requirement tag,Governance,Component setting,component,https://county_template.devmny.org/the_risk/natural_hazards/drought,the_risk/natural_hazards/drought,(untitled lexical),2383960,lexical,tags (absent),"Section Settings > Tags: assign the 44 CFR 201.6 element this section satisfies, using the vocabulary already in use on the other 903 sections (A1-a, B1-d, C4-a, E1-a, ...).",,Open,,,,"C4-a, C4-b, E2-b",1468501,Strategies (2.0),Local Actions Table,"inherited from LHMP_IA component ""Local Actions Table"" (Strategies (2.0) / Table)",Medium,Published (hidden from view),"on the page but flagged Hidden from View, so it paints nothing",,,,
T5-443,5,No requirement tag,Governance,Component setting,component,https://county_template.devmny.org/the_risk/natural_hazards/drought,the_risk/natural_hazards/drought,(untitled lexical),2383962,lexical,tags (absent),"Section Settings > Tags: assign the 44 CFR 201.6 element this section satisfies, using the vocabulary already in use on the other 903 sections (A1-a, B1-d, C4-a, E1-a, ...).",,Open,,,,C4-a,1468502,Strategies (2.0),Featured Strategy,"inherited from LHMP_IA component ""Featured Strategy"" (Strategies (2.0) / Rich Text)",Medium,Published,,,,,
T5-444,5,No requirement tag,Governance,Component setting,component,https://county_template.devmny.org/the_risk/natural_hazards/earthquake,the_risk/natural_hazards/earthquake,(untitled lexical),2384041,lexical,tags (absent),"Section Settings > Tags: assign the 44 CFR 201.6 element this section satisfies, using the vocabulary already in use on the other 903 sections (A1-a, B1-d, C4-a, E1-a, ...).",,Open,,,,B1-a,1468361,Overview,Overview,"LHMP_IA section ""Overview"" (first section on the page)",Medium,Published (hidden from view),"on the page but flagged Hidden from View, so it paints nothing",,,,
T5-445,5,No requirement tag,Governance,Component setting,component,https://county_template.devmny.org/the_risk/natural_hazards/earthquake,the_risk/natural_hazards/earthquake,Hazard of Concern,2384044,Card on Hazards_of_Concern,tags (absent),"Section Settings > Tags: assign the 44 CFR 201.6 element this section satisfies, using the vocabulary already in use on the other 903 sections (A1-a, B1-d, C4-a, E1-a, ...).",,Open,,,,"B1-d, B1-e, B2-b",1468376,Overview,Hero Stats,"LHMP_IA component ""Hero Stats"" (Overview / Card)",High,Published,,,,,
T5-446,5,No requirement tag,Governance,Component setting,component,https://county_template.devmny.org/the_risk/natural_hazards/earthquake,the_risk/natural_hazards/earthquake,Modeled RIsk,2384045,Card on src 1508,tags (absent),"Section Settings > Tags: assign the 44 CFR 201.6 element this section satisfies, using the vocabulary already in use on the other 903 sections (A1-a, B1-d, C4-a, E1-a, ...).",,Open,,,,"B1-d, B1-e, B2-b",1468376,Overview,Hero Stats,"LHMP_IA component ""Hero Stats"" (Overview / Card)",High,Published,,,,,
T5-447,5,No requirement tag,Governance,Component setting,component,https://county_template.devmny.org/the_risk/natural_hazards/earthquake,the_risk/natural_hazards/earthquake,Historical Risk,2384046,Card,tags (absent),"Section Settings > Tags: assign the 44 CFR 201.6 element this section satisfies, using the vocabulary already in use on the other 903 sections (A1-a, B1-d, C4-a, E1-a, ...).",,Open,,,,"B1-d, B1-e, B2-b",1468376,Overview,Hero Stats,"LHMP_IA component ""Hero Stats"" (Overview / Card)",High,Published,,,,,
T5-448,5,No requirement tag,Governance,Component setting,component,https://county_template.devmny.org/the_risk/natural_hazards/earthquake,the_risk/natural_hazards/earthquake,Total Events and Losses in $: Declared Disasters and Non-Declared Events,2384057,Card on LHMP_IA,tags (absent),"Section Settings > Tags: assign the 44 CFR 201.6 element this section satisfies, using the vocabulary already in use on the other 903 sections (A1-a, B1-d, C4-a, E1-a, ...).",,Open,,,,B1-d,1468416,Historic Occurrences,Historic Occurrences,"inherited from LHMP_IA component ""Historic Occurrences"" (Historic Occurrences / Card)",Medium,Published,,,,,
T5-449,5,No requirement tag,Governance,Component setting,component,https://county_template.devmny.org/the_risk/natural_hazards/earthquake,the_risk/natural_hazards/earthquake,(untitled lexical),2384061,lexical,tags (absent),"Section Settings > Tags: assign the 44 CFR 201.6 element this section satisfies, using the vocabulary already in use on the other 903 sections (A1-a, B1-d, C4-a, E1-a, ...).",,Open,,,,B1-d,1468423,Historic Occurrences,Number of Events by County Municipality,"inherited from LHMP_IA component ""Number of Events by County Municipality"" (Historic Occurrences / Map)",Medium,Published,,,,,
T5-450,5,No requirement tag,Governance,Component setting,component,https://county_template.devmny.org/the_risk/natural_hazards/earthquake,the_risk/natural_hazards/earthquake,(untitled lexical),2384064,lexical,tags (absent),"Section Settings > Tags: assign the 44 CFR 201.6 element this section satisfies, using the vocabulary already in use on the other 903 sections (A1-a, B1-d, C4-a, E1-a, ...).",,Open,,,,B1-d,1468423,Historic Occurrences,Number of Events by County Municipality,"inherited from LHMP_IA component ""Number of Events by County Municipality"" (Historic Occurrences / Map)",Medium,Published,,,,,
T5-451,5,No requirement tag,Governance,Component setting,component,https://county_template.devmny.org/the_risk/natural_hazards/earthquake,the_risk/natural_hazards/earthquake,(untitled Card),2384068,Card on LHMP_IA,tags (absent),"Section Settings > Tags: assign the 44 CFR 201.6 element this section satisfies, using the vocabulary already in use on the other 903 sections (A1-a, B1-d, C4-a, E1-a, ...).",,Open,,,,B1-d,1468427,Historic Occurrences,Presidential Disaster Declarations,"inherited from LHMP_IA component ""Presidential Disaster Declarations"" (Historic Occurrences / Card)",Medium,Published,,,,,
T5-452,5,No requirement tag,Governance,Component setting,component,https://county_template.devmny.org/the_risk/natural_hazards/earthquake,the_risk/natural_hazards/earthquake,(untitled Spreadsheet),2384069,Spreadsheet on src 870,tags (absent),"Section Settings > Tags: assign the 44 CFR 201.6 element this section satisfies, using the vocabulary already in use on the other 903 sections (A1-a, B1-d, C4-a, E1-a, ...).",,Open,,,,B1-d,1468427,Historic Occurrences,Presidential Disaster Declarations,"inherited from LHMP_IA component ""Presidential Disaster Declarations"" (Historic Occurrences / Card)",Medium,Published,,,,,
T5-453,5,No requirement tag,Governance,Component setting,component,https://county_template.devmny.org/the_risk/natural_hazards/earthquake,the_risk/natural_hazards/earthquake,(untitled lexical),2384047,lexical,tags (absent),"Section Settings > Tags: assign the 44 CFR 201.6 element this section satisfies, using the vocabulary already in use on the other 903 sections (A1-a, B1-d, C4-a, E1-a, ...).",,Open,,,,"B1-d, B1-e, B2-b",1468376,Overview,Hero Stats,"inherited from LHMP_IA component ""Hero Stats"" (Overview / Card)",Medium,Published,,,,,
T5-454,5,No requirement tag,Governance,Component setting,component,https://county_template.devmny.org/the_risk/natural_hazards/earthquake,the_risk/natural_hazards/earthquake,(untitled lexical),2384070,lexical,tags (absent),"Section Settings > Tags: assign the 44 CFR 201.6 element this section satisfies, using the vocabulary already in use on the other 903 sections (A1-a, B1-d, C4-a, E1-a, ...).",,Open,,,,B1-d,1468427,Historic Occurrences,Presidential Disaster Declarations,"inherited from LHMP_IA component ""Presidential Disaster Declarations"" (Historic Occurrences / Card)",Medium,Published (hidden from view),"on the page but flagged Hidden from View, so it paints nothing",,,,
T5-455,5,No requirement tag,Governance,Component setting,component,https://county_template.devmny.org/the_risk/natural_hazards/earthquake,the_risk/natural_hazards/earthquake,(untitled lexical),2384049,lexical,tags (absent),"Section Settings > Tags: assign the 44 CFR 201.6 element this section satisfies, using the vocabulary already in use on the other 903 sections (A1-a, B1-d, C4-a, E1-a, ...).",,Open,,,,"B1-d, B1-e, B2-b",1468376,Overview,Hero Stats,"inherited from LHMP_IA component ""Hero Stats"" (Overview / Card)",Medium,Published,,,,,
T5-456,5,No requirement tag,Governance,Component setting,component,https://county_template.devmny.org/the_risk/natural_hazards/earthquake,the_risk/natural_hazards/earthquake,Local Hazard Summary,2384050,lexical,tags (absent),"Section Settings > Tags: assign the 44 CFR 201.6 element this section satisfies, using the vocabulary already in use on the other 903 sections (A1-a, B1-d, C4-a, E1-a, ...).",,Open,,,,"B2-a, B2-b",1468381,Overview,General Vulnerability,"LHMP_IA section ""Overview"" (via ""General Vulnerability"")",Medium,Published,,,,,
T5-457,5,No requirement tag,Governance,Component setting,component,https://county_template.devmny.org/the_risk/natural_hazards/earthquake,the_risk/natural_hazards/earthquake,(untitled lexical),2384075,lexical,tags (absent),"Section Settings > Tags: assign the 44 CFR 201.6 element this section satisfies, using the vocabulary already in use on the other 903 sections (A1-a, B1-d, C4-a, E1-a, ...).",,Open,,,,B1-d,1468431,Historic Occurrences,Other Hazard Events,"inherited from LHMP_IA component ""Other Hazard Events"" (Historic Occurrences / Card)",Medium,Published (hidden from view),"on the page but flagged Hidden from View, so it paints nothing",,,,
T5-458,5,No requirement tag,Governance,Component setting,component,https://county_template.devmny.org/the_risk/natural_hazards/earthquake,the_risk/natural_hazards/earthquake,Local Risk Assessment,2384077,lexical,tags (absent),"Section Settings > Tags: assign the 44 CFR 201.6 element this section satisfies, using the vocabulary already in use on the other 903 sections (A1-a, B1-d, C4-a, E1-a, ...).",,Open,,,,"B2-a, B2-b",1468438,Modeled Risks (NRI),Built Environment Overview,"LHMP_IA section ""Modeled Risks (NRI)"" (via ""Built Environment Overview"")",Medium,Published,,,,,
T5-459,5,No requirement tag,Governance,Component setting,component,https://county_template.devmny.org/the_risk/natural_hazards/earthquake,the_risk/natural_hazards/earthquake,(untitled lexical),2384078,lexical,tags (absent),"Section Settings > Tags: assign the 44 CFR 201.6 element this section satisfies, using the vocabulary already in use on the other 903 sections (A1-a, B1-d, C4-a, E1-a, ...).",,Open,,,,"B2-a, B2-b",1468438,Modeled Risks (NRI),Built Environment Overview,"inherited from LHMP_IA section ""Modeled Risks (NRI)"" (via ""Built Environment Overview"")",Medium,Published (hidden from view),"on the page but flagged Hidden from View, so it paints nothing",,,,
T5-460,5,No requirement tag,Governance,Component setting,component,https://county_template.devmny.org/the_risk/natural_hazards/earthquake,the_risk/natural_hazards/earthquake,(untitled Card),2384080,Card,tags (absent),"Section Settings > Tags: assign the 44 CFR 201.6 element this section satisfies, using the vocabulary already in use on the other 903 sections (A1-a, B1-d, C4-a, E1-a, ...).",,Open,,,,"B2-a, B2-b",1468397,Local Impacts,County Level,"inherited from LHMP_IA section ""Local Impacts"" (via ""County Level"")",Medium,Published (hidden from view),"on the page but flagged Hidden from View, so it paints nothing",,,,
T5-461,5,No requirement tag,Governance,Component setting,component,https://county_template.devmny.org/the_risk/natural_hazards/earthquake,the_risk/natural_hazards/earthquake,(untitled lexical),2384081,lexical,tags (absent),"Section Settings > Tags: assign the 44 CFR 201.6 element this section satisfies, using the vocabulary already in use on the other 903 sections (A1-a, B1-d, C4-a, E1-a, ...).",,Open,,,,"B2-a, B2-b",1468397,Local Impacts,County Level,"inherited from LHMP_IA section ""Local Impacts"" (via ""County Level"")",Medium,Published (hidden from view),"on the page but flagged Hidden from View, so it paints nothing",,,,
T5-462,5,No requirement tag,Governance,Component setting,component,https://county_template.devmny.org/the_risk/natural_hazards/earthquake,the_risk/natural_hazards/earthquake,(untitled Spreadsheet),2384083,Spreadsheet,tags (absent),"Section Settings > Tags: assign the 44 CFR 201.6 element this section satisfies, using the vocabulary already in use on the other 903 sections (A1-a, B1-d, C4-a, E1-a, ...).",,Open,,,,"B2-a, B2-b",1468397,Local Impacts,County Level,"inherited from LHMP_IA section ""Local Impacts"" (via ""County Level"")",Medium,Published,,,,,
T5-463,5,No requirement tag,Governance,Component setting,component,https://county_template.devmny.org/the_risk/natural_hazards/earthquake,the_risk/natural_hazards/earthquake,(untitled lexical),2384088,lexical,tags (absent),"Section Settings > Tags: assign the 44 CFR 201.6 element this section satisfies, using the vocabulary already in use on the other 903 sections (A1-a, B1-d, C4-a, E1-a, ...).",,Open,,,,"B2-a, B2-b",1468441,Modeled Risks (NRI),Built Environment Overview,"inherited from LHMP_IA component ""Built Environment Overview"" (Modeled Risks (NRI) / Card)",Medium,Published (hidden from view),"on the page but flagged Hidden from View, so it paints nothing",,,,
T5-464,5,No requirement tag,Governance,Component setting,component,https://county_template.devmny.org/the_risk/natural_hazards/earthquake,the_risk/natural_hazards/earthquake,Built Environment - Local Risk Summary,2384089,lexical,tags (absent),"Section Settings > Tags: assign the 44 CFR 201.6 element this section satisfies, using the vocabulary already in use on the other 903 sections (A1-a, B1-d, C4-a, E1-a, ...).",,Open,,,,,1957824,Modeled Risks (NRI),Built Environment - Local Risk Summary,"LHMP_IA component ""Built Environment - Local Risk Summary"" (Modeled Risks (NRI) / Rich Text)",,Published,,,,,
T5-465,5,No requirement tag,Governance,Component setting,component,https://county_template.devmny.org/the_risk/natural_hazards/earthquake,the_risk/natural_hazards/earthquake,(untitled lexical),2384091,lexical,tags (absent),"Section Settings > Tags: assign the 44 CFR 201.6 element this section satisfies, using the vocabulary already in use on the other 903 sections (A1-a, B1-d, C4-a, E1-a, ...).",,Open,,,,"B2-a, B2-b",1468460,Modeled Risks (NRI),People and Communities Overview,"inherited from LHMP_IA component ""People and Communities Overview"" (Modeled Risks (NRI) / Card)",Medium,Published (hidden from view),"on the page but flagged Hidden from View, so it paints nothing",,,,
T5-466,5,No requirement tag,Governance,Component setting,component,https://county_template.devmny.org/the_risk/natural_hazards/earthquake,the_risk/natural_hazards/earthquake,People and Communities - Local Risk Summary,2384092,lexical,tags (absent),"Section Settings > Tags: assign the 44 CFR 201.6 element this section satisfies, using the vocabulary already in use on the other 903 sections (A1-a, B1-d, C4-a, E1-a, ...).",,Open,,,,,1686455,Modeled Risks (NRI),People and Communities - Local Risk Summary,"LHMP_IA component ""People and Communities - Local Risk Summary"" (Modeled Risks (NRI) / Rich Text)",,Published,,,,,
T5-467,5,No requirement tag,Governance,Component setting,component,https://county_template.devmny.org/the_risk/natural_hazards/earthquake,the_risk/natural_hazards/earthquake,(untitled lexical),2384094,lexical,tags (absent),"Section Settings > Tags: assign the 44 CFR 201.6 element this section satisfies, using the vocabulary already in use on the other 903 sections (A1-a, B1-d, C4-a, E1-a, ...).",,Open,,,,"B2-a, B2-b",1468477,Modeled Risks (NRI),Natural Environment Overview,"inherited from LHMP_IA component ""Natural Environment Overview"" (Modeled Risks (NRI) / Card)",Medium,Published (hidden from view),"on the page but flagged Hidden from View, so it paints nothing",,,,
T5-468,5,No requirement tag,Governance,Component setting,component,https://county_template.devmny.org/the_risk/natural_hazards/earthquake,the_risk/natural_hazards/earthquake,Natural Environment - Local Risk Summary,2384095,lexical,tags (absent),"Section Settings > Tags: assign the 44 CFR 201.6 element this section satisfies, using the vocabulary already in use on the other 903 sections (A1-a, B1-d, C4-a, E1-a, ...).",,Open,,,,,1957825,Modeled Risks (NRI),Natural Environment - Local Risk Summary,"LHMP_IA component ""Natural Environment - Local Risk Summary"" (Modeled Risks (NRI) / Rich Text)",,Published,,,,,
T5-469,5,No requirement tag,Governance,Component setting,component,https://county_template.devmny.org/the_risk/natural_hazards/earthquake,the_risk/natural_hazards/earthquake,(untitled lexical),2384096,lexical,tags (absent),"Section Settings > Tags: assign the 44 CFR 201.6 element this section satisfies, using the vocabulary already in use on the other 903 sections (A1-a, B1-d, C4-a, E1-a, ...).",,Open,,,,,1957825,Modeled Risks (NRI),Natural Environment - Local Risk Summary,"inherited from LHMP_IA component ""Natural Environment - Local Risk Summary"" (Modeled Risks (NRI) / Rich Text)",,Published,,,,,
T5-470,5,No requirement tag,Governance,Component setting,component,https://county_template.devmny.org/the_risk/natural_hazards/earthquake,the_risk/natural_hazards/earthquake,(untitled lexical),2384100,lexical,tags (absent),"Section Settings > Tags: assign the 44 CFR 201.6 element this section satisfies, using the vocabulary already in use on the other 903 sections (A1-a, B1-d, C4-a, E1-a, ...).",,Open,,,,C1-a,1468495,Strategies,Capabilities,"inherited from LHMP_IA component ""Capabilities"" (Strategies / Card)",Medium,Published (hidden from view),"on the page but flagged Hidden from View, so it paints nothing",,,,
T5-471,5,No requirement tag,Governance,Component setting,component,https://county_template.devmny.org/the_risk/natural_hazards/earthquake,the_risk/natural_hazards/earthquake,(untitled Card),2384102,Card,tags (absent),"Section Settings > Tags: assign the 44 CFR 201.6 element this section satisfies, using the vocabulary already in use on the other 903 sections (A1-a, B1-d, C4-a, E1-a, ...).",,Open,,,,C1-a,1468496,Strategies (2.0),Local Capabilities,"inherited from LHMP_IA component ""Local Capabilities"" (Strategies (2.0) / Rich Text)",Medium,Published (hidden from view),"on the page but flagged Hidden from View, so it paints nothing",,,,
T5-472,5,No requirement tag,Governance,Component setting,component,https://county_template.devmny.org/the_risk/natural_hazards/earthquake,the_risk/natural_hazards/earthquake,(untitled lexical),2384105,lexical,tags (absent),"Section Settings > Tags: assign the 44 CFR 201.6 element this section satisfies, using the vocabulary already in use on the other 903 sections (A1-a, B1-d, C4-a, E1-a, ...).",,Open,,,,"C4-a, C4-b",1468498,Strategies,Actions,"inherited from LHMP_IA component ""Actions"" (Strategies / Card)",Medium,Published (hidden from view),"on the page but flagged Hidden from View, so it paints nothing",,,,
T5-473,5,No requirement tag,Governance,Component setting,component,https://county_template.devmny.org/the_risk/natural_hazards/earthquake,the_risk/natural_hazards/earthquake,(untitled Card),2384108,Card,tags (absent),"Section Settings > Tags: assign the 44 CFR 201.6 element this section satisfies, using the vocabulary already in use on the other 903 sections (A1-a, B1-d, C4-a, E1-a, ...).",,Open,,,,"C4-a, C4-b",1468499,Strategies (2.0),Local Actions,"inherited from LHMP_IA component ""Local Actions"" (Strategies (2.0) / Rich Text)",Medium,Published (hidden from view),"on the page but flagged Hidden from View, so it paints nothing",,,,
T5-474,5,No requirement tag,Governance,Component setting,component,https://county_template.devmny.org/the_risk/natural_hazards/earthquake,the_risk/natural_hazards/earthquake,(untitled lexical),2384110,lexical,tags (absent),"Section Settings > Tags: assign the 44 CFR 201.6 element this section satisfies, using the vocabulary already in use on the other 903 sections (A1-a, B1-d, C4-a, E1-a, ...).",,Open,,,,"C4-a, C4-b, E2-b",1468501,Strategies (2.0),Local Actions Table,"inherited from LHMP_IA component ""Local Actions Table"" (Strategies (2.0) / Table)",Medium,Published (hidden from view),"on the page but flagged Hidden from View, so it paints nothing",,,,
T5-475,5,No requirement tag,Governance,Component setting,component,https://county_template.devmny.org/the_risk/natural_hazards/earthquake,the_risk/natural_hazards/earthquake,(untitled lexical),2384112,lexical,tags (absent),"Section Settings > Tags: assign the 44 CFR 201.6 element this section satisfies, using the vocabulary already in use on the other 903 sections (A1-a, B1-d, C4-a, E1-a, ...).",,Open,,,,C4-a,1468502,Strategies (2.0),Featured Strategy,"inherited from LHMP_IA component ""Featured Strategy"" (Strategies (2.0) / Rich Text)",Medium,Published,,,,,
T5-476,5,No requirement tag,Governance,Component setting,component,https://county_template.devmny.org/the_risk/natural_hazards/extreme_cold,the_risk/natural_hazards/extreme_cold,(untitled lexical),2384115,lexical,tags (absent),"Section Settings > Tags: assign the 44 CFR 201.6 element this section satisfies, using the vocabulary already in use on the other 903 sections (A1-a, B1-d, C4-a, E1-a, ...).",,Open,,,,B1-a,1468362,Overview,Overview,"LHMP_IA section ""Overview"" (first section on the page)",Medium,Published (hidden from view),"on the page but flagged Hidden from View, so it paints nothing",,,,
T5-477,5,No requirement tag,Governance,Component setting,component,https://county_template.devmny.org/the_risk/natural_hazards/extreme_cold,the_risk/natural_hazards/extreme_cold,Hazard of Concern,2384118,Card on Hazards_of_Concern,tags (absent),"Section Settings > Tags: assign the 44 CFR 201.6 element this section satisfies, using the vocabulary already in use on the other 903 sections (A1-a, B1-d, C4-a, E1-a, ...).",,Open,,,,"B1-d, B1-e, B2-b",1468376,Overview,Hero Stats,"LHMP_IA component ""Hero Stats"" (Overview / Card)",High,Published,,,,,
T5-478,5,No requirement tag,Governance,Component setting,component,https://county_template.devmny.org/the_risk/natural_hazards/extreme_cold,the_risk/natural_hazards/extreme_cold,Modeled RIsk,2384119,Card on src 1508,tags (absent),"Section Settings > Tags: assign the 44 CFR 201.6 element this section satisfies, using the vocabulary already in use on the other 903 sections (A1-a, B1-d, C4-a, E1-a, ...).",,Open,,,,"B1-d, B1-e, B2-b",1468376,Overview,Hero Stats,"LHMP_IA component ""Hero Stats"" (Overview / Card)",High,Published,,,,,
T5-479,5,No requirement tag,Governance,Component setting,component,https://county_template.devmny.org/the_risk/natural_hazards/extreme_cold,the_risk/natural_hazards/extreme_cold,Historical Risk,2384120,Card,tags (absent),"Section Settings > Tags: assign the 44 CFR 201.6 element this section satisfies, using the vocabulary already in use on the other 903 sections (A1-a, B1-d, C4-a, E1-a, ...).",,Open,,,,"B1-d, B1-e, B2-b",1468376,Overview,Hero Stats,"LHMP_IA component ""Hero Stats"" (Overview / Card)",High,Published,,,,,
T5-480,5,No requirement tag,Governance,Component setting,component,https://county_template.devmny.org/the_risk/natural_hazards/extreme_cold,the_risk/natural_hazards/extreme_cold,(untitled lexical),2384121,lexical,tags (absent),"Section Settings > Tags: assign the 44 CFR 201.6 element this section satisfies, using the vocabulary already in use on the other 903 sections (A1-a, B1-d, C4-a, E1-a, ...).",,Open,,,,"B1-d, B1-e, B2-b",1468376,Overview,Hero Stats,"inherited from LHMP_IA component ""Hero Stats"" (Overview / Card)",Medium,Published,,,,,
T5-481,5,No requirement tag,Governance,Component setting,component,https://county_template.devmny.org/the_risk/natural_hazards/extreme_cold,the_risk/natural_hazards/extreme_cold,(untitled lexical),2384123,lexical,tags (absent),"Section Settings > Tags: assign the 44 CFR 201.6 element this section satisfies, using the vocabulary already in use on the other 903 sections (A1-a, B1-d, C4-a, E1-a, ...).",,Open,,,,"B1-d, B1-e, B2-b",1468376,Overview,Hero Stats,"inherited from LHMP_IA component ""Hero Stats"" (Overview / Card)",Medium,Published,,,,,
T5-482,5,No requirement tag,Governance,Component setting,component,https://county_template.devmny.org/the_risk/natural_hazards/extreme_cold,the_risk/natural_hazards/extreme_cold,Local Hazard Summary,2384124,lexical,tags (absent),"Section Settings > Tags: assign the 44 CFR 201.6 element this section satisfies, using the vocabulary already in use on the other 903 sections (A1-a, B1-d, C4-a, E1-a, ...).",,Open,,,,"B2-a, B2-b",1468380,Overview,General Vulnerability,"LHMP_IA section ""Overview"" (via ""General Vulnerability"")",Medium,Published,,,,,
T5-483,5,No requirement tag,Governance,Component setting,component,https://county_template.devmny.org/the_risk/natural_hazards/extreme_cold,the_risk/natural_hazards/extreme_cold,Total Events and Losses in $: Declared Disasters and Non-Declared Events,2384131,Card on LHMP_IA,tags (absent),"Section Settings > Tags: assign the 44 CFR 201.6 element this section satisfies, using the vocabulary already in use on the other 903 sections (A1-a, B1-d, C4-a, E1-a, ...).",,Open,,,,B1-d,1468416,Historic Occurrences,Historic Occurrences,"inherited from LHMP_IA component ""Historic Occurrences"" (Historic Occurrences / Card)",Medium,Published,,,,,
T5-484,5,No requirement tag,Governance,Component setting,component,https://county_template.devmny.org/the_risk/natural_hazards/extreme_cold,the_risk/natural_hazards/extreme_cold,(untitled lexical),2384137,lexical,tags (absent),"Section Settings > Tags: assign the 44 CFR 201.6 element this section satisfies, using the vocabulary already in use on the other 903 sections (A1-a, B1-d, C4-a, E1-a, ...).",,Open,,,,B1-d,1468423,Historic Occurrences,Number of Events by County Municipality,"inherited from LHMP_IA component ""Number of Events by County Municipality"" (Historic Occurrences / Map)",Medium,Published,,,,,
T5-485,5,No requirement tag,Governance,Component setting,component,https://county_template.devmny.org/the_risk/natural_hazards/extreme_cold,the_risk/natural_hazards/extreme_cold,(untitled Card),2384141,Card on LHMP_IA,tags (absent),"Section Settings > Tags: assign the 44 CFR 201.6 element this section satisfies, using the vocabulary already in use on the other 903 sections (A1-a, B1-d, C4-a, E1-a, ...).",,Open,,,,B1-d,1468427,Historic Occurrences,Presidential Disaster Declarations,"inherited from LHMP_IA component ""Presidential Disaster Declarations"" (Historic Occurrences / Card)",Medium,Published,,,,,
T5-486,5,No requirement tag,Governance,Component setting,component,https://county_template.devmny.org/the_risk/natural_hazards/extreme_cold,the_risk/natural_hazards/extreme_cold,(untitled Spreadsheet),2384142,Spreadsheet on src 870,tags (absent),"Section Settings > Tags: assign the 44 CFR 201.6 element this section satisfies, using the vocabulary already in use on the other 903 sections (A1-a, B1-d, C4-a, E1-a, ...).",,Open,,,,B1-d,1468427,Historic Occurrences,Presidential Disaster Declarations,"inherited from LHMP_IA component ""Presidential Disaster Declarations"" (Historic Occurrences / Card)",Medium,Published,,,,,
T5-487,5,No requirement tag,Governance,Component setting,component,https://county_template.devmny.org/the_risk/natural_hazards/extreme_cold,the_risk/natural_hazards/extreme_cold,(untitled lexical),2384143,lexical,tags (absent),"Section Settings > Tags: assign the 44 CFR 201.6 element this section satisfies, using the vocabulary already in use on the other 903 sections (A1-a, B1-d, C4-a, E1-a, ...).",,Open,,,,B1-d,1468427,Historic Occurrences,Presidential Disaster Declarations,"inherited from LHMP_IA component ""Presidential Disaster Declarations"" (Historic Occurrences / Card)",Medium,Published (hidden from view),"on the page but flagged Hidden from View, so it paints nothing",,,,
T5-488,5,No requirement tag,Governance,Component setting,component,https://county_template.devmny.org/the_risk/natural_hazards/extreme_cold,the_risk/natural_hazards/extreme_cold,(untitled lexical),2384148,lexical,tags (absent),"Section Settings > Tags: assign the 44 CFR 201.6 element this section satisfies, using the vocabulary already in use on the other 903 sections (A1-a, B1-d, C4-a, E1-a, ...).",,Open,,,,B1-d,1468431,Historic Occurrences,Other Hazard Events,"inherited from LHMP_IA component ""Other Hazard Events"" (Historic Occurrences / Card)",Medium,Published (hidden from view),"on the page but flagged Hidden from View, so it paints nothing",,,,
T5-489,5,No requirement tag,Governance,Component setting,component,https://county_template.devmny.org/the_risk/natural_hazards/extreme_cold,the_risk/natural_hazards/extreme_cold,Local Risk Assessment,2384150,lexical,tags (absent),"Section Settings > Tags: assign the 44 CFR 201.6 element this section satisfies, using the vocabulary already in use on the other 903 sections (A1-a, B1-d, C4-a, E1-a, ...).",,Open,,,,"B2-a, B2-b",1468438,Modeled Risks (NRI),Built Environment Overview,"LHMP_IA section ""Modeled Risks (NRI)"" (via ""Built Environment Overview"")",Medium,Published,,,,,
T5-490,5,No requirement tag,Governance,Component setting,component,https://county_template.devmny.org/the_risk/natural_hazards/extreme_cold,the_risk/natural_hazards/extreme_cold,(untitled lexical),2384151,lexical,tags (absent),"Section Settings > Tags: assign the 44 CFR 201.6 element this section satisfies, using the vocabulary already in use on the other 903 sections (A1-a, B1-d, C4-a, E1-a, ...).",,Open,,,,"B2-a, B2-b",1468438,Modeled Risks (NRI),Built Environment Overview,"inherited from LHMP_IA section ""Modeled Risks (NRI)"" (via ""Built Environment Overview"")",Medium,Published (hidden from view),"on the page but flagged Hidden from View, so it paints nothing",,,,
T5-491,5,No requirement tag,Governance,Component setting,component,https://county_template.devmny.org/the_risk/natural_hazards/extreme_cold,the_risk/natural_hazards/extreme_cold,(untitled Card),2384153,Card,tags (absent),"Section Settings > Tags: assign the 44 CFR 201.6 element this section satisfies, using the vocabulary already in use on the other 903 sections (A1-a, B1-d, C4-a, E1-a, ...).",,Open,,,,"B2-a, B2-b",1468397,Local Impacts,County Level,"inherited from LHMP_IA section ""Local Impacts"" (via ""County Level"")",Medium,Published (hidden from view),"on the page but flagged Hidden from View, so it paints nothing",,,,
T5-492,5,No requirement tag,Governance,Component setting,component,https://county_template.devmny.org/the_risk/natural_hazards/extreme_cold,the_risk/natural_hazards/extreme_cold,(untitled lexical),2384154,lexical,tags (absent),"Section Settings > Tags: assign the 44 CFR 201.6 element this section satisfies, using the vocabulary already in use on the other 903 sections (A1-a, B1-d, C4-a, E1-a, ...).",,Open,,,,"B2-a, B2-b",1468397,Local Impacts,County Level,"inherited from LHMP_IA section ""Local Impacts"" (via ""County Level"")",Medium,Published (hidden from view),"on the page but flagged Hidden from View, so it paints nothing",,,,
T5-493,5,No requirement tag,Governance,Component setting,component,https://county_template.devmny.org/the_risk/natural_hazards/extreme_cold,the_risk/natural_hazards/extreme_cold,(untitled Spreadsheet),2384156,Spreadsheet,tags (absent),"Section Settings > Tags: assign the 44 CFR 201.6 element this section satisfies, using the vocabulary already in use on the other 903 sections (A1-a, B1-d, C4-a, E1-a, ...).",,Open,,,,"B2-a, B2-b",1468397,Local Impacts,County Level,"inherited from LHMP_IA section ""Local Impacts"" (via ""County Level"")",Medium,Published,,,,,
T5-494,5,No requirement tag,Governance,Component setting,component,https://county_template.devmny.org/the_risk/natural_hazards/extreme_cold,the_risk/natural_hazards/extreme_cold,(untitled lexical),2384173,lexical,tags (absent),"Section Settings > Tags: assign the 44 CFR 201.6 element this section satisfies, using the vocabulary already in use on the other 903 sections (A1-a, B1-d, C4-a, E1-a, ...).",,Open,,,,C1-a,1468495,Strategies,Capabilities,"inherited from LHMP_IA component ""Capabilities"" (Strategies / Card)",Medium,Published (hidden from view),"on the page but flagged Hidden from View, so it paints nothing",,,,
T5-495,5,No requirement tag,Governance,Component setting,component,https://county_template.devmny.org/the_risk/natural_hazards/extreme_cold,the_risk/natural_hazards/extreme_cold,(untitled Card),2384175,Card,tags (absent),"Section Settings > Tags: assign the 44 CFR 201.6 element this section satisfies, using the vocabulary already in use on the other 903 sections (A1-a, B1-d, C4-a, E1-a, ...).",,Open,,,,C1-a,1468496,Strategies (2.0),Local Capabilities,"inherited from LHMP_IA component ""Local Capabilities"" (Strategies (2.0) / Rich Text)",Medium,Published (hidden from view),"on the page but flagged Hidden from View, so it paints nothing",,,,
T5-496,5,No requirement tag,Governance,Component setting,component,https://county_template.devmny.org/the_risk/natural_hazards/extreme_cold,the_risk/natural_hazards/extreme_cold,(untitled lexical),2384178,lexical,tags (absent),"Section Settings > Tags: assign the 44 CFR 201.6 element this section satisfies, using the vocabulary already in use on the other 903 sections (A1-a, B1-d, C4-a, E1-a, ...).",,Open,,,,"C4-a, C4-b",1468498,Strategies,Actions,"inherited from LHMP_IA component ""Actions"" (Strategies / Card)",Medium,Published (hidden from view),"on the page but flagged Hidden from View, so it paints nothing",,,,
T5-497,5,No requirement tag,Governance,Component setting,component,https://county_template.devmny.org/the_risk/natural_hazards/extreme_cold,the_risk/natural_hazards/extreme_cold,Built Environment - Local Risk Summary,2384162,lexical,tags (absent),"Section Settings > Tags: assign the 44 CFR 201.6 element this section satisfies, using the vocabulary already in use on the other 903 sections (A1-a, B1-d, C4-a, E1-a, ...).",,Open,,,,,1957824,Modeled Risks (NRI),Built Environment - Local Risk Summary,"LHMP_IA component ""Built Environment - Local Risk Summary"" (Modeled Risks (NRI) / Rich Text)",,Published,,,,,
T5-498,5,No requirement tag,Governance,Component setting,component,https://county_template.devmny.org/the_risk/natural_hazards/extreme_cold,the_risk/natural_hazards/extreme_cold,(untitled lexical),2384161,lexical,tags (absent),"Section Settings > Tags: assign the 44 CFR 201.6 element this section satisfies, using the vocabulary already in use on the other 903 sections (A1-a, B1-d, C4-a, E1-a, ...).",,Open,,,,"B2-a, B2-b",1468444,Modeled Risks (NRI),Built Environment Overview,"inherited from LHMP_IA component ""Built Environment Overview"" (Modeled Risks (NRI) / Card)",Medium,Published (hidden from view),"on the page but flagged Hidden from View, so it paints nothing",,,,
T5-499,5,No requirement tag,Governance,Component setting,component,https://county_template.devmny.org/the_risk/natural_hazards/extreme_cold,the_risk/natural_hazards/extreme_cold,(untitled lexical),2384164,lexical,tags (absent),"Section Settings > Tags: assign the 44 CFR 201.6 element this section satisfies, using the vocabulary already in use on the other 903 sections (A1-a, B1-d, C4-a, E1-a, ...).",,Open,,,,"B2-a, B2-b",1468462,Modeled Risks (NRI),People and Communities Overview,"inherited from LHMP_IA component ""People and Communities Overview"" (Modeled Risks (NRI) / Card)",Medium,Published (hidden from view),"on the page but flagged Hidden from View, so it paints nothing",,,,
T5-500,5,No requirement tag,Governance,Component setting,component,https://county_template.devmny.org/the_risk/natural_hazards/extreme_cold,the_risk/natural_hazards/extreme_cold,People and Communities - Local Risk Summary,2384165,lexical,tags (absent),"Section Settings > Tags: assign the 44 CFR 201.6 element this section satisfies, using the vocabulary already in use on the other 903 sections (A1-a, B1-d, C4-a, E1-a, ...).",,Open,,,,,1686455,Modeled Risks (NRI),People and Communities - Local Risk Summary,"LHMP_IA component ""People and Communities - Local Risk Summary"" (Modeled Risks (NRI) / Rich Text)",,Published,,,,,
T5-501,5,No requirement tag,Governance,Component setting,component,https://county_template.devmny.org/the_risk/natural_hazards/extreme_cold,the_risk/natural_hazards/extreme_cold,(untitled lexical),2384167,lexical,tags (absent),"Section Settings > Tags: assign the 44 CFR 201.6 element this section satisfies, using the vocabulary already in use on the other 903 sections (A1-a, B1-d, C4-a, E1-a, ...).",,Open,,,,"B2-a, B2-b",1468479,Modeled Risks (NRI),Natural Environment Overview,"inherited from LHMP_IA component ""Natural Environment Overview"" (Modeled Risks (NRI) / Card)",Medium,Published (hidden from view),"on the page but flagged Hidden from View, so it paints nothing",,,,
T5-502,5,No requirement tag,Governance,Component setting,component,https://county_template.devmny.org/the_risk/natural_hazards/extreme_cold,the_risk/natural_hazards/extreme_cold,Natural Environment - Local Risk Summary,2384168,lexical,tags (absent),"Section Settings > Tags: assign the 44 CFR 201.6 element this section satisfies, using the vocabulary already in use on the other 903 sections (A1-a, B1-d, C4-a, E1-a, ...).",,Open,,,,,1957825,Modeled Risks (NRI),Natural Environment - Local Risk Summary,"LHMP_IA component ""Natural Environment - Local Risk Summary"" (Modeled Risks (NRI) / Rich Text)",,Published,,,,,
T5-503,5,No requirement tag,Governance,Component setting,component,https://county_template.devmny.org/the_risk/natural_hazards/extreme_cold,the_risk/natural_hazards/extreme_cold,(untitled lexical),2384169,lexical,tags (absent),"Section Settings > Tags: assign the 44 CFR 201.6 element this section satisfies, using the vocabulary already in use on the other 903 sections (A1-a, B1-d, C4-a, E1-a, ...).",,Open,,,,,1957825,Modeled Risks (NRI),Natural Environment - Local Risk Summary,"inherited from LHMP_IA component ""Natural Environment - Local Risk Summary"" (Modeled Risks (NRI) / Rich Text)",,Published,,,,,
T5-504,5,No requirement tag,Governance,Component setting,component,https://county_template.devmny.org/the_risk/natural_hazards/extreme_cold,the_risk/natural_hazards/extreme_cold,(untitled Card),2384181,Card,tags (absent),"Section Settings > Tags: assign the 44 CFR 201.6 element this section satisfies, using the vocabulary already in use on the other 903 sections (A1-a, B1-d, C4-a, E1-a, ...).",,Open,,,,"C4-a, C4-b, E2-b",1468501,Strategies (2.0),Local Actions Table,"inherited from LHMP_IA component ""Local Actions Table"" (Strategies (2.0) / Table)",Medium,Published (hidden from view),"on the page but flagged Hidden from View, so it paints nothing",,,,
T5-505,5,No requirement tag,Governance,Component setting,component,https://county_template.devmny.org/the_risk/natural_hazards/extreme_cold,the_risk/natural_hazards/extreme_cold,(untitled lexical),2384182,lexical,tags (absent),"Section Settings > Tags: assign the 44 CFR 201.6 element this section satisfies, using the vocabulary already in use on the other 903 sections (A1-a, B1-d, C4-a, E1-a, ...).",,Open,,,,"C4-a, C4-b, E2-b",1468501,Strategies (2.0),Local Actions Table,"inherited from LHMP_IA component ""Local Actions Table"" (Strategies (2.0) / Table)",Medium,Published (hidden from view),"on the page but flagged Hidden from View, so it paints nothing",,,,
T5-506,5,No requirement tag,Governance,Component setting,component,https://county_template.devmny.org/the_risk/natural_hazards/extreme_cold,the_risk/natural_hazards/extreme_cold,(untitled lexical),2384184,lexical,tags (absent),"Section Settings > Tags: assign the 44 CFR 201.6 element this section satisfies, using the vocabulary already in use on the other 903 sections (A1-a, B1-d, C4-a, E1-a, ...).",,Open,,,,C4-a,1468502,Strategies (2.0),Featured Strategy,"inherited from LHMP_IA component ""Featured Strategy"" (Strategies (2.0) / Rich Text)",Medium,Published,,,,,
T5-507,5,No requirement tag,Governance,Component setting,component,https://county_template.devmny.org/the_risk/natural_hazards/extreme_heat,the_risk/natural_hazards/extreme_heat,(untitled lexical),2384189,lexical,tags (absent),"Section Settings > Tags: assign the 44 CFR 201.6 element this section satisfies, using the vocabulary already in use on the other 903 sections (A1-a, B1-d, C4-a, E1-a, ...).",,Open,,,,B1-a,1468364,Overview,Overview,"LHMP_IA section ""Overview"" (first section on the page)",Medium,Published (hidden from view),"on the page but flagged Hidden from View, so it paints nothing",,,,
T5-508,5,No requirement tag,Governance,Component setting,component,https://county_template.devmny.org/the_risk/natural_hazards/extreme_heat,the_risk/natural_hazards/extreme_heat,(untitled lexical),2384212,lexical,tags (absent),"Section Settings > Tags: assign the 44 CFR 201.6 element this section satisfies, using the vocabulary already in use on the other 903 sections (A1-a, B1-d, C4-a, E1-a, ...).",,Open,,,,B1-d,1468423,Historic Occurrences,Number of Events by County Municipality,"inherited from LHMP_IA component ""Number of Events by County Municipality"" (Historic Occurrences / Map)",Medium,Published,,,,,
T5-509,5,No requirement tag,Governance,Component setting,component,https://county_template.devmny.org/the_risk/natural_hazards/extreme_heat,the_risk/natural_hazards/extreme_heat,(untitled Card),2384216,Card on LHMP_IA,tags (absent),"Section Settings > Tags: assign the 44 CFR 201.6 element this section satisfies, using the vocabulary already in use on the other 903 sections (A1-a, B1-d, C4-a, E1-a, ...).",,Open,,,,B1-d,1468427,Historic Occurrences,Presidential Disaster Declarations,"inherited from LHMP_IA component ""Presidential Disaster Declarations"" (Historic Occurrences / Card)",Medium,Published,,,,,
T5-510,5,No requirement tag,Governance,Component setting,component,https://county_template.devmny.org/the_risk/natural_hazards/extreme_heat,the_risk/natural_hazards/extreme_heat,(untitled Spreadsheet),2384217,Spreadsheet on src 870,tags (absent),"Section Settings > Tags: assign the 44 CFR 201.6 element this section satisfies, using the vocabulary already in use on the other 903 sections (A1-a, B1-d, C4-a, E1-a, ...).",,Open,,,,B1-d,1468427,Historic Occurrences,Presidential Disaster Declarations,"inherited from LHMP_IA component ""Presidential Disaster Declarations"" (Historic Occurrences / Card)",Medium,Published,,,,,
T5-511,5,No requirement tag,Governance,Component setting,component,https://county_template.devmny.org/the_risk/natural_hazards/extreme_heat,the_risk/natural_hazards/extreme_heat,Hazard of Concern,2384192,Card on Hazards_of_Concern,tags (absent),"Section Settings > Tags: assign the 44 CFR 201.6 element this section satisfies, using the vocabulary already in use on the other 903 sections (A1-a, B1-d, C4-a, E1-a, ...).",,Open,,,,"B1-d, B1-e, B2-b",1468376,Overview,Hero Stats,"LHMP_IA component ""Hero Stats"" (Overview / Card)",High,Published,,,,,
T5-512,5,No requirement tag,Governance,Component setting,component,https://county_template.devmny.org/the_risk/natural_hazards/extreme_heat,the_risk/natural_hazards/extreme_heat,Modeled RIsk,2384193,Card on src 1508,tags (absent),"Section Settings > Tags: assign the 44 CFR 201.6 element this section satisfies, using the vocabulary already in use on the other 903 sections (A1-a, B1-d, C4-a, E1-a, ...).",,Open,,,,"B1-d, B1-e, B2-b",1468376,Overview,Hero Stats,"LHMP_IA component ""Hero Stats"" (Overview / Card)",High,Published,,,,,
T5-513,5,No requirement tag,Governance,Component setting,component,https://county_template.devmny.org/the_risk/natural_hazards/extreme_heat,the_risk/natural_hazards/extreme_heat,Historical Risk,2384194,Card,tags (absent),"Section Settings > Tags: assign the 44 CFR 201.6 element this section satisfies, using the vocabulary already in use on the other 903 sections (A1-a, B1-d, C4-a, E1-a, ...).",,Open,,,,"B1-d, B1-e, B2-b",1468376,Overview,Hero Stats,"LHMP_IA component ""Hero Stats"" (Overview / Card)",High,Published,,,,,
T5-514,5,No requirement tag,Governance,Component setting,component,https://county_template.devmny.org/the_risk/natural_hazards/extreme_heat,the_risk/natural_hazards/extreme_heat,(untitled lexical),2384195,lexical,tags (absent),"Section Settings > Tags: assign the 44 CFR 201.6 element this section satisfies, using the vocabulary already in use on the other 903 sections (A1-a, B1-d, C4-a, E1-a, ...).",,Open,,,,"B1-d, B1-e, B2-b",1468376,Overview,Hero Stats,"inherited from LHMP_IA component ""Hero Stats"" (Overview / Card)",Medium,Published,,,,,
T5-515,5,No requirement tag,Governance,Component setting,component,https://county_template.devmny.org/the_risk/natural_hazards/extreme_heat,the_risk/natural_hazards/extreme_heat,Local Hazard Summary,2384198,lexical,tags (absent),"Section Settings > Tags: assign the 44 CFR 201.6 element this section satisfies, using the vocabulary already in use on the other 903 sections (A1-a, B1-d, C4-a, E1-a, ...).",,Open,,,,"B2-a, B2-b",1468379,Overview,General Vulnerability,"LHMP_IA section ""Overview"" (via ""General Vulnerability"")",Medium,Published,,,,,
T5-516,5,No requirement tag,Governance,Component setting,component,https://county_template.devmny.org/the_risk/natural_hazards/extreme_heat,the_risk/natural_hazards/extreme_heat,Total Events and Losses in $: Declared Disasters and Non-Declared Events,2384205,Card on LHMP_IA,tags (absent),"Section Settings > Tags: assign the 44 CFR 201.6 element this section satisfies, using the vocabulary already in use on the other 903 sections (A1-a, B1-d, C4-a, E1-a, ...).",,Open,,,,B1-d,1468416,Historic Occurrences,Historic Occurrences,"inherited from LHMP_IA component ""Historic Occurrences"" (Historic Occurrences / Card)",Medium,Published,,,,,
T5-517,5,No requirement tag,Governance,Component setting,component,https://county_template.devmny.org/the_risk/natural_hazards/extreme_heat,the_risk/natural_hazards/extreme_heat,(untitled lexical),2384209,lexical,tags (absent),"Section Settings > Tags: assign the 44 CFR 201.6 element this section satisfies, using the vocabulary already in use on the other 903 sections (A1-a, B1-d, C4-a, E1-a, ...).",,Open,,,,B1-d,1468423,Historic Occurrences,Number of Events by County Municipality,"inherited from LHMP_IA component ""Number of Events by County Municipality"" (Historic Occurrences / Map)",Medium,Published,,,,,
T5-518,5,No requirement tag,Governance,Component setting,component,https://county_template.devmny.org/the_risk/natural_hazards/extreme_heat,the_risk/natural_hazards/extreme_heat,(untitled lexical),2384197,lexical,tags (absent),"Section Settings > Tags: assign the 44 CFR 201.6 element this section satisfies, using the vocabulary already in use on the other 903 sections (A1-a, B1-d, C4-a, E1-a, ...).",,Open,,,,"B1-d, B1-e, B2-b",1468376,Overview,Hero Stats,"inherited from LHMP_IA component ""Hero Stats"" (Overview / Card)",Medium,Published,,,,,
T5-519,5,No requirement tag,Governance,Component setting,component,https://county_template.devmny.org/the_risk/natural_hazards/extreme_heat,the_risk/natural_hazards/extreme_heat,(untitled lexical),2384218,lexical,tags (absent),"Section Settings > Tags: assign the 44 CFR 201.6 element this section satisfies, using the vocabulary already in use on the other 903 sections (A1-a, B1-d, C4-a, E1-a, ...).",,Open,,,,B1-d,1468427,Historic Occurrences,Presidential Disaster Declarations,"inherited from LHMP_IA component ""Presidential Disaster Declarations"" (Historic Occurrences / Card)",Medium,Published (hidden from view),"on the page but flagged Hidden from View, so it paints nothing",,,,
T5-520,5,No requirement tag,Governance,Component setting,component,https://county_template.devmny.org/the_risk/natural_hazards/extreme_heat,the_risk/natural_hazards/extreme_heat,(untitled lexical),2384223,lexical,tags (absent),"Section Settings > Tags: assign the 44 CFR 201.6 element this section satisfies, using the vocabulary already in use on the other 903 sections (A1-a, B1-d, C4-a, E1-a, ...).",,Open,,,,B1-d,1468431,Historic Occurrences,Other Hazard Events,"inherited from LHMP_IA component ""Other Hazard Events"" (Historic Occurrences / Card)",Medium,Published (hidden from view),"on the page but flagged Hidden from View, so it paints nothing",,,,
T5-521,5,No requirement tag,Governance,Component setting,component,https://county_template.devmny.org/the_risk/natural_hazards/extreme_heat,the_risk/natural_hazards/extreme_heat,Local Risk Assessment,2384225,lexical,tags (absent),"Section Settings > Tags: assign the 44 CFR 201.6 element this section satisfies, using the vocabulary already in use on the other 903 sections (A1-a, B1-d, C4-a, E1-a, ...).",,Open,,,,"B2-a, B2-b",1468438,Modeled Risks (NRI),Built Environment Overview,"LHMP_IA section ""Modeled Risks (NRI)"" (via ""Built Environment Overview"")",Medium,Published,,,,,
T5-522,5,No requirement tag,Governance,Component setting,component,https://county_template.devmny.org/the_risk/natural_hazards/extreme_heat,the_risk/natural_hazards/extreme_heat,(untitled lexical),2384226,lexical,tags (absent),"Section Settings > Tags: assign the 44 CFR 201.6 element this section satisfies, using the vocabulary already in use on the other 903 sections (A1-a, B1-d, C4-a, E1-a, ...).",,Open,,,,"B2-a, B2-b",1468438,Modeled Risks (NRI),Built Environment Overview,"inherited from LHMP_IA section ""Modeled Risks (NRI)"" (via ""Built Environment Overview"")",Medium,Published (hidden from view),"on the page but flagged Hidden from View, so it paints nothing",,,,
T5-523,5,No requirement tag,Governance,Component setting,component,https://county_template.devmny.org/the_risk/natural_hazards/extreme_heat,the_risk/natural_hazards/extreme_heat,(untitled Card),2384228,Card,tags (absent),"Section Settings > Tags: assign the 44 CFR 201.6 element this section satisfies, using the vocabulary already in use on the other 903 sections (A1-a, B1-d, C4-a, E1-a, ...).",,Open,,,,"B2-a, B2-b",1468397,Local Impacts,County Level,"inherited from LHMP_IA section ""Local Impacts"" (via ""County Level"")",Medium,Published (hidden from view),"on the page but flagged Hidden from View, so it paints nothing",,,,
T5-524,5,No requirement tag,Governance,Component setting,component,https://county_template.devmny.org/the_risk/natural_hazards/extreme_heat,the_risk/natural_hazards/extreme_heat,(untitled lexical),2384229,lexical,tags (absent),"Section Settings > Tags: assign the 44 CFR 201.6 element this section satisfies, using the vocabulary already in use on the other 903 sections (A1-a, B1-d, C4-a, E1-a, ...).",,Open,,,,"B2-a, B2-b",1468397,Local Impacts,County Level,"inherited from LHMP_IA section ""Local Impacts"" (via ""County Level"")",Medium,Published (hidden from view),"on the page but flagged Hidden from View, so it paints nothing",,,,
T5-525,5,No requirement tag,Governance,Component setting,component,https://county_template.devmny.org/the_risk/natural_hazards/extreme_heat,the_risk/natural_hazards/extreme_heat,(untitled Spreadsheet),2384231,Spreadsheet,tags (absent),"Section Settings > Tags: assign the 44 CFR 201.6 element this section satisfies, using the vocabulary already in use on the other 903 sections (A1-a, B1-d, C4-a, E1-a, ...).",,Open,,,,"B2-a, B2-b",1468397,Local Impacts,County Level,"inherited from LHMP_IA section ""Local Impacts"" (via ""County Level"")",Medium,Published,,,,,
T5-526,5,No requirement tag,Governance,Component setting,component,https://county_template.devmny.org/the_risk/natural_hazards/extreme_heat,the_risk/natural_hazards/extreme_heat,(untitled lexical),2384236,lexical,tags (absent),"Section Settings > Tags: assign the 44 CFR 201.6 element this section satisfies, using the vocabulary already in use on the other 903 sections (A1-a, B1-d, C4-a, E1-a, ...).",,Open,,,,"B2-a, B2-b",1468443,Modeled Risks (NRI),Built Environment Overview,"inherited from LHMP_IA component ""Built Environment Overview"" (Modeled Risks (NRI) / Card)",Medium,Published (hidden from view),"on the page but flagged Hidden from View, so it paints nothing",,,,
T5-527,5,No requirement tag,Governance,Component setting,component,https://county_template.devmny.org/the_risk/natural_hazards/extreme_heat,the_risk/natural_hazards/extreme_heat,Built Environment - Local Risk Summary,2384237,lexical,tags (absent),"Section Settings > Tags: assign the 44 CFR 201.6 element this section satisfies, using the vocabulary already in use on the other 903 sections (A1-a, B1-d, C4-a, E1-a, ...).",,Open,,,,,1957824,Modeled Risks (NRI),Built Environment - Local Risk Summary,"LHMP_IA component ""Built Environment - Local Risk Summary"" (Modeled Risks (NRI) / Rich Text)",,Published,,,,,
T5-528,5,No requirement tag,Governance,Component setting,component,https://county_template.devmny.org/the_risk/natural_hazards/extreme_heat,the_risk/natural_hazards/extreme_heat,(untitled lexical),2384239,lexical,tags (absent),"Section Settings > Tags: assign the 44 CFR 201.6 element this section satisfies, using the vocabulary already in use on the other 903 sections (A1-a, B1-d, C4-a, E1-a, ...).",,Open,,,,"B2-a, B2-b",1468461,Modeled Risks (NRI),People and Communities Overview,"inherited from LHMP_IA component ""People and Communities Overview"" (Modeled Risks (NRI) / Card)",Medium,Published (hidden from view),"on the page but flagged Hidden from View, so it paints nothing",,,,
T5-529,5,No requirement tag,Governance,Component setting,component,https://county_template.devmny.org/the_risk/natural_hazards/extreme_heat,the_risk/natural_hazards/extreme_heat,People and Communities - Local Risk Summary,2384240,lexical,tags (absent),"Section Settings > Tags: assign the 44 CFR 201.6 element this section satisfies, using the vocabulary already in use on the other 903 sections (A1-a, B1-d, C4-a, E1-a, ...).",,Open,,,,,1686455,Modeled Risks (NRI),People and Communities - Local Risk Summary,"LHMP_IA component ""People and Communities - Local Risk Summary"" (Modeled Risks (NRI) / Rich Text)",,Published,,,,,
T5-530,5,No requirement tag,Governance,Component setting,component,https://county_template.devmny.org/the_risk/natural_hazards/extreme_heat,the_risk/natural_hazards/extreme_heat,(untitled lexical),2384242,lexical,tags (absent),"Section Settings > Tags: assign the 44 CFR 201.6 element this section satisfies, using the vocabulary already in use on the other 903 sections (A1-a, B1-d, C4-a, E1-a, ...).",,Open,,,,"B2-a, B2-b",1468480,Modeled Risks (NRI),Natural Environment Overview,"inherited from LHMP_IA component ""Natural Environment Overview"" (Modeled Risks (NRI) / Card)",Medium,Published (hidden from view),"on the page but flagged Hidden from View, so it paints nothing",,,,
T5-531,5,No requirement tag,Governance,Component setting,component,https://county_template.devmny.org/the_risk/natural_hazards/extreme_heat,the_risk/natural_hazards/extreme_heat,Natural Environment - Local Risk Summary,2384243,lexical,tags (absent),"Section Settings > Tags: assign the 44 CFR 201.6 element this section satisfies, using the vocabulary already in use on the other 903 sections (A1-a, B1-d, C4-a, E1-a, ...).",,Open,,,,,1957825,Modeled Risks (NRI),Natural Environment - Local Risk Summary,"LHMP_IA component ""Natural Environment - Local Risk Summary"" (Modeled Risks (NRI) / Rich Text)",,Published,,,,,
T5-532,5,No requirement tag,Governance,Component setting,component,https://county_template.devmny.org/the_risk/natural_hazards/extreme_heat,the_risk/natural_hazards/extreme_heat,(untitled lexical),2384244,lexical,tags (absent),"Section Settings > Tags: assign the 44 CFR 201.6 element this section satisfies, using the vocabulary already in use on the other 903 sections (A1-a, B1-d, C4-a, E1-a, ...).",,Open,,,,,1957825,Modeled Risks (NRI),Natural Environment - Local Risk Summary,"inherited from LHMP_IA component ""Natural Environment - Local Risk Summary"" (Modeled Risks (NRI) / Rich Text)",,Published,,,,,
T5-533,5,No requirement tag,Governance,Component setting,component,https://county_template.devmny.org/the_risk/natural_hazards/extreme_heat,the_risk/natural_hazards/extreme_heat,(untitled lexical),2384248,lexical,tags (absent),"Section Settings > Tags: assign the 44 CFR 201.6 element this section satisfies, using the vocabulary already in use on the other 903 sections (A1-a, B1-d, C4-a, E1-a, ...).",,Open,,,,C1-a,1468495,Strategies,Capabilities,"inherited from LHMP_IA component ""Capabilities"" (Strategies / Card)",Medium,Published (hidden from view),"on the page but flagged Hidden from View, so it paints nothing",,,,
T5-534,5,No requirement tag,Governance,Component setting,component,https://county_template.devmny.org/the_risk/natural_hazards/extreme_heat,the_risk/natural_hazards/extreme_heat,(untitled Card),2384250,Card,tags (absent),"Section Settings > Tags: assign the 44 CFR 201.6 element this section satisfies, using the vocabulary already in use on the other 903 sections (A1-a, B1-d, C4-a, E1-a, ...).",,Open,,,,C1-a,1468496,Strategies (2.0),Local Capabilities,"inherited from LHMP_IA component ""Local Capabilities"" (Strategies (2.0) / Rich Text)",Medium,Published (hidden from view),"on the page but flagged Hidden from View, so it paints nothing",,,,
T5-535,5,No requirement tag,Governance,Component setting,component,https://county_template.devmny.org/the_risk/natural_hazards/extreme_heat,the_risk/natural_hazards/extreme_heat,(untitled lexical),2384253,lexical,tags (absent),"Section Settings > Tags: assign the 44 CFR 201.6 element this section satisfies, using the vocabulary already in use on the other 903 sections (A1-a, B1-d, C4-a, E1-a, ...).",,Open,,,,"C4-a, C4-b",1468498,Strategies,Actions,"inherited from LHMP_IA component ""Actions"" (Strategies / Card)",Medium,Published (hidden from view),"on the page but flagged Hidden from View, so it paints nothing",,,,
T5-536,5,No requirement tag,Governance,Component setting,component,https://county_template.devmny.org/the_risk/natural_hazards/extreme_heat,the_risk/natural_hazards/extreme_heat,(untitled lexical),2384257,lexical,tags (absent),"Section Settings > Tags: assign the 44 CFR 201.6 element this section satisfies, using the vocabulary already in use on the other 903 sections (A1-a, B1-d, C4-a, E1-a, ...).",,Open,,,,"C4-a, C4-b, E2-b",1468501,Strategies (2.0),Local Actions Table,"inherited from LHMP_IA component ""Local Actions Table"" (Strategies (2.0) / Table)",Medium,Published (hidden from view),"on the page but flagged Hidden from View, so it paints nothing",,,,
T5-537,5,No requirement tag,Governance,Component setting,component,https://county_template.devmny.org/the_risk/natural_hazards/extreme_heat,the_risk/natural_hazards/extreme_heat,(untitled lexical),2384259,lexical,tags (absent),"Section Settings > Tags: assign the 44 CFR 201.6 element this section satisfies, using the vocabulary already in use on the other 903 sections (A1-a, B1-d, C4-a, E1-a, ...).",,Open,,,,C4-a,1468502,Strategies (2.0),Featured Strategy,"inherited from LHMP_IA component ""Featured Strategy"" (Strategies (2.0) / Rich Text)",Medium,Published,,,,,
T5-538,5,No requirement tag,Governance,Component setting,component,https://county_template.devmny.org/the_risk/natural_hazards/flooding,the_risk/natural_hazards/flooding,(untitled lexical),2384263,lexical,tags (absent),"Section Settings > Tags: assign the 44 CFR 201.6 element this section satisfies, using the vocabulary already in use on the other 903 sections (A1-a, B1-d, C4-a, E1-a, ...).",,Open,,,,B1-a,1468365,Overview,Overview,"LHMP_IA section ""Overview"" (first section on the page)",Medium,Published (hidden from view),"on the page but flagged Hidden from View, so it paints nothing",,,,
T5-539,5,No requirement tag,Governance,Component setting,component,https://county_template.devmny.org/the_risk/natural_hazards/flooding,the_risk/natural_hazards/flooding,Hazard of Concern,2384266,Card on Hazards_of_Concern,tags (absent),"Section Settings > Tags: assign the 44 CFR 201.6 element this section satisfies, using the vocabulary already in use on the other 903 sections (A1-a, B1-d, C4-a, E1-a, ...).",,Open,,,,"B1-d, B1-e, B2-b",1468376,Overview,Hero Stats,"LHMP_IA component ""Hero Stats"" (Overview / Card)",High,Published,,,,,
T5-540,5,No requirement tag,Governance,Component setting,component,https://county_template.devmny.org/the_risk/natural_hazards/flooding,the_risk/natural_hazards/flooding,Total Events and Losses in $: Declared Disasters and Non-Declared Events,2384279,Card on LHMP_IA,tags (absent),"Section Settings > Tags: assign the 44 CFR 201.6 element this section satisfies, using the vocabulary already in use on the other 903 sections (A1-a, B1-d, C4-a, E1-a, ...).",,Open,,,,B1-d,1468416,Historic Occurrences,Historic Occurrences,"inherited from LHMP_IA component ""Historic Occurrences"" (Historic Occurrences / Card)",Medium,Published,,,,,
T5-541,5,No requirement tag,Governance,Component setting,component,https://county_template.devmny.org/the_risk/natural_hazards/flooding,the_risk/natural_hazards/flooding,Modeled RIsk,2384267,Card on src 1508,tags (absent),"Section Settings > Tags: assign the 44 CFR 201.6 element this section satisfies, using the vocabulary already in use on the other 903 sections (A1-a, B1-d, C4-a, E1-a, ...).",,Open,,,,"B1-d, B1-e, B2-b",1468376,Overview,Hero Stats,"LHMP_IA component ""Hero Stats"" (Overview / Card)",High,Published,,,,,
T5-542,5,No requirement tag,Governance,Component setting,component,https://county_template.devmny.org/the_risk/natural_hazards/flooding,the_risk/natural_hazards/flooding,Historical Risk,2384268,Card,tags (absent),"Section Settings > Tags: assign the 44 CFR 201.6 element this section satisfies, using the vocabulary already in use on the other 903 sections (A1-a, B1-d, C4-a, E1-a, ...).",,Open,,,,"B1-d, B1-e, B2-b",1468376,Overview,Hero Stats,"LHMP_IA component ""Hero Stats"" (Overview / Card)",High,Published,,,,,
T5-543,5,No requirement tag,Governance,Component setting,component,https://county_template.devmny.org/the_risk/natural_hazards/flooding,the_risk/natural_hazards/flooding,(untitled lexical),2384269,lexical,tags (absent),"Section Settings > Tags: assign the 44 CFR 201.6 element this section satisfies, using the vocabulary already in use on the other 903 sections (A1-a, B1-d, C4-a, E1-a, ...).",,Open,,,,"B1-d, B1-e, B2-b",1468376,Overview,Hero Stats,"inherited from LHMP_IA component ""Hero Stats"" (Overview / Card)",Medium,Published,,,,,
T5-544,5,No requirement tag,Governance,Component setting,component,https://county_template.devmny.org/the_risk/natural_hazards/flooding,the_risk/natural_hazards/flooding,(untitled lexical),2384271,lexical,tags (absent),"Section Settings > Tags: assign the 44 CFR 201.6 element this section satisfies, using the vocabulary already in use on the other 903 sections (A1-a, B1-d, C4-a, E1-a, ...).",,Open,,,,"B1-d, B1-e, B2-b",1468376,Overview,Hero Stats,"inherited from LHMP_IA component ""Hero Stats"" (Overview / Card)",Medium,Published,,,,,
T5-545,5,No requirement tag,Governance,Component setting,component,https://county_template.devmny.org/the_risk/natural_hazards/flooding,the_risk/natural_hazards/flooding,Local Hazard Summary,2384272,lexical,tags (absent),"Section Settings > Tags: assign the 44 CFR 201.6 element this section satisfies, using the vocabulary already in use on the other 903 sections (A1-a, B1-d, C4-a, E1-a, ...).",,Open,,,,"B2-a, B2-b",1468382,Overview,General Vulnerability,"LHMP_IA section ""Overview"" (via ""General Vulnerability"")",Medium,Published,,,,,
T5-546,5,No requirement tag,Governance,Component setting,component,https://county_template.devmny.org/the_risk/natural_hazards/flooding,the_risk/natural_hazards/flooding,(untitled lexical),2384284,lexical,tags (absent),"Section Settings > Tags: assign the 44 CFR 201.6 element this section satisfies, using the vocabulary already in use on the other 903 sections (A1-a, B1-d, C4-a, E1-a, ...).",,Open,,,,B1-d,1468423,Historic Occurrences,Number of Events by County Municipality,"inherited from LHMP_IA component ""Number of Events by County Municipality"" (Historic Occurrences / Map)",Medium,Published,,,,,
T5-547,5,No requirement tag,Governance,Component setting,component,https://county_template.devmny.org/the_risk/natural_hazards/flooding,the_risk/natural_hazards/flooding,(untitled Graph),2384286,Graph,tags (empty string),"Section Settings > Tags: assign the 44 CFR 201.6 element this section satisfies, using the vocabulary already in use on the other 903 sections (A1-a, B1-d, C4-a, E1-a, ...).",,Open,,,,B1-d,1468423,Historic Occurrences,Number of Events by County Municipality,"inherited from LHMP_IA component ""Number of Events by County Municipality"" (Historic Occurrences / Map)",Medium,Published,,,,,
T5-548,5,No requirement tag,Governance,Component setting,component,https://county_template.devmny.org/the_risk/natural_hazards/flooding,the_risk/natural_hazards/flooding,(untitled lexical),2384287,lexical,tags (absent),"Section Settings > Tags: assign the 44 CFR 201.6 element this section satisfies, using the vocabulary already in use on the other 903 sections (A1-a, B1-d, C4-a, E1-a, ...).",,Open,,,,B1-d,1468423,Historic Occurrences,Number of Events by County Municipality,"inherited from LHMP_IA component ""Number of Events by County Municipality"" (Historic Occurrences / Map)",Medium,Published,,,,,
T5-549,5,No requirement tag,Governance,Component setting,component,https://county_template.devmny.org/the_risk/natural_hazards/flooding,the_risk/natural_hazards/flooding,(untitled lexical),2384304,lexical,tags (absent),"Section Settings > Tags: assign the 44 CFR 201.6 element this section satisfies, using the vocabulary already in use on the other 903 sections (A1-a, B1-d, C4-a, E1-a, ...).",,Open,,,,"B2-a, B2-b",1468397,Local Impacts,County Level,"inherited from LHMP_IA section ""Local Impacts"" (via ""County Level"")",Medium,Published (hidden from view),"on the page but flagged Hidden from View, so it paints nothing",,,,
T5-550,5,No requirement tag,Governance,Component setting,component,https://county_template.devmny.org/the_risk/natural_hazards/flooding,the_risk/natural_hazards/flooding,(untitled Card),2384291,Card on LHMP_IA,tags (absent),"Section Settings > Tags: assign the 44 CFR 201.6 element this section satisfies, using the vocabulary already in use on the other 903 sections (A1-a, B1-d, C4-a, E1-a, ...).",,Open,,,,B1-d,1468427,Historic Occurrences,Presidential Disaster Declarations,"inherited from LHMP_IA component ""Presidential Disaster Declarations"" (Historic Occurrences / Card)",Medium,Published,,,,,
T5-551,5,No requirement tag,Governance,Component setting,component,https://county_template.devmny.org/the_risk/natural_hazards/flooding,the_risk/natural_hazards/flooding,(untitled Spreadsheet),2384292,Spreadsheet on src 870,tags (absent),"Section Settings > Tags: assign the 44 CFR 201.6 element this section satisfies, using the vocabulary already in use on the other 903 sections (A1-a, B1-d, C4-a, E1-a, ...).",,Open,,,,B1-d,1468427,Historic Occurrences,Presidential Disaster Declarations,"inherited from LHMP_IA component ""Presidential Disaster Declarations"" (Historic Occurrences / Card)",Medium,Published,,,,,
T5-552,5,No requirement tag,Governance,Component setting,component,https://county_template.devmny.org/the_risk/natural_hazards/flooding,the_risk/natural_hazards/flooding,(untitled lexical),2384293,lexical,tags (absent),"Section Settings > Tags: assign the 44 CFR 201.6 element this section satisfies, using the vocabulary already in use on the other 903 sections (A1-a, B1-d, C4-a, E1-a, ...).",,Open,,,,B1-d,1468427,Historic Occurrences,Presidential Disaster Declarations,"inherited from LHMP_IA component ""Presidential Disaster Declarations"" (Historic Occurrences / Card)",Medium,Published (hidden from view),"on the page but flagged Hidden from View, so it paints nothing",,,,
T5-553,5,No requirement tag,Governance,Component setting,component,https://county_template.devmny.org/the_risk/natural_hazards/flooding,the_risk/natural_hazards/flooding,(untitled lexical),2384298,lexical,tags (absent),"Section Settings > Tags: assign the 44 CFR 201.6 element this section satisfies, using the vocabulary already in use on the other 903 sections (A1-a, B1-d, C4-a, E1-a, ...).",,Open,,,,B1-d,1468431,Historic Occurrences,Other Hazard Events,"inherited from LHMP_IA component ""Other Hazard Events"" (Historic Occurrences / Card)",Medium,Published (hidden from view),"on the page but flagged Hidden from View, so it paints nothing",,,,
T5-554,5,No requirement tag,Governance,Component setting,component,https://county_template.devmny.org/the_risk/natural_hazards/flooding,the_risk/natural_hazards/flooding,Local Risk Assessment,2384300,lexical,tags (absent),"Section Settings > Tags: assign the 44 CFR 201.6 element this section satisfies, using the vocabulary already in use on the other 903 sections (A1-a, B1-d, C4-a, E1-a, ...).",,Open,,,,"B2-a, B2-b",1468438,Modeled Risks (NRI),Built Environment Overview,"LHMP_IA section ""Modeled Risks (NRI)"" (via ""Built Environment Overview"")",Medium,Published,,,,,
T5-555,5,No requirement tag,Governance,Component setting,component,https://county_template.devmny.org/the_risk/natural_hazards/flooding,the_risk/natural_hazards/flooding,(untitled lexical),2384301,lexical,tags (absent),"Section Settings > Tags: assign the 44 CFR 201.6 element this section satisfies, using the vocabulary already in use on the other 903 sections (A1-a, B1-d, C4-a, E1-a, ...).",,Open,,,,"B2-a, B2-b",1468438,Modeled Risks (NRI),Built Environment Overview,"inherited from LHMP_IA section ""Modeled Risks (NRI)"" (via ""Built Environment Overview"")",Medium,Published (hidden from view),"on the page but flagged Hidden from View, so it paints nothing",,,,
T5-556,5,No requirement tag,Governance,Component setting,component,https://county_template.devmny.org/the_risk/natural_hazards/flooding,the_risk/natural_hazards/flooding,(untitled Card),2384303,Card,tags (absent),"Section Settings > Tags: assign the 44 CFR 201.6 element this section satisfies, using the vocabulary already in use on the other 903 sections (A1-a, B1-d, C4-a, E1-a, ...).",,Open,,,,"B2-a, B2-b",1468397,Local Impacts,County Level,"inherited from LHMP_IA section ""Local Impacts"" (via ""County Level"")",Medium,Published (hidden from view),"on the page but flagged Hidden from View, so it paints nothing",,,,
T5-557,5,No requirement tag,Governance,Component setting,component,https://county_template.devmny.org/the_risk/natural_hazards/flooding,the_risk/natural_hazards/flooding,(untitled Spreadsheet),2384306,Spreadsheet,tags (absent),"Section Settings > Tags: assign the 44 CFR 201.6 element this section satisfies, using the vocabulary already in use on the other 903 sections (A1-a, B1-d, C4-a, E1-a, ...).",,Open,,,,"B2-a, B2-b",1468397,Local Impacts,County Level,"inherited from LHMP_IA section ""Local Impacts"" (via ""County Level"")",Medium,Published,,,,,
T5-558,5,No requirement tag,Governance,Component setting,component,https://county_template.devmny.org/the_risk/natural_hazards/flooding,the_risk/natural_hazards/flooding,Special Flood Hazard Areas,2384311,lexical,tags (absent),"Section Settings > Tags: assign the 44 CFR 201.6 element this section satisfies, using the vocabulary already in use on the other 903 sections (A1-a, B1-d, C4-a, E1-a, ...).",,Open,,,,"B2-a, B2-b",1468445,Modeled Risks (NRI),Built Environment Overview,"inherited from LHMP_IA component ""Built Environment Overview"" (Modeled Risks (NRI) / Card)",Medium,Published,,,,,
T5-559,5,No requirement tag,Governance,Component setting,component,https://county_template.devmny.org/the_risk/natural_hazards/flooding,the_risk/natural_hazards/flooding,(untitled lexical),2384312,lexical,tags (absent),"Section Settings > Tags: assign the 44 CFR 201.6 element this section satisfies, using the vocabulary already in use on the other 903 sections (A1-a, B1-d, C4-a, E1-a, ...).",,Open,,,,"B2-a, B2-b",1468445,Modeled Risks (NRI),Built Environment Overview,"inherited from LHMP_IA component ""Built Environment Overview"" (Modeled Risks (NRI) / Card)",Medium,Published,,,,,
T5-560,5,No requirement tag,Governance,Component setting,component,https://county_template.devmny.org/the_risk/natural_hazards/flooding,the_risk/natural_hazards/flooding,Floodplain Map,2384313,Map,tags (absent),"Section Settings > Tags: assign the 44 CFR 201.6 element this section satisfies, using the vocabulary already in use on the other 903 sections (A1-a, B1-d, C4-a, E1-a, ...).",,Open,,,,"B2-a, B2-b",1468445,Modeled Risks (NRI),Built Environment Overview,"inherited from LHMP_IA component ""Built Environment Overview"" (Modeled Risks (NRI) / Card)",Medium,Published,,,,,
T5-561,5,No requirement tag,Governance,Component setting,component,https://county_template.devmny.org/the_risk/natural_hazards/flooding,the_risk/natural_hazards/flooding,(untitled Spreadsheet),2384314,Spreadsheet on src 1505,tags (absent),"Section Settings > Tags: assign the 44 CFR 201.6 element this section satisfies, using the vocabulary already in use on the other 903 sections (A1-a, B1-d, C4-a, E1-a, ...).",,Open,,,,"B2-a, B2-b",1468445,Modeled Risks (NRI),Built Environment Overview,"inherited from LHMP_IA component ""Built Environment Overview"" (Modeled Risks (NRI) / Card)",Medium,Published,,,,,
T5-562,5,No requirement tag,Governance,Component setting,component,https://county_template.devmny.org/the_risk/natural_hazards/flooding,the_risk/natural_hazards/flooding,(untitled lexical),2384315,lexical,tags (absent),"Section Settings > Tags: assign the 44 CFR 201.6 element this section satisfies, using the vocabulary already in use on the other 903 sections (A1-a, B1-d, C4-a, E1-a, ...).",,Open,,,,"B2-a, B2-b",1468445,Modeled Risks (NRI),Built Environment Overview,"inherited from LHMP_IA component ""Built Environment Overview"" (Modeled Risks (NRI) / Card)",Medium,Published (hidden from view),"on the page but flagged Hidden from View, so it paints nothing",,,,
T5-563,5,No requirement tag,Governance,Component setting,component,https://county_template.devmny.org/the_risk/natural_hazards/flooding,the_risk/natural_hazards/flooding,Built Environment - Local Risk Summary,2384316,lexical,tags (absent),"Section Settings > Tags: assign the 44 CFR 201.6 element this section satisfies, using the vocabulary already in use on the other 903 sections (A1-a, B1-d, C4-a, E1-a, ...).",,Open,,,,,1957824,Modeled Risks (NRI),Built Environment - Local Risk Summary,"LHMP_IA component ""Built Environment - Local Risk Summary"" (Modeled Risks (NRI) / Rich Text)",,Published,,,,,
T5-564,5,No requirement tag,Governance,Component setting,component,https://county_template.devmny.org/the_risk/natural_hazards/flooding,the_risk/natural_hazards/flooding,(untitled lexical),2384318,lexical,tags (absent),"Section Settings > Tags: assign the 44 CFR 201.6 element this section satisfies, using the vocabulary already in use on the other 903 sections (A1-a, B1-d, C4-a, E1-a, ...).",,Open,,,,"B2-a, B2-b",1468463,Modeled Risks (NRI),People and Communities Overview,"inherited from LHMP_IA component ""People and Communities Overview"" (Modeled Risks (NRI) / Card)",Medium,Published (hidden from view),"on the page but flagged Hidden from View, so it paints nothing",,,,
T5-565,5,No requirement tag,Governance,Component setting,component,https://county_template.devmny.org/the_risk/natural_hazards/flooding,the_risk/natural_hazards/flooding,People and Communities - Local Risk Summary,2384319,lexical,tags (absent),"Section Settings > Tags: assign the 44 CFR 201.6 element this section satisfies, using the vocabulary already in use on the other 903 sections (A1-a, B1-d, C4-a, E1-a, ...).",,Open,,,,,1686455,Modeled Risks (NRI),People and Communities - Local Risk Summary,"LHMP_IA component ""People and Communities - Local Risk Summary"" (Modeled Risks (NRI) / Rich Text)",,Published,,,,,
T5-566,5,No requirement tag,Governance,Component setting,component,https://county_template.devmny.org/the_risk/natural_hazards/flooding,the_risk/natural_hazards/flooding,(untitled lexical),2384321,lexical,tags (absent),"Section Settings > Tags: assign the 44 CFR 201.6 element this section satisfies, using the vocabulary already in use on the other 903 sections (A1-a, B1-d, C4-a, E1-a, ...).",,Open,,,,"B2-a, B2-b",1468481,Modeled Risks (NRI),Natural Environment Overview,"inherited from LHMP_IA component ""Natural Environment Overview"" (Modeled Risks (NRI) / Card)",Medium,Published (hidden from view),"on the page but flagged Hidden from View, so it paints nothing",,,,
T5-567,5,No requirement tag,Governance,Component setting,component,https://county_template.devmny.org/the_risk/natural_hazards/flooding,the_risk/natural_hazards/flooding,Natural Environment - Local Risk Summary,2384322,lexical,tags (absent),"Section Settings > Tags: assign the 44 CFR 201.6 element this section satisfies, using the vocabulary already in use on the other 903 sections (A1-a, B1-d, C4-a, E1-a, ...).",,Open,,,,,1957825,Modeled Risks (NRI),Natural Environment - Local Risk Summary,"LHMP_IA component ""Natural Environment - Local Risk Summary"" (Modeled Risks (NRI) / Rich Text)",,Published,,,,,
T5-568,5,No requirement tag,Governance,Component setting,component,https://county_template.devmny.org/the_risk/natural_hazards/flooding,the_risk/natural_hazards/flooding,(untitled lexical),2384323,lexical,tags (absent),"Section Settings > Tags: assign the 44 CFR 201.6 element this section satisfies, using the vocabulary already in use on the other 903 sections (A1-a, B1-d, C4-a, E1-a, ...).",,Open,,,,,1957825,Modeled Risks (NRI),Natural Environment - Local Risk Summary,"inherited from LHMP_IA component ""Natural Environment - Local Risk Summary"" (Modeled Risks (NRI) / Rich Text)",,Published,,,,,
T5-569,5,No requirement tag,Governance,Component setting,component,https://county_template.devmny.org/the_risk/natural_hazards/flooding,the_risk/natural_hazards/flooding,(untitled lexical),2384327,lexical,tags (absent),"Section Settings > Tags: assign the 44 CFR 201.6 element this section satisfies, using the vocabulary already in use on the other 903 sections (A1-a, B1-d, C4-a, E1-a, ...).",,Open,,,,C1-a,1468495,Strategies,Capabilities,"inherited from LHMP_IA component ""Capabilities"" (Strategies / Card)",Medium,Published (hidden from view),"on the page but flagged Hidden from View, so it paints nothing",,,,
T5-570,5,No requirement tag,Governance,Component setting,component,https://county_template.devmny.org/the_risk/natural_hazards/flooding,the_risk/natural_hazards/flooding,(untitled Card),2384329,Card,tags (absent),"Section Settings > Tags: assign the 44 CFR 201.6 element this section satisfies, using the vocabulary already in use on the other 903 sections (A1-a, B1-d, C4-a, E1-a, ...).",,Open,,,,C1-a,1468496,Strategies (2.0),Local Capabilities,"inherited from LHMP_IA component ""Local Capabilities"" (Strategies (2.0) / Rich Text)",Medium,Published (hidden from view),"on the page but flagged Hidden from View, so it paints nothing",,,,
T5-571,5,No requirement tag,Governance,Component setting,component,https://county_template.devmny.org/the_risk/natural_hazards/flooding,the_risk/natural_hazards/flooding,(untitled lexical),2384332,lexical,tags (absent),"Section Settings > Tags: assign the 44 CFR 201.6 element this section satisfies, using the vocabulary already in use on the other 903 sections (A1-a, B1-d, C4-a, E1-a, ...).",,Open,,,,"C4-a, C4-b",1468498,Strategies,Actions,"inherited from LHMP_IA component ""Actions"" (Strategies / Card)",Medium,Published (hidden from view),"on the page but flagged Hidden from View, so it paints nothing",,,,
T5-572,5,No requirement tag,Governance,Component setting,component,https://county_template.devmny.org/the_risk/natural_hazards/flooding,the_risk/natural_hazards/flooding,(untitled lexical),2384336,lexical,tags (absent),"Section Settings > Tags: assign the 44 CFR 201.6 element this section satisfies, using the vocabulary already in use on the other 903 sections (A1-a, B1-d, C4-a, E1-a, ...).",,Open,,,,"C4-a, C4-b, E2-b",1468501,Strategies (2.0),Local Actions Table,"inherited from LHMP_IA component ""Local Actions Table"" (Strategies (2.0) / Table)",Medium,Published (hidden from view),"on the page but flagged Hidden from View, so it paints nothing",,,,
T5-573,5,No requirement tag,Governance,Component setting,component,https://county_template.devmny.org/the_risk/natural_hazards/flooding,the_risk/natural_hazards/flooding,(untitled lexical),2384338,lexical,tags (absent),"Section Settings > Tags: assign the 44 CFR 201.6 element this section satisfies, using the vocabulary already in use on the other 903 sections (A1-a, B1-d, C4-a, E1-a, ...).",,Open,,,,C4-a,1468502,Strategies (2.0),Featured Strategy,"inherited from LHMP_IA component ""Featured Strategy"" (Strategies (2.0) / Rich Text)",Medium,Published,,,,,
T5-574,5,No requirement tag,Governance,Component setting,component,https://county_template.devmny.org/the_risk/natural_hazards/hail,the_risk/natural_hazards/hail,Hazard of Concern,2384448,Card on Hazards_of_Concern,tags (absent),"Section Settings > Tags: assign the 44 CFR 201.6 element this section satisfies, using the vocabulary already in use on the other 903 sections (A1-a, B1-d, C4-a, E1-a, ...).",,Open,,,,"B1-d, B1-e, B2-b",1468376,Overview,Hero Stats,"LHMP_IA component ""Hero Stats"" (Overview / Card)",High,Published,,,,,
T5-575,5,No requirement tag,Governance,Component setting,component,https://county_template.devmny.org/the_risk/natural_hazards/hail,the_risk/natural_hazards/hail,Modeled RIsk,2384449,Card on src 1508,tags (absent),"Section Settings > Tags: assign the 44 CFR 201.6 element this section satisfies, using the vocabulary already in use on the other 903 sections (A1-a, B1-d, C4-a, E1-a, ...).",,Open,,,,"B1-d, B1-e, B2-b",1468376,Overview,Hero Stats,"LHMP_IA component ""Hero Stats"" (Overview / Card)",High,Published,,,,,
T5-576,5,No requirement tag,Governance,Component setting,component,https://county_template.devmny.org/the_risk/natural_hazards/hail,the_risk/natural_hazards/hail,Historical Risk,2384450,Card,tags (absent),"Section Settings > Tags: assign the 44 CFR 201.6 element this section satisfies, using the vocabulary already in use on the other 903 sections (A1-a, B1-d, C4-a, E1-a, ...).",,Open,,,,"B1-d, B1-e, B2-b",1468376,Overview,Hero Stats,"LHMP_IA component ""Hero Stats"" (Overview / Card)",High,Published,,,,,
T5-577,5,No requirement tag,Governance,Component setting,component,https://county_template.devmny.org/the_risk/natural_hazards/hail,the_risk/natural_hazards/hail,Total Events and Losses in $: Declared Disasters and Non-Declared Events,2384461,Card on LHMP_IA,tags (absent),"Section Settings > Tags: assign the 44 CFR 201.6 element this section satisfies, using the vocabulary already in use on the other 903 sections (A1-a, B1-d, C4-a, E1-a, ...).",,Open,,,,B1-d,1468416,Historic Occurrences,Historic Occurrences,"inherited from LHMP_IA component ""Historic Occurrences"" (Historic Occurrences / Card)",Medium,Published,,,,,
T5-578,5,No requirement tag,Governance,Component setting,component,https://county_template.devmny.org/the_risk/natural_hazards/hail,the_risk/natural_hazards/hail,(untitled lexical),2384445,lexical,tags (absent),"Section Settings > Tags: assign the 44 CFR 201.6 element this section satisfies, using the vocabulary already in use on the other 903 sections (A1-a, B1-d, C4-a, E1-a, ...).",,Open,,,,B1-a,1468366,Overview,Overview,"LHMP_IA section ""Overview"" (first section on the page)",Medium,Published (hidden from view),"on the page but flagged Hidden from View, so it paints nothing",,,,
T5-579,5,No requirement tag,Governance,Component setting,component,https://county_template.devmny.org/the_risk/natural_hazards/hail,the_risk/natural_hazards/hail,(untitled lexical),2384451,lexical,tags (absent),"Section Settings > Tags: assign the 44 CFR 201.6 element this section satisfies, using the vocabulary already in use on the other 903 sections (A1-a, B1-d, C4-a, E1-a, ...).",,Open,,,,"B1-d, B1-e, B2-b",1468376,Overview,Hero Stats,"inherited from LHMP_IA component ""Hero Stats"" (Overview / Card)",Medium,Published,,,,,
T5-580,5,No requirement tag,Governance,Component setting,component,https://county_template.devmny.org/the_risk/natural_hazards/hail,the_risk/natural_hazards/hail,(untitled lexical),2384465,lexical,tags (absent),"Section Settings > Tags: assign the 44 CFR 201.6 element this section satisfies, using the vocabulary already in use on the other 903 sections (A1-a, B1-d, C4-a, E1-a, ...).",,Open,,,,B1-d,1468423,Historic Occurrences,Number of Events by County Municipality,"inherited from LHMP_IA component ""Number of Events by County Municipality"" (Historic Occurrences / Map)",Medium,Published,,,,,
T5-581,5,No requirement tag,Governance,Component setting,component,https://county_template.devmny.org/the_risk/natural_hazards/hail,the_risk/natural_hazards/hail,(untitled lexical),2384468,lexical,tags (absent),"Section Settings > Tags: assign the 44 CFR 201.6 element this section satisfies, using the vocabulary already in use on the other 903 sections (A1-a, B1-d, C4-a, E1-a, ...).",,Open,,,,B1-d,1468423,Historic Occurrences,Number of Events by County Municipality,"inherited from LHMP_IA component ""Number of Events by County Municipality"" (Historic Occurrences / Map)",Medium,Published,,,,,
T5-582,5,No requirement tag,Governance,Component setting,component,https://county_template.devmny.org/the_risk/natural_hazards/hail,the_risk/natural_hazards/hail,(untitled Card),2384472,Card on LHMP_IA,tags (absent),"Section Settings > Tags: assign the 44 CFR 201.6 element this section satisfies, using the vocabulary already in use on the other 903 sections (A1-a, B1-d, C4-a, E1-a, ...).",,Open,,,,B1-d,1468427,Historic Occurrences,Presidential Disaster Declarations,"inherited from LHMP_IA component ""Presidential Disaster Declarations"" (Historic Occurrences / Card)",Medium,Published,,,,,
T5-583,5,No requirement tag,Governance,Component setting,component,https://county_template.devmny.org/the_risk/natural_hazards/hail,the_risk/natural_hazards/hail,(untitled Spreadsheet),2384473,Spreadsheet on src 870,tags (absent),"Section Settings > Tags: assign the 44 CFR 201.6 element this section satisfies, using the vocabulary already in use on the other 903 sections (A1-a, B1-d, C4-a, E1-a, ...).",,Open,,,,B1-d,1468427,Historic Occurrences,Presidential Disaster Declarations,"inherited from LHMP_IA component ""Presidential Disaster Declarations"" (Historic Occurrences / Card)",Medium,Published,,,,,
T5-584,5,No requirement tag,Governance,Component setting,component,https://county_template.devmny.org/the_risk/natural_hazards/hail,the_risk/natural_hazards/hail,(untitled lexical),2384453,lexical,tags (absent),"Section Settings > Tags: assign the 44 CFR 201.6 element this section satisfies, using the vocabulary already in use on the other 903 sections (A1-a, B1-d, C4-a, E1-a, ...).",,Open,,,,"B1-d, B1-e, B2-b",1468376,Overview,Hero Stats,"inherited from LHMP_IA component ""Hero Stats"" (Overview / Card)",Medium,Published,,,,,
T5-585,5,No requirement tag,Governance,Component setting,component,https://county_template.devmny.org/the_risk/natural_hazards/hail,the_risk/natural_hazards/hail,Local Hazard Summary,2384454,lexical,tags (absent),"Section Settings > Tags: assign the 44 CFR 201.6 element this section satisfies, using the vocabulary already in use on the other 903 sections (A1-a, B1-d, C4-a, E1-a, ...).",,Open,,,,"B2-a, B2-b",1468383,Overview,General Vulnerability,"LHMP_IA section ""Overview"" (via ""General Vulnerability"")",Medium,Published,,,,,
T5-586,5,No requirement tag,Governance,Component setting,component,https://county_template.devmny.org/the_risk/natural_hazards/hail,the_risk/natural_hazards/hail,(untitled lexical),2384495,lexical,tags (absent),"Section Settings > Tags: assign the 44 CFR 201.6 element this section satisfies, using the vocabulary already in use on the other 903 sections (A1-a, B1-d, C4-a, E1-a, ...).",,Open,,,,"B2-a, B2-b",1468464,Modeled Risks (NRI),People and Communities Overview,"inherited from LHMP_IA component ""People and Communities Overview"" (Modeled Risks (NRI) / Card)",Medium,Published (hidden from view),"on the page but flagged Hidden from View, so it paints nothing",,,,
T5-587,5,No requirement tag,Governance,Component setting,component,https://county_template.devmny.org/the_risk/natural_hazards/hail,the_risk/natural_hazards/hail,People and Communities - Local Risk Summary,2384496,lexical,tags (absent),"Section Settings > Tags: assign the 44 CFR 201.6 element this section satisfies, using the vocabulary already in use on the other 903 sections (A1-a, B1-d, C4-a, E1-a, ...).",,Open,,,,,1686455,Modeled Risks (NRI),People and Communities - Local Risk Summary,"LHMP_IA component ""People and Communities - Local Risk Summary"" (Modeled Risks (NRI) / Rich Text)",,Published,,,,,
T5-588,5,No requirement tag,Governance,Component setting,component,https://county_template.devmny.org/the_risk/natural_hazards/hail,the_risk/natural_hazards/hail,(untitled lexical),2384474,lexical,tags (absent),"Section Settings > Tags: assign the 44 CFR 201.6 element this section satisfies, using the vocabulary already in use on the other 903 sections (A1-a, B1-d, C4-a, E1-a, ...).",,Open,,,,B1-d,1468427,Historic Occurrences,Presidential Disaster Declarations,"inherited from LHMP_IA component ""Presidential Disaster Declarations"" (Historic Occurrences / Card)",Medium,Published (hidden from view),"on the page but flagged Hidden from View, so it paints nothing",,,,
T5-589,5,No requirement tag,Governance,Component setting,component,https://county_template.devmny.org/the_risk/natural_hazards/hail,the_risk/natural_hazards/hail,(untitled lexical),2384479,lexical,tags (absent),"Section Settings > Tags: assign the 44 CFR 201.6 element this section satisfies, using the vocabulary already in use on the other 903 sections (A1-a, B1-d, C4-a, E1-a, ...).",,Open,,,,B1-d,1468431,Historic Occurrences,Other Hazard Events,"inherited from LHMP_IA component ""Other Hazard Events"" (Historic Occurrences / Card)",Medium,Published (hidden from view),"on the page but flagged Hidden from View, so it paints nothing",,,,
T5-590,5,No requirement tag,Governance,Component setting,component,https://county_template.devmny.org/the_risk/natural_hazards/hail,the_risk/natural_hazards/hail,Local Risk Assessment,2384481,lexical,tags (absent),"Section Settings > Tags: assign the 44 CFR 201.6 element this section satisfies, using the vocabulary already in use on the other 903 sections (A1-a, B1-d, C4-a, E1-a, ...).",,Open,,,,"B2-a, B2-b",1468438,Modeled Risks (NRI),Built Environment Overview,"LHMP_IA section ""Modeled Risks (NRI)"" (via ""Built Environment Overview"")",Medium,Published,,,,,
T5-591,5,No requirement tag,Governance,Component setting,component,https://county_template.devmny.org/the_risk/natural_hazards/hail,the_risk/natural_hazards/hail,(untitled lexical),2384482,lexical,tags (absent),"Section Settings > Tags: assign the 44 CFR 201.6 element this section satisfies, using the vocabulary already in use on the other 903 sections (A1-a, B1-d, C4-a, E1-a, ...).",,Open,,,,"B2-a, B2-b",1468438,Modeled Risks (NRI),Built Environment Overview,"inherited from LHMP_IA section ""Modeled Risks (NRI)"" (via ""Built Environment Overview"")",Medium,Published (hidden from view),"on the page but flagged Hidden from View, so it paints nothing",,,,
T5-592,5,No requirement tag,Governance,Component setting,component,https://county_template.devmny.org/the_risk/natural_hazards/hail,the_risk/natural_hazards/hail,(untitled Card),2384484,Card,tags (absent),"Section Settings > Tags: assign the 44 CFR 201.6 element this section satisfies, using the vocabulary already in use on the other 903 sections (A1-a, B1-d, C4-a, E1-a, ...).",,Open,,,,"B2-a, B2-b",1468397,Local Impacts,County Level,"inherited from LHMP_IA section ""Local Impacts"" (via ""County Level"")",Medium,Published (hidden from view),"on the page but flagged Hidden from View, so it paints nothing",,,,
T5-593,5,No requirement tag,Governance,Component setting,component,https://county_template.devmny.org/the_risk/natural_hazards/hail,the_risk/natural_hazards/hail,(untitled lexical),2384485,lexical,tags (absent),"Section Settings > Tags: assign the 44 CFR 201.6 element this section satisfies, using the vocabulary already in use on the other 903 sections (A1-a, B1-d, C4-a, E1-a, ...).",,Open,,,,"B2-a, B2-b",1468397,Local Impacts,County Level,"inherited from LHMP_IA section ""Local Impacts"" (via ""County Level"")",Medium,Published (hidden from view),"on the page but flagged Hidden from View, so it paints nothing",,,,
T5-594,5,No requirement tag,Governance,Component setting,component,https://county_template.devmny.org/the_risk/natural_hazards/hail,the_risk/natural_hazards/hail,(untitled Spreadsheet),2384487,Spreadsheet,tags (absent),"Section Settings > Tags: assign the 44 CFR 201.6 element this section satisfies, using the vocabulary already in use on the other 903 sections (A1-a, B1-d, C4-a, E1-a, ...).",,Open,,,,"B2-a, B2-b",1468397,Local Impacts,County Level,"inherited from LHMP_IA section ""Local Impacts"" (via ""County Level"")",Medium,Published,,,,,
T5-595,5,No requirement tag,Governance,Component setting,component,https://county_template.devmny.org/the_risk/natural_hazards/hail,the_risk/natural_hazards/hail,(untitled lexical),2384492,lexical,tags (absent),"Section Settings > Tags: assign the 44 CFR 201.6 element this section satisfies, using the vocabulary already in use on the other 903 sections (A1-a, B1-d, C4-a, E1-a, ...).",,Open,,,,"B2-a, B2-b",1468446,Modeled Risks (NRI),Built Environment Overview,"inherited from LHMP_IA component ""Built Environment Overview"" (Modeled Risks (NRI) / Card)",Medium,Published (hidden from view),"on the page but flagged Hidden from View, so it paints nothing",,,,
T5-596,5,No requirement tag,Governance,Component setting,component,https://county_template.devmny.org/the_risk/natural_hazards/hail,the_risk/natural_hazards/hail,Built Environment - Local Risk Summary,2384493,lexical,tags (absent),"Section Settings > Tags: assign the 44 CFR 201.6 element this section satisfies, using the vocabulary already in use on the other 903 sections (A1-a, B1-d, C4-a, E1-a, ...).",,Open,,,,,1957824,Modeled Risks (NRI),Built Environment - Local Risk Summary,"LHMP_IA component ""Built Environment - Local Risk Summary"" (Modeled Risks (NRI) / Rich Text)",,Published,,,,,
T5-597,5,No requirement tag,Governance,Component setting,component,https://county_template.devmny.org/the_risk/natural_hazards/hail,the_risk/natural_hazards/hail,(untitled lexical),2384498,lexical,tags (absent),"Section Settings > Tags: assign the 44 CFR 201.6 element this section satisfies, using the vocabulary already in use on the other 903 sections (A1-a, B1-d, C4-a, E1-a, ...).",,Open,,,,"B2-a, B2-b",1468482,Modeled Risks (NRI),Natural Environment Overview,"inherited from LHMP_IA component ""Natural Environment Overview"" (Modeled Risks (NRI) / Card)",Medium,Published (hidden from view),"on the page but flagged Hidden from View, so it paints nothing",,,,
T5-598,5,No requirement tag,Governance,Component setting,component,https://county_template.devmny.org/the_risk/natural_hazards/hail,the_risk/natural_hazards/hail,Natural Environment - Local Risk Summary,2384499,lexical,tags (absent),"Section Settings > Tags: assign the 44 CFR 201.6 element this section satisfies, using the vocabulary already in use on the other 903 sections (A1-a, B1-d, C4-a, E1-a, ...).",,Open,,,,,1957825,Modeled Risks (NRI),Natural Environment - Local Risk Summary,"LHMP_IA component ""Natural Environment - Local Risk Summary"" (Modeled Risks (NRI) / Rich Text)",,Published,,,,,
T5-599,5,No requirement tag,Governance,Component setting,component,https://county_template.devmny.org/the_risk/natural_hazards/hail,the_risk/natural_hazards/hail,(untitled lexical),2384500,lexical,tags (absent),"Section Settings > Tags: assign the 44 CFR 201.6 element this section satisfies, using the vocabulary already in use on the other 903 sections (A1-a, B1-d, C4-a, E1-a, ...).",,Open,,,,,1957825,Modeled Risks (NRI),Natural Environment - Local Risk Summary,"inherited from LHMP_IA component ""Natural Environment - Local Risk Summary"" (Modeled Risks (NRI) / Rich Text)",,Published,,,,,
T5-600,5,No requirement tag,Governance,Component setting,component,https://county_template.devmny.org/the_risk/natural_hazards/hail,the_risk/natural_hazards/hail,(untitled lexical),2384504,lexical,tags (absent),"Section Settings > Tags: assign the 44 CFR 201.6 element this section satisfies, using the vocabulary already in use on the other 903 sections (A1-a, B1-d, C4-a, E1-a, ...).",,Open,,,,C1-a,1468495,Strategies,Capabilities,"inherited from LHMP_IA component ""Capabilities"" (Strategies / Card)",Medium,Published (hidden from view),"on the page but flagged Hidden from View, so it paints nothing",,,,
T5-601,5,No requirement tag,Governance,Component setting,component,https://county_template.devmny.org/the_risk/natural_hazards/hail,the_risk/natural_hazards/hail,(untitled Card),2384506,Card,tags (absent),"Section Settings > Tags: assign the 44 CFR 201.6 element this section satisfies, using the vocabulary already in use on the other 903 sections (A1-a, B1-d, C4-a, E1-a, ...).",,Open,,,,C1-a,1468496,Strategies (2.0),Local Capabilities,"inherited from LHMP_IA component ""Local Capabilities"" (Strategies (2.0) / Rich Text)",Medium,Published (hidden from view),"on the page but flagged Hidden from View, so it paints nothing",,,,
T5-602,5,No requirement tag,Governance,Component setting,component,https://county_template.devmny.org/the_risk/natural_hazards/hail,the_risk/natural_hazards/hail,(untitled lexical),2384509,lexical,tags (absent),"Section Settings > Tags: assign the 44 CFR 201.6 element this section satisfies, using the vocabulary already in use on the other 903 sections (A1-a, B1-d, C4-a, E1-a, ...).",,Open,,,,"C4-a, C4-b",1468498,Strategies,Actions,"inherited from LHMP_IA component ""Actions"" (Strategies / Card)",Medium,Published (hidden from view),"on the page but flagged Hidden from View, so it paints nothing",,,,
T5-603,5,No requirement tag,Governance,Component setting,component,https://county_template.devmny.org/the_risk/natural_hazards/hail,the_risk/natural_hazards/hail,(untitled lexical),2384513,lexical,tags (absent),"Section Settings > Tags: assign the 44 CFR 201.6 element this section satisfies, using the vocabulary already in use on the other 903 sections (A1-a, B1-d, C4-a, E1-a, ...).",,Open,,,,"C4-a, C4-b, E2-b",1468501,Strategies (2.0),Local Actions Table,"inherited from LHMP_IA component ""Local Actions Table"" (Strategies (2.0) / Table)",Medium,Published (hidden from view),"on the page but flagged Hidden from View, so it paints nothing",,,,
T5-604,5,No requirement tag,Governance,Component setting,component,https://county_template.devmny.org/the_risk/natural_hazards/hail,the_risk/natural_hazards/hail,(untitled lexical),2384515,lexical,tags (absent),"Section Settings > Tags: assign the 44 CFR 201.6 element this section satisfies, using the vocabulary already in use on the other 903 sections (A1-a, B1-d, C4-a, E1-a, ...).",,Open,,,,C4-a,1468502,Strategies (2.0),Featured Strategy,"inherited from LHMP_IA component ""Featured Strategy"" (Strategies (2.0) / Rich Text)",Medium,Published,,,,,
T5-635,5,No requirement tag,Governance,Component setting,component,https://county_template.devmny.org/the_risk/natural_hazards/ice_storm,the_risk/natural_hazards/ice_storm,(untitled lexical),2384618,lexical,tags (absent),"Section Settings > Tags: assign the 44 CFR 201.6 element this section satisfies, using the vocabulary already in use on the other 903 sections (A1-a, B1-d, C4-a, E1-a, ...).",,Open,,,,B1-a,1468368,Overview,Overview,"LHMP_IA section ""Overview"" (first section on the page)",Medium,Published (hidden from view),"on the page but flagged Hidden from View, so it paints nothing",,,,
T5-636,5,No requirement tag,Governance,Component setting,component,https://county_template.devmny.org/the_risk/natural_hazards/ice_storm,the_risk/natural_hazards/ice_storm,Hazard of Concern,2384621,Card on Hazards_of_Concern,tags (absent),"Section Settings > Tags: assign the 44 CFR 201.6 element this section satisfies, using the vocabulary already in use on the other 903 sections (A1-a, B1-d, C4-a, E1-a, ...).",,Open,,,,"B1-d, B1-e, B2-b",1468376,Overview,Hero Stats,"LHMP_IA component ""Hero Stats"" (Overview / Card)",High,Published,,,,,
T5-637,5,No requirement tag,Governance,Component setting,component,https://county_template.devmny.org/the_risk/natural_hazards/ice_storm,the_risk/natural_hazards/ice_storm,Modeled RIsk,2384622,Card on src 1508,tags (absent),"Section Settings > Tags: assign the 44 CFR 201.6 element this section satisfies, using the vocabulary already in use on the other 903 sections (A1-a, B1-d, C4-a, E1-a, ...).",,Open,,,,"B1-d, B1-e, B2-b",1468376,Overview,Hero Stats,"LHMP_IA component ""Hero Stats"" (Overview / Card)",High,Published,,,,,
T5-638,5,No requirement tag,Governance,Component setting,component,https://county_template.devmny.org/the_risk/natural_hazards/ice_storm,the_risk/natural_hazards/ice_storm,Historical Risk,2384623,Card,tags (absent),"Section Settings > Tags: assign the 44 CFR 201.6 element this section satisfies, using the vocabulary already in use on the other 903 sections (A1-a, B1-d, C4-a, E1-a, ...).",,Open,,,,"B1-d, B1-e, B2-b",1468376,Overview,Hero Stats,"LHMP_IA component ""Hero Stats"" (Overview / Card)",High,Published,,,,,
T5-639,5,No requirement tag,Governance,Component setting,component,https://county_template.devmny.org/the_risk/natural_hazards/ice_storm,the_risk/natural_hazards/ice_storm,(untitled lexical),2384624,lexical,tags (absent),"Section Settings > Tags: assign the 44 CFR 201.6 element this section satisfies, using the vocabulary already in use on the other 903 sections (A1-a, B1-d, C4-a, E1-a, ...).",,Open,,,,"B1-d, B1-e, B2-b",1468376,Overview,Hero Stats,"inherited from LHMP_IA component ""Hero Stats"" (Overview / Card)",Medium,Published,,,,,
T5-640,5,No requirement tag,Governance,Component setting,component,https://county_template.devmny.org/the_risk/natural_hazards/ice_storm,the_risk/natural_hazards/ice_storm,(untitled lexical),2384671,lexical,tags (absent),"Section Settings > Tags: assign the 44 CFR 201.6 element this section satisfies, using the vocabulary already in use on the other 903 sections (A1-a, B1-d, C4-a, E1-a, ...).",,Open,,,,"B2-a, B2-b",1468484,Modeled Risks (NRI),Natural Environment Overview,"inherited from LHMP_IA component ""Natural Environment Overview"" (Modeled Risks (NRI) / Card)",Medium,Published (hidden from view),"on the page but flagged Hidden from View, so it paints nothing",,,,
T5-641,5,No requirement tag,Governance,Component setting,component,https://county_template.devmny.org/the_risk/natural_hazards/ice_storm,the_risk/natural_hazards/ice_storm,(untitled lexical),2384626,lexical,tags (absent),"Section Settings > Tags: assign the 44 CFR 201.6 element this section satisfies, using the vocabulary already in use on the other 903 sections (A1-a, B1-d, C4-a, E1-a, ...).",,Open,,,,"B1-d, B1-e, B2-b",1468376,Overview,Hero Stats,"inherited from LHMP_IA component ""Hero Stats"" (Overview / Card)",Medium,Published,,,,,
T5-642,5,No requirement tag,Governance,Component setting,component,https://county_template.devmny.org/the_risk/natural_hazards/ice_storm,the_risk/natural_hazards/ice_storm,(untitled Card),2384645,Card on LHMP_IA,tags (absent),"Section Settings > Tags: assign the 44 CFR 201.6 element this section satisfies, using the vocabulary already in use on the other 903 sections (A1-a, B1-d, C4-a, E1-a, ...).",,Open,,,,B1-d,1468427,Historic Occurrences,Presidential Disaster Declarations,"inherited from LHMP_IA component ""Presidential Disaster Declarations"" (Historic Occurrences / Card)",Medium,Published,,,,,
T5-643,5,No requirement tag,Governance,Component setting,component,https://county_template.devmny.org/the_risk/natural_hazards/ice_storm,the_risk/natural_hazards/ice_storm,(untitled Spreadsheet),2384646,Spreadsheet on src 870,tags (absent),"Section Settings > Tags: assign the 44 CFR 201.6 element this section satisfies, using the vocabulary already in use on the other 903 sections (A1-a, B1-d, C4-a, E1-a, ...).",,Open,,,,B1-d,1468427,Historic Occurrences,Presidential Disaster Declarations,"inherited from LHMP_IA component ""Presidential Disaster Declarations"" (Historic Occurrences / Card)",Medium,Published,,,,,
T5-644,5,No requirement tag,Governance,Component setting,component,https://county_template.devmny.org/the_risk/natural_hazards/ice_storm,the_risk/natural_hazards/ice_storm,Local Hazard Summary,2384627,lexical,tags (absent),"Section Settings > Tags: assign the 44 CFR 201.6 element this section satisfies, using the vocabulary already in use on the other 903 sections (A1-a, B1-d, C4-a, E1-a, ...).",,Open,,,,"B2-a, B2-b",1468385,Overview,General Vulnerability,"LHMP_IA section ""Overview"" (via ""General Vulnerability"")",Medium,Published,,,,,
T5-645,5,No requirement tag,Governance,Component setting,component,https://county_template.devmny.org/the_risk/natural_hazards/ice_storm,the_risk/natural_hazards/ice_storm,(untitled Card),2384629,Card,tags (absent),"Section Settings > Tags: assign the 44 CFR 201.6 element this section satisfies, using the vocabulary already in use on the other 903 sections (A1-a, B1-d, C4-a, E1-a, ...).",,Open,,,,"B2-a, B2-b",1468385,Overview,General Vulnerability,"inherited from LHMP_IA component ""General Vulnerability"" (Overview / Card)",Medium,Published,,,,,
T5-646,5,No requirement tag,Governance,Component setting,component,https://county_template.devmny.org/the_risk/natural_hazards/ice_storm,the_risk/natural_hazards/ice_storm,Total Events and Losses in $: Declared Disasters and Non-Declared Events,2384634,Card on LHMP_IA,tags (absent),"Section Settings > Tags: assign the 44 CFR 201.6 element this section satisfies, using the vocabulary already in use on the other 903 sections (A1-a, B1-d, C4-a, E1-a, ...).",,Open,,,,B1-d,1468416,Historic Occurrences,Historic Occurrences,"inherited from LHMP_IA component ""Historic Occurrences"" (Historic Occurrences / Card)",Medium,Published,,,,,
T5-647,5,No requirement tag,Governance,Component setting,component,https://county_template.devmny.org/the_risk/natural_hazards/landslide,the_risk/natural_hazards/landslide,(untitled lexical),2384693,lexical,tags (absent),"Section Settings > Tags: assign the 44 CFR 201.6 element this section satisfies, using the vocabulary already in use on the other 903 sections (A1-a, B1-d, C4-a, E1-a, ...).",,Open,,,,B1-a,1468369,Overview,Overview,"LHMP_IA section ""Overview"" (first section on the page)",Medium,Published (hidden from view),"on the page but flagged Hidden from View, so it paints nothing",,,,
T5-648,5,No requirement tag,Governance,Component setting,component,https://county_template.devmny.org/the_risk/natural_hazards/ice_storm,the_risk/natural_hazards/ice_storm,(untitled lexical),2384638,lexical,tags (absent),"Section Settings > Tags: assign the 44 CFR 201.6 element this section satisfies, using the vocabulary already in use on the other 903 sections (A1-a, B1-d, C4-a, E1-a, ...).",,Open,,,,B1-d,1468423,Historic Occurrences,Number of Events by County Municipality,"inherited from LHMP_IA component ""Number of Events by County Municipality"" (Historic Occurrences / Map)",Medium,Published,,,,,
T5-649,5,No requirement tag,Governance,Component setting,component,https://county_template.devmny.org/the_risk/natural_hazards/ice_storm,the_risk/natural_hazards/ice_storm,(untitled lexical),2384641,lexical,tags (absent),"Section Settings > Tags: assign the 44 CFR 201.6 element this section satisfies, using the vocabulary already in use on the other 903 sections (A1-a, B1-d, C4-a, E1-a, ...).",,Open,,,,B1-d,1468423,Historic Occurrences,Number of Events by County Municipality,"inherited from LHMP_IA component ""Number of Events by County Municipality"" (Historic Occurrences / Map)",Medium,Published,,,,,
T5-650,5,No requirement tag,Governance,Component setting,component,https://county_template.devmny.org/the_risk/natural_hazards/ice_storm,the_risk/natural_hazards/ice_storm,(untitled lexical),2384647,lexical,tags (absent),"Section Settings > Tags: assign the 44 CFR 201.6 element this section satisfies, using the vocabulary already in use on the other 903 sections (A1-a, B1-d, C4-a, E1-a, ...).",,Open,,,,B1-d,1468427,Historic Occurrences,Presidential Disaster Declarations,"inherited from LHMP_IA component ""Presidential Disaster Declarations"" (Historic Occurrences / Card)",Medium,Published (hidden from view),"on the page but flagged Hidden from View, so it paints nothing",,,,
T5-651,5,No requirement tag,Governance,Component setting,component,https://county_template.devmny.org/the_risk/natural_hazards/ice_storm,the_risk/natural_hazards/ice_storm,(untitled lexical),2384652,lexical,tags (absent),"Section Settings > Tags: assign the 44 CFR 201.6 element this section satisfies, using the vocabulary already in use on the other 903 sections (A1-a, B1-d, C4-a, E1-a, ...).",,Open,,,,B1-d,1468431,Historic Occurrences,Other Hazard Events,"inherited from LHMP_IA component ""Other Hazard Events"" (Historic Occurrences / Card)",Medium,Published (hidden from view),"on the page but flagged Hidden from View, so it paints nothing",,,,
T5-652,5,No requirement tag,Governance,Component setting,component,https://county_template.devmny.org/the_risk/natural_hazards/ice_storm,the_risk/natural_hazards/ice_storm,Local Risk Assessment,2384654,lexical,tags (absent),"Section Settings > Tags: assign the 44 CFR 201.6 element this section satisfies, using the vocabulary already in use on the other 903 sections (A1-a, B1-d, C4-a, E1-a, ...).",,Open,,,,"B2-a, B2-b",1468438,Modeled Risks (NRI),Built Environment Overview,"LHMP_IA section ""Modeled Risks (NRI)"" (via ""Built Environment Overview"")",Medium,Published,,,,,
T5-653,5,No requirement tag,Governance,Component setting,component,https://county_template.devmny.org/the_risk/natural_hazards/ice_storm,the_risk/natural_hazards/ice_storm,(untitled lexical),2384655,lexical,tags (absent),"Section Settings > Tags: assign the 44 CFR 201.6 element this section satisfies, using the vocabulary already in use on the other 903 sections (A1-a, B1-d, C4-a, E1-a, ...).",,Open,,,,"B2-a, B2-b",1468438,Modeled Risks (NRI),Built Environment Overview,"inherited from LHMP_IA section ""Modeled Risks (NRI)"" (via ""Built Environment Overview"")",Medium,Published (hidden from view),"on the page but flagged Hidden from View, so it paints nothing",,,,
T5-654,5,No requirement tag,Governance,Component setting,component,https://county_template.devmny.org/the_risk/natural_hazards/ice_storm,the_risk/natural_hazards/ice_storm,(untitled Card),2384657,Card,tags (absent),"Section Settings > Tags: assign the 44 CFR 201.6 element this section satisfies, using the vocabulary already in use on the other 903 sections (A1-a, B1-d, C4-a, E1-a, ...).",,Open,,,,"B2-a, B2-b",1468397,Local Impacts,County Level,"inherited from LHMP_IA section ""Local Impacts"" (via ""County Level"")",Medium,Published (hidden from view),"on the page but flagged Hidden from View, so it paints nothing",,,,
T5-655,5,No requirement tag,Governance,Component setting,component,https://county_template.devmny.org/the_risk/natural_hazards/ice_storm,the_risk/natural_hazards/ice_storm,(untitled lexical),2384658,lexical,tags (absent),"Section Settings > Tags: assign the 44 CFR 201.6 element this section satisfies, using the vocabulary already in use on the other 903 sections (A1-a, B1-d, C4-a, E1-a, ...).",,Open,,,,"B2-a, B2-b",1468397,Local Impacts,County Level,"inherited from LHMP_IA section ""Local Impacts"" (via ""County Level"")",Medium,Published (hidden from view),"on the page but flagged Hidden from View, so it paints nothing",,,,
T5-656,5,No requirement tag,Governance,Component setting,component,https://county_template.devmny.org/the_risk/natural_hazards/ice_storm,the_risk/natural_hazards/ice_storm,(untitled Spreadsheet),2384660,Spreadsheet,tags (absent),"Section Settings > Tags: assign the 44 CFR 201.6 element this section satisfies, using the vocabulary already in use on the other 903 sections (A1-a, B1-d, C4-a, E1-a, ...).",,Open,,,,"B2-a, B2-b",1468397,Local Impacts,County Level,"inherited from LHMP_IA section ""Local Impacts"" (via ""County Level"")",Medium,Published,,,,,
T5-657,5,No requirement tag,Governance,Component setting,component,https://county_template.devmny.org/the_risk/natural_hazards/ice_storm,the_risk/natural_hazards/ice_storm,(untitled lexical),2384665,lexical,tags (absent),"Section Settings > Tags: assign the 44 CFR 201.6 element this section satisfies, using the vocabulary already in use on the other 903 sections (A1-a, B1-d, C4-a, E1-a, ...).",,Open,,,,"B2-a, B2-b",1468448,Modeled Risks (NRI),Built Environment Overview,"inherited from LHMP_IA component ""Built Environment Overview"" (Modeled Risks (NRI) / Card)",Medium,Published (hidden from view),"on the page but flagged Hidden from View, so it paints nothing",,,,
T5-658,5,No requirement tag,Governance,Component setting,component,https://county_template.devmny.org/the_risk/natural_hazards/ice_storm,the_risk/natural_hazards/ice_storm,Built Environment - Local Risk Summary,2384666,lexical,tags (absent),"Section Settings > Tags: assign the 44 CFR 201.6 element this section satisfies, using the vocabulary already in use on the other 903 sections (A1-a, B1-d, C4-a, E1-a, ...).",,Open,,,,,1957824,Modeled Risks (NRI),Built Environment - Local Risk Summary,"LHMP_IA component ""Built Environment - Local Risk Summary"" (Modeled Risks (NRI) / Rich Text)",,Published,,,,,
T5-659,5,No requirement tag,Governance,Component setting,component,https://county_template.devmny.org/the_risk/natural_hazards/ice_storm,the_risk/natural_hazards/ice_storm,(untitled lexical),2384668,lexical,tags (absent),"Section Settings > Tags: assign the 44 CFR 201.6 element this section satisfies, using the vocabulary already in use on the other 903 sections (A1-a, B1-d, C4-a, E1-a, ...).",,Open,,,,"B2-a, B2-b",1468466,Modeled Risks (NRI),People and Communities Overview,"inherited from LHMP_IA component ""People and Communities Overview"" (Modeled Risks (NRI) / Card)",Medium,Published (hidden from view),"on the page but flagged Hidden from View, so it paints nothing",,,,
T5-660,5,No requirement tag,Governance,Component setting,component,https://county_template.devmny.org/the_risk/natural_hazards/ice_storm,the_risk/natural_hazards/ice_storm,People and Communities - Local Risk Summary,2384669,lexical,tags (absent),"Section Settings > Tags: assign the 44 CFR 201.6 element this section satisfies, using the vocabulary already in use on the other 903 sections (A1-a, B1-d, C4-a, E1-a, ...).",,Open,,,,,1686455,Modeled Risks (NRI),People and Communities - Local Risk Summary,"LHMP_IA component ""People and Communities - Local Risk Summary"" (Modeled Risks (NRI) / Rich Text)",,Published,,,,,
T5-661,5,No requirement tag,Governance,Component setting,component,https://county_template.devmny.org/the_risk/natural_hazards/ice_storm,the_risk/natural_hazards/ice_storm,Natural Environment - Local Risk Summary,2384672,lexical,tags (absent),"Section Settings > Tags: assign the 44 CFR 201.6 element this section satisfies, using the vocabulary already in use on the other 903 sections (A1-a, B1-d, C4-a, E1-a, ...).",,Open,,,,,1957825,Modeled Risks (NRI),Natural Environment - Local Risk Summary,"LHMP_IA component ""Natural Environment - Local Risk Summary"" (Modeled Risks (NRI) / Rich Text)",,Published,,,,,
T5-662,5,No requirement tag,Governance,Component setting,component,https://county_template.devmny.org/the_risk/natural_hazards/ice_storm,the_risk/natural_hazards/ice_storm,(untitled lexical),2384673,lexical,tags (absent),"Section Settings > Tags: assign the 44 CFR 201.6 element this section satisfies, using the vocabulary already in use on the other 903 sections (A1-a, B1-d, C4-a, E1-a, ...).",,Open,,,,,1957825,Modeled Risks (NRI),Natural Environment - Local Risk Summary,"inherited from LHMP_IA component ""Natural Environment - Local Risk Summary"" (Modeled Risks (NRI) / Rich Text)",,Published,,,,,
T5-663,5,No requirement tag,Governance,Component setting,component,https://county_template.devmny.org/the_risk/natural_hazards/ice_storm,the_risk/natural_hazards/ice_storm,(untitled lexical),2384677,lexical,tags (absent),"Section Settings > Tags: assign the 44 CFR 201.6 element this section satisfies, using the vocabulary already in use on the other 903 sections (A1-a, B1-d, C4-a, E1-a, ...).",,Open,,,,C1-a,1468495,Strategies,Capabilities,"inherited from LHMP_IA component ""Capabilities"" (Strategies / Card)",Medium,Published (hidden from view),"on the page but flagged Hidden from View, so it paints nothing",,,,
T5-664,5,No requirement tag,Governance,Component setting,component,https://county_template.devmny.org/the_risk/natural_hazards/ice_storm,the_risk/natural_hazards/ice_storm,(untitled Card),2384679,Card,tags (absent),"Section Settings > Tags: assign the 44 CFR 201.6 element this section satisfies, using the vocabulary already in use on the other 903 sections (A1-a, B1-d, C4-a, E1-a, ...).",,Open,,,,C1-a,1468496,Strategies (2.0),Local Capabilities,"inherited from LHMP_IA component ""Local Capabilities"" (Strategies (2.0) / Rich Text)",Medium,Published (hidden from view),"on the page but flagged Hidden from View, so it paints nothing",,,,
T5-665,5,No requirement tag,Governance,Component setting,component,https://county_template.devmny.org/the_risk/natural_hazards/ice_storm,the_risk/natural_hazards/ice_storm,(untitled lexical),2384682,lexical,tags (absent),"Section Settings > Tags: assign the 44 CFR 201.6 element this section satisfies, using the vocabulary already in use on the other 903 sections (A1-a, B1-d, C4-a, E1-a, ...).",,Open,,,,"C4-a, C4-b",1468498,Strategies,Actions,"inherited from LHMP_IA component ""Actions"" (Strategies / Card)",Medium,Published (hidden from view),"on the page but flagged Hidden from View, so it paints nothing",,,,
T5-666,5,No requirement tag,Governance,Component setting,component,https://county_template.devmny.org/the_risk/natural_hazards/ice_storm,the_risk/natural_hazards/ice_storm,(untitled Card),2384686,Card,tags (absent),"Section Settings > Tags: assign the 44 CFR 201.6 element this section satisfies, using the vocabulary already in use on the other 903 sections (A1-a, B1-d, C4-a, E1-a, ...).",,Open,,,,"C4-a, C4-b, E2-b",1468501,Strategies (2.0),Local Actions Table,"inherited from LHMP_IA component ""Local Actions Table"" (Strategies (2.0) / Table)",Medium,Published (hidden from view),"on the page but flagged Hidden from View, so it paints nothing",,,,
T5-667,5,No requirement tag,Governance,Component setting,component,https://county_template.devmny.org/the_risk/natural_hazards/ice_storm,the_risk/natural_hazards/ice_storm,(untitled lexical),2384687,lexical,tags (absent),"Section Settings > Tags: assign the 44 CFR 201.6 element this section satisfies, using the vocabulary already in use on the other 903 sections (A1-a, B1-d, C4-a, E1-a, ...).",,Open,,,,"C4-a, C4-b, E2-b",1468501,Strategies (2.0),Local Actions Table,"inherited from LHMP_IA component ""Local Actions Table"" (Strategies (2.0) / Table)",Medium,Published (hidden from view),"on the page but flagged Hidden from View, so it paints nothing",,,,
T5-668,5,No requirement tag,Governance,Component setting,component,https://county_template.devmny.org/the_risk/natural_hazards/ice_storm,the_risk/natural_hazards/ice_storm,(untitled lexical),2384689,lexical,tags (absent),"Section Settings > Tags: assign the 44 CFR 201.6 element this section satisfies, using the vocabulary already in use on the other 903 sections (A1-a, B1-d, C4-a, E1-a, ...).",,Open,,,,C4-a,1468502,Strategies (2.0),Featured Strategy,"inherited from LHMP_IA component ""Featured Strategy"" (Strategies (2.0) / Rich Text)",Medium,Published,,,,,
T5-669,5,No requirement tag,Governance,Component setting,component,https://county_template.devmny.org/the_risk/natural_hazards/landslide,the_risk/natural_hazards/landslide,(untitled Graph),2384718,Graph,tags (empty string),"Section Settings > Tags: assign the 44 CFR 201.6 element this section satisfies, using the vocabulary already in use on the other 903 sections (A1-a, B1-d, C4-a, E1-a, ...).",,Open,,,,B1-d,1468426,Historic Occurrences,Total Losses in $ by Month Overview,"inherited from LHMP_IA component ""Total Losses in $ by Month Overview"" (Historic Occurrences / Card)",Medium,Published,,,,,
T5-670,5,No requirement tag,Governance,Component setting,component,https://county_template.devmny.org/the_risk/natural_hazards/landslide,the_risk/natural_hazards/landslide,(untitled Card),2384720,Card on LHMP_IA,tags (absent),"Section Settings > Tags: assign the 44 CFR 201.6 element this section satisfies, using the vocabulary already in use on the other 903 sections (A1-a, B1-d, C4-a, E1-a, ...).",,Open,,,,B1-d,1468427,Historic Occurrences,Presidential Disaster Declarations,"inherited from LHMP_IA component ""Presidential Disaster Declarations"" (Historic Occurrences / Card)",Medium,Published,,,,,
T5-671,5,No requirement tag,Governance,Component setting,component,https://county_template.devmny.org/the_risk/natural_hazards/landslide,the_risk/natural_hazards/landslide,(untitled Spreadsheet),2384721,Spreadsheet on src 870,tags (absent),"Section Settings > Tags: assign the 44 CFR 201.6 element this section satisfies, using the vocabulary already in use on the other 903 sections (A1-a, B1-d, C4-a, E1-a, ...).",,Open,,,,B1-d,1468427,Historic Occurrences,Presidential Disaster Declarations,"inherited from LHMP_IA component ""Presidential Disaster Declarations"" (Historic Occurrences / Card)",Medium,Published,,,,,
T5-672,5,No requirement tag,Governance,Component setting,component,https://county_template.devmny.org/the_risk/natural_hazards/landslide,the_risk/natural_hazards/landslide,Hazard of Concern,2384696,Card on Hazards_of_Concern,tags (absent),"Section Settings > Tags: assign the 44 CFR 201.6 element this section satisfies, using the vocabulary already in use on the other 903 sections (A1-a, B1-d, C4-a, E1-a, ...).",,Open,,,,"B1-d, B1-e, B2-b",1468376,Overview,Hero Stats,"LHMP_IA component ""Hero Stats"" (Overview / Card)",High,Published,,,,,
T5-673,5,No requirement tag,Governance,Component setting,component,https://county_template.devmny.org/the_risk/natural_hazards/landslide,the_risk/natural_hazards/landslide,Modeled RIsk,2384697,Card on src 1508,tags (absent),"Section Settings > Tags: assign the 44 CFR 201.6 element this section satisfies, using the vocabulary already in use on the other 903 sections (A1-a, B1-d, C4-a, E1-a, ...).",,Open,,,,"B1-d, B1-e, B2-b",1468376,Overview,Hero Stats,"LHMP_IA component ""Hero Stats"" (Overview / Card)",High,Published,,,,,
T5-674,5,No requirement tag,Governance,Component setting,component,https://county_template.devmny.org/the_risk/natural_hazards/landslide,the_risk/natural_hazards/landslide,Historical Risk,2384698,Card,tags (absent),"Section Settings > Tags: assign the 44 CFR 201.6 element this section satisfies, using the vocabulary already in use on the other 903 sections (A1-a, B1-d, C4-a, E1-a, ...).",,Open,,,,"B1-d, B1-e, B2-b",1468376,Overview,Hero Stats,"LHMP_IA component ""Hero Stats"" (Overview / Card)",High,Published,,,,,
T5-675,5,No requirement tag,Governance,Component setting,component,https://county_template.devmny.org/the_risk/natural_hazards/landslide,the_risk/natural_hazards/landslide,(untitled lexical),2384699,lexical,tags (absent),"Section Settings > Tags: assign the 44 CFR 201.6 element this section satisfies, using the vocabulary already in use on the other 903 sections (A1-a, B1-d, C4-a, E1-a, ...).",,Open,,,,"B1-d, B1-e, B2-b",1468376,Overview,Hero Stats,"inherited from LHMP_IA component ""Hero Stats"" (Overview / Card)",Medium,Published,,,,,
T5-676,5,No requirement tag,Governance,Component setting,component,https://county_template.devmny.org/the_risk/natural_hazards/landslide,the_risk/natural_hazards/landslide,(untitled lexical),2384701,lexical,tags (absent),"Section Settings > Tags: assign the 44 CFR 201.6 element this section satisfies, using the vocabulary already in use on the other 903 sections (A1-a, B1-d, C4-a, E1-a, ...).",,Open,,,,"B1-d, B1-e, B2-b",1468376,Overview,Hero Stats,"inherited from LHMP_IA component ""Hero Stats"" (Overview / Card)",Medium,Published,,,,,
T5-677,5,No requirement tag,Governance,Component setting,component,https://county_template.devmny.org/the_risk/natural_hazards/landslide,the_risk/natural_hazards/landslide,Local Hazard Summary,2384702,lexical,tags (absent),"Section Settings > Tags: assign the 44 CFR 201.6 element this section satisfies, using the vocabulary already in use on the other 903 sections (A1-a, B1-d, C4-a, E1-a, ...).",,Open,,,,"B2-a, B2-b",1468387,Overview,General Vulnerability,"LHMP_IA section ""Overview"" (via ""General Vulnerability"")",Medium,Published,,,,,
T5-678,5,No requirement tag,Governance,Component setting,component,https://county_template.devmny.org/the_risk/natural_hazards/landslide,the_risk/natural_hazards/landslide,Total Events and Losses in $: Declared Disasters and Non-Declared Events,2384709,Card on LHMP_IA,tags (absent),"Section Settings > Tags: assign the 44 CFR 201.6 element this section satisfies, using the vocabulary already in use on the other 903 sections (A1-a, B1-d, C4-a, E1-a, ...).",,Open,,,,B1-d,1468416,Historic Occurrences,Historic Occurrences,"inherited from LHMP_IA component ""Historic Occurrences"" (Historic Occurrences / Card)",Medium,Published,,,,,
T5-679,5,No requirement tag,Governance,Component setting,component,https://county_template.devmny.org/the_risk/natural_hazards/landslide,the_risk/natural_hazards/landslide,(untitled lexical),2384713,lexical,tags (absent),"Section Settings > Tags: assign the 44 CFR 201.6 element this section satisfies, using the vocabulary already in use on the other 903 sections (A1-a, B1-d, C4-a, E1-a, ...).",,Open,,,,B1-d,1468423,Historic Occurrences,Number of Events by County Municipality,"inherited from LHMP_IA component ""Number of Events by County Municipality"" (Historic Occurrences / Map)",Medium,Published,,,,,
T5-680,5,No requirement tag,Governance,Component setting,component,https://county_template.devmny.org/the_risk/natural_hazards/landslide,the_risk/natural_hazards/landslide,(untitled lexical),2384716,lexical,tags (absent),"Section Settings > Tags: assign the 44 CFR 201.6 element this section satisfies, using the vocabulary already in use on the other 903 sections (A1-a, B1-d, C4-a, E1-a, ...).",,Open,,,,B1-d,1468423,Historic Occurrences,Number of Events by County Municipality,"inherited from LHMP_IA component ""Number of Events by County Municipality"" (Historic Occurrences / Map)",Medium,Published,,,,,
T5-681,5,No requirement tag,Governance,Component setting,component,https://county_template.devmny.org/the_risk/natural_hazards/landslide,the_risk/natural_hazards/landslide,(untitled lexical),2384722,lexical,tags (absent),"Section Settings > Tags: assign the 44 CFR 201.6 element this section satisfies, using the vocabulary already in use on the other 903 sections (A1-a, B1-d, C4-a, E1-a, ...).",,Open,,,,B1-d,1468427,Historic Occurrences,Presidential Disaster Declarations,"inherited from LHMP_IA component ""Presidential Disaster Declarations"" (Historic Occurrences / Card)",Medium,Published (hidden from view),"on the page but flagged Hidden from View, so it paints nothing",,,,
T5-682,5,No requirement tag,Governance,Component setting,component,https://county_template.devmny.org/the_risk/natural_hazards/landslide,the_risk/natural_hazards/landslide,(untitled lexical),2384727,lexical,tags (absent),"Section Settings > Tags: assign the 44 CFR 201.6 element this section satisfies, using the vocabulary already in use on the other 903 sections (A1-a, B1-d, C4-a, E1-a, ...).",,Open,,,,B1-d,1468431,Historic Occurrences,Other Hazard Events,"inherited from LHMP_IA component ""Other Hazard Events"" (Historic Occurrences / Card)",Medium,Published (hidden from view),"on the page but flagged Hidden from View, so it paints nothing",,,,
T5-683,5,No requirement tag,Governance,Component setting,component,https://county_template.devmny.org/the_risk/natural_hazards/landslide,the_risk/natural_hazards/landslide,Local Risk Assessment,2384729,lexical,tags (absent),"Section Settings > Tags: assign the 44 CFR 201.6 element this section satisfies, using the vocabulary already in use on the other 903 sections (A1-a, B1-d, C4-a, E1-a, ...).",,Open,,,,"B2-a, B2-b",1468438,Modeled Risks (NRI),Built Environment Overview,"LHMP_IA section ""Modeled Risks (NRI)"" (via ""Built Environment Overview"")",Medium,Published,,,,,
T5-684,5,No requirement tag,Governance,Component setting,component,https://county_template.devmny.org/the_risk/natural_hazards/landslide,the_risk/natural_hazards/landslide,(untitled lexical),2384730,lexical,tags (absent),"Section Settings > Tags: assign the 44 CFR 201.6 element this section satisfies, using the vocabulary already in use on the other 903 sections (A1-a, B1-d, C4-a, E1-a, ...).",,Open,,,,"B2-a, B2-b",1468438,Modeled Risks (NRI),Built Environment Overview,"inherited from LHMP_IA section ""Modeled Risks (NRI)"" (via ""Built Environment Overview"")",Medium,Published (hidden from view),"on the page but flagged Hidden from View, so it paints nothing",,,,
T5-685,5,No requirement tag,Governance,Component setting,component,https://county_template.devmny.org/the_risk/natural_hazards/landslide,the_risk/natural_hazards/landslide,(untitled Card),2384732,Card,tags (absent),"Section Settings > Tags: assign the 44 CFR 201.6 element this section satisfies, using the vocabulary already in use on the other 903 sections (A1-a, B1-d, C4-a, E1-a, ...).",,Open,,,,"B2-a, B2-b",1468397,Local Impacts,County Level,"inherited from LHMP_IA section ""Local Impacts"" (via ""County Level"")",Medium,Published (hidden from view),"on the page but flagged Hidden from View, so it paints nothing",,,,
T5-686,5,No requirement tag,Governance,Component setting,component,https://county_template.devmny.org/the_risk/natural_hazards/landslide,the_risk/natural_hazards/landslide,(untitled lexical),2384733,lexical,tags (absent),"Section Settings > Tags: assign the 44 CFR 201.6 element this section satisfies, using the vocabulary already in use on the other 903 sections (A1-a, B1-d, C4-a, E1-a, ...).",,Open,,,,"B2-a, B2-b",1468397,Local Impacts,County Level,"inherited from LHMP_IA section ""Local Impacts"" (via ""County Level"")",Medium,Published (hidden from view),"on the page but flagged Hidden from View, so it paints nothing",,,,
T5-687,5,No requirement tag,Governance,Component setting,component,https://county_template.devmny.org/the_risk/natural_hazards/landslide,the_risk/natural_hazards/landslide,(untitled Spreadsheet),2384735,Spreadsheet,tags (absent),"Section Settings > Tags: assign the 44 CFR 201.6 element this section satisfies, using the vocabulary already in use on the other 903 sections (A1-a, B1-d, C4-a, E1-a, ...).",,Open,,,,"B2-a, B2-b",1468397,Local Impacts,County Level,"inherited from LHMP_IA section ""Local Impacts"" (via ""County Level"")",Medium,Published,,,,,
T5-688,5,No requirement tag,Governance,Component setting,component,https://county_template.devmny.org/the_risk/natural_hazards/landslide,the_risk/natural_hazards/landslide,(untitled lexical),2384740,lexical,tags (absent),"Section Settings > Tags: assign the 44 CFR 201.6 element this section satisfies, using the vocabulary already in use on the other 903 sections (A1-a, B1-d, C4-a, E1-a, ...).",,Open,,,,"B2-a, B2-b",1468449,Modeled Risks (NRI),Built Environment Overview,"inherited from LHMP_IA component ""Built Environment Overview"" (Modeled Risks (NRI) / Card)",Medium,Published (hidden from view),"on the page but flagged Hidden from View, so it paints nothing",,,,
T5-689,5,No requirement tag,Governance,Component setting,component,https://county_template.devmny.org/the_risk/natural_hazards/landslide,the_risk/natural_hazards/landslide,Built Environment - Local Risk Summary,2384741,lexical,tags (absent),"Section Settings > Tags: assign the 44 CFR 201.6 element this section satisfies, using the vocabulary already in use on the other 903 sections (A1-a, B1-d, C4-a, E1-a, ...).",,Open,,,,,1957824,Modeled Risks (NRI),Built Environment - Local Risk Summary,"LHMP_IA component ""Built Environment - Local Risk Summary"" (Modeled Risks (NRI) / Rich Text)",,Published,,,,,
T5-690,5,No requirement tag,Governance,Component setting,component,https://county_template.devmny.org/the_risk/natural_hazards/landslide,the_risk/natural_hazards/landslide,(untitled lexical),2384743,lexical,tags (absent),"Section Settings > Tags: assign the 44 CFR 201.6 element this section satisfies, using the vocabulary already in use on the other 903 sections (A1-a, B1-d, C4-a, E1-a, ...).",,Open,,,,"B2-a, B2-b",1468467,Modeled Risks (NRI),People and Communities Overview,"inherited from LHMP_IA component ""People and Communities Overview"" (Modeled Risks (NRI) / Card)",Medium,Published (hidden from view),"on the page but flagged Hidden from View, so it paints nothing",,,,
T5-691,5,No requirement tag,Governance,Component setting,component,https://county_template.devmny.org/the_risk/natural_hazards/landslide,the_risk/natural_hazards/landslide,People and Communities - Local Risk Summary,2384744,lexical,tags (absent),"Section Settings > Tags: assign the 44 CFR 201.6 element this section satisfies, using the vocabulary already in use on the other 903 sections (A1-a, B1-d, C4-a, E1-a, ...).",,Open,,,,,1686455,Modeled Risks (NRI),People and Communities - Local Risk Summary,"LHMP_IA component ""People and Communities - Local Risk Summary"" (Modeled Risks (NRI) / Rich Text)",,Published,,,,,
T5-692,5,No requirement tag,Governance,Component setting,component,https://county_template.devmny.org/the_risk/natural_hazards/landslide,the_risk/natural_hazards/landslide,(untitled lexical),2384746,lexical,tags (absent),"Section Settings > Tags: assign the 44 CFR 201.6 element this section satisfies, using the vocabulary already in use on the other 903 sections (A1-a, B1-d, C4-a, E1-a, ...).",,Open,,,,"B2-a, B2-b",1468485,Modeled Risks (NRI),Natural Environment Overview,"inherited from LHMP_IA component ""Natural Environment Overview"" (Modeled Risks (NRI) / Card)",Medium,Published (hidden from view),"on the page but flagged Hidden from View, so it paints nothing",,,,
T5-693,5,No requirement tag,Governance,Component setting,component,https://county_template.devmny.org/the_risk/natural_hazards/landslide,the_risk/natural_hazards/landslide,Natural Environment - Local Risk Summary,2384747,lexical,tags (absent),"Section Settings > Tags: assign the 44 CFR 201.6 element this section satisfies, using the vocabulary already in use on the other 903 sections (A1-a, B1-d, C4-a, E1-a, ...).",,Open,,,,,1957825,Modeled Risks (NRI),Natural Environment - Local Risk Summary,"LHMP_IA component ""Natural Environment - Local Risk Summary"" (Modeled Risks (NRI) / Rich Text)",,Published,,,,,
T5-694,5,No requirement tag,Governance,Component setting,component,https://county_template.devmny.org/the_risk/natural_hazards/landslide,the_risk/natural_hazards/landslide,(untitled lexical),2384748,lexical,tags (absent),"Section Settings > Tags: assign the 44 CFR 201.6 element this section satisfies, using the vocabulary already in use on the other 903 sections (A1-a, B1-d, C4-a, E1-a, ...).",,Open,,,,,1957825,Modeled Risks (NRI),Natural Environment - Local Risk Summary,"inherited from LHMP_IA component ""Natural Environment - Local Risk Summary"" (Modeled Risks (NRI) / Rich Text)",,Published,,,,,
T5-695,5,No requirement tag,Governance,Component setting,component,https://county_template.devmny.org/the_risk/natural_hazards/landslide,the_risk/natural_hazards/landslide,(untitled lexical),2384752,lexical,tags (absent),"Section Settings > Tags: assign the 44 CFR 201.6 element this section satisfies, using the vocabulary already in use on the other 903 sections (A1-a, B1-d, C4-a, E1-a, ...).",,Open,,,,C1-a,1468495,Strategies,Capabilities,"inherited from LHMP_IA component ""Capabilities"" (Strategies / Card)",Medium,Published (hidden from view),"on the page but flagged Hidden from View, so it paints nothing",,,,
T5-696,5,No requirement tag,Governance,Component setting,component,https://county_template.devmny.org/the_risk/natural_hazards/landslide,the_risk/natural_hazards/landslide,(untitled Card),2384754,Card,tags (absent),"Section Settings > Tags: assign the 44 CFR 201.6 element this section satisfies, using the vocabulary already in use on the other 903 sections (A1-a, B1-d, C4-a, E1-a, ...).",,Open,,,,C1-a,1468496,Strategies (2.0),Local Capabilities,"inherited from LHMP_IA component ""Local Capabilities"" (Strategies (2.0) / Rich Text)",Medium,Published (hidden from view),"on the page but flagged Hidden from View, so it paints nothing",,,,
T5-697,5,No requirement tag,Governance,Component setting,component,https://county_template.devmny.org/the_risk/natural_hazards/landslide,the_risk/natural_hazards/landslide,(untitled lexical),2384757,lexical,tags (absent),"Section Settings > Tags: assign the 44 CFR 201.6 element this section satisfies, using the vocabulary already in use on the other 903 sections (A1-a, B1-d, C4-a, E1-a, ...).",,Open,,,,"C4-a, C4-b",1468498,Strategies,Actions,"inherited from LHMP_IA component ""Actions"" (Strategies / Card)",Medium,Published (hidden from view),"on the page but flagged Hidden from View, so it paints nothing",,,,
T5-698,5,No requirement tag,Governance,Component setting,component,https://county_template.devmny.org/the_risk/natural_hazards/landslide,the_risk/natural_hazards/landslide,(untitled Card),2384761,Card,tags (absent),"Section Settings > Tags: assign the 44 CFR 201.6 element this section satisfies, using the vocabulary already in use on the other 903 sections (A1-a, B1-d, C4-a, E1-a, ...).",,Open,,,,"C4-a, C4-b, E2-b",1468501,Strategies (2.0),Local Actions Table,"inherited from LHMP_IA component ""Local Actions Table"" (Strategies (2.0) / Table)",Medium,Published (hidden from view),"on the page but flagged Hidden from View, so it paints nothing",,,,
T5-699,5,No requirement tag,Governance,Component setting,component,https://county_template.devmny.org/the_risk/natural_hazards/landslide,the_risk/natural_hazards/landslide,(untitled lexical),2384762,lexical,tags (absent),"Section Settings > Tags: assign the 44 CFR 201.6 element this section satisfies, using the vocabulary already in use on the other 903 sections (A1-a, B1-d, C4-a, E1-a, ...).",,Open,,,,"C4-a, C4-b, E2-b",1468501,Strategies (2.0),Local Actions Table,"inherited from LHMP_IA component ""Local Actions Table"" (Strategies (2.0) / Table)",Medium,Published (hidden from view),"on the page but flagged Hidden from View, so it paints nothing",,,,
T5-700,5,No requirement tag,Governance,Component setting,component,https://county_template.devmny.org/the_risk/natural_hazards/landslide,the_risk/natural_hazards/landslide,(untitled lexical),2384764,lexical,tags (absent),"Section Settings > Tags: assign the 44 CFR 201.6 element this section satisfies, using the vocabulary already in use on the other 903 sections (A1-a, B1-d, C4-a, E1-a, ...).",,Open,,,,C4-a,1468502,Strategies (2.0),Featured Strategy,"inherited from LHMP_IA component ""Featured Strategy"" (Strategies (2.0) / Rich Text)",Medium,Published,,,,,
T5-701,5,No requirement tag,Governance,Component setting,component,https://county_template.devmny.org/the_risk/natural_hazards/lightning,the_risk/natural_hazards/lightning,(untitled lexical),2384768,lexical,tags (absent),"Section Settings > Tags: assign the 44 CFR 201.6 element this section satisfies, using the vocabulary already in use on the other 903 sections (A1-a, B1-d, C4-a, E1-a, ...).",,Open,,,,B1-a,1468371,Overview,Overview,"LHMP_IA section ""Overview"" (first section on the page)",Medium,Published (hidden from view),"on the page but flagged Hidden from View, so it paints nothing",,,,
T5-702,5,No requirement tag,Governance,Component setting,component,https://county_template.devmny.org/the_risk/natural_hazards/lightning,the_risk/natural_hazards/lightning,Hazard of Concern,2384771,Card on Hazards_of_Concern,tags (absent),"Section Settings > Tags: assign the 44 CFR 201.6 element this section satisfies, using the vocabulary already in use on the other 903 sections (A1-a, B1-d, C4-a, E1-a, ...).",,Open,,,,"B1-d, B1-e, B2-b",1468376,Overview,Hero Stats,"LHMP_IA component ""Hero Stats"" (Overview / Card)",High,Published,,,,,
T5-703,5,No requirement tag,Governance,Component setting,component,https://county_template.devmny.org/the_risk/natural_hazards/lightning,the_risk/natural_hazards/lightning,(untitled lexical),2384791,lexical,tags (absent),"Section Settings > Tags: assign the 44 CFR 201.6 element this section satisfies, using the vocabulary already in use on the other 903 sections (A1-a, B1-d, C4-a, E1-a, ...).",,Open,,,,B1-d,1468423,Historic Occurrences,Number of Events by County Municipality,"inherited from LHMP_IA component ""Number of Events by County Municipality"" (Historic Occurrences / Map)",Medium,Published,,,,,
T5-704,5,No requirement tag,Governance,Component setting,component,https://county_template.devmny.org/the_risk/natural_hazards/lightning,the_risk/natural_hazards/lightning,(untitled Card),2384795,Card on LHMP_IA,tags (absent),"Section Settings > Tags: assign the 44 CFR 201.6 element this section satisfies, using the vocabulary already in use on the other 903 sections (A1-a, B1-d, C4-a, E1-a, ...).",,Open,,,,B1-d,1468427,Historic Occurrences,Presidential Disaster Declarations,"inherited from LHMP_IA component ""Presidential Disaster Declarations"" (Historic Occurrences / Card)",Medium,Published,,,,,
T5-705,5,No requirement tag,Governance,Component setting,component,https://county_template.devmny.org/the_risk/natural_hazards/lightning,the_risk/natural_hazards/lightning,(untitled Spreadsheet),2384796,Spreadsheet on src 870,tags (absent),"Section Settings > Tags: assign the 44 CFR 201.6 element this section satisfies, using the vocabulary already in use on the other 903 sections (A1-a, B1-d, C4-a, E1-a, ...).",,Open,,,,B1-d,1468427,Historic Occurrences,Presidential Disaster Declarations,"inherited from LHMP_IA component ""Presidential Disaster Declarations"" (Historic Occurrences / Card)",Medium,Published,,,,,
T5-706,5,No requirement tag,Governance,Component setting,component,https://county_template.devmny.org/the_risk/natural_hazards/lightning,the_risk/natural_hazards/lightning,Modeled RIsk,2384772,Card on src 1508,tags (absent),"Section Settings > Tags: assign the 44 CFR 201.6 element this section satisfies, using the vocabulary already in use on the other 903 sections (A1-a, B1-d, C4-a, E1-a, ...).",,Open,,,,"B1-d, B1-e, B2-b",1468376,Overview,Hero Stats,"LHMP_IA component ""Hero Stats"" (Overview / Card)",High,Published,,,,,
T5-707,5,No requirement tag,Governance,Component setting,component,https://county_template.devmny.org/the_risk/natural_hazards/lightning,the_risk/natural_hazards/lightning,Historical Risk,2384773,Card,tags (absent),"Section Settings > Tags: assign the 44 CFR 201.6 element this section satisfies, using the vocabulary already in use on the other 903 sections (A1-a, B1-d, C4-a, E1-a, ...).",,Open,,,,"B1-d, B1-e, B2-b",1468376,Overview,Hero Stats,"LHMP_IA component ""Hero Stats"" (Overview / Card)",High,Published,,,,,
T5-708,5,No requirement tag,Governance,Component setting,component,https://county_template.devmny.org/the_risk/natural_hazards/lightning,the_risk/natural_hazards/lightning,(untitled lexical),2384774,lexical,tags (absent),"Section Settings > Tags: assign the 44 CFR 201.6 element this section satisfies, using the vocabulary already in use on the other 903 sections (A1-a, B1-d, C4-a, E1-a, ...).",,Open,,,,"B1-d, B1-e, B2-b",1468376,Overview,Hero Stats,"inherited from LHMP_IA component ""Hero Stats"" (Overview / Card)",Medium,Published,,,,,
T5-709,5,No requirement tag,Governance,Component setting,component,https://county_template.devmny.org/the_risk/natural_hazards/lightning,the_risk/natural_hazards/lightning,(untitled lexical),2384776,lexical,tags (absent),"Section Settings > Tags: assign the 44 CFR 201.6 element this section satisfies, using the vocabulary already in use on the other 903 sections (A1-a, B1-d, C4-a, E1-a, ...).",,Open,,,,"B1-d, B1-e, B2-b",1468376,Overview,Hero Stats,"inherited from LHMP_IA component ""Hero Stats"" (Overview / Card)",Medium,Published,,,,,
T5-710,5,No requirement tag,Governance,Component setting,component,https://county_template.devmny.org/the_risk/natural_hazards/lightning,the_risk/natural_hazards/lightning,Local Hazard Summary,2384777,lexical,tags (absent),"Section Settings > Tags: assign the 44 CFR 201.6 element this section satisfies, using the vocabulary already in use on the other 903 sections (A1-a, B1-d, C4-a, E1-a, ...).",,Open,,,,"B2-a, B2-b",1468386,Overview,General Vulnerability,"LHMP_IA section ""Overview"" (via ""General Vulnerability"")",Medium,Published,,,,,
T5-711,5,No requirement tag,Governance,Component setting,component,https://county_template.devmny.org/the_risk/natural_hazards/lightning,the_risk/natural_hazards/lightning,(untitled lexical),2384815,lexical,tags (absent),"Section Settings > Tags: assign the 44 CFR 201.6 element this section satisfies, using the vocabulary already in use on the other 903 sections (A1-a, B1-d, C4-a, E1-a, ...).",,Open,,,,"B2-a, B2-b",1468450,Modeled Risks (NRI),Built Environment Overview,"inherited from LHMP_IA component ""Built Environment Overview"" (Modeled Risks (NRI) / Card)",Medium,Published (hidden from view),"on the page but flagged Hidden from View, so it paints nothing",,,,
T5-712,5,No requirement tag,Governance,Component setting,component,https://county_template.devmny.org/the_risk/natural_hazards/lightning,the_risk/natural_hazards/lightning,Total Events and Losses in $: Declared Disasters and Non-Declared Events,2384784,Card on LHMP_IA,tags (absent),"Section Settings > Tags: assign the 44 CFR 201.6 element this section satisfies, using the vocabulary already in use on the other 903 sections (A1-a, B1-d, C4-a, E1-a, ...).",,Open,,,,B1-d,1468416,Historic Occurrences,Historic Occurrences,"inherited from LHMP_IA component ""Historic Occurrences"" (Historic Occurrences / Card)",Medium,Published,,,,,
T5-713,5,No requirement tag,Governance,Component setting,component,https://county_template.devmny.org/the_risk/natural_hazards/lightning,the_risk/natural_hazards/lightning,(untitled lexical),2384788,lexical,tags (absent),"Section Settings > Tags: assign the 44 CFR 201.6 element this section satisfies, using the vocabulary already in use on the other 903 sections (A1-a, B1-d, C4-a, E1-a, ...).",,Open,,,,B1-d,1468423,Historic Occurrences,Number of Events by County Municipality,"inherited from LHMP_IA component ""Number of Events by County Municipality"" (Historic Occurrences / Map)",Medium,Published,,,,,
T5-714,5,No requirement tag,Governance,Component setting,component,https://county_template.devmny.org/the_risk/natural_hazards/lightning,the_risk/natural_hazards/lightning,(untitled lexical),2384797,lexical,tags (absent),"Section Settings > Tags: assign the 44 CFR 201.6 element this section satisfies, using the vocabulary already in use on the other 903 sections (A1-a, B1-d, C4-a, E1-a, ...).",,Open,,,,B1-d,1468427,Historic Occurrences,Presidential Disaster Declarations,"inherited from LHMP_IA component ""Presidential Disaster Declarations"" (Historic Occurrences / Card)",Medium,Published (hidden from view),"on the page but flagged Hidden from View, so it paints nothing",,,,
T5-715,5,No requirement tag,Governance,Component setting,component,https://county_template.devmny.org/the_risk/natural_hazards/lightning,the_risk/natural_hazards/lightning,(untitled lexical),2384802,lexical,tags (absent),"Section Settings > Tags: assign the 44 CFR 201.6 element this section satisfies, using the vocabulary already in use on the other 903 sections (A1-a, B1-d, C4-a, E1-a, ...).",,Open,,,,B1-d,1468431,Historic Occurrences,Other Hazard Events,"inherited from LHMP_IA component ""Other Hazard Events"" (Historic Occurrences / Card)",Medium,Published (hidden from view),"on the page but flagged Hidden from View, so it paints nothing",,,,
T5-716,5,No requirement tag,Governance,Component setting,component,https://county_template.devmny.org/the_risk/natural_hazards/lightning,the_risk/natural_hazards/lightning,Local Risk Assessment,2384804,lexical,tags (absent),"Section Settings > Tags: assign the 44 CFR 201.6 element this section satisfies, using the vocabulary already in use on the other 903 sections (A1-a, B1-d, C4-a, E1-a, ...).",,Open,,,,"B2-a, B2-b",1468438,Modeled Risks (NRI),Built Environment Overview,"LHMP_IA section ""Modeled Risks (NRI)"" (via ""Built Environment Overview"")",Medium,Published,,,,,
T5-717,5,No requirement tag,Governance,Component setting,component,https://county_template.devmny.org/the_risk/natural_hazards/lightning,the_risk/natural_hazards/lightning,(untitled lexical),2384805,lexical,tags (absent),"Section Settings > Tags: assign the 44 CFR 201.6 element this section satisfies, using the vocabulary already in use on the other 903 sections (A1-a, B1-d, C4-a, E1-a, ...).",,Open,,,,"B2-a, B2-b",1468438,Modeled Risks (NRI),Built Environment Overview,"inherited from LHMP_IA section ""Modeled Risks (NRI)"" (via ""Built Environment Overview"")",Medium,Published (hidden from view),"on the page but flagged Hidden from View, so it paints nothing",,,,
T5-718,5,No requirement tag,Governance,Component setting,component,https://county_template.devmny.org/the_risk/natural_hazards/lightning,the_risk/natural_hazards/lightning,(untitled Card),2384807,Card,tags (absent),"Section Settings > Tags: assign the 44 CFR 201.6 element this section satisfies, using the vocabulary already in use on the other 903 sections (A1-a, B1-d, C4-a, E1-a, ...).",,Open,,,,"B2-a, B2-b",1468397,Local Impacts,County Level,"inherited from LHMP_IA section ""Local Impacts"" (via ""County Level"")",Medium,Published (hidden from view),"on the page but flagged Hidden from View, so it paints nothing",,,,
T5-719,5,No requirement tag,Governance,Component setting,component,https://county_template.devmny.org/the_risk/natural_hazards/lightning,the_risk/natural_hazards/lightning,(untitled lexical),2384808,lexical,tags (absent),"Section Settings > Tags: assign the 44 CFR 201.6 element this section satisfies, using the vocabulary already in use on the other 903 sections (A1-a, B1-d, C4-a, E1-a, ...).",,Open,,,,"B2-a, B2-b",1468397,Local Impacts,County Level,"inherited from LHMP_IA section ""Local Impacts"" (via ""County Level"")",Medium,Published (hidden from view),"on the page but flagged Hidden from View, so it paints nothing",,,,
T5-720,5,No requirement tag,Governance,Component setting,component,https://county_template.devmny.org/the_risk/natural_hazards/lightning,the_risk/natural_hazards/lightning,(untitled Spreadsheet),2384810,Spreadsheet,tags (absent),"Section Settings > Tags: assign the 44 CFR 201.6 element this section satisfies, using the vocabulary already in use on the other 903 sections (A1-a, B1-d, C4-a, E1-a, ...).",,Open,,,,"B2-a, B2-b",1468397,Local Impacts,County Level,"inherited from LHMP_IA section ""Local Impacts"" (via ""County Level"")",Medium,Published,,,,,
T5-721,5,No requirement tag,Governance,Component setting,component,https://county_template.devmny.org/the_risk/natural_hazards/lightning,the_risk/natural_hazards/lightning,Built Environment - Local Risk Summary,2384816,lexical,tags (absent),"Section Settings > Tags: assign the 44 CFR 201.6 element this section satisfies, using the vocabulary already in use on the other 903 sections (A1-a, B1-d, C4-a, E1-a, ...).",,Open,,,,,1957824,Modeled Risks (NRI),Built Environment - Local Risk Summary,"LHMP_IA component ""Built Environment - Local Risk Summary"" (Modeled Risks (NRI) / Rich Text)",,Published,,,,,
T5-722,5,No requirement tag,Governance,Component setting,component,https://county_template.devmny.org/the_risk/natural_hazards/lightning,the_risk/natural_hazards/lightning,(untitled lexical),2384818,lexical,tags (absent),"Section Settings > Tags: assign the 44 CFR 201.6 element this section satisfies, using the vocabulary already in use on the other 903 sections (A1-a, B1-d, C4-a, E1-a, ...).",,Open,,,,"B2-a, B2-b",1468468,Modeled Risks (NRI),People and Communities Overview,"inherited from LHMP_IA component ""People and Communities Overview"" (Modeled Risks (NRI) / Card)",Medium,Published (hidden from view),"on the page but flagged Hidden from View, so it paints nothing",,,,
T5-723,5,No requirement tag,Governance,Component setting,component,https://county_template.devmny.org/the_risk/natural_hazards/lightning,the_risk/natural_hazards/lightning,People and Communities - Local Risk Summary,2384819,lexical,tags (absent),"Section Settings > Tags: assign the 44 CFR 201.6 element this section satisfies, using the vocabulary already in use on the other 903 sections (A1-a, B1-d, C4-a, E1-a, ...).",,Open,,,,,1686455,Modeled Risks (NRI),People and Communities - Local Risk Summary,"LHMP_IA component ""People and Communities - Local Risk Summary"" (Modeled Risks (NRI) / Rich Text)",,Published,,,,,
T5-724,5,No requirement tag,Governance,Component setting,component,https://county_template.devmny.org/the_risk/natural_hazards/lightning,the_risk/natural_hazards/lightning,(untitled lexical),2384821,lexical,tags (absent),"Section Settings > Tags: assign the 44 CFR 201.6 element this section satisfies, using the vocabulary already in use on the other 903 sections (A1-a, B1-d, C4-a, E1-a, ...).",,Open,,,,"B2-a, B2-b",1468486,Modeled Risks (NRI),Natural Environment Overview,"inherited from LHMP_IA component ""Natural Environment Overview"" (Modeled Risks (NRI) / Card)",Medium,Published (hidden from view),"on the page but flagged Hidden from View, so it paints nothing",,,,
T5-725,5,No requirement tag,Governance,Component setting,component,https://county_template.devmny.org/the_risk/natural_hazards/lightning,the_risk/natural_hazards/lightning,Natural Environment - Local Risk Summary,2384822,lexical,tags (absent),"Section Settings > Tags: assign the 44 CFR 201.6 element this section satisfies, using the vocabulary already in use on the other 903 sections (A1-a, B1-d, C4-a, E1-a, ...).",,Open,,,,,1957825,Modeled Risks (NRI),Natural Environment - Local Risk Summary,"LHMP_IA component ""Natural Environment - Local Risk Summary"" (Modeled Risks (NRI) / Rich Text)",,Published,,,,,
T5-726,5,No requirement tag,Governance,Component setting,component,https://county_template.devmny.org/the_risk/natural_hazards/lightning,the_risk/natural_hazards/lightning,(untitled lexical),2384823,lexical,tags (absent),"Section Settings > Tags: assign the 44 CFR 201.6 element this section satisfies, using the vocabulary already in use on the other 903 sections (A1-a, B1-d, C4-a, E1-a, ...).",,Open,,,,,1957825,Modeled Risks (NRI),Natural Environment - Local Risk Summary,"inherited from LHMP_IA component ""Natural Environment - Local Risk Summary"" (Modeled Risks (NRI) / Rich Text)",,Published,,,,,
T5-727,5,No requirement tag,Governance,Component setting,component,https://county_template.devmny.org/the_risk/natural_hazards/lightning,the_risk/natural_hazards/lightning,(untitled lexical),2384827,lexical,tags (absent),"Section Settings > Tags: assign the 44 CFR 201.6 element this section satisfies, using the vocabulary already in use on the other 903 sections (A1-a, B1-d, C4-a, E1-a, ...).",,Open,,,,C1-a,1468495,Strategies,Capabilities,"inherited from LHMP_IA component ""Capabilities"" (Strategies / Card)",Medium,Published (hidden from view),"on the page but flagged Hidden from View, so it paints nothing",,,,
T5-728,5,No requirement tag,Governance,Component setting,component,https://county_template.devmny.org/the_risk/natural_hazards/lightning,the_risk/natural_hazards/lightning,(untitled Card),2384829,Card,tags (absent),"Section Settings > Tags: assign the 44 CFR 201.6 element this section satisfies, using the vocabulary already in use on the other 903 sections (A1-a, B1-d, C4-a, E1-a, ...).",,Open,,,,C1-a,1468496,Strategies (2.0),Local Capabilities,"inherited from LHMP_IA component ""Local Capabilities"" (Strategies (2.0) / Rich Text)",Medium,Published (hidden from view),"on the page but flagged Hidden from View, so it paints nothing",,,,
T5-729,5,No requirement tag,Governance,Component setting,component,https://county_template.devmny.org/the_risk/natural_hazards/lightning,the_risk/natural_hazards/lightning,(untitled lexical),2384832,lexical,tags (absent),"Section Settings > Tags: assign the 44 CFR 201.6 element this section satisfies, using the vocabulary already in use on the other 903 sections (A1-a, B1-d, C4-a, E1-a, ...).",,Open,,,,"C4-a, C4-b",1468498,Strategies,Actions,"inherited from LHMP_IA component ""Actions"" (Strategies / Card)",Medium,Published (hidden from view),"on the page but flagged Hidden from View, so it paints nothing",,,,
T5-730,5,No requirement tag,Governance,Component setting,component,https://county_template.devmny.org/the_risk/natural_hazards/lightning,the_risk/natural_hazards/lightning,(untitled Card),2384836,Card,tags (absent),"Section Settings > Tags: assign the 44 CFR 201.6 element this section satisfies, using the vocabulary already in use on the other 903 sections (A1-a, B1-d, C4-a, E1-a, ...).",,Open,,,,"C4-a, C4-b, E2-b",1468501,Strategies (2.0),Local Actions Table,"inherited from LHMP_IA component ""Local Actions Table"" (Strategies (2.0) / Table)",Medium,Published (hidden from view),"on the page but flagged Hidden from View, so it paints nothing",,,,
T5-731,5,No requirement tag,Governance,Component setting,component,https://county_template.devmny.org/the_risk/natural_hazards/lightning,the_risk/natural_hazards/lightning,(untitled lexical),2384837,lexical,tags (absent),"Section Settings > Tags: assign the 44 CFR 201.6 element this section satisfies, using the vocabulary already in use on the other 903 sections (A1-a, B1-d, C4-a, E1-a, ...).",,Open,,,,"C4-a, C4-b, E2-b",1468501,Strategies (2.0),Local Actions Table,"inherited from LHMP_IA component ""Local Actions Table"" (Strategies (2.0) / Table)",Medium,Published (hidden from view),"on the page but flagged Hidden from View, so it paints nothing",,,,
T5-732,5,No requirement tag,Governance,Component setting,component,https://county_template.devmny.org/the_risk/natural_hazards/lightning,the_risk/natural_hazards/lightning,(untitled lexical),2384839,lexical,tags (absent),"Section Settings > Tags: assign the 44 CFR 201.6 element this section satisfies, using the vocabulary already in use on the other 903 sections (A1-a, B1-d, C4-a, E1-a, ...).",,Open,,,,C4-a,1468502,Strategies (2.0),Featured Strategy,"inherited from LHMP_IA component ""Featured Strategy"" (Strategies (2.0) / Rich Text)",Medium,Published,,,,,
T5-733,5,No requirement tag,Governance,Component setting,component,https://county_template.devmny.org/the_risk/natural_hazards/snowstorm,the_risk/natural_hazards/snowstorm,(untitled lexical),2384843,lexical,tags (absent),"Section Settings > Tags: assign the 44 CFR 201.6 element this section satisfies, using the vocabulary already in use on the other 903 sections (A1-a, B1-d, C4-a, E1-a, ...).",,Open,,,,B1-a,1468370,Overview,Overview,"LHMP_IA section ""Overview"" (first section on the page)",Medium,Published (hidden from view),"on the page but flagged Hidden from View, so it paints nothing",,,,
T5-734,5,No requirement tag,Governance,Component setting,component,https://county_template.devmny.org/the_risk/natural_hazards/snowstorm,the_risk/natural_hazards/snowstorm,(untitled lexical),2384849,lexical,tags (absent),"Section Settings > Tags: assign the 44 CFR 201.6 element this section satisfies, using the vocabulary already in use on the other 903 sections (A1-a, B1-d, C4-a, E1-a, ...).",,Open,,,,"B1-d, B1-e, B2-b",1468376,Overview,Hero Stats,"inherited from LHMP_IA component ""Hero Stats"" (Overview / Card)",Medium,Published,,,,,
T5-735,5,No requirement tag,Governance,Component setting,component,https://county_template.devmny.org/the_risk/natural_hazards/snowstorm,the_risk/natural_hazards/snowstorm,(untitled Card),2384869,Card on LHMP_IA,tags (absent),"Section Settings > Tags: assign the 44 CFR 201.6 element this section satisfies, using the vocabulary already in use on the other 903 sections (A1-a, B1-d, C4-a, E1-a, ...).",,Open,,,,B1-d,1468427,Historic Occurrences,Presidential Disaster Declarations,"inherited from LHMP_IA component ""Presidential Disaster Declarations"" (Historic Occurrences / Card)",Medium,Published,,,,,
T5-736,5,No requirement tag,Governance,Component setting,component,https://county_template.devmny.org/the_risk/natural_hazards/snowstorm,the_risk/natural_hazards/snowstorm,(untitled Spreadsheet),2384870,Spreadsheet on src 870,tags (absent),"Section Settings > Tags: assign the 44 CFR 201.6 element this section satisfies, using the vocabulary already in use on the other 903 sections (A1-a, B1-d, C4-a, E1-a, ...).",,Open,,,,B1-d,1468427,Historic Occurrences,Presidential Disaster Declarations,"inherited from LHMP_IA component ""Presidential Disaster Declarations"" (Historic Occurrences / Card)",Medium,Published,,,,,
T5-737,5,No requirement tag,Governance,Component setting,component,https://county_template.devmny.org/the_risk/natural_hazards/snowstorm,the_risk/natural_hazards/snowstorm,(untitled lexical),2384871,lexical,tags (absent),"Section Settings > Tags: assign the 44 CFR 201.6 element this section satisfies, using the vocabulary already in use on the other 903 sections (A1-a, B1-d, C4-a, E1-a, ...).",,Open,,,,B1-d,1468427,Historic Occurrences,Presidential Disaster Declarations,"inherited from LHMP_IA component ""Presidential Disaster Declarations"" (Historic Occurrences / Card)",Medium,Published (hidden from view),"on the page but flagged Hidden from View, so it paints nothing",,,,
T5-738,5,No requirement tag,Governance,Component setting,component,https://county_template.devmny.org/the_risk/natural_hazards/snowstorm,the_risk/natural_hazards/snowstorm,(untitled Spreadsheet),2384875,Spreadsheet,tags (absent),"Section Settings > Tags: assign the 44 CFR 201.6 element this section satisfies, using the vocabulary already in use on the other 903 sections (A1-a, B1-d, C4-a, E1-a, ...).",,Open,,,,B1-d,1468431,Historic Occurrences,Other Hazard Events,"inherited from LHMP_IA component ""Other Hazard Events"" (Historic Occurrences / Card)",Medium,Published,,,,,
T5-739,5,No requirement tag,Governance,Component setting,component,https://county_template.devmny.org/the_risk/natural_hazards/snowstorm,the_risk/natural_hazards/snowstorm,(untitled lexical),2384876,lexical,tags (absent),"Section Settings > Tags: assign the 44 CFR 201.6 element this section satisfies, using the vocabulary already in use on the other 903 sections (A1-a, B1-d, C4-a, E1-a, ...).",,Open,,,,B1-d,1468431,Historic Occurrences,Other Hazard Events,"inherited from LHMP_IA component ""Other Hazard Events"" (Historic Occurrences / Card)",Medium,Published (hidden from view),"on the page but flagged Hidden from View, so it paints nothing",,,,
T5-740,5,No requirement tag,Governance,Component setting,component,https://county_template.devmny.org/the_risk/natural_hazards/snowstorm,the_risk/natural_hazards/snowstorm,Hazard of Concern,2384846,Card on Hazards_of_Concern,tags (absent),"Section Settings > Tags: assign the 44 CFR 201.6 element this section satisfies, using the vocabulary already in use on the other 903 sections (A1-a, B1-d, C4-a, E1-a, ...).",,Open,,,,"B1-d, B1-e, B2-b",1468376,Overview,Hero Stats,"LHMP_IA component ""Hero Stats"" (Overview / Card)",High,Published,,,,,
T5-741,5,No requirement tag,Governance,Component setting,component,https://county_template.devmny.org/the_risk/natural_hazards/snowstorm,the_risk/natural_hazards/snowstorm,Modeled RIsk,2384847,Card on src 1508,tags (absent),"Section Settings > Tags: assign the 44 CFR 201.6 element this section satisfies, using the vocabulary already in use on the other 903 sections (A1-a, B1-d, C4-a, E1-a, ...).",,Open,,,,"B1-d, B1-e, B2-b",1468376,Overview,Hero Stats,"LHMP_IA component ""Hero Stats"" (Overview / Card)",High,Published,,,,,
T5-742,5,No requirement tag,Governance,Component setting,component,https://county_template.devmny.org/the_risk/natural_hazards/snowstorm,the_risk/natural_hazards/snowstorm,Historical Risk,2384848,Card,tags (absent),"Section Settings > Tags: assign the 44 CFR 201.6 element this section satisfies, using the vocabulary already in use on the other 903 sections (A1-a, B1-d, C4-a, E1-a, ...).",,Open,,,,"B1-d, B1-e, B2-b",1468376,Overview,Hero Stats,"LHMP_IA component ""Hero Stats"" (Overview / Card)",High,Published,,,,,
T5-743,5,No requirement tag,Governance,Component setting,component,https://county_template.devmny.org/the_risk/natural_hazards/snowstorm,the_risk/natural_hazards/snowstorm,(untitled lexical),2384851,lexical,tags (absent),"Section Settings > Tags: assign the 44 CFR 201.6 element this section satisfies, using the vocabulary already in use on the other 903 sections (A1-a, B1-d, C4-a, E1-a, ...).",,Open,,,,"B1-d, B1-e, B2-b",1468376,Overview,Hero Stats,"inherited from LHMP_IA component ""Hero Stats"" (Overview / Card)",Medium,Published,,,,,
T5-744,5,No requirement tag,Governance,Component setting,component,https://county_template.devmny.org/the_risk/natural_hazards/snowstorm,the_risk/natural_hazards/snowstorm,Total Events and Losses in $: Declared Disasters and Non-Declared Events,2384858,Card on LHMP_IA,tags (absent),"Section Settings > Tags: assign the 44 CFR 201.6 element this section satisfies, using the vocabulary already in use on the other 903 sections (A1-a, B1-d, C4-a, E1-a, ...).",,Open,,,,B1-d,1468416,Historic Occurrences,Historic Occurrences,"inherited from LHMP_IA component ""Historic Occurrences"" (Historic Occurrences / Card)",Medium,Published,,,,,
T5-745,5,No requirement tag,Governance,Component setting,component,https://county_template.devmny.org/the_risk/natural_hazards/snowstorm,the_risk/natural_hazards/snowstorm,(untitled lexical),2384865,lexical,tags (absent),"Section Settings > Tags: assign the 44 CFR 201.6 element this section satisfies, using the vocabulary already in use on the other 903 sections (A1-a, B1-d, C4-a, E1-a, ...).",,Open,,,,B1-d,1468423,Historic Occurrences,Number of Events by County Municipality,"inherited from LHMP_IA component ""Number of Events by County Municipality"" (Historic Occurrences / Map)",Medium,Published,,,,,
T5-746,5,No requirement tag,Governance,Component setting,component,https://county_template.devmny.org/the_risk/natural_hazards/snowstorm,the_risk/natural_hazards/snowstorm,(untitled lexical),2384862,lexical,tags (absent),"Section Settings > Tags: assign the 44 CFR 201.6 element this section satisfies, using the vocabulary already in use on the other 903 sections (A1-a, B1-d, C4-a, E1-a, ...).",,Open,,,,B1-d,1468423,Historic Occurrences,Number of Events by County Municipality,"inherited from LHMP_IA component ""Number of Events by County Municipality"" (Historic Occurrences / Map)",Medium,Published,,,,,
T5-747,5,No requirement tag,Governance,Component setting,component,https://county_template.devmny.org/the_risk/natural_hazards/snowstorm,the_risk/natural_hazards/snowstorm,Local Risk Assessment,2384878,lexical,tags (absent),"Section Settings > Tags: assign the 44 CFR 201.6 element this section satisfies, using the vocabulary already in use on the other 903 sections (A1-a, B1-d, C4-a, E1-a, ...).",,Open,,,,"B2-a, B2-b",1468438,Modeled Risks (NRI),Built Environment Overview,"LHMP_IA section ""Modeled Risks (NRI)"" (via ""Built Environment Overview"")",Medium,Published,,,,,
T5-748,5,No requirement tag,Governance,Component setting,component,https://county_template.devmny.org/the_risk/natural_hazards/snowstorm,the_risk/natural_hazards/snowstorm,(untitled lexical),2384879,lexical,tags (absent),"Section Settings > Tags: assign the 44 CFR 201.6 element this section satisfies, using the vocabulary already in use on the other 903 sections (A1-a, B1-d, C4-a, E1-a, ...).",,Open,,,,"B2-a, B2-b",1468438,Modeled Risks (NRI),Built Environment Overview,"inherited from LHMP_IA section ""Modeled Risks (NRI)"" (via ""Built Environment Overview"")",Medium,Published (hidden from view),"on the page but flagged Hidden from View, so it paints nothing",,,,
T5-749,5,No requirement tag,Governance,Component setting,component,https://county_template.devmny.org/the_risk/natural_hazards/snowstorm,the_risk/natural_hazards/snowstorm,(untitled Card),2384881,Card,tags (absent),"Section Settings > Tags: assign the 44 CFR 201.6 element this section satisfies, using the vocabulary already in use on the other 903 sections (A1-a, B1-d, C4-a, E1-a, ...).",,Open,,,,"B2-a, B2-b",1468397,Local Impacts,County Level,"inherited from LHMP_IA section ""Local Impacts"" (via ""County Level"")",Medium,Published (hidden from view),"on the page but flagged Hidden from View, so it paints nothing",,,,
T5-750,5,No requirement tag,Governance,Component setting,component,https://county_template.devmny.org/the_risk/natural_hazards/snowstorm,the_risk/natural_hazards/snowstorm,(untitled lexical),2384882,lexical,tags (absent),"Section Settings > Tags: assign the 44 CFR 201.6 element this section satisfies, using the vocabulary already in use on the other 903 sections (A1-a, B1-d, C4-a, E1-a, ...).",,Open,,,,"B2-a, B2-b",1468397,Local Impacts,County Level,"inherited from LHMP_IA section ""Local Impacts"" (via ""County Level"")",Medium,Published (hidden from view),"on the page but flagged Hidden from View, so it paints nothing",,,,
T5-751,5,No requirement tag,Governance,Component setting,component,https://county_template.devmny.org/the_risk/natural_hazards/snowstorm,the_risk/natural_hazards/snowstorm,(untitled Spreadsheet),2384884,Spreadsheet,tags (absent),"Section Settings > Tags: assign the 44 CFR 201.6 element this section satisfies, using the vocabulary already in use on the other 903 sections (A1-a, B1-d, C4-a, E1-a, ...).",,Open,,,,"B2-a, B2-b",1468397,Local Impacts,County Level,"inherited from LHMP_IA section ""Local Impacts"" (via ""County Level"")",Medium,Published,,,,,
T5-752,5,No requirement tag,Governance,Component setting,component,https://county_template.devmny.org/the_risk/natural_hazards/snowstorm,the_risk/natural_hazards/snowstorm,(untitled lexical),2384889,lexical,tags (absent),"Section Settings > Tags: assign the 44 CFR 201.6 element this section satisfies, using the vocabulary already in use on the other 903 sections (A1-a, B1-d, C4-a, E1-a, ...).",,Open,,,,"B2-a, B2-b",1468451,Modeled Risks (NRI),Built Environment Overview,"inherited from LHMP_IA component ""Built Environment Overview"" (Modeled Risks (NRI) / Card)",Medium,Published (hidden from view),"on the page but flagged Hidden from View, so it paints nothing",,,,
T5-753,5,No requirement tag,Governance,Component setting,component,https://county_template.devmny.org/the_risk/natural_hazards/snowstorm,the_risk/natural_hazards/snowstorm,Built Environment - Local Risk Summary,2384890,lexical,tags (absent),"Section Settings > Tags: assign the 44 CFR 201.6 element this section satisfies, using the vocabulary already in use on the other 903 sections (A1-a, B1-d, C4-a, E1-a, ...).",,Open,,,,,1957824,Modeled Risks (NRI),Built Environment - Local Risk Summary,"LHMP_IA component ""Built Environment - Local Risk Summary"" (Modeled Risks (NRI) / Rich Text)",,Published,,,,,
T5-754,5,No requirement tag,Governance,Component setting,component,https://county_template.devmny.org/the_risk/natural_hazards/snowstorm,the_risk/natural_hazards/snowstorm,(untitled lexical),2384892,lexical,tags (absent),"Section Settings > Tags: assign the 44 CFR 201.6 element this section satisfies, using the vocabulary already in use on the other 903 sections (A1-a, B1-d, C4-a, E1-a, ...).",,Open,,,,"B2-a, B2-b",1468469,Modeled Risks (NRI),People and Communities Overview,"inherited from LHMP_IA component ""People and Communities Overview"" (Modeled Risks (NRI) / Card)",Medium,Published (hidden from view),"on the page but flagged Hidden from View, so it paints nothing",,,,
T5-755,5,No requirement tag,Governance,Component setting,component,https://county_template.devmny.org/the_risk/natural_hazards/snowstorm,the_risk/natural_hazards/snowstorm,People and Communities - Local Risk Summary,2384893,lexical,tags (absent),"Section Settings > Tags: assign the 44 CFR 201.6 element this section satisfies, using the vocabulary already in use on the other 903 sections (A1-a, B1-d, C4-a, E1-a, ...).",,Open,,,,,1686455,Modeled Risks (NRI),People and Communities - Local Risk Summary,"LHMP_IA component ""People and Communities - Local Risk Summary"" (Modeled Risks (NRI) / Rich Text)",,Published,,,,,
T5-756,5,No requirement tag,Governance,Component setting,component,https://county_template.devmny.org/the_risk/natural_hazards/snowstorm,the_risk/natural_hazards/snowstorm,(untitled lexical),2384895,lexical,tags (absent),"Section Settings > Tags: assign the 44 CFR 201.6 element this section satisfies, using the vocabulary already in use on the other 903 sections (A1-a, B1-d, C4-a, E1-a, ...).",,Open,,,,"B2-a, B2-b",1468487,Modeled Risks (NRI),Natural Environment Overview,"inherited from LHMP_IA component ""Natural Environment Overview"" (Modeled Risks (NRI) / Card)",Medium,Published (hidden from view),"on the page but flagged Hidden from View, so it paints nothing",,,,
T5-757,5,No requirement tag,Governance,Component setting,component,https://county_template.devmny.org/the_risk/natural_hazards/snowstorm,the_risk/natural_hazards/snowstorm,Natural Environment - Local Risk Summary,2384896,lexical,tags (absent),"Section Settings > Tags: assign the 44 CFR 201.6 element this section satisfies, using the vocabulary already in use on the other 903 sections (A1-a, B1-d, C4-a, E1-a, ...).",,Open,,,,,1957825,Modeled Risks (NRI),Natural Environment - Local Risk Summary,"LHMP_IA component ""Natural Environment - Local Risk Summary"" (Modeled Risks (NRI) / Rich Text)",,Published,,,,,
T5-758,5,No requirement tag,Governance,Component setting,component,https://county_template.devmny.org/the_risk/natural_hazards/snowstorm,the_risk/natural_hazards/snowstorm,(untitled lexical),2384897,lexical,tags (absent),"Section Settings > Tags: assign the 44 CFR 201.6 element this section satisfies, using the vocabulary already in use on the other 903 sections (A1-a, B1-d, C4-a, E1-a, ...).",,Open,,,,,1957825,Modeled Risks (NRI),Natural Environment - Local Risk Summary,"inherited from LHMP_IA component ""Natural Environment - Local Risk Summary"" (Modeled Risks (NRI) / Rich Text)",,Published,,,,,
T5-759,5,No requirement tag,Governance,Component setting,component,https://county_template.devmny.org/the_risk/natural_hazards/snowstorm,the_risk/natural_hazards/snowstorm,(untitled lexical),2384901,lexical,tags (absent),"Section Settings > Tags: assign the 44 CFR 201.6 element this section satisfies, using the vocabulary already in use on the other 903 sections (A1-a, B1-d, C4-a, E1-a, ...).",,Open,,,,C1-a,1468495,Strategies,Capabilities,"inherited from LHMP_IA component ""Capabilities"" (Strategies / Card)",Medium,Published (hidden from view),"on the page but flagged Hidden from View, so it paints nothing",,,,
T5-760,5,No requirement tag,Governance,Component setting,component,https://county_template.devmny.org/the_risk/natural_hazards/snowstorm,the_risk/natural_hazards/snowstorm,(untitled Card),2384903,Card,tags (absent),"Section Settings > Tags: assign the 44 CFR 201.6 element this section satisfies, using the vocabulary already in use on the other 903 sections (A1-a, B1-d, C4-a, E1-a, ...).",,Open,,,,C1-a,1468496,Strategies (2.0),Local Capabilities,"inherited from LHMP_IA component ""Local Capabilities"" (Strategies (2.0) / Rich Text)",Medium,Published (hidden from view),"on the page but flagged Hidden from View, so it paints nothing",,,,
T5-761,5,No requirement tag,Governance,Component setting,component,https://county_template.devmny.org/the_risk/natural_hazards/snowstorm,the_risk/natural_hazards/snowstorm,(untitled lexical),2384906,lexical,tags (absent),"Section Settings > Tags: assign the 44 CFR 201.6 element this section satisfies, using the vocabulary already in use on the other 903 sections (A1-a, B1-d, C4-a, E1-a, ...).",,Open,,,,"C4-a, C4-b",1468498,Strategies,Actions,"inherited from LHMP_IA component ""Actions"" (Strategies / Card)",Medium,Published (hidden from view),"on the page but flagged Hidden from View, so it paints nothing",,,,
T5-762,5,No requirement tag,Governance,Component setting,component,https://county_template.devmny.org/the_risk/natural_hazards/snowstorm,the_risk/natural_hazards/snowstorm,(untitled Card),2384910,Card,tags (absent),"Section Settings > Tags: assign the 44 CFR 201.6 element this section satisfies, using the vocabulary already in use on the other 903 sections (A1-a, B1-d, C4-a, E1-a, ...).",,Open,,,,"C4-a, C4-b, E2-b",1468501,Strategies (2.0),Local Actions Table,"inherited from LHMP_IA component ""Local Actions Table"" (Strategies (2.0) / Table)",Medium,Published (hidden from view),"on the page but flagged Hidden from View, so it paints nothing",,,,
T5-763,5,No requirement tag,Governance,Component setting,component,https://county_template.devmny.org/the_risk/natural_hazards/snowstorm,the_risk/natural_hazards/snowstorm,(untitled lexical),2384911,lexical,tags (absent),"Section Settings > Tags: assign the 44 CFR 201.6 element this section satisfies, using the vocabulary already in use on the other 903 sections (A1-a, B1-d, C4-a, E1-a, ...).",,Open,,,,"C4-a, C4-b, E2-b",1468501,Strategies (2.0),Local Actions Table,"inherited from LHMP_IA component ""Local Actions Table"" (Strategies (2.0) / Table)",Medium,Published (hidden from view),"on the page but flagged Hidden from View, so it paints nothing",,,,
T5-764,5,No requirement tag,Governance,Component setting,component,https://county_template.devmny.org/the_risk/natural_hazards/snowstorm,the_risk/natural_hazards/snowstorm,(untitled lexical),2384913,lexical,tags (absent),"Section Settings > Tags: assign the 44 CFR 201.6 element this section satisfies, using the vocabulary already in use on the other 903 sections (A1-a, B1-d, C4-a, E1-a, ...).",,Open,,,,C4-a,1468502,Strategies (2.0),Featured Strategy,"inherited from LHMP_IA component ""Featured Strategy"" (Strategies (2.0) / Rich Text)",Medium,Published,,,,,
T5-765,5,No requirement tag,Governance,Component setting,component,https://county_template.devmny.org/the_risk/natural_hazards/tornado,the_risk/natural_hazards/tornado,Hazard of Concern,2384920,Card on Hazards_of_Concern,tags (absent),"Section Settings > Tags: assign the 44 CFR 201.6 element this section satisfies, using the vocabulary already in use on the other 903 sections (A1-a, B1-d, C4-a, E1-a, ...).",,Open,,,,"B1-d, B1-e, B2-b",1468376,Overview,Hero Stats,"LHMP_IA component ""Hero Stats"" (Overview / Card)",High,Published,,,,,
T5-766,5,No requirement tag,Governance,Component setting,component,https://county_template.devmny.org/the_risk/natural_hazards/tornado,the_risk/natural_hazards/tornado,(untitled lexical),2384917,lexical,tags (absent),"Section Settings > Tags: assign the 44 CFR 201.6 element this section satisfies, using the vocabulary already in use on the other 903 sections (A1-a, B1-d, C4-a, E1-a, ...).",,Open,,,,B1-a,1468372,Overview,Overview,"LHMP_IA section ""Overview"" (first section on the page)",Medium,Published (hidden from view),"on the page but flagged Hidden from View, so it paints nothing",,,,
T5-767,5,No requirement tag,Governance,Component setting,component,https://county_template.devmny.org/the_risk/natural_hazards/tornado,the_risk/natural_hazards/tornado,Modeled RIsk,2384921,Card on src 1508,tags (absent),"Section Settings > Tags: assign the 44 CFR 201.6 element this section satisfies, using the vocabulary already in use on the other 903 sections (A1-a, B1-d, C4-a, E1-a, ...).",,Open,,,,"B1-d, B1-e, B2-b",1468376,Overview,Hero Stats,"LHMP_IA component ""Hero Stats"" (Overview / Card)",High,Published,,,,,
T5-768,5,No requirement tag,Governance,Component setting,component,https://county_template.devmny.org/the_risk/natural_hazards/tornado,the_risk/natural_hazards/tornado,Historical Risk,2384922,Card,tags (absent),"Section Settings > Tags: assign the 44 CFR 201.6 element this section satisfies, using the vocabulary already in use on the other 903 sections (A1-a, B1-d, C4-a, E1-a, ...).",,Open,,,,"B1-d, B1-e, B2-b",1468376,Overview,Hero Stats,"LHMP_IA component ""Hero Stats"" (Overview / Card)",High,Published,,,,,
T5-769,5,No requirement tag,Governance,Component setting,component,https://county_template.devmny.org/the_risk/natural_hazards/tornado,the_risk/natural_hazards/tornado,(untitled lexical),2384923,lexical,tags (absent),"Section Settings > Tags: assign the 44 CFR 201.6 element this section satisfies, using the vocabulary already in use on the other 903 sections (A1-a, B1-d, C4-a, E1-a, ...).",,Open,,,,"B1-d, B1-e, B2-b",1468376,Overview,Hero Stats,"inherited from LHMP_IA component ""Hero Stats"" (Overview / Card)",Medium,Published,,,,,
T5-770,5,No requirement tag,Governance,Component setting,component,https://county_template.devmny.org/the_risk/natural_hazards/tornado,the_risk/natural_hazards/tornado,(untitled lexical),2384925,lexical,tags (absent),"Section Settings > Tags: assign the 44 CFR 201.6 element this section satisfies, using the vocabulary already in use on the other 903 sections (A1-a, B1-d, C4-a, E1-a, ...).",,Open,,,,"B1-d, B1-e, B2-b",1468376,Overview,Hero Stats,"inherited from LHMP_IA component ""Hero Stats"" (Overview / Card)",Medium,Published,,,,,
T5-771,5,No requirement tag,Governance,Component setting,component,https://county_template.devmny.org/the_risk/natural_hazards/tornado,the_risk/natural_hazards/tornado,Local Hazard Summary,2384926,lexical,tags (absent),"Section Settings > Tags: assign the 44 CFR 201.6 element this section satisfies, using the vocabulary already in use on the other 903 sections (A1-a, B1-d, C4-a, E1-a, ...).",,Open,,,,"B2-a, B2-b",1468389,Overview,General Vulnerability,"LHMP_IA section ""Overview"" (via ""General Vulnerability"")",Medium,Published,,,,,
T5-772,5,No requirement tag,Governance,Component setting,component,https://county_template.devmny.org/the_risk/natural_hazards/tornado,the_risk/natural_hazards/tornado,(untitled Spreadsheet),2384930,Spreadsheet on R_and_V_Matrix,tags (empty string),"Section Settings > Tags: assign the 44 CFR 201.6 element this section satisfies, using the vocabulary already in use on the other 903 sections (A1-a, B1-d, C4-a, E1-a, ...).",,Open,,,,B2-b,1468396,Overview,Potential Impacts,"inherited from LHMP_IA component ""Potential Impacts"" (Overview / Card)",Medium,Published,,,,,
T5-773,5,No requirement tag,Governance,Component setting,component,https://county_template.devmny.org/the_risk/natural_hazards/tornado,the_risk/natural_hazards/tornado,Total Events and Losses in $: Declared Disasters and Non-Declared Events,2384933,Card on LHMP_IA,tags (absent),"Section Settings > Tags: assign the 44 CFR 201.6 element this section satisfies, using the vocabulary already in use on the other 903 sections (A1-a, B1-d, C4-a, E1-a, ...).",,Open,,,,B1-d,1468416,Historic Occurrences,Historic Occurrences,"inherited from LHMP_IA component ""Historic Occurrences"" (Historic Occurrences / Card)",Medium,Published,,,,,
T5-774,5,No requirement tag,Governance,Component setting,component,https://county_template.devmny.org/the_risk/natural_hazards/tornado,the_risk/natural_hazards/tornado,(untitled lexical),2384937,lexical,tags (absent),"Section Settings > Tags: assign the 44 CFR 201.6 element this section satisfies, using the vocabulary already in use on the other 903 sections (A1-a, B1-d, C4-a, E1-a, ...).",,Open,,,,B1-d,1468423,Historic Occurrences,Number of Events by County Municipality,"inherited from LHMP_IA component ""Number of Events by County Municipality"" (Historic Occurrences / Map)",Medium,Published,,,,,
T5-775,5,No requirement tag,Governance,Component setting,component,https://county_template.devmny.org/the_risk/natural_hazards/tornado,the_risk/natural_hazards/tornado,(untitled lexical),2384940,lexical,tags (absent),"Section Settings > Tags: assign the 44 CFR 201.6 element this section satisfies, using the vocabulary already in use on the other 903 sections (A1-a, B1-d, C4-a, E1-a, ...).",,Open,,,,B1-d,1468423,Historic Occurrences,Number of Events by County Municipality,"inherited from LHMP_IA component ""Number of Events by County Municipality"" (Historic Occurrences / Map)",Medium,Published,,,,,
T5-776,5,No requirement tag,Governance,Component setting,component,https://county_template.devmny.org/the_risk/natural_hazards/tornado,the_risk/natural_hazards/tornado,(untitled Card),2384944,Card on LHMP_IA,tags (absent),"Section Settings > Tags: assign the 44 CFR 201.6 element this section satisfies, using the vocabulary already in use on the other 903 sections (A1-a, B1-d, C4-a, E1-a, ...).",,Open,,,,B1-d,1468427,Historic Occurrences,Presidential Disaster Declarations,"inherited from LHMP_IA component ""Presidential Disaster Declarations"" (Historic Occurrences / Card)",Medium,Published,,,,,
T5-777,5,No requirement tag,Governance,Component setting,component,https://county_template.devmny.org/the_risk/natural_hazards/tornado,the_risk/natural_hazards/tornado,(untitled Spreadsheet),2384945,Spreadsheet on src 870,tags (absent),"Section Settings > Tags: assign the 44 CFR 201.6 element this section satisfies, using the vocabulary already in use on the other 903 sections (A1-a, B1-d, C4-a, E1-a, ...).",,Open,,,,B1-d,1468427,Historic Occurrences,Presidential Disaster Declarations,"inherited from LHMP_IA component ""Presidential Disaster Declarations"" (Historic Occurrences / Card)",Medium,Published,,,,,
T5-778,5,No requirement tag,Governance,Component setting,component,https://county_template.devmny.org/the_risk/natural_hazards/tornado,the_risk/natural_hazards/tornado,(untitled lexical),2384946,lexical,tags (absent),"Section Settings > Tags: assign the 44 CFR 201.6 element this section satisfies, using the vocabulary already in use on the other 903 sections (A1-a, B1-d, C4-a, E1-a, ...).",,Open,,,,B1-d,1468427,Historic Occurrences,Presidential Disaster Declarations,"inherited from LHMP_IA component ""Presidential Disaster Declarations"" (Historic Occurrences / Card)",Medium,Published (hidden from view),"on the page but flagged Hidden from View, so it paints nothing",,,,
T5-779,5,No requirement tag,Governance,Component setting,component,https://county_template.devmny.org/the_risk/natural_hazards/wildfire,the_risk/natural_hazards/wildfire,(untitled lexical),2385015,lexical,tags (absent),"Section Settings > Tags: assign the 44 CFR 201.6 element this section satisfies, using the vocabulary already in use on the other 903 sections (A1-a, B1-d, C4-a, E1-a, ...).",,Open,,,,B1-d,1468423,Historic Occurrences,Number of Events by County Municipality,"inherited from LHMP_IA component ""Number of Events by County Municipality"" (Historic Occurrences / Map)",Medium,Published,,,,,
T5-780,5,No requirement tag,Governance,Component setting,component,https://county_template.devmny.org/the_risk/natural_hazards/wildfire,the_risk/natural_hazards/wildfire,(untitled Card),2385019,Card on LHMP_IA,tags (absent),"Section Settings > Tags: assign the 44 CFR 201.6 element this section satisfies, using the vocabulary already in use on the other 903 sections (A1-a, B1-d, C4-a, E1-a, ...).",,Open,,,,B1-d,1468427,Historic Occurrences,Presidential Disaster Declarations,"inherited from LHMP_IA component ""Presidential Disaster Declarations"" (Historic Occurrences / Card)",Medium,Published,,,,,
T5-781,5,No requirement tag,Governance,Component setting,component,https://county_template.devmny.org/the_risk/natural_hazards/wildfire,the_risk/natural_hazards/wildfire,(untitled Spreadsheet),2385020,Spreadsheet on src 870,tags (absent),"Section Settings > Tags: assign the 44 CFR 201.6 element this section satisfies, using the vocabulary already in use on the other 903 sections (A1-a, B1-d, C4-a, E1-a, ...).",,Open,,,,B1-d,1468427,Historic Occurrences,Presidential Disaster Declarations,"inherited from LHMP_IA component ""Presidential Disaster Declarations"" (Historic Occurrences / Card)",Medium,Published,,,,,
T5-782,5,No requirement tag,Governance,Component setting,component,https://county_template.devmny.org/the_risk/natural_hazards/wildfire,the_risk/natural_hazards/wildfire,(untitled lexical),2385026,lexical,tags (absent),"Section Settings > Tags: assign the 44 CFR 201.6 element this section satisfies, using the vocabulary already in use on the other 903 sections (A1-a, B1-d, C4-a, E1-a, ...).",,Open,,,,B1-d,1468431,Historic Occurrences,Other Hazard Events,"inherited from LHMP_IA component ""Other Hazard Events"" (Historic Occurrences / Card)",Medium,Published (hidden from view),"on the page but flagged Hidden from View, so it paints nothing",,,,
T5-783,5,No requirement tag,Governance,Component setting,component,https://county_template.devmny.org/the_risk/natural_hazards/tornado,the_risk/natural_hazards/tornado,(untitled Spreadsheet),2384950,Spreadsheet,tags (absent),"Section Settings > Tags: assign the 44 CFR 201.6 element this section satisfies, using the vocabulary already in use on the other 903 sections (A1-a, B1-d, C4-a, E1-a, ...).",,Open,,,,B1-d,1468431,Historic Occurrences,Other Hazard Events,"inherited from LHMP_IA component ""Other Hazard Events"" (Historic Occurrences / Card)",Medium,Published,,,,,
T5-784,5,No requirement tag,Governance,Component setting,component,https://county_template.devmny.org/the_risk/natural_hazards/tornado,the_risk/natural_hazards/tornado,(untitled lexical),2384951,lexical,tags (absent),"Section Settings > Tags: assign the 44 CFR 201.6 element this section satisfies, using the vocabulary already in use on the other 903 sections (A1-a, B1-d, C4-a, E1-a, ...).",,Open,,,,B1-d,1468431,Historic Occurrences,Other Hazard Events,"inherited from LHMP_IA component ""Other Hazard Events"" (Historic Occurrences / Card)",Medium,Published (hidden from view),"on the page but flagged Hidden from View, so it paints nothing",,,,
T5-785,5,No requirement tag,Governance,Component setting,component,https://county_template.devmny.org/the_risk/natural_hazards/tornado,the_risk/natural_hazards/tornado,Local Risk Assessment,2384953,lexical,tags (absent),"Section Settings > Tags: assign the 44 CFR 201.6 element this section satisfies, using the vocabulary already in use on the other 903 sections (A1-a, B1-d, C4-a, E1-a, ...).",,Open,,,,"B2-a, B2-b",1468438,Modeled Risks (NRI),Built Environment Overview,"LHMP_IA section ""Modeled Risks (NRI)"" (via ""Built Environment Overview"")",Medium,Published,,,,,
T5-786,5,No requirement tag,Governance,Component setting,component,https://county_template.devmny.org/the_risk/natural_hazards/tornado,the_risk/natural_hazards/tornado,(untitled lexical),2384954,lexical,tags (absent),"Section Settings > Tags: assign the 44 CFR 201.6 element this section satisfies, using the vocabulary already in use on the other 903 sections (A1-a, B1-d, C4-a, E1-a, ...).",,Open,,,,"B2-a, B2-b",1468438,Modeled Risks (NRI),Built Environment Overview,"inherited from LHMP_IA section ""Modeled Risks (NRI)"" (via ""Built Environment Overview"")",Medium,Published (hidden from view),"on the page but flagged Hidden from View, so it paints nothing",,,,
T5-787,5,No requirement tag,Governance,Component setting,component,https://county_template.devmny.org/the_risk/natural_hazards/tornado,the_risk/natural_hazards/tornado,(untitled Card),2384956,Card,tags (absent),"Section Settings > Tags: assign the 44 CFR 201.6 element this section satisfies, using the vocabulary already in use on the other 903 sections (A1-a, B1-d, C4-a, E1-a, ...).",,Open,,,,"B2-a, B2-b",1468397,Local Impacts,County Level,"inherited from LHMP_IA section ""Local Impacts"" (via ""County Level"")",Medium,Published (hidden from view),"on the page but flagged Hidden from View, so it paints nothing",,,,
T5-788,5,No requirement tag,Governance,Component setting,component,https://county_template.devmny.org/the_risk/natural_hazards/tornado,the_risk/natural_hazards/tornado,(untitled lexical),2384957,lexical,tags (absent),"Section Settings > Tags: assign the 44 CFR 201.6 element this section satisfies, using the vocabulary already in use on the other 903 sections (A1-a, B1-d, C4-a, E1-a, ...).",,Open,,,,"B2-a, B2-b",1468397,Local Impacts,County Level,"inherited from LHMP_IA section ""Local Impacts"" (via ""County Level"")",Medium,Published (hidden from view),"on the page but flagged Hidden from View, so it paints nothing",,,,
T5-789,5,No requirement tag,Governance,Component setting,component,https://county_template.devmny.org/the_risk/natural_hazards/tornado,the_risk/natural_hazards/tornado,(untitled Spreadsheet),2384959,Spreadsheet,tags (absent),"Section Settings > Tags: assign the 44 CFR 201.6 element this section satisfies, using the vocabulary already in use on the other 903 sections (A1-a, B1-d, C4-a, E1-a, ...).",,Open,,,,"B2-a, B2-b",1468397,Local Impacts,County Level,"inherited from LHMP_IA section ""Local Impacts"" (via ""County Level"")",Medium,Published,,,,,
T5-790,5,No requirement tag,Governance,Component setting,component,https://county_template.devmny.org/the_risk/natural_hazards/tornado,the_risk/natural_hazards/tornado,(untitled lexical),2384964,lexical,tags (absent),"Section Settings > Tags: assign the 44 CFR 201.6 element this section satisfies, using the vocabulary already in use on the other 903 sections (A1-a, B1-d, C4-a, E1-a, ...).",,Open,,,,"B2-a, B2-b",1468453,Modeled Risks (NRI),Built Environment Overview,"inherited from LHMP_IA component ""Built Environment Overview"" (Modeled Risks (NRI) / Card)",Medium,Published (hidden from view),"on the page but flagged Hidden from View, so it paints nothing",,,,
T5-791,5,No requirement tag,Governance,Component setting,component,https://county_template.devmny.org/the_risk/natural_hazards/tornado,the_risk/natural_hazards/tornado,Built Environment - Local Risk Summary,2384965,lexical,tags (absent),"Section Settings > Tags: assign the 44 CFR 201.6 element this section satisfies, using the vocabulary already in use on the other 903 sections (A1-a, B1-d, C4-a, E1-a, ...).",,Open,,,,,1957824,Modeled Risks (NRI),Built Environment - Local Risk Summary,"LHMP_IA component ""Built Environment - Local Risk Summary"" (Modeled Risks (NRI) / Rich Text)",,Published,,,,,
T5-792,5,No requirement tag,Governance,Component setting,component,https://county_template.devmny.org/the_risk/natural_hazards/tornado,the_risk/natural_hazards/tornado,(untitled lexical),2384967,lexical,tags (absent),"Section Settings > Tags: assign the 44 CFR 201.6 element this section satisfies, using the vocabulary already in use on the other 903 sections (A1-a, B1-d, C4-a, E1-a, ...).",,Open,,,,"B2-a, B2-b",1468470,Modeled Risks (NRI),People and Communities Overview,"inherited from LHMP_IA component ""People and Communities Overview"" (Modeled Risks (NRI) / Card)",Medium,Published (hidden from view),"on the page but flagged Hidden from View, so it paints nothing",,,,
T5-793,5,No requirement tag,Governance,Component setting,component,https://county_template.devmny.org/the_risk/natural_hazards/tornado,the_risk/natural_hazards/tornado,People and Communities - Local Risk Summary,2384968,lexical,tags (absent),"Section Settings > Tags: assign the 44 CFR 201.6 element this section satisfies, using the vocabulary already in use on the other 903 sections (A1-a, B1-d, C4-a, E1-a, ...).",,Open,,,,,1686455,Modeled Risks (NRI),People and Communities - Local Risk Summary,"LHMP_IA component ""People and Communities - Local Risk Summary"" (Modeled Risks (NRI) / Rich Text)",,Published,,,,,
T5-794,5,No requirement tag,Governance,Component setting,component,https://county_template.devmny.org/the_risk/natural_hazards/tornado,the_risk/natural_hazards/tornado,(untitled lexical),2384970,lexical,tags (absent),"Section Settings > Tags: assign the 44 CFR 201.6 element this section satisfies, using the vocabulary already in use on the other 903 sections (A1-a, B1-d, C4-a, E1-a, ...).",,Open,,,,"B2-a, B2-b",1468488,Modeled Risks (NRI),Natural Environment Overview,"inherited from LHMP_IA component ""Natural Environment Overview"" (Modeled Risks (NRI) / Card)",Medium,Published (hidden from view),"on the page but flagged Hidden from View, so it paints nothing",,,,
T5-795,5,No requirement tag,Governance,Component setting,component,https://county_template.devmny.org/the_risk/natural_hazards/tornado,the_risk/natural_hazards/tornado,Natural Environment - Local Risk Summary,2384971,lexical,tags (absent),"Section Settings > Tags: assign the 44 CFR 201.6 element this section satisfies, using the vocabulary already in use on the other 903 sections (A1-a, B1-d, C4-a, E1-a, ...).",,Open,,,,,1957825,Modeled Risks (NRI),Natural Environment - Local Risk Summary,"LHMP_IA component ""Natural Environment - Local Risk Summary"" (Modeled Risks (NRI) / Rich Text)",,Published,,,,,
T5-796,5,No requirement tag,Governance,Component setting,component,https://county_template.devmny.org/the_risk/natural_hazards/tornado,the_risk/natural_hazards/tornado,(untitled lexical),2384972,lexical,tags (absent),"Section Settings > Tags: assign the 44 CFR 201.6 element this section satisfies, using the vocabulary already in use on the other 903 sections (A1-a, B1-d, C4-a, E1-a, ...).",,Open,,,,,1957825,Modeled Risks (NRI),Natural Environment - Local Risk Summary,"inherited from LHMP_IA component ""Natural Environment - Local Risk Summary"" (Modeled Risks (NRI) / Rich Text)",,Published,,,,,
T5-797,5,No requirement tag,Governance,Component setting,component,https://county_template.devmny.org/the_risk/natural_hazards/tornado,the_risk/natural_hazards/tornado,(untitled lexical),2384976,lexical,tags (absent),"Section Settings > Tags: assign the 44 CFR 201.6 element this section satisfies, using the vocabulary already in use on the other 903 sections (A1-a, B1-d, C4-a, E1-a, ...).",,Open,,,,C1-a,1468495,Strategies,Capabilities,"inherited from LHMP_IA component ""Capabilities"" (Strategies / Card)",Medium,Published (hidden from view),"on the page but flagged Hidden from View, so it paints nothing",,,,
T5-798,5,No requirement tag,Governance,Component setting,component,https://county_template.devmny.org/the_risk/natural_hazards/tornado,the_risk/natural_hazards/tornado,(untitled Card),2384978,Card,tags (absent),"Section Settings > Tags: assign the 44 CFR 201.6 element this section satisfies, using the vocabulary already in use on the other 903 sections (A1-a, B1-d, C4-a, E1-a, ...).",,Open,,,,C1-a,1468496,Strategies (2.0),Local Capabilities,"inherited from LHMP_IA component ""Local Capabilities"" (Strategies (2.0) / Rich Text)",Medium,Published (hidden from view),"on the page but flagged Hidden from View, so it paints nothing",,,,
T5-799,5,No requirement tag,Governance,Component setting,component,https://county_template.devmny.org/the_risk/natural_hazards/tornado,the_risk/natural_hazards/tornado,(untitled lexical),2384981,lexical,tags (absent),"Section Settings > Tags: assign the 44 CFR 201.6 element this section satisfies, using the vocabulary already in use on the other 903 sections (A1-a, B1-d, C4-a, E1-a, ...).",,Open,,,,"C4-a, C4-b",1468498,Strategies,Actions,"inherited from LHMP_IA component ""Actions"" (Strategies / Card)",Medium,Published (hidden from view),"on the page but flagged Hidden from View, so it paints nothing",,,,
T5-800,5,No requirement tag,Governance,Component setting,component,https://county_template.devmny.org/the_risk/natural_hazards/tornado,the_risk/natural_hazards/tornado,(untitled Card),2384985,Card,tags (absent),"Section Settings > Tags: assign the 44 CFR 201.6 element this section satisfies, using the vocabulary already in use on the other 903 sections (A1-a, B1-d, C4-a, E1-a, ...).",,Open,,,,"C4-a, C4-b, E2-b",1468501,Strategies (2.0),Local Actions Table,"inherited from LHMP_IA component ""Local Actions Table"" (Strategies (2.0) / Table)",Medium,Published (hidden from view),"on the page but flagged Hidden from View, so it paints nothing",,,,
T5-801,5,No requirement tag,Governance,Component setting,component,https://county_template.devmny.org/the_risk/natural_hazards/tornado,the_risk/natural_hazards/tornado,(untitled lexical),2384986,lexical,tags (absent),"Section Settings > Tags: assign the 44 CFR 201.6 element this section satisfies, using the vocabulary already in use on the other 903 sections (A1-a, B1-d, C4-a, E1-a, ...).",,Open,,,,"C4-a, C4-b, E2-b",1468501,Strategies (2.0),Local Actions Table,"inherited from LHMP_IA component ""Local Actions Table"" (Strategies (2.0) / Table)",Medium,Published (hidden from view),"on the page but flagged Hidden from View, so it paints nothing",,,,
T5-802,5,No requirement tag,Governance,Component setting,component,https://county_template.devmny.org/the_risk/natural_hazards/tornado,the_risk/natural_hazards/tornado,(untitled lexical),2384988,lexical,tags (absent),"Section Settings > Tags: assign the 44 CFR 201.6 element this section satisfies, using the vocabulary already in use on the other 903 sections (A1-a, B1-d, C4-a, E1-a, ...).",,Open,,,,C4-a,1468502,Strategies (2.0),Featured Strategy,"inherited from LHMP_IA component ""Featured Strategy"" (Strategies (2.0) / Rich Text)",Medium,Published,,,,,
T5-803,5,No requirement tag,Governance,Component setting,component,https://county_template.devmny.org/the_risk/natural_hazards/wildfire,the_risk/natural_hazards/wildfire,(untitled lexical),2384992,lexical,tags (absent),"Section Settings > Tags: assign the 44 CFR 201.6 element this section satisfies, using the vocabulary already in use on the other 903 sections (A1-a, B1-d, C4-a, E1-a, ...).",,Open,,,,B1-a,1468374,Overview,Overview,"LHMP_IA section ""Overview"" (first section on the page)",Medium,Published (hidden from view),"on the page but flagged Hidden from View, so it paints nothing",,,,
T5-804,5,No requirement tag,Governance,Component setting,component,https://county_template.devmny.org/the_risk/natural_hazards/wildfire,the_risk/natural_hazards/wildfire,Hazard of Concern,2384995,Card on Hazards_of_Concern,tags (absent),"Section Settings > Tags: assign the 44 CFR 201.6 element this section satisfies, using the vocabulary already in use on the other 903 sections (A1-a, B1-d, C4-a, E1-a, ...).",,Open,,,,"B1-d, B1-e, B2-b",1468376,Overview,Hero Stats,"LHMP_IA component ""Hero Stats"" (Overview / Card)",High,Published,,,,,
T5-805,5,No requirement tag,Governance,Component setting,component,https://county_template.devmny.org/the_risk/natural_hazards/wildfire,the_risk/natural_hazards/wildfire,Modeled RIsk,2384996,Card on src 1508,tags (absent),"Section Settings > Tags: assign the 44 CFR 201.6 element this section satisfies, using the vocabulary already in use on the other 903 sections (A1-a, B1-d, C4-a, E1-a, ...).",,Open,,,,"B1-d, B1-e, B2-b",1468376,Overview,Hero Stats,"LHMP_IA component ""Hero Stats"" (Overview / Card)",High,Published,,,,,
T5-806,5,No requirement tag,Governance,Component setting,component,https://county_template.devmny.org/the_risk/natural_hazards/wildfire,the_risk/natural_hazards/wildfire,Historical Risk,2384997,Card,tags (absent),"Section Settings > Tags: assign the 44 CFR 201.6 element this section satisfies, using the vocabulary already in use on the other 903 sections (A1-a, B1-d, C4-a, E1-a, ...).",,Open,,,,"B1-d, B1-e, B2-b",1468376,Overview,Hero Stats,"LHMP_IA component ""Hero Stats"" (Overview / Card)",High,Published,,,,,
T5-807,5,No requirement tag,Governance,Component setting,component,https://county_template.devmny.org/the_risk/natural_hazards/wildfire,the_risk/natural_hazards/wildfire,(untitled lexical),2384998,lexical,tags (absent),"Section Settings > Tags: assign the 44 CFR 201.6 element this section satisfies, using the vocabulary already in use on the other 903 sections (A1-a, B1-d, C4-a, E1-a, ...).",,Open,,,,"B1-d, B1-e, B2-b",1468376,Overview,Hero Stats,"inherited from LHMP_IA component ""Hero Stats"" (Overview / Card)",Medium,Published,,,,,
T5-808,5,No requirement tag,Governance,Component setting,component,https://county_template.devmny.org/the_risk/natural_hazards/wildfire,the_risk/natural_hazards/wildfire,(untitled lexical),2385000,lexical,tags (absent),"Section Settings > Tags: assign the 44 CFR 201.6 element this section satisfies, using the vocabulary already in use on the other 903 sections (A1-a, B1-d, C4-a, E1-a, ...).",,Open,,,,"B1-d, B1-e, B2-b",1468376,Overview,Hero Stats,"inherited from LHMP_IA component ""Hero Stats"" (Overview / Card)",Medium,Published,,,,,
T5-809,5,No requirement tag,Governance,Component setting,component,https://county_template.devmny.org/the_risk/natural_hazards/wildfire,the_risk/natural_hazards/wildfire,Local Hazard Summary,2385001,lexical,tags (absent),"Section Settings > Tags: assign the 44 CFR 201.6 element this section satisfies, using the vocabulary already in use on the other 903 sections (A1-a, B1-d, C4-a, E1-a, ...).",,Open,,,,"B2-a, B2-b",1468390,Overview,General Vulnerability,"LHMP_IA section ""Overview"" (via ""General Vulnerability"")",Medium,Published,,,,,
T5-810,5,No requirement tag,Governance,Component setting,component,https://county_template.devmny.org/the_risk/natural_hazards/wildfire,the_risk/natural_hazards/wildfire,Total Events and Losses in $: Declared Disasters and Non-Declared Events,2385008,Card on LHMP_IA,tags (absent),"Section Settings > Tags: assign the 44 CFR 201.6 element this section satisfies, using the vocabulary already in use on the other 903 sections (A1-a, B1-d, C4-a, E1-a, ...).",,Open,,,,B1-d,1468416,Historic Occurrences,Historic Occurrences,"inherited from LHMP_IA component ""Historic Occurrences"" (Historic Occurrences / Card)",Medium,Published,,,,,
T5-811,5,No requirement tag,Governance,Component setting,component,https://county_template.devmny.org/the_risk/natural_hazards/wildfire,the_risk/natural_hazards/wildfire,(untitled lexical),2385012,lexical,tags (absent),"Section Settings > Tags: assign the 44 CFR 201.6 element this section satisfies, using the vocabulary already in use on the other 903 sections (A1-a, B1-d, C4-a, E1-a, ...).",,Open,,,,B1-d,1468423,Historic Occurrences,Number of Events by County Municipality,"inherited from LHMP_IA component ""Number of Events by County Municipality"" (Historic Occurrences / Map)",Medium,Published,,,,,
T5-812,5,No requirement tag,Governance,Component setting,component,https://county_template.devmny.org/the_risk/natural_hazards/wildfire,the_risk/natural_hazards/wildfire,(untitled Card),2385031,Card,tags (absent),"Section Settings > Tags: assign the 44 CFR 201.6 element this section satisfies, using the vocabulary already in use on the other 903 sections (A1-a, B1-d, C4-a, E1-a, ...).",,Open,,,,"B2-a, B2-b",1468397,Local Impacts,County Level,"inherited from LHMP_IA section ""Local Impacts"" (via ""County Level"")",Medium,Published (hidden from view),"on the page but flagged Hidden from View, so it paints nothing",,,,
T5-813,5,No requirement tag,Governance,Component setting,component,https://county_template.devmny.org/the_risk/natural_hazards/wildfire,the_risk/natural_hazards/wildfire,(untitled lexical),2385056,lexical,tags (absent),"Section Settings > Tags: assign the 44 CFR 201.6 element this section satisfies, using the vocabulary already in use on the other 903 sections (A1-a, B1-d, C4-a, E1-a, ...).",,Open,,,,"C4-a, C4-b",1468498,Strategies,Actions,"inherited from LHMP_IA component ""Actions"" (Strategies / Card)",Medium,Published (hidden from view),"on the page but flagged Hidden from View, so it paints nothing",,,,
T5-814,5,No requirement tag,Governance,Component setting,component,https://county_template.devmny.org/the_risk/natural_hazards/wildfire,the_risk/natural_hazards/wildfire,(untitled lexical),2385021,lexical,tags (absent),"Section Settings > Tags: assign the 44 CFR 201.6 element this section satisfies, using the vocabulary already in use on the other 903 sections (A1-a, B1-d, C4-a, E1-a, ...).",,Open,,,,B1-d,1468427,Historic Occurrences,Presidential Disaster Declarations,"inherited from LHMP_IA component ""Presidential Disaster Declarations"" (Historic Occurrences / Card)",Medium,Published (hidden from view),"on the page but flagged Hidden from View, so it paints nothing",,,,
T5-815,5,No requirement tag,Governance,Component setting,component,https://county_template.devmny.org/the_risk/natural_hazards/wildfire,the_risk/natural_hazards/wildfire,Local Risk Assessment,2385028,lexical,tags (absent),"Section Settings > Tags: assign the 44 CFR 201.6 element this section satisfies, using the vocabulary already in use on the other 903 sections (A1-a, B1-d, C4-a, E1-a, ...).",,Open,,,,"B2-a, B2-b",1468438,Modeled Risks (NRI),Built Environment Overview,"LHMP_IA section ""Modeled Risks (NRI)"" (via ""Built Environment Overview"")",Medium,Published,,,,,
T5-816,5,No requirement tag,Governance,Component setting,component,https://county_template.devmny.org/the_risk/natural_hazards/wildfire,the_risk/natural_hazards/wildfire,(untitled lexical),2385029,lexical,tags (absent),"Section Settings > Tags: assign the 44 CFR 201.6 element this section satisfies, using the vocabulary already in use on the other 903 sections (A1-a, B1-d, C4-a, E1-a, ...).",,Open,,,,"B2-a, B2-b",1468438,Modeled Risks (NRI),Built Environment Overview,"inherited from LHMP_IA section ""Modeled Risks (NRI)"" (via ""Built Environment Overview"")",Medium,Published (hidden from view),"on the page but flagged Hidden from View, so it paints nothing",,,,
T5-817,5,No requirement tag,Governance,Component setting,component,https://county_template.devmny.org/the_risk/natural_hazards/wildfire,the_risk/natural_hazards/wildfire,(untitled lexical),2385032,lexical,tags (absent),"Section Settings > Tags: assign the 44 CFR 201.6 element this section satisfies, using the vocabulary already in use on the other 903 sections (A1-a, B1-d, C4-a, E1-a, ...).",,Open,,,,"B2-a, B2-b",1468397,Local Impacts,County Level,"inherited from LHMP_IA section ""Local Impacts"" (via ""County Level"")",Medium,Published (hidden from view),"on the page but flagged Hidden from View, so it paints nothing",,,,
T5-818,5,No requirement tag,Governance,Component setting,component,https://county_template.devmny.org/the_risk/natural_hazards/wildfire,the_risk/natural_hazards/wildfire,(untitled Spreadsheet),2385034,Spreadsheet,tags (absent),"Section Settings > Tags: assign the 44 CFR 201.6 element this section satisfies, using the vocabulary already in use on the other 903 sections (A1-a, B1-d, C4-a, E1-a, ...).",,Open,,,,"B2-a, B2-b",1468397,Local Impacts,County Level,"inherited from LHMP_IA section ""Local Impacts"" (via ""County Level"")",Medium,Published,,,,,
T5-819,5,No requirement tag,Governance,Component setting,component,https://county_template.devmny.org/the_risk/natural_hazards/wildfire,the_risk/natural_hazards/wildfire,(untitled lexical),2385039,lexical,tags (absent),"Section Settings > Tags: assign the 44 CFR 201.6 element this section satisfies, using the vocabulary already in use on the other 903 sections (A1-a, B1-d, C4-a, E1-a, ...).",,Open,,,,"B2-a, B2-b",1468452,Modeled Risks (NRI),Built Environment Overview,"inherited from LHMP_IA component ""Built Environment Overview"" (Modeled Risks (NRI) / Card)",Medium,Published (hidden from view),"on the page but flagged Hidden from View, so it paints nothing",,,,
T5-820,5,No requirement tag,Governance,Component setting,component,https://county_template.devmny.org/the_risk/natural_hazards/wildfire,the_risk/natural_hazards/wildfire,Built Environment - Local Risk Summary,2385040,lexical,tags (absent),"Section Settings > Tags: assign the 44 CFR 201.6 element this section satisfies, using the vocabulary already in use on the other 903 sections (A1-a, B1-d, C4-a, E1-a, ...).",,Open,,,,,1957824,Modeled Risks (NRI),Built Environment - Local Risk Summary,"LHMP_IA component ""Built Environment - Local Risk Summary"" (Modeled Risks (NRI) / Rich Text)",,Published,,,,,
T5-821,5,No requirement tag,Governance,Component setting,component,https://county_template.devmny.org/the_risk/natural_hazards/wind,the_risk/natural_hazards/wind,Hazard of Concern,2385070,Card on Hazards_of_Concern,tags (absent),"Section Settings > Tags: assign the 44 CFR 201.6 element this section satisfies, using the vocabulary already in use on the other 903 sections (A1-a, B1-d, C4-a, E1-a, ...).",,Open,,,,"B1-d, B1-e, B2-b",1468376,Overview,Hero Stats,"LHMP_IA component ""Hero Stats"" (Overview / Card)",High,Published,,,,,
T5-822,5,No requirement tag,Governance,Component setting,component,https://county_template.devmny.org/the_risk/natural_hazards/wind,the_risk/natural_hazards/wind,Historical Risk,2385072,Card,tags (absent),"Section Settings > Tags: assign the 44 CFR 201.6 element this section satisfies, using the vocabulary already in use on the other 903 sections (A1-a, B1-d, C4-a, E1-a, ...).",,Open,,,,"B1-d, B1-e, B2-b",1468376,Overview,Hero Stats,"LHMP_IA component ""Hero Stats"" (Overview / Card)",High,Published,,,,,
T5-823,5,No requirement tag,Governance,Component setting,component,https://county_template.devmny.org/the_risk/natural_hazards/wind,the_risk/natural_hazards/wind,(untitled lexical),2385073,lexical,tags (absent),"Section Settings > Tags: assign the 44 CFR 201.6 element this section satisfies, using the vocabulary already in use on the other 903 sections (A1-a, B1-d, C4-a, E1-a, ...).",,Open,,,,"B1-d, B1-e, B2-b",1468376,Overview,Hero Stats,"inherited from LHMP_IA component ""Hero Stats"" (Overview / Card)",Medium,Published,,,,,
T5-824,5,No requirement tag,Governance,Component setting,component,https://county_template.devmny.org/the_risk/natural_hazards/wildfire,the_risk/natural_hazards/wildfire,(untitled lexical),2385042,lexical,tags (absent),"Section Settings > Tags: assign the 44 CFR 201.6 element this section satisfies, using the vocabulary already in use on the other 903 sections (A1-a, B1-d, C4-a, E1-a, ...).",,Open,,,,"B2-a, B2-b",1468471,Modeled Risks (NRI),People and Communities Overview,"inherited from LHMP_IA component ""People and Communities Overview"" (Modeled Risks (NRI) / Card)",Medium,Published (hidden from view),"on the page but flagged Hidden from View, so it paints nothing",,,,
T5-825,5,No requirement tag,Governance,Component setting,component,https://county_template.devmny.org/the_risk/natural_hazards/wildfire,the_risk/natural_hazards/wildfire,People and Communities - Local Risk Summary,2385043,lexical,tags (absent),"Section Settings > Tags: assign the 44 CFR 201.6 element this section satisfies, using the vocabulary already in use on the other 903 sections (A1-a, B1-d, C4-a, E1-a, ...).",,Open,,,,,1686455,Modeled Risks (NRI),People and Communities - Local Risk Summary,"LHMP_IA component ""People and Communities - Local Risk Summary"" (Modeled Risks (NRI) / Rich Text)",,Published,,,,,
T5-826,5,No requirement tag,Governance,Component setting,component,https://county_template.devmny.org/the_risk/natural_hazards/wildfire,the_risk/natural_hazards/wildfire,(untitled lexical),2385045,lexical,tags (absent),"Section Settings > Tags: assign the 44 CFR 201.6 element this section satisfies, using the vocabulary already in use on the other 903 sections (A1-a, B1-d, C4-a, E1-a, ...).",,Open,,,,"B2-a, B2-b",1468489,Modeled Risks (NRI),Natural Environment Overview,"inherited from LHMP_IA component ""Natural Environment Overview"" (Modeled Risks (NRI) / Card)",Medium,Published (hidden from view),"on the page but flagged Hidden from View, so it paints nothing",,,,
T5-827,5,No requirement tag,Governance,Component setting,component,https://county_template.devmny.org/the_risk/natural_hazards/wildfire,the_risk/natural_hazards/wildfire,Natural Environment - Local Risk Summary,2385046,lexical,tags (absent),"Section Settings > Tags: assign the 44 CFR 201.6 element this section satisfies, using the vocabulary already in use on the other 903 sections (A1-a, B1-d, C4-a, E1-a, ...).",,Open,,,,,1957825,Modeled Risks (NRI),Natural Environment - Local Risk Summary,"LHMP_IA component ""Natural Environment - Local Risk Summary"" (Modeled Risks (NRI) / Rich Text)",,Published,,,,,
T5-828,5,No requirement tag,Governance,Component setting,component,https://county_template.devmny.org/the_risk/natural_hazards/wildfire,the_risk/natural_hazards/wildfire,(untitled lexical),2385047,lexical,tags (absent),"Section Settings > Tags: assign the 44 CFR 201.6 element this section satisfies, using the vocabulary already in use on the other 903 sections (A1-a, B1-d, C4-a, E1-a, ...).",,Open,,,,,1957825,Modeled Risks (NRI),Natural Environment - Local Risk Summary,"inherited from LHMP_IA component ""Natural Environment - Local Risk Summary"" (Modeled Risks (NRI) / Rich Text)",,Published,,,,,
T5-829,5,No requirement tag,Governance,Component setting,component,https://county_template.devmny.org/the_risk/natural_hazards/wildfire,the_risk/natural_hazards/wildfire,(untitled lexical),2385051,lexical,tags (absent),"Section Settings > Tags: assign the 44 CFR 201.6 element this section satisfies, using the vocabulary already in use on the other 903 sections (A1-a, B1-d, C4-a, E1-a, ...).",,Open,,,,C1-a,1468495,Strategies,Capabilities,"inherited from LHMP_IA component ""Capabilities"" (Strategies / Card)",Medium,Published (hidden from view),"on the page but flagged Hidden from View, so it paints nothing",,,,
T5-830,5,No requirement tag,Governance,Component setting,component,https://county_template.devmny.org/the_risk/natural_hazards/wildfire,the_risk/natural_hazards/wildfire,(untitled Card),2385053,Card,tags (absent),"Section Settings > Tags: assign the 44 CFR 201.6 element this section satisfies, using the vocabulary already in use on the other 903 sections (A1-a, B1-d, C4-a, E1-a, ...).",,Open,,,,C1-a,1468496,Strategies (2.0),Local Capabilities,"inherited from LHMP_IA component ""Local Capabilities"" (Strategies (2.0) / Rich Text)",Medium,Published (hidden from view),"on the page but flagged Hidden from View, so it paints nothing",,,,
T5-831,5,No requirement tag,Governance,Component setting,component,https://county_template.devmny.org/the_risk/natural_hazards/wildfire,the_risk/natural_hazards/wildfire,(untitled Card),2385060,Card,tags (absent),"Section Settings > Tags: assign the 44 CFR 201.6 element this section satisfies, using the vocabulary already in use on the other 903 sections (A1-a, B1-d, C4-a, E1-a, ...).",,Open,,,,"C4-a, C4-b, E2-b",1468501,Strategies (2.0),Local Actions Table,"inherited from LHMP_IA component ""Local Actions Table"" (Strategies (2.0) / Table)",Medium,Published (hidden from view),"on the page but flagged Hidden from View, so it paints nothing",,,,
T5-832,5,No requirement tag,Governance,Component setting,component,https://county_template.devmny.org/the_risk/natural_hazards/wildfire,the_risk/natural_hazards/wildfire,(untitled lexical),2385061,lexical,tags (absent),"Section Settings > Tags: assign the 44 CFR 201.6 element this section satisfies, using the vocabulary already in use on the other 903 sections (A1-a, B1-d, C4-a, E1-a, ...).",,Open,,,,"C4-a, C4-b, E2-b",1468501,Strategies (2.0),Local Actions Table,"inherited from LHMP_IA component ""Local Actions Table"" (Strategies (2.0) / Table)",Medium,Published (hidden from view),"on the page but flagged Hidden from View, so it paints nothing",,,,
T5-833,5,No requirement tag,Governance,Component setting,component,https://county_template.devmny.org/the_risk/natural_hazards/wildfire,the_risk/natural_hazards/wildfire,(untitled lexical),2385063,lexical,tags (absent),"Section Settings > Tags: assign the 44 CFR 201.6 element this section satisfies, using the vocabulary already in use on the other 903 sections (A1-a, B1-d, C4-a, E1-a, ...).",,Open,,,,C4-a,1468502,Strategies (2.0),Featured Strategy,"inherited from LHMP_IA component ""Featured Strategy"" (Strategies (2.0) / Rich Text)",Medium,Published,,,,,
T5-834,5,No requirement tag,Governance,Component setting,component,https://county_template.devmny.org/the_risk/natural_hazards/wind,the_risk/natural_hazards/wind,(untitled lexical),2385067,lexical,tags (absent),"Section Settings > Tags: assign the 44 CFR 201.6 element this section satisfies, using the vocabulary already in use on the other 903 sections (A1-a, B1-d, C4-a, E1-a, ...).",,Open,,,,B1-a,1468373,Overview,Overview,"LHMP_IA section ""Overview"" (first section on the page)",Medium,Published (hidden from view),"on the page but flagged Hidden from View, so it paints nothing",,,,
T5-835,5,No requirement tag,Governance,Component setting,component,https://county_template.devmny.org/the_risk/natural_hazards/wind,the_risk/natural_hazards/wind,Modeled RIsk,2385071,Card on src 1508,tags (absent),"Section Settings > Tags: assign the 44 CFR 201.6 element this section satisfies, using the vocabulary already in use on the other 903 sections (A1-a, B1-d, C4-a, E1-a, ...).",,Open,,,,"B1-d, B1-e, B2-b",1468376,Overview,Hero Stats,"LHMP_IA component ""Hero Stats"" (Overview / Card)",High,Published,,,,,
T5-836,5,No requirement tag,Governance,Component setting,component,https://county_template.devmny.org/the_risk/natural_hazards/wind,the_risk/natural_hazards/wind,(untitled lexical),2385123,lexical,tags (absent),"Section Settings > Tags: assign the 44 CFR 201.6 element this section satisfies, using the vocabulary already in use on the other 903 sections (A1-a, B1-d, C4-a, E1-a, ...).",,Open,,,,C1-a,1468495,Strategies,Capabilities,"inherited from LHMP_IA component ""Capabilities"" (Strategies / Card)",Medium,Published (hidden from view),"on the page but flagged Hidden from View, so it paints nothing",,,,
T5-837,5,No requirement tag,Governance,Component setting,component,https://county_template.devmny.org/the_risk/natural_hazards/wind,the_risk/natural_hazards/wind,(untitled Card),2385125,Card,tags (absent),"Section Settings > Tags: assign the 44 CFR 201.6 element this section satisfies, using the vocabulary already in use on the other 903 sections (A1-a, B1-d, C4-a, E1-a, ...).",,Open,,,,C1-a,1468496,Strategies (2.0),Local Capabilities,"inherited from LHMP_IA component ""Local Capabilities"" (Strategies (2.0) / Rich Text)",Medium,Published (hidden from view),"on the page but flagged Hidden from View, so it paints nothing",,,,
T5-838,5,No requirement tag,Governance,Component setting,component,https://county_template.devmny.org/the_risk/natural_hazards/wind,the_risk/natural_hazards/wind,(untitled lexical),2385075,lexical,tags (absent),"Section Settings > Tags: assign the 44 CFR 201.6 element this section satisfies, using the vocabulary already in use on the other 903 sections (A1-a, B1-d, C4-a, E1-a, ...).",,Open,,,,"B1-d, B1-e, B2-b",1468376,Overview,Hero Stats,"inherited from LHMP_IA component ""Hero Stats"" (Overview / Card)",Medium,Published,,,,,
T5-839,5,No requirement tag,Governance,Component setting,component,https://county_template.devmny.org/the_risk/natural_hazards/wind,the_risk/natural_hazards/wind,(untitled lexical),2385087,lexical,tags (absent),"Section Settings > Tags: assign the 44 CFR 201.6 element this section satisfies, using the vocabulary already in use on the other 903 sections (A1-a, B1-d, C4-a, E1-a, ...).",,Open,,,,B1-d,1468423,Historic Occurrences,Number of Events by County Municipality,"inherited from LHMP_IA component ""Number of Events by County Municipality"" (Historic Occurrences / Map)",Medium,Published,,,,,
T5-840,5,No requirement tag,Governance,Component setting,component,https://county_template.devmny.org/the_risk/natural_hazards/wind,the_risk/natural_hazards/wind,(untitled lexical),2385089,lexical,tags (absent),"Section Settings > Tags: assign the 44 CFR 201.6 element this section satisfies, using the vocabulary already in use on the other 903 sections (A1-a, B1-d, C4-a, E1-a, ...).",,Open,,,,B1-d,1468423,Historic Occurrences,Number of Events by County Municipality,"inherited from LHMP_IA component ""Number of Events by County Municipality"" (Historic Occurrences / Map)",Medium,Published,,,,,
T5-841,5,No requirement tag,Governance,Component setting,component,https://county_template.devmny.org/the_risk/natural_hazards/wind,the_risk/natural_hazards/wind,(untitled Card),2385092,Card on LHMP_IA,tags (absent),"Section Settings > Tags: assign the 44 CFR 201.6 element this section satisfies, using the vocabulary already in use on the other 903 sections (A1-a, B1-d, C4-a, E1-a, ...).",,Open,,,,B1-d,1468427,Historic Occurrences,Presidential Disaster Declarations,"inherited from LHMP_IA component ""Presidential Disaster Declarations"" (Historic Occurrences / Card)",Medium,Published,,,,,
T5-842,5,No requirement tag,Governance,Component setting,component,https://county_template.devmny.org/the_risk/natural_hazards/wind,the_risk/natural_hazards/wind,(untitled Spreadsheet),2385093,Spreadsheet on src 870,tags (absent),"Section Settings > Tags: assign the 44 CFR 201.6 element this section satisfies, using the vocabulary already in use on the other 903 sections (A1-a, B1-d, C4-a, E1-a, ...).",,Open,,,,B1-d,1468427,Historic Occurrences,Presidential Disaster Declarations,"inherited from LHMP_IA component ""Presidential Disaster Declarations"" (Historic Occurrences / Card)",Medium,Published,,,,,
T5-843,5,No requirement tag,Governance,Component setting,component,https://county_template.devmny.org/the_risk/natural_hazards/wind,the_risk/natural_hazards/wind,(untitled lexical),2385094,lexical,tags (absent),"Section Settings > Tags: assign the 44 CFR 201.6 element this section satisfies, using the vocabulary already in use on the other 903 sections (A1-a, B1-d, C4-a, E1-a, ...).",,Open,,,,B1-d,1468427,Historic Occurrences,Presidential Disaster Declarations,"inherited from LHMP_IA component ""Presidential Disaster Declarations"" (Historic Occurrences / Card)",Medium,Published (hidden from view),"on the page but flagged Hidden from View, so it paints nothing",,,,
T5-844,5,No requirement tag,Governance,Component setting,component,https://county_template.devmny.org/the_risk/natural_hazards/wind,the_risk/natural_hazards/wind,(untitled lexical),2385098,lexical,tags (absent),"Section Settings > Tags: assign the 44 CFR 201.6 element this section satisfies, using the vocabulary already in use on the other 903 sections (A1-a, B1-d, C4-a, E1-a, ...).",,Open,,,,B1-d,1468431,Historic Occurrences,Other Hazard Events,"inherited from LHMP_IA component ""Other Hazard Events"" (Historic Occurrences / Card)",Medium,Published (hidden from view),"on the page but flagged Hidden from View, so it paints nothing",,,,
T5-845,5,No requirement tag,Governance,Component setting,component,https://county_template.devmny.org/the_risk/natural_hazards/wind,the_risk/natural_hazards/wind,Local Risk Assessment,2385100,lexical,tags (absent),"Section Settings > Tags: assign the 44 CFR 201.6 element this section satisfies, using the vocabulary already in use on the other 903 sections (A1-a, B1-d, C4-a, E1-a, ...).",,Open,,,,"B2-a, B2-b",1468438,Modeled Risks (NRI),Built Environment Overview,"LHMP_IA section ""Modeled Risks (NRI)"" (via ""Built Environment Overview"")",Medium,Published,,,,,
T5-846,5,No requirement tag,Governance,Component setting,component,https://county_template.devmny.org/the_risk/natural_hazards/wind,the_risk/natural_hazards/wind,(untitled lexical),2385101,lexical,tags (absent),"Section Settings > Tags: assign the 44 CFR 201.6 element this section satisfies, using the vocabulary already in use on the other 903 sections (A1-a, B1-d, C4-a, E1-a, ...).",,Open,,,,"B2-a, B2-b",1468438,Modeled Risks (NRI),Built Environment Overview,"inherited from LHMP_IA section ""Modeled Risks (NRI)"" (via ""Built Environment Overview"")",Medium,Published (hidden from view),"on the page but flagged Hidden from View, so it paints nothing",,,,
T5-847,5,No requirement tag,Governance,Component setting,component,https://county_template.devmny.org/the_risk/natural_hazards/wind,the_risk/natural_hazards/wind,(untitled Card),2385103,Card,tags (absent),"Section Settings > Tags: assign the 44 CFR 201.6 element this section satisfies, using the vocabulary already in use on the other 903 sections (A1-a, B1-d, C4-a, E1-a, ...).",,Open,,,,"B2-a, B2-b",1468397,Local Impacts,County Level,"inherited from LHMP_IA section ""Local Impacts"" (via ""County Level"")",Medium,Published (hidden from view),"on the page but flagged Hidden from View, so it paints nothing",,,,
T5-848,5,No requirement tag,Governance,Component setting,component,https://county_template.devmny.org/the_risk/natural_hazards/wind,the_risk/natural_hazards/wind,(untitled lexical),2385104,lexical,tags (absent),"Section Settings > Tags: assign the 44 CFR 201.6 element this section satisfies, using the vocabulary already in use on the other 903 sections (A1-a, B1-d, C4-a, E1-a, ...).",,Open,,,,"B2-a, B2-b",1468397,Local Impacts,County Level,"inherited from LHMP_IA section ""Local Impacts"" (via ""County Level"")",Medium,Published (hidden from view),"on the page but flagged Hidden from View, so it paints nothing",,,,
T5-849,5,No requirement tag,Governance,Component setting,component,https://county_template.devmny.org/the_risk/natural_hazards/wind,the_risk/natural_hazards/wind,(untitled Spreadsheet),2385106,Spreadsheet,tags (absent),"Section Settings > Tags: assign the 44 CFR 201.6 element this section satisfies, using the vocabulary already in use on the other 903 sections (A1-a, B1-d, C4-a, E1-a, ...).",,Open,,,,"B2-a, B2-b",1468397,Local Impacts,County Level,"inherited from LHMP_IA section ""Local Impacts"" (via ""County Level"")",Medium,Published,,,,,
T5-850,5,No requirement tag,Governance,Component setting,component,https://county_template.devmny.org/the_risk/natural_hazards/wind,the_risk/natural_hazards/wind,(untitled lexical),2385111,lexical,tags (absent),"Section Settings > Tags: assign the 44 CFR 201.6 element this section satisfies, using the vocabulary already in use on the other 903 sections (A1-a, B1-d, C4-a, E1-a, ...).",,Open,,,,"B2-a, B2-b",1468454,Modeled Risks (NRI),Built Environment Overview,"inherited from LHMP_IA component ""Built Environment Overview"" (Modeled Risks (NRI) / Card)",Medium,Published (hidden from view),"on the page but flagged Hidden from View, so it paints nothing",,,,
T5-851,5,No requirement tag,Governance,Component setting,component,https://county_template.devmny.org/the_risk/natural_hazards/wind,the_risk/natural_hazards/wind,Built Environment - Local Risk Summary,2385112,lexical,tags (absent),"Section Settings > Tags: assign the 44 CFR 201.6 element this section satisfies, using the vocabulary already in use on the other 903 sections (A1-a, B1-d, C4-a, E1-a, ...).",,Open,,,,,1957824,Modeled Risks (NRI),Built Environment - Local Risk Summary,"LHMP_IA component ""Built Environment - Local Risk Summary"" (Modeled Risks (NRI) / Rich Text)",,Published,,,,,
T5-852,5,No requirement tag,Governance,Component setting,component,https://county_template.devmny.org/the_risk/natural_hazards/wind,the_risk/natural_hazards/wind,(untitled lexical),2385114,lexical,tags (absent),"Section Settings > Tags: assign the 44 CFR 201.6 element this section satisfies, using the vocabulary already in use on the other 903 sections (A1-a, B1-d, C4-a, E1-a, ...).",,Open,,,,"B2-a, B2-b",1468472,Modeled Risks (NRI),People and Communities Overview,"inherited from LHMP_IA component ""People and Communities Overview"" (Modeled Risks (NRI) / Card)",Medium,Published (hidden from view),"on the page but flagged Hidden from View, so it paints nothing",,,,
T5-853,5,No requirement tag,Governance,Component setting,component,https://county_template.devmny.org/the_risk/natural_hazards/wind,the_risk/natural_hazards/wind,People and Communities - Local Risk Summary,2385115,lexical,tags (absent),"Section Settings > Tags: assign the 44 CFR 201.6 element this section satisfies, using the vocabulary already in use on the other 903 sections (A1-a, B1-d, C4-a, E1-a, ...).",,Open,,,,,1686455,Modeled Risks (NRI),People and Communities - Local Risk Summary,"LHMP_IA component ""People and Communities - Local Risk Summary"" (Modeled Risks (NRI) / Rich Text)",,Published,,,,,
T5-854,5,No requirement tag,Governance,Component setting,component,https://county_template.devmny.org/the_risk/natural_hazards/wind,the_risk/natural_hazards/wind,(untitled lexical),2385117,lexical,tags (absent),"Section Settings > Tags: assign the 44 CFR 201.6 element this section satisfies, using the vocabulary already in use on the other 903 sections (A1-a, B1-d, C4-a, E1-a, ...).",,Open,,,,"B2-a, B2-b",1468490,Modeled Risks (NRI),Natural Environment Overview,"inherited from LHMP_IA component ""Natural Environment Overview"" (Modeled Risks (NRI) / Card)",Medium,Published (hidden from view),"on the page but flagged Hidden from View, so it paints nothing",,,,
T5-855,5,No requirement tag,Governance,Component setting,component,https://county_template.devmny.org/the_risk/natural_hazards/wind,the_risk/natural_hazards/wind,Natural Environment - Local Risk Summary,2385118,lexical,tags (absent),"Section Settings > Tags: assign the 44 CFR 201.6 element this section satisfies, using the vocabulary already in use on the other 903 sections (A1-a, B1-d, C4-a, E1-a, ...).",,Open,,,,,1957825,Modeled Risks (NRI),Natural Environment - Local Risk Summary,"LHMP_IA component ""Natural Environment - Local Risk Summary"" (Modeled Risks (NRI) / Rich Text)",,Published,,,,,
T5-856,5,No requirement tag,Governance,Component setting,component,https://county_template.devmny.org/the_risk/natural_hazards/wind,the_risk/natural_hazards/wind,(untitled lexical),2385119,lexical,tags (absent),"Section Settings > Tags: assign the 44 CFR 201.6 element this section satisfies, using the vocabulary already in use on the other 903 sections (A1-a, B1-d, C4-a, E1-a, ...).",,Open,,,,,1957825,Modeled Risks (NRI),Natural Environment - Local Risk Summary,"inherited from LHMP_IA component ""Natural Environment - Local Risk Summary"" (Modeled Risks (NRI) / Rich Text)",,Published,,,,,
T5-857,5,No requirement tag,Governance,Component setting,component,https://county_template.devmny.org/the_risk/natural_hazards/wind,the_risk/natural_hazards/wind,(untitled lexical),2385128,lexical,tags (absent),"Section Settings > Tags: assign the 44 CFR 201.6 element this section satisfies, using the vocabulary already in use on the other 903 sections (A1-a, B1-d, C4-a, E1-a, ...).",,Open,,,,"C4-a, C4-b",1468498,Strategies,Actions,"inherited from LHMP_IA component ""Actions"" (Strategies / Card)",Medium,Published (hidden from view),"on the page but flagged Hidden from View, so it paints nothing",,,,
T5-858,5,No requirement tag,Governance,Component setting,component,https://county_template.devmny.org/the_risk/natural_hazards/wind,the_risk/natural_hazards/wind,(untitled Card),2385132,Card,tags (absent),"Section Settings > Tags: assign the 44 CFR 201.6 element this section satisfies, using the vocabulary already in use on the other 903 sections (A1-a, B1-d, C4-a, E1-a, ...).",,Open,,,,"C4-a, C4-b, E2-b",1468501,Strategies (2.0),Local Actions Table,"inherited from LHMP_IA component ""Local Actions Table"" (Strategies (2.0) / Table)",Medium,Published (hidden from view),"on the page but flagged Hidden from View, so it paints nothing",,,,
T5-859,5,No requirement tag,Governance,Component setting,component,https://county_template.devmny.org/the_risk/natural_hazards/wind,the_risk/natural_hazards/wind,(untitled lexical),2385133,lexical,tags (absent),"Section Settings > Tags: assign the 44 CFR 201.6 element this section satisfies, using the vocabulary already in use on the other 903 sections (A1-a, B1-d, C4-a, E1-a, ...).",,Open,,,,"C4-a, C4-b, E2-b",1468501,Strategies (2.0),Local Actions Table,"inherited from LHMP_IA component ""Local Actions Table"" (Strategies (2.0) / Table)",Medium,Published (hidden from view),"on the page but flagged Hidden from View, so it paints nothing",,,,
T5-860,5,No requirement tag,Governance,Component setting,component,https://county_template.devmny.org/the_risk/natural_hazards/wind,the_risk/natural_hazards/wind,(untitled lexical),2385135,lexical,tags (absent),"Section Settings > Tags: assign the 44 CFR 201.6 element this section satisfies, using the vocabulary already in use on the other 903 sections (A1-a, B1-d, C4-a, E1-a, ...).",,Open,,,,C4-a,1468502,Strategies (2.0),Featured Strategy,"inherited from LHMP_IA component ""Featured Strategy"" (Strategies (2.0) / Rich Text)",Medium,Published,,,,,
T5-861,5,No requirement tag,Governance,Component setting,component,https://county_template.devmny.org/the_local_environment/natural_environment,the_local_environment/natural_environment,(untitled Card),2335941,Card on LHMP_IA,tags (absent),"Section Settings > Tags: assign the 44 CFR 201.6 element this section satisfies, using the vocabulary already in use on the other 903 sections (A1-a, B1-d, C4-a, E1-a, ...).",,Open,,,,C1-a,1468316,Open Space,Buyouts / Acquisitions,"inherited from LHMP_IA component ""Buyouts / Acquisitions"" (Open Space / Card)",Medium,Published,,,,,
T5-862,5,No requirement tag,Governance,Component setting,component,https://county_template.devmny.org/the_local_environment/natural_environment,the_local_environment/natural_environment,(untitled lexical),2335929,lexical,tags (absent),"Section Settings > Tags: assign the 44 CFR 201.6 element this section satisfies, using the vocabulary already in use on the other 903 sections (A1-a, B1-d, C4-a, E1-a, ...).",,Open,,,,B2-a,1468310,Overview,Overview,"LHMP_IA section ""Overview"" (first section on the page)",Medium,Published (hidden from view),"on the page but flagged Hidden from View, so it paints nothing",,,,
T5-863,5,No requirement tag,Governance,Component setting,component,https://county_template.devmny.org/the_local_environment/natural_environment,the_local_environment/natural_environment,(untitled lexical),2335931,lexical,tags (absent),"Section Settings > Tags: assign the 44 CFR 201.6 element this section satisfies, using the vocabulary already in use on the other 903 sections (A1-a, B1-d, C4-a, E1-a, ...).",,Open,,,,B2-a,1468310,Overview,Overview,"inherited from LHMP_IA component ""Overview"" (Overview / Card)",Medium,Published (hidden from view),"on the page but flagged Hidden from View, so it paints nothing",,,,
T5-864,5,No requirement tag,Governance,Component setting,component,https://county_template.devmny.org/the_local_environment/natural_environment,the_local_environment/natural_environment,(untitled Card),2335934,Card,tags (empty string),"Section Settings > Tags: assign the 44 CFR 201.6 element this section satisfies, using the vocabulary already in use on the other 903 sections (A1-a, B1-d, C4-a, E1-a, ...).",,Open,,,,B2-a,1468314,Open Space,Open Space Summary,"inherited from LHMP_IA component ""Open Space Summary"" (Open Space / Card)",Medium,Published,,,,,
T5-865,5,No requirement tag,Governance,Component setting,component,https://county_template.devmny.org/the_local_environment/natural_environment,the_local_environment/natural_environment,(untitled lexical),2335935,lexical,tags (absent),"Section Settings > Tags: assign the 44 CFR 201.6 element this section satisfies, using the vocabulary already in use on the other 903 sections (A1-a, B1-d, C4-a, E1-a, ...).",,Open,,,,B2-a,1468314,Open Space,Open Space Summary,"inherited from LHMP_IA component ""Open Space Summary"" (Open Space / Card)",Medium,Published (hidden from view),"on the page but flagged Hidden from View, so it paints nothing",,,,
T5-866,5,No requirement tag,Governance,Component setting,component,https://county_template.devmny.org/the_local_environment/natural_environment,the_local_environment/natural_environment,(untitled lexical),2335938,lexical,tags (absent),"Section Settings > Tags: assign the 44 CFR 201.6 element this section satisfies, using the vocabulary already in use on the other 903 sections (A1-a, B1-d, C4-a, E1-a, ...).",,Open,,,,B2-a,1468315,Open Space,Open Space Parcel Statistics,"inherited from LHMP_IA component ""Open Space Parcel Statistics"" (Open Space / Table)",Medium,Published (hidden from view),"on the page but flagged Hidden from View, so it paints nothing",,,,
T5-867,5,No requirement tag,Governance,Component setting,component,https://county_template.devmny.org/the_local_environment/natural_environment,the_local_environment/natural_environment,County Open Space Plan,2335939,lexical,tags (empty string),"Section Settings > Tags: assign the 44 CFR 201.6 element this section satisfies, using the vocabulary already in use on the other 903 sections (A1-a, B1-d, C4-a, E1-a, ...).",,Open,,,,Not Applicable,1468317,Open Space,County Open Space Plan,"LHMP_IA component ""County Open Space Plan"" (Open Space / Rich Text)",High,Published,,,,,
T5-868,5,No requirement tag,Governance,Component setting,component,https://county_template.devmny.org/the_local_environment/natural_environment,the_local_environment/natural_environment,(untitled lexical),2335943,lexical,tags (absent),"Section Settings > Tags: assign the 44 CFR 201.6 element this section satisfies, using the vocabulary already in use on the other 903 sections (A1-a, B1-d, C4-a, E1-a, ...).",,Open,,,,"A1-a, C1-a",1468321,Open Space,Community Rating System,"inherited from LHMP_IA component ""Community Rating System"" (Open Space / Card)",Medium,Published (hidden from view),"on the page but flagged Hidden from View, so it paints nothing",,,,
T5-869,5,No requirement tag,Governance,Component setting,component,https://county_template.devmny.org/the_local_environment/natural_environment,the_local_environment/natural_environment,(untitled lexical),2335945,lexical,tags (absent),"Section Settings > Tags: assign the 44 CFR 201.6 element this section satisfies, using the vocabulary already in use on the other 903 sections (A1-a, B1-d, C4-a, E1-a, ...).",,Open,,,,B2-a,1468312,Overview,Local Context,"inherited from LHMP_IA component ""Local Context"" (Overview / Rich Text)",Medium,Published (hidden from view),"on the page but flagged Hidden from View, so it paints nothing",,,,
T5-870,5,No requirement tag,Governance,Component setting,component,https://county_template.devmny.org/the_local_environment/natural_environment,the_local_environment/natural_environment,(untitled Card),2335947,Card on LHMP_IA,tags (absent),"Section Settings > Tags: assign the 44 CFR 201.6 element this section satisfies, using the vocabulary already in use on the other 903 sections (A1-a, B1-d, C4-a, E1-a, ...).",,Open,,,,"C1-a, C1-b",1468323,Open Space,Firewise Communities,"inherited from LHMP_IA component ""Firewise Communities"" (Open Space / Rich Text)",Medium,Published,,,,,
T5-871,5,No requirement tag,Governance,Component setting,component,https://county_template.devmny.org/the_local_environment/natural_environment,the_local_environment/natural_environment,(untitled lexical),2335949,lexical,tags (absent),"Section Settings > Tags: assign the 44 CFR 201.6 element this section satisfies, using the vocabulary already in use on the other 903 sections (A1-a, B1-d, C4-a, E1-a, ...).",,Open,,,,B2-a,1468324,Water And Air,Water And Air,"inherited from LHMP_IA component ""Water And Air"" (Water And Air / Card)",Medium,Published (hidden from view),"on the page but flagged Hidden from View, so it paints nothing",,,,
T5-872,5,No requirement tag,Governance,Component setting,component,https://county_template.devmny.org/the_local_environment/natural_environment,the_local_environment/natural_environment,(untitled lexical),2335951,lexical,tags (absent),"Section Settings > Tags: assign the 44 CFR 201.6 element this section satisfies, using the vocabulary already in use on the other 903 sections (A1-a, B1-d, C4-a, E1-a, ...).",,Open,,,,B2-a,1468325,Water And Air,Local Context,"inherited from LHMP_IA component ""Local Context"" (Water And Air / Rich Text)",Medium,Published (hidden from view),"on the page but flagged Hidden from View, so it paints nothing",,,,
T5-873,5,No requirement tag,Governance,Component setting,component,https://county_template.devmny.org/the_local_environment/natural_environment,the_local_environment/natural_environment,(untitled lexical),2335956,lexical,tags (absent),"Section Settings > Tags: assign the 44 CFR 201.6 element this section satisfies, using the vocabulary already in use on the other 903 sections (A1-a, B1-d, C4-a, E1-a, ...).",,Open,,,,B2-a,1468329,Wildlife,Wildlife,"inherited from LHMP_IA component ""Wildlife"" (Wildlife / Card)",Medium,Published (hidden from view),"on the page but flagged Hidden from View, so it paints nothing",,,,
T5-874,5,No requirement tag,Governance,Component setting,component,https://county_template.devmny.org/the_local_environment/natural_environment,the_local_environment/natural_environment,(untitled lexical),2335959,lexical,tags (absent),"Section Settings > Tags: assign the 44 CFR 201.6 element this section satisfies, using the vocabulary already in use on the other 903 sections (A1-a, B1-d, C4-a, E1-a, ...).",,Open,,,,,1552605,Wildlife,Forestry,"inherited from LHMP_IA component ""Forestry"" (Wildlife / Card)",,Published (hidden from view),"on the page but flagged Hidden from View, so it paints nothing",,,,
T5-875,5,No requirement tag,Governance,Component setting,component,https://county_template.devmny.org/the_local_environment/natural_environment,the_local_environment/natural_environment,(untitled lexical),2335965,lexical,tags (absent),"Section Settings > Tags: assign the 44 CFR 201.6 element this section satisfies, using the vocabulary already in use on the other 903 sections (A1-a, B1-d, C4-a, E1-a, ...).",,Open,,,,B2-b,1468333,Vulnerability,Potential Impacts Table,"inherited from LHMP_IA component ""Potential Impacts Table"" (Vulnerability / Table)",Medium,Published,,,,,
T6-001,6,Null data fetch mode,Maintenance,Component setting,pattern,https://county_template.devmny.org/,(all pages),(609 data components),,Card / Spreadsheet / Graph / Filter / Header,609 of 609 data components store no fetchMode; all carry readyToLoad: true and resolve to the default re-query path.,Decide a pattern-wide default and set Data Fetch Mode explicitly on data components rather than relying on the implicit one. Full per-component inventory in county-template-qa-fetchmode.csv.,pattern-wide,Open,,,,,,,,,,n/a - not a component-scoped finding,,,,,
T7-001,7,Front-end walkthrough finding,Tier 1,Developer fix,template,https://county_template.devmny.org/the_risk/natural_hazards/drought,the_risk/natural_hazards/drought,Modeled Risk / Hazard of Concern cards,,,"Clicking hazard to hazard shows the PREVIOUS hazard for ~400ms after the URL changes; 1,800ms click-to-correct. Not reproducible on hard reload. Dev team already aware.",Suppress the cached paint while a new request is in flight - render a loading state instead of the previous fetch's rows.,,Open,,,,,,,,,,n/a - not a component-scoped finding,,,,,
T7-002,7,Front-end walkthrough finding,Tier 1,Component setting,template,https://county_template.devmny.org/the_risk/natural_hazards/extreme_cold,the_risk/natural_hazards/extreme_cold,Overview,,,"""...are included in the flooding profile of the MitigateNY SHMP"" on every hazard page except flooding (12 of 16).","Edit the trailing clause in the 12 LHMP_IA narrative rows so each names its own hazard profile. Dataset content, not component config.",,Open,,,,,,,,,,n/a - not a component-scoped finding,,,,,
T7-003,7,Front-end walkthrough finding,Tier 1,Component setting,template,https://county_template.devmny.org/the_risk/natural_hazards/extreme_cold,the_risk/natural_hazards/extreme_cold,Measures Inventory,,,249 unfiltered rows including drought and arson measures on the Extreme Cold page; no stored filter while the page publishes hazards/hazards2/hazards3.,"Columns menu > the hazard column > add a filter bound to the page variable (searchParamKey hazards2), matching how the hazard-scoped siblings are configured.",,Open,,,,,,,,,,n/a - not a component-scoped finding,,,,,
T7-004,7,Front-end walkthrough finding,Tier 1,Component setting,template,https://county_template.devmny.org/the_risk/natural_hazards/avalanche,the_risk/natural_hazards/avalanche,Local Actions Table,,,"196 unfiltered rows, same shape as Measures Inventory.",Same fix as Measures Inventory: bind the hazard column filter to the page variable.,,Open,,,,,,,,,,n/a - not a component-scoped finding,,,,,
T7-005,7,Front-end walkthrough finding,Tier 1,Component setting,template,https://county_template.devmny.org/the_plan/jurisdictional_annexes/select_jurisdiction,the_plan/jurisdictional_annexes/select_jurisdiction,Jurisdiction (selector),,,Renders 3610506310 instead of the municipality name. The live Jurisdictions source defines the lookup; the stored column carries none.,"Columns menu > geoid > Refresh Meta to pick up meta_lookup {view 1346450, geoid -> municipality_name}.",,Open,,,,,,,,,,n/a - not a component-scoped finding,,,,,
T7-006,7,Front-end walkthrough finding,Tier 1,Component setting,template,https://county_template.devmny.org/the_risk/natural_hazards,the_risk/natural_hazards,Hazards of Concern by Jurisdiction,,,A stored value that is neither a lookup key nor a label falls through and renders raw among 8 correctly-cased labels.,"Fix the data value: change ""Ice storm"" to the key ""icestorm"" in the Hazards_of_Concern row(s). The lookup itself is correct.",,Open,,,,,,,,,,n/a - not a component-scoped finding,,,,,
T7-007,7,Front-end walkthrough finding,Tier 1,Component setting,template,https://county_template.devmny.org/,,County Hazard Profiles,,,No integer format on a count column; shows 0.0 beside 13 / 2 / 2 on the home page and on the hazard pages.,"Columns menu > ""# of Declared Disasters"" > Format: set an integer/comma format so zero renders as 0.",,Open,,,,,,,,,,n/a - not a component-scoped finding,,,,,
T7-008,7,Front-end walkthrough finding,Tier 1,Component setting,template,https://county_template.devmny.org/the_risk/natural_hazards/extreme_cold,the_risk/natural_hazards/extreme_cold,Measures Inventory (facet),,,"""Category-Deprecated"", ""Jurisdiction GeoID"" and ""Hazard Text"" are used as public facet labels.","Rename the source column display_name (the facet label reads from it), or override display_name on the component. Retire the deprecated column once its consumers move.",,Open,,,,,,,,,,n/a - not a component-scoped finding,,,,,
T7-009,7,Front-end walkthrough finding,Tier 2,Component setting,template,https://county_template.devmny.org/the_local_environment,the_local_environment,Section landing illustrations,,,"10 bucket images 404 and one external hotlink dies; the browser collapses each to a 16px line of alt text, which is the filename.",Re-upload the missing files or repoint the sections at /themes/mny/illustrations/*.webp. See to-do type 2 for the per-component list.,,Open,,,,,,,,,,n/a - not a component-scoped finding,,,,,
T7-010,7,Front-end walkthrough finding,Tier 2,Developer fix,template,https://county_template.devmny.org/the_risk/natural_hazards/extreme_cold,the_risk/natural_hazards/extreme_cold,Presidential Disaster Declarations,,,Zero-row grid with a page counter reading 0 and an enabled NEXT. 11 instances on 5 pages.,The pager renders unconditionally. Give the component an empty state so a zero-row result says so instead of drawing a pager.,,Open,,,,,,,,,,n/a - not a component-scoped finding,,,,,
T7-011,7,Front-end walkthrough finding,Tier 2,Component setting,template,https://county_template.devmny.org/the_plan/capabilities_assessment,the_plan/capabilities_assessment,State Mitigation Capabilities (x4),,,"Four tables titled ""State Mitigation Capabilities"" with 41 / 243 / 11 / 148 rows; the distinguishing information exists only in the filter.",Retitle each section to name the capability category it is filtered to.,,Open,,,,,,,,,,n/a - not a component-scoped finding,,,,,
T7-012,7,Front-end walkthrough finding,Tier 2,Developer fix,template,https://county_template.devmny.org/the_plan/capabilities_assessment,the_plan/capabilities_assessment,State Mitigation Capabilities (x4),,,Identical bindings report different totals - 12 sections on one source/view report 8 different numbers. No pager total on the site is citable.,"display.totalLength is a cached count rendered before the live count arrives. Stop rendering the stored total, or invalidate it on save.",,Open,,,,,,,,,,n/a - not a component-scoped finding,,,,,
T7-013,7,Front-end walkthrough finding,Tier 3,Component setting,template,https://county_template.devmny.org/the_risk/natural_hazards/extreme_cold,the_risk/natural_hazards/extreme_cold,Extreme Cold / Hazard of Concern / Modeled Risk / Historical Risk,,,"Section padding is the OUTER gutter, so p-4 on each member inserts 32px between boxes; the run is openBottom > borderX x3 with no closer, so there is no bottom edge.","Set the last member border to openTop, and move the 16px from section padding to the Card's cellsPadding. the_risk/natural_hazards/flooding is already configured correctly - copy it.",,Open,,,,,,,,,,n/a - not a component-scoped finding,,,,,
T7-014,7,Front-end walkthrough finding,Tier 3,Component setting,template,https://county_template.devmny.org/the_risk/natural_hazards/extreme_cold,the_risk/natural_hazards/extreme_cold,General Vulnerability / Climate Impacts,,,"Content tops differ by 15 / 34 / 84px, produced by hand-tuned 1px / 50px / 100px top paddings.",Remove the hand-tuned paddings and let the grid align the pair; use equal padding on both members.,,Open,,,,,,,,,,n/a - not a component-scoped finding,,,,,
T7-015,7,Front-end walkthrough finding,Tier 3,Component setting,template,https://county_template.devmny.org/the_risk/natural_hazards/extreme_cold,the_risk/natural_hazards/extreme_cold,Modeled Risk / Historical Risk,,,(unset) > left > (unset) > center across one four-part card.,Pick one justify value for all cells in the group. left is the pattern-wide convention at 69% of set values; centre is a legitimate choice but changes the convention.,,Open,,,,,,,,,,n/a - not a component-scoped finding,,,,,
T7-016,7,Front-end walkthrough finding,Tier 3,Component setting,template,https://county_template.devmny.org/the_risk/natural_hazards,the_risk/natural_hazards,Other Hazard Events,,,FUSION YEAR / PRIMARY HAZARD CATEGORY / TOTAL DAMAGE (WITH POPULATION) on hazard pages vs YEAR / NRI CATEGORY / TOTAL DAMAGE here.,Reconcile the per-component display_name overrides so both copies of the table use one set of headings.,,Open,,,,,,,,,,n/a - not a component-scoped finding,,,,,
T7-017,7,Front-end walkthrough finding,Tier 3,Component setting,template,https://county_template.devmny.org/track_progress/funding_sources,track_progress/funding_sources,Funding Sources (filter bar),,,3 of 5 selects offer no options; on High Hazard Dams a Hazard Level column repeats one value on all 11 rows.,Populate the facet value lists or remove the empty controls; drop the single-value column.,,Open,,,,,,,,,,n/a - not a component-scoped finding,,,,,
T8-001,8,Component not rendering on any page,Maintenance,Data hygiene,component,https://county_template.devmny.org/the_local_environment,the_local_environment,(untitled lexical),2100374,lexical,"Nothing renders component 2100374: it is in neither the published nor the draft section list of the_local_environment (superseded publish snapshot -- it sits in a block of 11 consecutively abandoned rows, the size of the page's own 11-section list, so the whole set was replaced by a later publish). The authored section is still on the page as component 2413181 (published), so the original ""No requirement tag"" finding has moved there.","Nothing to edit on this row. Re-check the ""No requirement tag"" finding against component 2413181, which is the row the page actually renders, then delete 2100374 in a sweep of unreferenced component rows.",,Open,,,"Was T5-026, type 5 (No requirement tag).",Not Applicable,1468647,Overview,Overview,"LHMP_IA section ""Overview"" (first section on the page) [realigned (component re-created since QA)]",Medium,Not rendering,"superseded publish snapshot -- it sits in a block of 11 consecutively abandoned rows, the size of the page's own 11-section list, so the whole set was replaced by a later publish",5,No requirement tag,2413181,published - same slot (2 of 11) and same title/element type
T8-002,8,Component not rendering on any page,Maintenance,Data hygiene,component,https://county_template.devmny.org/the_local_environment,the_local_environment,Overview,2100375,Card on LHMP_IA,"Nothing renders component 2100375: it is in neither the published nor the draft section list of the_local_environment (superseded publish snapshot -- it sits in a block of 11 consecutively abandoned rows, the size of the page's own 11-section list, so the whole set was replaced by a later publish). The authored section is still on the page as component 2413182 (published), so the original ""No requirement tag"" finding has moved there.","Nothing to edit on this row. Re-check the ""No requirement tag"" finding against component 2413182, which is the row the page actually renders, then delete 2100375 in a sweep of unreferenced component rows.",,Open,,,"Was T5-027, type 5 (No requirement tag).",Not Applicable,1468647,Overview,Overview,"LHMP_IA component ""Overview"" (Overview / Card) [realigned (component re-created since QA)]",High,Not rendering,"superseded publish snapshot -- it sits in a block of 11 consecutively abandoned rows, the size of the page's own 11-section list, so the whole set was replaced by a later publish",5,No requirement tag,2413182,published - same slot (3 of 11) and same title/element type
T8-003,8,Component not rendering on any page,Maintenance,Data hygiene,component,https://county_template.devmny.org/the_local_environment,the_local_environment,Requirements,2100376,Card on LHMP_IA,"Nothing renders component 2100376: it is in neither the published nor the draft section list of the_local_environment (superseded publish snapshot -- it sits in a block of 11 consecutively abandoned rows, the size of the page's own 11-section list, so the whole set was replaced by a later publish). The authored section is still on the page as component 2413183 (published), so the original ""SHMP narrative not permission-locked"" finding has moved there.","Nothing to edit on this row. Re-check the ""SHMP narrative not permission-locked"" finding against component 2413183, which is the row the page actually renders, then delete 2100376 in a sweep of unreferenced component rows.",LHMP_IA edit lock,Open,,,"Was T1-001, type 1 (SHMP narrative not permission-locked).",,,,,,,Not rendering,"superseded publish snapshot -- it sits in a block of 11 consecutively abandoned rows, the size of the page's own 11-section list, so the whole set was replaced by a later publish",1,SHMP narrative not permission-locked,2413183,published - same slot (4 of 11) and same title/element type
T8-004,8,Component not rendering on any page,Maintenance,Data hygiene,component,https://county_template.devmny.org/the_local_environment,the_local_environment,Requirements,2100376,Card on LHMP_IA,"Nothing renders component 2100376: it is in neither the published nor the draft section list of the_local_environment (superseded publish snapshot -- it sits in a block of 11 consecutively abandoned rows, the size of the page's own 11-section list, so the whole set was replaced by a later publish). The authored section is still on the page as component 2413183 (published), so the original ""No requirement tag"" finding has moved there.","Nothing to edit on this row. Re-check the ""No requirement tag"" finding against component 2413183, which is the row the page actually renders, then delete 2100376 in a sweep of unreferenced component rows.",,Open,,,"Was T5-028, type 5 (No requirement tag).",Not Applicable,1468648,Overview,Requirements,"LHMP_IA component ""Requirements"" (Overview / Card) [realigned (component re-created since QA)]",High,Not rendering,"superseded publish snapshot -- it sits in a block of 11 consecutively abandoned rows, the size of the page's own 11-section list, so the whole set was replaced by a later publish",5,No requirement tag,2413183,published - same slot (4 of 11) and same title/element type
T8-005,8,Component not rendering on any page,Maintenance,Data hygiene,component,https://county_template.devmny.org/the_local_environment,the_local_environment,Executive Summary,2100377,lexical,"Nothing renders component 2100377: it is in neither the published nor the draft section list of the_local_environment (superseded publish snapshot -- it sits in a block of 11 consecutively abandoned rows, the size of the page's own 11-section list, so the whole set was replaced by a later publish). The authored section is still on the page as component 2413184 (published), so the original ""No requirement tag"" finding has moved there.","Nothing to edit on this row. Re-check the ""No requirement tag"" finding against component 2413184, which is the row the page actually renders, then delete 2100377 in a sweep of unreferenced component rows.",,Open,,,"Was T5-029, type 5 (No requirement tag).",Not Applicable,1468649,Executive Summary,Executive Summary,"LHMP_IA component ""Executive Summary"" (Executive Summary / Rich Text) [realigned (component re-created since QA)]",High,Not rendering,"superseded publish snapshot -- it sits in a block of 11 consecutively abandoned rows, the size of the page's own 11-section list, so the whole set was replaced by a later publish",5,No requirement tag,2413184,published - same slot (5 of 11) and same title/element type
T8-006,8,Component not rendering on any page,Maintenance,Data hygiene,component,https://county_template.devmny.org/the_local_environment,the_local_environment,(untitled lexical),2100378,lexical,"Nothing renders component 2100378: it is in neither the published nor the draft section list of the_local_environment (superseded publish snapshot -- it sits in a block of 11 consecutively abandoned rows, the size of the page's own 11-section list, so the whole set was replaced by a later publish). The authored section is still on the page as component 2413185 (published), so the original ""Broken image"" finding has moved there.","Nothing to edit on this row. Re-check the ""Broken image"" finding against component 2413185, which is the row the page actually renders, then delete 2100378 in a sweep of unreferenced component rows.",missing upload in bucket,Resolved,,,"Was T2-006, type 2 (Broken image).",,,,,,,Not rendering,"superseded publish snapshot -- it sits in a block of 11 consecutively abandoned rows, the size of the page's own 11-section list, so the whole set was replaced by a later publish",2,Broken image,2413185,published - same slot (6 of 11) and same title/element type
T8-007,8,Component not rendering on any page,Maintenance,Data hygiene,component,https://county_template.devmny.org/the_local_environment,the_local_environment,(untitled lexical),2100378,lexical,"Nothing renders component 2100378: it is in neither the published nor the draft section list of the_local_environment (superseded publish snapshot -- it sits in a block of 11 consecutively abandoned rows, the size of the page's own 11-section list, so the whole set was replaced by a later publish). The authored section is still on the page as component 2413185 (published), so the original ""No requirement tag"" finding has moved there.","Nothing to edit on this row. Re-check the ""No requirement tag"" finding against component 2413185, which is the row the page actually renders, then delete 2100378 in a sweep of unreferenced component rows.",,Open,,,"Was T5-138, type 5 (No requirement tag).",Not Applicable,1468649,Executive Summary,Executive Summary,"inherited from LHMP_IA component ""Executive Summary"" (Executive Summary / Rich Text) [realigned (component re-created since QA)]",Medium,Not rendering,"superseded publish snapshot -- it sits in a block of 11 consecutively abandoned rows, the size of the page's own 11-section list, so the whole set was replaced by a later publish",5,No requirement tag,2413185,published - same slot (6 of 11) and same title/element type
T8-008,8,Component not rendering on any page,Maintenance,Data hygiene,component,https://county_template.devmny.org/the_local_environment,the_local_environment,(untitled lexical),2100379,lexical,"Nothing renders component 2100379: it is in neither the published nor the draft section list of the_local_environment (superseded publish snapshot -- it sits in a block of 11 consecutively abandoned rows, the size of the page's own 11-section list, so the whole set was replaced by a later publish). The authored section is still on the page as component 2413186 (published), so the original ""Broken image"" finding has moved there.","Nothing to edit on this row. Re-check the ""Broken image"" finding against component 2413186, which is the row the page actually renders, then delete 2100379 in a sweep of unreferenced component rows.",missing upload in bucket,Resolved,,,"Was T2-001, type 2 (Broken image).",,,,,,,Not rendering,"superseded publish snapshot -- it sits in a block of 11 consecutively abandoned rows, the size of the page's own 11-section list, so the whole set was replaced by a later publish",2,Broken image,2413186,published - same slot (7 of 11) and same title/element type
T8-009,8,Component not rendering on any page,Maintenance,Data hygiene,component,https://county_template.devmny.org/the_local_environment,the_local_environment,(untitled lexical),2100379,lexical,"Nothing renders component 2100379: it is in neither the published nor the draft section list of the_local_environment (superseded publish snapshot -- it sits in a block of 11 consecutively abandoned rows, the size of the page's own 11-section list, so the whole set was replaced by a later publish). The authored section is still on the page as component 2413186 (published), so the original ""No requirement tag"" finding has moved there.","Nothing to edit on this row. Re-check the ""No requirement tag"" finding against component 2413186, which is the row the page actually renders, then delete 2100379 in a sweep of unreferenced component rows.",,Open,,,"Was T5-030, type 5 (No requirement tag).",Not Applicable,1468649,Executive Summary,Executive Summary,"inherited from LHMP_IA component ""Executive Summary"" (Executive Summary / Rich Text) [realigned (component re-created since QA)]",Medium,Not rendering,"superseded publish snapshot -- it sits in a block of 11 consecutively abandoned rows, the size of the page's own 11-section list, so the whole set was replaced by a later publish",5,No requirement tag,2413186,published - same slot (7 of 11) and same title/element type
T8-010,8,Component not rendering on any page,Maintenance,Data hygiene,component,https://county_template.devmny.org/the_local_environment,the_local_environment,(untitled lexical),2100380,lexical,"Nothing renders component 2100380: it is in neither the published nor the draft section list of the_local_environment (superseded publish snapshot -- it sits in a block of 11 consecutively abandoned rows, the size of the page's own 11-section list, so the whole set was replaced by a later publish). The authored section is still on the page as component 2413187 (published), so the original ""Broken image"" finding has moved there.","Nothing to edit on this row. Re-check the ""Broken image"" finding against component 2413187, which is the row the page actually renders, then delete 2100380 in a sweep of unreferenced component rows.",missing upload in bucket,Resolved,,,"Was T2-002, type 2 (Broken image).",,,,,,,Not rendering,"superseded publish snapshot -- it sits in a block of 11 consecutively abandoned rows, the size of the page's own 11-section list, so the whole set was replaced by a later publish",2,Broken image,2413187,published - same slot (8 of 11) and same title/element type
T8-011,8,Component not rendering on any page,Maintenance,Data hygiene,component,https://county_template.devmny.org/the_local_environment,the_local_environment,(untitled lexical),2100380,lexical,"Nothing renders component 2100380: it is in neither the published nor the draft section list of the_local_environment (superseded publish snapshot -- it sits in a block of 11 consecutively abandoned rows, the size of the page's own 11-section list, so the whole set was replaced by a later publish). The authored section is still on the page as component 2413187 (published), so the original ""No requirement tag"" finding has moved there.","Nothing to edit on this row. Re-check the ""No requirement tag"" finding against component 2413187, which is the row the page actually renders, then delete 2100380 in a sweep of unreferenced component rows.",,Open,,,"Was T5-031, type 5 (No requirement tag).",Not Applicable,1468649,Executive Summary,Executive Summary,"inherited from LHMP_IA component ""Executive Summary"" (Executive Summary / Rich Text) [realigned (component re-created since QA)]",Medium,Not rendering,"superseded publish snapshot -- it sits in a block of 11 consecutively abandoned rows, the size of the page's own 11-section list, so the whole set was replaced by a later publish",5,No requirement tag,2413187,published - same slot (8 of 11) and same title/element type
T8-012,8,Component not rendering on any page,Maintenance,Data hygiene,component,https://county_template.devmny.org/the_local_environment,the_local_environment,(untitled lexical),2100381,lexical,"Nothing renders component 2100381: it is in neither the published nor the draft section list of the_local_environment (superseded publish snapshot -- it sits in a block of 11 consecutively abandoned rows, the size of the page's own 11-section list, so the whole set was replaced by a later publish). The authored section is still on the page as component 2413188 (published), so the original ""Broken image"" finding has moved there.","Nothing to edit on this row. Re-check the ""Broken image"" finding against component 2413188, which is the row the page actually renders, then delete 2100381 in a sweep of unreferenced component rows.",missing upload in bucket,Resolved,,,"Was T2-007, type 2 (Broken image).",,,,,,,Not rendering,"superseded publish snapshot -- it sits in a block of 11 consecutively abandoned rows, the size of the page's own 11-section list, so the whole set was replaced by a later publish",2,Broken image,2413188,published - same slot (9 of 11) and same title/element type
T8-013,8,Component not rendering on any page,Maintenance,Data hygiene,component,https://county_template.devmny.org/the_local_environment,the_local_environment,(untitled lexical),2100381,lexical,"Nothing renders component 2100381: it is in neither the published nor the draft section list of the_local_environment (superseded publish snapshot -- it sits in a block of 11 consecutively abandoned rows, the size of the page's own 11-section list, so the whole set was replaced by a later publish). The authored section is still on the page as component 2413188 (published), so the original ""No requirement tag"" finding has moved there.","Nothing to edit on this row. Re-check the ""No requirement tag"" finding against component 2413188, which is the row the page actually renders, then delete 2100381 in a sweep of unreferenced component rows.",,Open,,,"Was T5-139, type 5 (No requirement tag).",Not Applicable,1468649,Executive Summary,Executive Summary,"inherited from LHMP_IA component ""Executive Summary"" (Executive Summary / Rich Text) [realigned (component re-created since QA)]",Medium,Not rendering,"superseded publish snapshot -- it sits in a block of 11 consecutively abandoned rows, the size of the page's own 11-section list, so the whole set was replaced by a later publish",5,No requirement tag,2413188,published - same slot (9 of 11) and same title/element type
T8-014,8,Component not rendering on any page,Maintenance,Data hygiene,component,https://county_template.devmny.org/the_local_environment,the_local_environment,(untitled lexical),2100382,lexical,"Nothing renders component 2100382: it is in neither the published nor the draft section list of the_local_environment (superseded publish snapshot -- it sits in a block of 11 consecutively abandoned rows, the size of the page's own 11-section list, so the whole set was replaced by a later publish). The authored section is still on the page as component 2413189 (published), so the original ""Broken image"" finding has moved there.","Nothing to edit on this row. Re-check the ""Broken image"" finding against component 2413189, which is the row the page actually renders, then delete 2100382 in a sweep of unreferenced component rows.",missing upload in bucket,Resolved,,,"Was T2-003, type 2 (Broken image).",,,,,,,Not rendering,"superseded publish snapshot -- it sits in a block of 11 consecutively abandoned rows, the size of the page's own 11-section list, so the whole set was replaced by a later publish",2,Broken image,2413189,published - same slot (10 of 11) and same title/element type
T8-015,8,Component not rendering on any page,Maintenance,Data hygiene,component,https://county_template.devmny.org/the_local_environment,the_local_environment,(untitled lexical),2100382,lexical,"Nothing renders component 2100382: it is in neither the published nor the draft section list of the_local_environment (superseded publish snapshot -- it sits in a block of 11 consecutively abandoned rows, the size of the page's own 11-section list, so the whole set was replaced by a later publish). The authored section is still on the page as component 2413189 (published), so the original ""No requirement tag"" finding has moved there.","Nothing to edit on this row. Re-check the ""No requirement tag"" finding against component 2413189, which is the row the page actually renders, then delete 2100382 in a sweep of unreferenced component rows.",,Open,,,"Was T5-032, type 5 (No requirement tag).",Not Applicable,1468649,Executive Summary,Executive Summary,"inherited from LHMP_IA component ""Executive Summary"" (Executive Summary / Rich Text) [realigned (component re-created since QA)]",Medium,Not rendering,"superseded publish snapshot -- it sits in a block of 11 consecutively abandoned rows, the size of the page's own 11-section list, so the whole set was replaced by a later publish",5,No requirement tag,2413189,published - same slot (10 of 11) and same title/element type
T8-016,8,Component not rendering on any page,Maintenance,Data hygiene,component,https://county_template.devmny.org/the_local_environment/people_and_communities,the_local_environment/people_and_communities,(untitled lexical),2257905,lexical,"Nothing renders component 2257905: it is in neither the published nor the draft section list of any page (superseded publish snapshot -- it sits in a block of 31 consecutively abandoned rows, the size of the page's own 32-section list, so the whole set was replaced by a later publish). The section itself is most likely still on the_local_environment/people_and_communities under a new row id, but it could not be pinned down (no current section matches its title and element type).","Re-check the ""No requirement tag"" finding against the_local_environment/people_and_communities directly -- this row id is stale, but the finding may well still be open on the row that replaced it. Then delete 2257905 in a sweep of unreferenced component rows.",,Open,,,"Was T5-009, type 5 (No requirement tag).",Not Applicable,1468253,Overview,Overview,"LHMP_IA section ""Overview"" (first section on the page) [realigned (component re-created since QA)]",Medium,Not rendering,"superseded publish snapshot -- it sits in a block of 31 consecutively abandoned rows, the size of the page's own 32-section list, so the whole set was replaced by a later publish",5,No requirement tag,,no current section matches its title and element type
T8-017,8,Component not rendering on any page,Maintenance,Data hygiene,component,https://county_template.devmny.org/the_local_environment/people_and_communities,the_local_environment/people_and_communities,Overview,2257906,Card on LHMP_IA,"Nothing renders component 2257906: it is in neither the published nor the draft section list of the_local_environment/people_and_communities (superseded publish snapshot -- it sits in a block of 31 consecutively abandoned rows, the size of the page's own 32-section list, so the whole set was replaced by a later publish). The authored section is still on the page as component 2407426 (published), so the original ""No requirement tag"" finding has moved there.","Nothing to edit on this row. Re-check the ""No requirement tag"" finding against component 2407426, which is the row the page actually renders, then delete 2257906 in a sweep of unreferenced component rows.",,Open,,,"Was T5-010, type 5 (No requirement tag).",Not Applicable,1468253,Overview,Overview,"LHMP_IA component ""Overview"" (Overview / Card) [realigned (component re-created since QA)]",High,Not rendering,"superseded publish snapshot -- it sits in a block of 31 consecutively abandoned rows, the size of the page's own 32-section list, so the whole set was replaced by a later publish",5,No requirement tag,2407426,published - unique title + element type on the page
T8-018,8,Component not rendering on any page,Maintenance,Data hygiene,component,https://county_template.devmny.org/the_local_environment/people_and_communities,the_local_environment/people_and_communities,(untitled lexical),2257907,lexical,"Nothing renders component 2257907: it is in neither the published nor the draft section list of any page (superseded publish snapshot -- it sits in a block of 31 consecutively abandoned rows, the size of the page's own 32-section list, so the whole set was replaced by a later publish). The section itself is most likely still on the_local_environment/people_and_communities under a new row id, but it could not be pinned down (no current section matches its title and element type).","Re-check the ""No requirement tag"" finding against the_local_environment/people_and_communities directly -- this row id is stale, but the finding may well still be open on the row that replaced it. Then delete 2257907 in a sweep of unreferenced component rows.",,Open,,,"Was T5-011, type 5 (No requirement tag).",,,,,component no longer on the page - could not be located,,Not rendering,"superseded publish snapshot -- it sits in a block of 31 consecutively abandoned rows, the size of the page's own 32-section list, so the whole set was replaced by a later publish",5,No requirement tag,,no current section matches its title and element type
T8-019,8,Component not rendering on any page,Maintenance,Data hygiene,component,https://county_template.devmny.org/the_local_environment/people_and_communities,the_local_environment/people_and_communities,(untitled lexical),2257908,lexical,"Nothing renders component 2257908: it is in neither the published nor the draft section list of any page (superseded publish snapshot -- it sits in a block of 31 consecutively abandoned rows, the size of the page's own 32-section list, so the whole set was replaced by a later publish). The section itself is most likely still on the_local_environment/people_and_communities under a new row id, but it could not be pinned down (no current section matches its title and element type).","Re-check the ""No requirement tag"" finding against the_local_environment/people_and_communities directly -- this row id is stale, but the finding may well still be open on the row that replaced it. Then delete 2257908 in a sweep of unreferenced component rows.",,Open,,,"Was T5-012, type 5 (No requirement tag).",Not Applicable,1468253,Overview,Overview,"inherited from LHMP_IA component ""Overview"" (Overview / Card) [realigned (component re-created since QA)]",Medium,Not rendering,"superseded publish snapshot -- it sits in a block of 31 consecutively abandoned rows, the size of the page's own 32-section list, so the whole set was replaced by a later publish",5,No requirement tag,,no current section matches its title and element type
T8-020,8,Component not rendering on any page,Maintenance,Data hygiene,component,https://county_template.devmny.org/the_local_environment/people_and_communities,the_local_environment/people_and_communities,Local Context,2257909,lexical,"Nothing renders component 2257909: it is in neither the published nor the draft section list of any page (superseded publish snapshot -- it sits in a block of 31 consecutively abandoned rows, the size of the page's own 32-section list, so the whole set was replaced by a later publish). The section itself is most likely still on the_local_environment/people_and_communities under a new row id, but it could not be pinned down (no current section matches its title and element type).","Re-check the ""No requirement tag"" finding against the_local_environment/people_and_communities directly -- this row id is stale, but the finding may well still be open on the row that replaced it. Then delete 2257909 in a sweep of unreferenced component rows.",,Open,,,"Was T5-013, type 5 (No requirement tag).",Not Applicable,1468292,Overview,Local Context,"LHMP_IA component ""Local Context"" (Overview / Rich Text) [realigned (component re-created since QA)]",High,Not rendering,"superseded publish snapshot -- it sits in a block of 31 consecutively abandoned rows, the size of the page's own 32-section list, so the whole set was replaced by a later publish",5,No requirement tag,,no current section matches its title and element type
T8-021,8,Component not rendering on any page,Maintenance,Data hygiene,component,https://county_template.devmny.org/the_local_environment/people_and_communities,the_local_environment/people_and_communities,Demographic Statistics,2257910,Card on src 1482,"Nothing renders component 2257910: it is in neither the published nor the draft section list of the_local_environment/people_and_communities (superseded publish snapshot -- it sits in a block of 31 consecutively abandoned rows, the size of the page's own 32-section list, so the whole set was replaced by a later publish). The authored section is still on the page as component 2407429 (published), so the original ""No requirement tag"" finding has moved there.","Nothing to edit on this row. Re-check the ""No requirement tag"" finding against component 2407429, which is the row the page actually renders, then delete 2257910 in a sweep of unreferenced component rows.",,Open,,,"Was T5-014, type 5 (No requirement tag).",Not Applicable,1468291,Overview,Demographic Statistics,"LHMP_IA component ""Demographic Statistics"" (Overview / Card) [realigned (component re-created since QA)]",High,Not rendering,"superseded publish snapshot -- it sits in a block of 31 consecutively abandoned rows, the size of the page's own 32-section list, so the whole set was replaced by a later publish",5,No requirement tag,2407429,published - unique title + element type on the page
T8-022,8,Component not rendering on any page,Maintenance,Data hygiene,component,https://county_template.devmny.org/the_local_environment/people_and_communities,the_local_environment/people_and_communities,Population,2257911,lexical,"Nothing renders component 2257911: it is in neither the published nor the draft section list of the_local_environment/people_and_communities (superseded publish snapshot -- it sits in a block of 31 consecutively abandoned rows, the size of the page's own 32-section list, so the whole set was replaced by a later publish). The authored section is still on the page as component 2407430 (published), so the original ""No requirement tag"" finding has moved there.","Nothing to edit on this row. Re-check the ""No requirement tag"" finding against component 2407430, which is the row the page actually renders, then delete 2257911 in a sweep of unreferenced component rows.",,Open,,,"Was T5-015, type 5 (No requirement tag).",B2-a,1468296,Population,Population,"LHMP_IA component ""Population"" (Population / Rich Text) [realigned (component re-created since QA)]",High,Not rendering,"superseded publish snapshot -- it sits in a block of 31 consecutively abandoned rows, the size of the page's own 32-section list, so the whole set was replaced by a later publish",5,No requirement tag,2407430,published - unique title + element type on the page
T8-023,8,Component not rendering on any page,Maintenance,Data hygiene,component,https://county_template.devmny.org/the_local_environment/people_and_communities,the_local_environment/people_and_communities,(untitled lexical),2257913,lexical,"Nothing renders component 2257913: it is in neither the published nor the draft section list of any page (superseded publish snapshot -- it sits in a block of 31 consecutively abandoned rows, the size of the page's own 32-section list, so the whole set was replaced by a later publish). The section itself is most likely still on the_local_environment/people_and_communities under a new row id, but it could not be pinned down (no current section matches its title and element type).","Re-check the ""No requirement tag"" finding against the_local_environment/people_and_communities directly -- this row id is stale, but the finding may well still be open on the row that replaced it. Then delete 2257913 in a sweep of unreferenced component rows.",,Open,,,"Was T5-016, type 5 (No requirement tag).",B2-a,1468297,Population,Populations at Highest Risk,"inherited from LHMP_IA component ""Populations at Highest Risk"" (Population / Card) [realigned (component re-created since QA)]",Medium,Not rendering,"superseded publish snapshot -- it sits in a block of 31 consecutively abandoned rows, the size of the page's own 32-section list, so the whole set was replaced by a later publish",5,No requirement tag,,no current section matches its title and element type
T8-024,8,Component not rendering on any page,Maintenance,Data hygiene,component,https://county_template.devmny.org/the_local_environment/people_and_communities,the_local_environment/people_and_communities,(untitled lexical),2257915,lexical,"Nothing renders component 2257915: it is in neither the published nor the draft section list of any page (superseded publish snapshot -- it sits in a block of 31 consecutively abandoned rows, the size of the page's own 32-section list, so the whole set was replaced by a later publish). The section itself is most likely still on the_local_environment/people_and_communities under a new row id, but it could not be pinned down (no current section matches its title and element type).","Re-check the ""No requirement tag"" finding against the_local_environment/people_and_communities directly -- this row id is stale, but the finding may well still be open on the row that replaced it. Then delete 2257915 in a sweep of unreferenced component rows.",,Open,,,"Was T5-017, type 5 (No requirement tag).",B2-a,1468298,Population,Local Populations at Highest Risk,"inherited from LHMP_IA component ""Local Populations at Highest Risk"" (Population / Rich Text) [realigned (component re-created since QA)]",Medium,Not rendering,"superseded publish snapshot -- it sits in a block of 31 consecutively abandoned rows, the size of the page's own 32-section list, so the whole set was replaced by a later publish",5,No requirement tag,,no current section matches its title and element type
T8-025,8,Component not rendering on any page,Maintenance,Data hygiene,component,https://county_template.devmny.org/the_local_environment/people_and_communities,the_local_environment/people_and_communities,(untitled lexical),2257921,lexical,"Nothing renders component 2257921: it is in neither the published nor the draft section list of any page (superseded publish snapshot -- it sits in a block of 31 consecutively abandoned rows, the size of the page's own 32-section list, so the whole set was replaced by a later publish). The section itself is most likely still on the_local_environment/people_and_communities under a new row id, but it could not be pinned down (no current section matches its title and element type).","Re-check the ""No requirement tag"" finding against the_local_environment/people_and_communities directly -- this row id is stale, but the finding may well still be open on the row that replaced it. Then delete 2257921 in a sweep of unreferenced component rows.",,Open,,,"Was T5-018, type 5 (No requirement tag).",B2-a,1468302,Population,Population Change and Hazard Risk,"inherited from LHMP_IA component ""Population Change and Hazard Risk"" (Population / Card) [realigned (component re-created since QA)]",Medium,Not rendering,"superseded publish snapshot -- it sits in a block of 31 consecutively abandoned rows, the size of the page's own 32-section list, so the whole set was replaced by a later publish",5,No requirement tag,,no current section matches its title and element type
T8-026,8,Component not rendering on any page,Maintenance,Data hygiene,component,https://county_template.devmny.org/the_local_environment/people_and_communities,the_local_environment/people_and_communities,Economic and Development Trends,2257922,Card on LHMP_IA,"Nothing renders component 2257922: it is in neither the published nor the draft section list of the_local_environment/people_and_communities (superseded publish snapshot -- it sits in a block of 31 consecutively abandoned rows, the size of the page's own 32-section list, so the whole set was replaced by a later publish). The authored section is still on the page as component 2407441 (published), so the original ""No requirement tag"" finding has moved there.","Nothing to edit on this row. Re-check the ""No requirement tag"" finding against component 2407441, which is the row the page actually renders, then delete 2257922 in a sweep of unreferenced component rows.",,Open,,,"Was T5-019, type 5 (No requirement tag).",,1686435,Economy and Development Trends,Economic and Development Trends,"LHMP_IA component ""Economic and Development Trends"" (Economy and Development Trends / Card) [realigned (component re-created since QA)]",,Not rendering,"superseded publish snapshot -- it sits in a block of 31 consecutively abandoned rows, the size of the page's own 32-section list, so the whole set was replaced by a later publish",5,No requirement tag,2407441,published - unique title + element type on the page
T8-027,8,Component not rendering on any page,Maintenance,Data hygiene,component,https://county_template.devmny.org/the_local_environment/people_and_communities,the_local_environment/people_and_communities,(untitled lexical),2257925,lexical,"Nothing renders component 2257925: it is in neither the published nor the draft section list of any page (superseded publish snapshot -- it sits in a block of 31 consecutively abandoned rows, the size of the page's own 32-section list, so the whole set was replaced by a later publish). The section itself is most likely still on the_local_environment/people_and_communities under a new row id, but it could not be pinned down (no current section matches its title and element type).","Re-check the ""No requirement tag"" finding against the_local_environment/people_and_communities directly -- this row id is stale, but the finding may well still be open on the row that replaced it. Then delete 2257925 in a sweep of unreferenced component rows.",,Open,,,"Was T5-020, type 5 (No requirement tag).",B2-a,1468254,Population,Population Change,"inherited from LHMP_IA component ""Population Change"" (Population / Rich Text) [realigned (component re-created since QA)]",Medium,Not rendering,"superseded publish snapshot -- it sits in a block of 31 consecutively abandoned rows, the size of the page's own 32-section list, so the whole set was replaced by a later publish",5,No requirement tag,,no current section matches its title and element type
T8-028,8,Component not rendering on any page,Maintenance,Data hygiene,component,https://county_template.devmny.org/the_local_environment/people_and_communities,the_local_environment/people_and_communities,(untitled lexical),2257927,lexical,"Nothing renders component 2257927: it is in neither the published nor the draft section list of any page (superseded publish snapshot -- it sits in a block of 31 consecutively abandoned rows, the size of the page's own 32-section list, so the whole set was replaced by a later publish). The section itself is most likely still on the_local_environment/people_and_communities under a new row id, but it could not be pinned down (no current section matches its title and element type).","Re-check the ""No requirement tag"" finding against the_local_environment/people_and_communities directly -- this row id is stale, but the finding may well still be open on the row that replaced it. Then delete 2257927 in a sweep of unreferenced component rows.",,Open,,,"Was T5-021, type 5 (No requirement tag).",B2-a,1468256,Economy and Development Trends,Local Context,"inherited from LHMP_IA component ""Local Context"" (Economy and Development Trends / Rich Text) [realigned (component re-created since QA)]",Medium,Not rendering,"superseded publish snapshot -- it sits in a block of 31 consecutively abandoned rows, the size of the page's own 32-section list, so the whole set was replaced by a later publish",5,No requirement tag,,no current section matches its title and element type
T8-029,8,Component not rendering on any page,Maintenance,Data hygiene,component,https://county_template.devmny.org/the_local_environment/people_and_communities,the_local_environment/people_and_communities,(untitled lexical),2257930,lexical,"Nothing renders component 2257930: it is in neither the published nor the draft section list of any page (superseded publish snapshot -- it sits in a block of 31 consecutively abandoned rows, the size of the page's own 32-section list, so the whole set was replaced by a later publish). The section itself is most likely still on the_local_environment/people_and_communities under a new row id, but it could not be pinned down (no current section matches its title and element type).","Re-check the ""No requirement tag"" finding against the_local_environment/people_and_communities directly -- this row id is stale, but the finding may well still be open on the row that replaced it. Then delete 2257930 in a sweep of unreferenced component rows.",,Open,,,"Was T5-022, type 5 (No requirement tag).",B2-a,1468257,Governance Structure,Jurisdictions Map,"inherited from LHMP_IA component ""Jurisdictions Map"" (Governance Structure / Map) [realigned (component re-created since QA)]",Medium,Not rendering,"superseded publish snapshot -- it sits in a block of 31 consecutively abandoned rows, the size of the page's own 32-section list, so the whole set was replaced by a later publish",5,No requirement tag,,no current section matches its title and element type
T8-030,8,Component not rendering on any page,Maintenance,Data hygiene,component,https://county_template.devmny.org/the_local_environment/people_and_communities,the_local_environment/people_and_communities,Neighboring Communities,2257933,Card on LHMP_IA,"Nothing renders component 2257933: it is in neither the published nor the draft section list of the_local_environment/people_and_communities (superseded publish snapshot -- it sits in a block of 31 consecutively abandoned rows, the size of the page's own 32-section list, so the whole set was replaced by a later publish). The authored section is still on the page as component 2407452 (published), so the original ""Section returns no rows"" finding has moved there.","Nothing to edit on this row. Re-check the ""Section returns no rows"" finding against component 2407452, which is the row the page actually renders, then delete 2257933 in a sweep of unreferenced component rows.",LHMP_IA|1441681,Open,,,"Was T3-001, type 3 (Section returns no rows).",,,,,,,Not rendering,"superseded publish snapshot -- it sits in a block of 31 consecutively abandoned rows, the size of the page's own 32-section list, so the whole set was replaced by a later publish",3,Section returns no rows,2407452,published - unique title + element type on the page
T8-031,8,Component not rendering on any page,Maintenance,Data hygiene,component,https://county_template.devmny.org/the_local_environment/people_and_communities,the_local_environment/people_and_communities,Neighboring Communities,2257933,Card on LHMP_IA,"Nothing renders component 2257933: it is in neither the published nor the draft section list of the_local_environment/people_and_communities (superseded publish snapshot -- it sits in a block of 31 consecutively abandoned rows, the size of the page's own 32-section list, so the whole set was replaced by a later publish). The authored section is still on the page as component 2407452 (published), so the original ""No requirement tag"" finding has moved there.","Nothing to edit on this row. Re-check the ""No requirement tag"" finding against component 2407452, which is the row the page actually renders, then delete 2257933 in a sweep of unreferenced component rows.",,Open,,,"Was T5-023, type 5 (No requirement tag).",,1686436,Governance Structure,Neighboring Communities,"LHMP_IA component ""Neighboring Communities"" (Governance Structure / Card) [realigned (component re-created since QA)]",,Not rendering,"superseded publish snapshot -- it sits in a block of 31 consecutively abandoned rows, the size of the page's own 32-section list, so the whole set was replaced by a later publish",5,No requirement tag,2407452,published - unique title + element type on the page
T8-032,8,Component not rendering on any page,Maintenance,Data hygiene,component,https://county_template.devmny.org/the_local_environment/people_and_communities,the_local_environment/people_and_communities,(untitled lexical),2257934,lexical,"Nothing renders component 2257934: it is in neither the published nor the draft section list of any page (superseded publish snapshot -- it sits in a block of 31 consecutively abandoned rows, the size of the page's own 32-section list, so the whole set was replaced by a later publish). The section itself is most likely still on the_local_environment/people_and_communities under a new row id, but it could not be pinned down (no current section matches its title and element type).","Re-check the ""No requirement tag"" finding against the_local_environment/people_and_communities directly -- this row id is stale, but the finding may well still be open on the row that replaced it. Then delete 2257934 in a sweep of unreferenced component rows.",,Open,,,"Was T5-024, type 5 (No requirement tag).",,1686436,Governance Structure,Neighboring Communities,"inherited from LHMP_IA component ""Neighboring Communities"" (Governance Structure / Card) [realigned (component re-created since QA)]",,Not rendering,"superseded publish snapshot -- it sits in a block of 31 consecutively abandoned rows, the size of the page's own 32-section list, so the whole set was replaced by a later publish",5,No requirement tag,,no current section matches its title and element type
T8-033,8,Component not rendering on any page,Maintenance,Data hygiene,component,https://county_template.devmny.org/the_plan/jurisdictional_annexes/select_jurisdiction,the_plan/jurisdictional_annexes/select_jurisdiction,(untitled Header: MNY Data),2379051,Header: MNY Data on Jurisdictions,"Nothing renders component 2379051: it is in neither the published nor the draft section list of the_plan/jurisdictional_annexes/select_jurisdiction (superseded publish snapshot -- it sits in a block of 87 consecutively abandoned rows, the size of the page's own 92-section list, so the whole set was replaced by a later publish). The authored section is still on the page as component 2407719 (published), so the original ""Section returns no rows"" finding has moved there.","Nothing to edit on this row. Re-check the ""Section returns no rows"" finding against component 2407719, which is the row the page actually renders, then delete 2379051 in a sweep of unreferenced component rows.",Jurisdictions|undefined,Open,,,"Was T3-006, type 3 (Section returns no rows).",,,,,,,Not rendering,"superseded publish snapshot -- it sits in a block of 87 consecutively abandoned rows, the size of the page's own 92-section list, so the whole set was replaced by a later publish",3,Section returns no rows,2407719,published - unique title + element type on the page
T8-034,8,Component not rendering on any page,Maintenance,Data hygiene,component,https://county_template.devmny.org/the_plan/jurisdictional_annexes/select_jurisdiction,the_plan/jurisdictional_annexes/select_jurisdiction,(untitled Header: MNY Data),2379051,Header: MNY Data on Jurisdictions,"Nothing renders component 2379051: it is in neither the published nor the draft section list of the_plan/jurisdictional_annexes/select_jurisdiction (superseded publish snapshot -- it sits in a block of 87 consecutively abandoned rows, the size of the page's own 92-section list, so the whole set was replaced by a later publish). The authored section is still on the page as component 2407719 (published), so the original ""Out-of-date metadata"" finding has moved there.","Nothing to edit on this row. Re-check the ""Out-of-date metadata"" finding against component 2407719, which is the row the page actually renders, then delete 2379051 in a sweep of unreferenced component rows.",Jurisdictions :: geoid,Open,,,"Was T4-090, type 4 (Out-of-date metadata).",,,,,,,Not rendering,"superseded publish snapshot -- it sits in a block of 87 consecutively abandoned rows, the size of the page's own 92-section list, so the whole set was replaced by a later publish",4,Out-of-date metadata,2407719,published - unique title + element type on the page
T8-035,8,Component not rendering on any page,Maintenance,Data hygiene,component,https://county_template.devmny.org/the_plan/jurisdictional_annexes/select_jurisdiction,the_plan/jurisdictional_annexes/select_jurisdiction,(untitled lexical),2379052,lexical,"Nothing renders component 2379052: it is in neither the published nor the draft section list of any page (superseded publish snapshot -- it sits in a block of 87 consecutively abandoned rows, the size of the page's own 92-section list, so the whole set was replaced by a later publish). The section itself is most likely still on the_plan/jurisdictional_annexes/select_jurisdiction under a new row id, but it could not be pinned down (no current section matches its title and element type).","Re-check the ""No requirement tag"" finding against the_plan/jurisdictional_annexes/select_jurisdiction directly -- this row id is stale, but the finding may well still be open on the row that replaced it. Then delete 2379052 in a sweep of unreferenced component rows.",,Open,,,"Was T5-268, type 5 (No requirement tag).",H2,1468608,Executive Summary,Executive Summary,"LHMP_IA section ""Executive Summary"" (first section on the page) [realigned (component re-created since QA)]",Medium,Not rendering,"superseded publish snapshot -- it sits in a block of 87 consecutively abandoned rows, the size of the page's own 92-section list, so the whole set was replaced by a later publish",5,No requirement tag,,no current section matches its title and element type
T8-036,8,Component not rendering on any page,Maintenance,Data hygiene,component,https://county_template.devmny.org/the_plan/jurisdictional_annexes/select_jurisdiction,the_plan/jurisdictional_annexes/select_jurisdiction,(untitled lexical),2379053,lexical,"Nothing renders component 2379053: it is in neither the published nor the draft section list of any page (superseded publish snapshot -- it sits in a block of 87 consecutively abandoned rows, the size of the page's own 92-section list, so the whole set was replaced by a later publish). The section itself is most likely still on the_plan/jurisdictional_annexes/select_jurisdiction under a new row id, but it could not be pinned down (no current section matches its title and element type).","Re-check the ""No requirement tag"" finding against the_plan/jurisdictional_annexes/select_jurisdiction directly -- this row id is stale, but the finding may well still be open on the row that replaced it. Then delete 2379053 in a sweep of unreferenced component rows.",,Open,,,"Was T5-269, type 5 (No requirement tag).",H2,1468608,Executive Summary,Executive Summary,"LHMP_IA section ""Executive Summary"" (first section on the page) [realigned (component re-created since QA)]",Medium,Not rendering,"superseded publish snapshot -- it sits in a block of 87 consecutively abandoned rows, the size of the page's own 92-section list, so the whole set was replaced by a later publish",5,No requirement tag,,no current section matches its title and element type
T8-037,8,Component not rendering on any page,Maintenance,Data hygiene,component,https://county_template.devmny.org/the_plan/jurisdictional_annexes/select_jurisdiction,the_plan/jurisdictional_annexes/select_jurisdiction,(untitled Card),2379055,Card,"Nothing renders component 2379055: it is in neither the published nor the draft section list of any page (superseded publish snapshot -- it sits in a block of 87 consecutively abandoned rows, the size of the page's own 92-section list, so the whole set was replaced by a later publish). The section itself is most likely still on the_plan/jurisdictional_annexes/select_jurisdiction under a new row id, but it could not be pinned down (no current section matches its title and element type).","Re-check the ""No requirement tag"" finding against the_plan/jurisdictional_annexes/select_jurisdiction directly -- this row id is stale, but the finding may well still be open on the row that replaced it. Then delete 2379055 in a sweep of unreferenced component rows.",,Open,,,"Was T5-270, type 5 (No requirement tag).",H2,1468608,Executive Summary,Executive Summary,"LHMP_IA section ""Executive Summary"" (first section on the page) [realigned (component re-created since QA)]",Medium,Not rendering,"superseded publish snapshot -- it sits in a block of 87 consecutively abandoned rows, the size of the page's own 92-section list, so the whole set was replaced by a later publish",5,No requirement tag,,no current section matches its title and element type
T8-038,8,Component not rendering on any page,Maintenance,Data hygiene,component,https://county_template.devmny.org/the_plan/jurisdictional_annexes/select_jurisdiction,the_plan/jurisdictional_annexes/select_jurisdiction,(untitled Card),2379059,Card on Jurisdictions,"Nothing renders component 2379059: it is in neither the published nor the draft section list of any page (superseded publish snapshot -- it sits in a block of 87 consecutively abandoned rows, the size of the page's own 92-section list, so the whole set was replaced by a later publish). The section itself is most likely still on the_plan/jurisdictional_annexes/select_jurisdiction under a new row id, but it could not be pinned down (no current section matches its title and element type).","Re-check the ""No requirement tag"" finding against the_plan/jurisdictional_annexes/select_jurisdiction directly -- this row id is stale, but the finding may well still be open on the row that replaced it. Then delete 2379059 in a sweep of unreferenced component rows.",,Open,,,"Was T5-271, type 5 (No requirement tag).",A1-b,1468609,Executive Summary,Hazard Mitigation Representatives,"inherited from LHMP_IA component ""Hazard Mitigation Representatives"" (Executive Summary / Card) [realigned (component re-created since QA)]",Medium,Not rendering,"superseded publish snapshot -- it sits in a block of 87 consecutively abandoned rows, the size of the page's own 92-section list, so the whole set was replaced by a later publish",5,No requirement tag,,no current section matches its title and element type
T8-039,8,Component not rendering on any page,Maintenance,Data hygiene,component,https://county_template.devmny.org/the_plan/jurisdictional_annexes/select_jurisdiction,the_plan/jurisdictional_annexes/select_jurisdiction,(untitled lexical),2379060,lexical,"Nothing renders component 2379060: it is in neither the published nor the draft section list of any page (superseded publish snapshot -- it sits in a block of 87 consecutively abandoned rows, the size of the page's own 92-section list, so the whole set was replaced by a later publish). The section itself is most likely still on the_plan/jurisdictional_annexes/select_jurisdiction under a new row id, but it could not be pinned down (no current section matches its title and element type).","Re-check the ""No requirement tag"" finding against the_plan/jurisdictional_annexes/select_jurisdiction directly -- this row id is stale, but the finding may well still be open on the row that replaced it. Then delete 2379060 in a sweep of unreferenced component rows.",,Open,,,"Was T5-272, type 5 (No requirement tag).",A1-b,1468609,Executive Summary,Hazard Mitigation Representatives,"inherited from LHMP_IA component ""Hazard Mitigation Representatives"" (Executive Summary / Card) [realigned (component re-created since QA)]",Medium,Not rendering,"superseded publish snapshot -- it sits in a block of 87 consecutively abandoned rows, the size of the page's own 92-section list, so the whole set was replaced by a later publish",5,No requirement tag,,no current section matches its title and element type
T8-040,8,Component not rendering on any page,Maintenance,Data hygiene,component,https://county_template.devmny.org/the_plan/jurisdictional_annexes/select_jurisdiction,the_plan/jurisdictional_annexes/select_jurisdiction,Planning Process,2379061,Card on Jurisdictions,"Nothing renders component 2379061: it is in neither the published nor the draft section list of the_plan/jurisdictional_annexes/select_jurisdiction (superseded publish snapshot -- it sits in a block of 87 consecutively abandoned rows, the size of the page's own 92-section list, so the whole set was replaced by a later publish). The authored section is still on the page as component 2407762 (published), so the original ""Out-of-date metadata"" finding has moved there.","Nothing to edit on this row. Re-check the ""Out-of-date metadata"" finding against component 2407762, which is the row the page actually renders, then delete 2379061 in a sweep of unreferenced component rows.",Jurisdictions :: geoid,Open,,,"Was T4-091, type 4 (Out-of-date metadata).",,,,,,,Not rendering,"superseded publish snapshot -- it sits in a block of 87 consecutively abandoned rows, the size of the page's own 92-section list, so the whole set was replaced by a later publish",4,Out-of-date metadata,2407762,published - unique title + element type on the page
T8-041,8,Component not rendering on any page,Maintenance,Data hygiene,component,https://county_template.devmny.org/the_plan/jurisdictional_annexes/select_jurisdiction,the_plan/jurisdictional_annexes/select_jurisdiction,(untitled Card),2379063,Card on Jurisdictions,"Nothing renders component 2379063: it is in neither the published nor the draft section list of any page (superseded publish snapshot -- it sits in a block of 87 consecutively abandoned rows, the size of the page's own 92-section list, so the whole set was replaced by a later publish). The section itself is most likely still on the_plan/jurisdictional_annexes/select_jurisdiction under a new row id, but it could not be pinned down (no current section matches its title and element type).","Re-check the ""No requirement tag"" finding against the_plan/jurisdictional_annexes/select_jurisdiction directly -- this row id is stale, but the finding may well still be open on the row that replaced it. Then delete 2379063 in a sweep of unreferenced component rows.",,Open,,,"Was T5-273, type 5 (No requirement tag).",A1-a,1515527,Planning Process,Planning Process,"inherited from LHMP_IA component ""Planning Process"" (Planning Process / Card) [realigned (component re-created since QA)]",Medium,Not rendering,"superseded publish snapshot -- it sits in a block of 87 consecutively abandoned rows, the size of the page's own 92-section list, so the whole set was replaced by a later publish",5,No requirement tag,,no current section matches its title and element type
T8-042,8,Component not rendering on any page,Maintenance,Data hygiene,component,https://county_template.devmny.org/the_plan/jurisdictional_annexes/select_jurisdiction,the_plan/jurisdictional_annexes/select_jurisdiction,(untitled lexical),2379064,lexical,"Nothing renders component 2379064: it is in neither the published nor the draft section list of any page (superseded publish snapshot -- it sits in a block of 87 consecutively abandoned rows, the size of the page's own 92-section list, so the whole set was replaced by a later publish). The section itself is most likely still on the_plan/jurisdictional_annexes/select_jurisdiction under a new row id, but it could not be pinned down (no current section matches its title and element type).","Re-check the ""No requirement tag"" finding against the_plan/jurisdictional_annexes/select_jurisdiction directly -- this row id is stale, but the finding may well still be open on the row that replaced it. Then delete 2379064 in a sweep of unreferenced component rows.",,Open,,,"Was T5-274, type 5 (No requirement tag).",A1-a,1515527,Planning Process,Planning Process,"inherited from LHMP_IA component ""Planning Process"" (Planning Process / Card) [realigned (component re-created since QA)]",Medium,Not rendering,"superseded publish snapshot -- it sits in a block of 87 consecutively abandoned rows, the size of the page's own 92-section list, so the whole set was replaced by a later publish",5,No requirement tag,,no current section matches its title and element type
T8-043,8,Component not rendering on any page,Maintenance,Data hygiene,component,https://county_template.devmny.org/the_plan/jurisdictional_annexes/select_jurisdiction,the_plan/jurisdictional_annexes/select_jurisdiction,Jurisdictional Profile,2379065,Card on Jurisdictions,"Nothing renders component 2379065: it is in neither the published nor the draft section list of the_plan/jurisdictional_annexes/select_jurisdiction (superseded publish snapshot -- it sits in a block of 87 consecutively abandoned rows, the size of the page's own 92-section list, so the whole set was replaced by a later publish). The authored section is still on the page as component 2407770 (published), so the original ""Out-of-date metadata"" finding has moved there.","Nothing to edit on this row. Re-check the ""Out-of-date metadata"" finding against component 2407770, which is the row the page actually renders, then delete 2379065 in a sweep of unreferenced component rows.",Jurisdictions :: geoid,Open,,,"Was T4-092, type 4 (Out-of-date metadata).",,,,,,,Not rendering,"superseded publish snapshot -- it sits in a block of 87 consecutively abandoned rows, the size of the page's own 92-section list, so the whole set was replaced by a later publish",4,Out-of-date metadata,2407770,published - unique title + element type on the page
T8-044,8,Component not rendering on any page,Maintenance,Data hygiene,component,https://county_template.devmny.org/the_plan/jurisdictional_annexes/select_jurisdiction,the_plan/jurisdictional_annexes/select_jurisdiction,(untitled lexical),2379067,lexical,"Nothing renders component 2379067: it is in neither the published nor the draft section list of any page (superseded publish snapshot -- it sits in a block of 87 consecutively abandoned rows, the size of the page's own 92-section list, so the whole set was replaced by a later publish). The section itself is most likely still on the_plan/jurisdictional_annexes/select_jurisdiction under a new row id, but it could not be pinned down (no current section matches its title and element type).","Re-check the ""No requirement tag"" finding against the_plan/jurisdictional_annexes/select_jurisdiction directly -- this row id is stale, but the finding may well still be open on the row that replaced it. Then delete 2379067 in a sweep of unreferenced component rows.",,Open,,,"Was T5-275, type 5 (No requirement tag).",H2,1468612,[Municipality]'s Profile,Buildings,"inherited from LHMP_IA component ""Buildings"" ([Municipality]'s Profile / Card) [realigned (component re-created since QA)]",Medium,Not rendering,"superseded publish snapshot -- it sits in a block of 87 consecutively abandoned rows, the size of the page's own 92-section list, so the whole set was replaced by a later publish",5,No requirement tag,,no current section matches its title and element type
T8-045,8,Component not rendering on any page,Maintenance,Data hygiene,component,https://county_template.devmny.org/the_plan/jurisdictional_annexes/select_jurisdiction,the_plan/jurisdictional_annexes/select_jurisdiction,Local Context,2379068,Card on Jurisdictions,"Nothing renders component 2379068: it is in neither the published nor the draft section list of any page (superseded publish snapshot -- it sits in a block of 87 consecutively abandoned rows, the size of the page's own 92-section list, so the whole set was replaced by a later publish). The section itself is most likely still on the_plan/jurisdictional_annexes/select_jurisdiction under a new row id, but it could not be pinned down (no current section matches its title and element type).","Re-check the ""Out-of-date metadata"" finding against the_plan/jurisdictional_annexes/select_jurisdiction directly -- this row id is stale, but the finding may well still be open on the row that replaced it. Then delete 2379068 in a sweep of unreferenced component rows.",Jurisdictions :: geoid,Open,,,"Was T4-093, type 4 (Out-of-date metadata).",,,,,,,Not rendering,"superseded publish snapshot -- it sits in a block of 87 consecutively abandoned rows, the size of the page's own 92-section list, so the whole set was replaced by a later publish",4,Out-of-date metadata,,no current section matches its title and element type
T8-046,8,Component not rendering on any page,Maintenance,Data hygiene,component,https://county_template.devmny.org/the_plan/jurisdictional_annexes/select_jurisdiction,the_plan/jurisdictional_annexes/select_jurisdiction,(untitled lexical),2379069,lexical,"Nothing renders component 2379069: it is in neither the published nor the draft section list of any page (superseded publish snapshot -- it sits in a block of 87 consecutively abandoned rows, the size of the page's own 92-section list, so the whole set was replaced by a later publish). The section itself is most likely still on the_plan/jurisdictional_annexes/select_jurisdiction under a new row id, but it could not be pinned down (no current section matches its title and element type).","Re-check the ""No requirement tag"" finding against the_plan/jurisdictional_annexes/select_jurisdiction directly -- this row id is stale, but the finding may well still be open on the row that replaced it. Then delete 2379069 in a sweep of unreferenced component rows.",,Open,,,"Was T5-276, type 5 (No requirement tag).",H2,1468613,[Municipality]'s Profile,Local Context,"inherited from LHMP_IA component ""Local Context"" ([Municipality]'s Profile / Card) [realigned (component re-created since QA)]",Medium,Not rendering,"superseded publish snapshot -- it sits in a block of 87 consecutively abandoned rows, the size of the page's own 92-section list, so the whole set was replaced by a later publish",5,No requirement tag,,no current section matches its title and element type
T8-047,8,Component not rendering on any page,Maintenance,Data hygiene,component,https://county_template.devmny.org/the_plan/jurisdictional_annexes/select_jurisdiction,the_plan/jurisdictional_annexes/select_jurisdiction,Critical Buildings,2379070,Card on Jurisdictions,"Nothing renders component 2379070: it is in neither the published nor the draft section list of the_plan/jurisdictional_annexes/select_jurisdiction (superseded publish snapshot -- it sits in a block of 87 consecutively abandoned rows, the size of the page's own 92-section list, so the whole set was replaced by a later publish). The authored section is still on the page as component 2407780 (published), so the original ""Out-of-date metadata"" finding has moved there.","Nothing to edit on this row. Re-check the ""Out-of-date metadata"" finding against component 2407780, which is the row the page actually renders, then delete 2379070 in a sweep of unreferenced component rows.",Jurisdictions :: geoid,Open,,,"Was T4-094, type 4 (Out-of-date metadata).",,,,,,,Not rendering,"superseded publish snapshot -- it sits in a block of 87 consecutively abandoned rows, the size of the page's own 92-section list, so the whole set was replaced by a later publish",4,Out-of-date metadata,2407780,published - unique title + element type on the page
T8-048,8,Component not rendering on any page,Maintenance,Data hygiene,component,https://county_template.devmny.org/the_plan/jurisdictional_annexes/select_jurisdiction,the_plan/jurisdictional_annexes/select_jurisdiction,(untitled lexical),2379073,lexical,"Nothing renders component 2379073: it is in neither the published nor the draft section list of any page (superseded publish snapshot -- it sits in a block of 87 consecutively abandoned rows, the size of the page's own 92-section list, so the whole set was replaced by a later publish). The section itself is most likely still on the_plan/jurisdictional_annexes/select_jurisdiction under a new row id, but it could not be pinned down (no current section matches its title and element type).","Re-check the ""No requirement tag"" finding against the_plan/jurisdictional_annexes/select_jurisdiction directly -- this row id is stale, but the finding may well still be open on the row that replaced it. Then delete 2379073 in a sweep of unreferenced component rows.",,Open,,,"Was T5-277, type 5 (No requirement tag).",H2,1468616,[Municipality]'s Profile,Critical Buildings Table,"inherited from LHMP_IA component ""Critical Buildings Table"" ([Municipality]'s Profile / Table) [realigned (component re-created since QA)]",Medium,Not rendering,"superseded publish snapshot -- it sits in a block of 87 consecutively abandoned rows, the size of the page's own 92-section list, so the whole set was replaced by a later publish",5,No requirement tag,,no current section matches its title and element type
T8-049,8,Component not rendering on any page,Maintenance,Data hygiene,component,https://county_template.devmny.org/the_plan/jurisdictional_annexes/select_jurisdiction,the_plan/jurisdictional_annexes/select_jurisdiction,Infrastructure,2379075,Card on LHMP_IA,"Nothing renders component 2379075: it is in neither the published nor the draft section list of the_plan/jurisdictional_annexes/select_jurisdiction (superseded publish snapshot -- it sits in a block of 87 consecutively abandoned rows, the size of the page's own 92-section list, so the whole set was replaced by a later publish). The authored section is still on the page as component 2407790 (published), so the original ""Section returns no rows"" finding has moved there.","Nothing to edit on this row. Re-check the ""Section returns no rows"" finding against component 2407790, which is the row the page actually renders, then delete 2379075 in a sweep of unreferenced component rows.",LHMP_IA|1441681,Open,,,"Was T3-003, type 3 (Section returns no rows).",,,,,,,Not rendering,"superseded publish snapshot -- it sits in a block of 87 consecutively abandoned rows, the size of the page's own 92-section list, so the whole set was replaced by a later publish",3,Section returns no rows,2407790,published - unique title + element type on the page
T8-050,8,Component not rendering on any page,Maintenance,Data hygiene,component,https://county_template.devmny.org/the_plan/jurisdictional_annexes/select_jurisdiction,the_plan/jurisdictional_annexes/select_jurisdiction,(untitled lexical),2379076,lexical,"Nothing renders component 2379076: it is in neither the published nor the draft section list of any page (superseded publish snapshot -- it sits in a block of 87 consecutively abandoned rows, the size of the page's own 92-section list, so the whole set was replaced by a later publish). The section itself is most likely still on the_plan/jurisdictional_annexes/select_jurisdiction under a new row id, but it could not be pinned down (no current section matches its title and element type).","Re-check the ""No requirement tag"" finding against the_plan/jurisdictional_annexes/select_jurisdiction directly -- this row id is stale, but the finding may well still be open on the row that replaced it. Then delete 2379076 in a sweep of unreferenced component rows.",,Open,,,"Was T5-278, type 5 (No requirement tag).",H2,1468618,[Municipality]'s Profile,Infrastructure,"inherited from LHMP_IA component ""Infrastructure"" ([Municipality]'s Profile / Card) [realigned (component re-created since QA)]",Medium,Not rendering,"superseded publish snapshot -- it sits in a block of 87 consecutively abandoned rows, the size of the page's own 92-section list, so the whole set was replaced by a later publish",5,No requirement tag,,no current section matches its title and element type
T8-051,8,Component not rendering on any page,Maintenance,Data hygiene,component,https://county_template.devmny.org/the_plan/jurisdictional_annexes/select_jurisdiction,the_plan/jurisdictional_annexes/select_jurisdiction,Critical Infrastructure,2379077,Card on Jurisdictions,"Nothing renders component 2379077: it is in neither the published nor the draft section list of the_plan/jurisdictional_annexes/select_jurisdiction (superseded publish snapshot -- it sits in a block of 87 consecutively abandoned rows, the size of the page's own 92-section list, so the whole set was replaced by a later publish). The authored section is still on the page as component 2407793 (published), so the original ""Out-of-date metadata"" finding has moved there.","Nothing to edit on this row. Re-check the ""Out-of-date metadata"" finding against component 2407793, which is the row the page actually renders, then delete 2379077 in a sweep of unreferenced component rows.",Jurisdictions :: geoid,Open,,,"Was T4-095, type 4 (Out-of-date metadata).",,,,,,,Not rendering,"superseded publish snapshot -- it sits in a block of 87 consecutively abandoned rows, the size of the page's own 92-section list, so the whole set was replaced by a later publish",4,Out-of-date metadata,2407793,published - unique title + element type on the page
T8-052,8,Component not rendering on any page,Maintenance,Data hygiene,component,https://county_template.devmny.org/the_plan/jurisdictional_annexes/select_jurisdiction,the_plan/jurisdictional_annexes/select_jurisdiction,(untitled lexical),2379078,lexical,"Nothing renders component 2379078: it is in neither the published nor the draft section list of any page (superseded publish snapshot -- it sits in a block of 87 consecutively abandoned rows, the size of the page's own 92-section list, so the whole set was replaced by a later publish). The section itself is most likely still on the_plan/jurisdictional_annexes/select_jurisdiction under a new row id, but it could not be pinned down (no current section matches its title and element type).","Re-check the ""No requirement tag"" finding against the_plan/jurisdictional_annexes/select_jurisdiction directly -- this row id is stale, but the finding may well still be open on the row that replaced it. Then delete 2379078 in a sweep of unreferenced component rows.",,Open,,,"Was T5-279, type 5 (No requirement tag).",H2,1468619,[Municipality]'s Profile,Critical Infrastructure,"inherited from LHMP_IA component ""Critical Infrastructure"" ([Municipality]'s Profile / Card) [realigned (component re-created since QA)]",Medium,Not rendering,"superseded publish snapshot -- it sits in a block of 87 consecutively abandoned rows, the size of the page's own 92-section list, so the whole set was replaced by a later publish",5,No requirement tag,,no current section matches its title and element type
T8-053,8,Component not rendering on any page,Maintenance,Data hygiene,component,https://county_template.devmny.org/the_plan/jurisdictional_annexes/select_jurisdiction,the_plan/jurisdictional_annexes/select_jurisdiction,Growth and Development Trends,2379079,Card on Jurisdictions,"Nothing renders component 2379079: it is in neither the published nor the draft section list of the_plan/jurisdictional_annexes/select_jurisdiction (superseded publish snapshot -- it sits in a block of 87 consecutively abandoned rows, the size of the page's own 92-section list, so the whole set was replaced by a later publish). The authored section is still on the page as component 2407796 (published), so the original ""Out-of-date metadata"" finding has moved there.","Nothing to edit on this row. Re-check the ""Out-of-date metadata"" finding against component 2407796, which is the row the page actually renders, then delete 2379079 in a sweep of unreferenced component rows.",Jurisdictions :: geoid,Open,,,"Was T4-096, type 4 (Out-of-date metadata).",,,,,,,Not rendering,"superseded publish snapshot -- it sits in a block of 87 consecutively abandoned rows, the size of the page's own 92-section list, so the whole set was replaced by a later publish",4,Out-of-date metadata,2407796,published - unique title + element type on the page
T8-054,8,Component not rendering on any page,Maintenance,Data hygiene,component,https://county_template.devmny.org/the_plan/jurisdictional_annexes/select_jurisdiction,the_plan/jurisdictional_annexes/select_jurisdiction,(untitled lexical),2379080,lexical,"Nothing renders component 2379080: it is in neither the published nor the draft section list of any page (superseded publish snapshot -- it sits in a block of 87 consecutively abandoned rows, the size of the page's own 92-section list, so the whole set was replaced by a later publish). The section itself is most likely still on the_plan/jurisdictional_annexes/select_jurisdiction under a new row id, but it could not be pinned down (no current section matches its title and element type).","Re-check the ""No requirement tag"" finding against the_plan/jurisdictional_annexes/select_jurisdiction directly -- this row id is stale, but the finding may well still be open on the row that replaced it. Then delete 2379080 in a sweep of unreferenced component rows.",,Open,,,"Was T5-280, type 5 (No requirement tag).",,1518082,[Municipality]'s Profile,Growth and Development Trends,"inherited from LHMP_IA component ""Growth and Development Trends"" ([Municipality]'s Profile / Card) [realigned (component re-created since QA)]",,Not rendering,"superseded publish snapshot -- it sits in a block of 87 consecutively abandoned rows, the size of the page's own 92-section list, so the whole set was replaced by a later publish",5,No requirement tag,,no current section matches its title and element type
T8-055,8,Component not rendering on any page,Maintenance,Data hygiene,component,https://county_template.devmny.org/the_plan/jurisdictional_annexes/select_jurisdiction,the_plan/jurisdictional_annexes/select_jurisdiction,Additional Context (Municipal),2379081,Card on Jurisdictions,"Nothing renders component 2379081: it is in neither the published nor the draft section list of the_plan/jurisdictional_annexes/select_jurisdiction (superseded publish snapshot -- it sits in a block of 87 consecutively abandoned rows, the size of the page's own 92-section list, so the whole set was replaced by a later publish). The authored section is still on the page as component 2407800 (published), so the original ""Out-of-date metadata"" finding has moved there.","Nothing to edit on this row. Re-check the ""Out-of-date metadata"" finding against component 2407800, which is the row the page actually renders, then delete 2379081 in a sweep of unreferenced component rows.",Jurisdictions :: geoid,Open,,,"Was T4-097, type 4 (Out-of-date metadata).",,,,,,,Not rendering,"superseded publish snapshot -- it sits in a block of 87 consecutively abandoned rows, the size of the page's own 92-section list, so the whole set was replaced by a later publish",4,Out-of-date metadata,2407800,published - unique title + element type on the page
T8-056,8,Component not rendering on any page,Maintenance,Data hygiene,component,https://county_template.devmny.org/the_plan/jurisdictional_annexes/select_jurisdiction,the_plan/jurisdictional_annexes/select_jurisdiction,(untitled lexical),2379082,lexical,"Nothing renders component 2379082: it is in neither the published nor the draft section list of any page (superseded publish snapshot -- it sits in a block of 87 consecutively abandoned rows, the size of the page's own 92-section list, so the whole set was replaced by a later publish). The section itself is most likely still on the_plan/jurisdictional_annexes/select_jurisdiction under a new row id, but it could not be pinned down (no current section matches its title and element type).","Re-check the ""No requirement tag"" finding against the_plan/jurisdictional_annexes/select_jurisdiction directly -- this row id is stale, but the finding may well still be open on the row that replaced it. Then delete 2379082 in a sweep of unreferenced component rows.",,Open,,,"Was T5-281, type 5 (No requirement tag).",H2,1515529,[Municipality]'s Profile,Additional Context (Municipal Profile),"inherited from LHMP_IA component ""Additional Context (Municipal Profile)"" ([Municipality]'s Profile / Card) [realigned (component re-created since QA)]",Medium,Not rendering,"superseded publish snapshot -- it sits in a block of 87 consecutively abandoned rows, the size of the page's own 92-section list, so the whole set was replaced by a later publish",5,No requirement tag,,no current section matches its title and element type
T8-057,8,Component not rendering on any page,Maintenance,Data hygiene,component,https://county_template.devmny.org/the_plan/jurisdictional_annexes/select_jurisdiction,the_plan/jurisdictional_annexes/select_jurisdiction,Risk,2379083,Card on Jurisdictions,"Nothing renders component 2379083: it is in neither the published nor the draft section list of the_plan/jurisdictional_annexes/select_jurisdiction (superseded publish snapshot -- it sits in a block of 87 consecutively abandoned rows, the size of the page's own 92-section list, so the whole set was replaced by a later publish). The authored section is still on the page as component 2407807 (published), so the original ""Out-of-date metadata"" finding has moved there.","Nothing to edit on this row. Re-check the ""Out-of-date metadata"" finding against component 2407807, which is the row the page actually renders, then delete 2379083 in a sweep of unreferenced component rows.",Jurisdictions :: geoid,Open,,,"Was T4-098, type 4 (Out-of-date metadata).",,,,,,,Not rendering,"superseded publish snapshot -- it sits in a block of 87 consecutively abandoned rows, the size of the page's own 92-section list, so the whole set was replaced by a later publish",4,Out-of-date metadata,2407807,published - unique title + element type on the page
T8-058,8,Component not rendering on any page,Maintenance,Data hygiene,component,https://county_template.devmny.org/the_plan/jurisdictional_annexes/select_jurisdiction,the_plan/jurisdictional_annexes/select_jurisdiction,(untitled Card),2379084,Card on Jurisdictions,"Nothing renders component 2379084: it is in neither the published nor the draft section list of any page (superseded publish snapshot -- it sits in a block of 87 consecutively abandoned rows, the size of the page's own 92-section list, so the whole set was replaced by a later publish). The section itself is most likely still on the_plan/jurisdictional_annexes/select_jurisdiction under a new row id, but it could not be pinned down (no current section matches its title and element type).","Re-check the ""No requirement tag"" finding against the_plan/jurisdictional_annexes/select_jurisdiction directly -- this row id is stale, but the finding may well still be open on the row that replaced it. Then delete 2379084 in a sweep of unreferenced component rows.",,Open,,,"Was T5-282, type 5 (No requirement tag).","H2, B1-a, B1-f, B2-a",1468620,Risk,Risk,"inherited from LHMP_IA component ""Risk"" (Risk / Card) [realigned (component re-created since QA)]",Medium,Not rendering,"superseded publish snapshot -- it sits in a block of 87 consecutively abandoned rows, the size of the page's own 92-section list, so the whole set was replaced by a later publish",5,No requirement tag,,no current section matches its title and element type
T8-059,8,Component not rendering on any page,Maintenance,Data hygiene,component,https://county_template.devmny.org/the_plan/jurisdictional_annexes/select_jurisdiction,the_plan/jurisdictional_annexes/select_jurisdiction,Hazards Excluded,2379087,Spreadsheet on Hazards_of_Concern,"Nothing renders component 2379087: it is in neither the published nor the draft section list of the_plan/jurisdictional_annexes/select_jurisdiction (superseded publish snapshot -- it sits in a block of 87 consecutively abandoned rows, the size of the page's own 92-section list, so the whole set was replaced by a later publish). The authored section is still on the page as component 2407818 (published), so the original ""Section returns no rows"" finding has moved there.","Nothing to edit on this row. Re-check the ""Section returns no rows"" finding against component 2407818, which is the row the page actually renders, then delete 2379087 in a sweep of unreferenced component rows.",Hazards_of_Concern|1473471,Open,,,"Was T3-013, type 3 (Section returns no rows).",,,,,,,Not rendering,"superseded publish snapshot -- it sits in a block of 87 consecutively abandoned rows, the size of the page's own 92-section list, so the whole set was replaced by a later publish",3,Section returns no rows,2407818,published - unique title + element type on the page
T8-060,8,Component not rendering on any page,Maintenance,Data hygiene,component,https://county_template.devmny.org/the_plan/jurisdictional_annexes/select_jurisdiction,the_plan/jurisdictional_annexes/select_jurisdiction,Hazards Excluded,2379087,Spreadsheet on Hazards_of_Concern,"Nothing renders component 2379087: it is in neither the published nor the draft section list of the_plan/jurisdictional_annexes/select_jurisdiction (superseded publish snapshot -- it sits in a block of 87 consecutively abandoned rows, the size of the page's own 92-section list, so the whole set was replaced by a later publish). The authored section is still on the page as component 2407818 (published), so the original ""Out-of-date metadata"" finding has moved there.","Nothing to edit on this row. Re-check the ""Out-of-date metadata"" finding against component 2407818, which is the row the page actually renders, then delete 2379087 in a sweep of unreferenced component rows.",Hazards_of_Concern :: hazard,Open,,,"Was T4-099, type 4 (Out-of-date metadata).",,,,,,,Not rendering,"superseded publish snapshot -- it sits in a block of 87 consecutively abandoned rows, the size of the page's own 92-section list, so the whole set was replaced by a later publish",4,Out-of-date metadata,2407818,published - unique title + element type on the page
T8-061,8,Component not rendering on any page,Maintenance,Data hygiene,component,https://county_template.devmny.org/the_plan/jurisdictional_annexes/select_jurisdiction,the_plan/jurisdictional_annexes/select_jurisdiction,Hazards Excluded,2379087,Spreadsheet on Hazards_of_Concern,"Nothing renders component 2379087: it is in neither the published nor the draft section list of the_plan/jurisdictional_annexes/select_jurisdiction (superseded publish snapshot -- it sits in a block of 87 consecutively abandoned rows, the size of the page's own 92-section list, so the whole set was replaced by a later publish). The authored section is still on the page as component 2407818 (published), so the original ""Out-of-date metadata"" finding has moved there.","Nothing to edit on this row. Re-check the ""Out-of-date metadata"" finding against component 2407818, which is the row the page actually renders, then delete 2379087 in a sweep of unreferenced component rows.",Hazards_of_Concern :: likelihood,Open,,,"Was T4-100, type 4 (Out-of-date metadata).",,,,,,,Not rendering,"superseded publish snapshot -- it sits in a block of 87 consecutively abandoned rows, the size of the page's own 92-section list, so the whole set was replaced by a later publish",4,Out-of-date metadata,2407818,published - unique title + element type on the page
T8-062,8,Component not rendering on any page,Maintenance,Data hygiene,component,https://county_template.devmny.org/the_plan/jurisdictional_annexes/select_jurisdiction,the_plan/jurisdictional_annexes/select_jurisdiction,Hazards Excluded,2379087,Spreadsheet on Hazards_of_Concern,"Nothing renders component 2379087: it is in neither the published nor the draft section list of the_plan/jurisdictional_annexes/select_jurisdiction (superseded publish snapshot -- it sits in a block of 87 consecutively abandoned rows, the size of the page's own 92-section list, so the whole set was replaced by a later publish). The authored section is still on the page as component 2407818 (published), so the original ""Out-of-date metadata"" finding has moved there.","Nothing to edit on this row. Re-check the ""Out-of-date metadata"" finding against component 2407818, which is the row the page actually renders, then delete 2379087 in a sweep of unreferenced component rows.",Hazards_of_Concern :: geoid_county,Open,,,"Was T4-101, type 4 (Out-of-date metadata).",,,,,,,Not rendering,"superseded publish snapshot -- it sits in a block of 87 consecutively abandoned rows, the size of the page's own 92-section list, so the whole set was replaced by a later publish",4,Out-of-date metadata,2407818,published - unique title + element type on the page
T8-063,8,Component not rendering on any page,Maintenance,Data hygiene,component,https://county_template.devmny.org/the_plan/jurisdictional_annexes/select_jurisdiction,the_plan/jurisdictional_annexes/select_jurisdiction,Hazards Excluded,2379087,Spreadsheet on Hazards_of_Concern,"Nothing renders component 2379087: it is in neither the published nor the draft section list of the_plan/jurisdictional_annexes/select_jurisdiction (superseded publish snapshot -- it sits in a block of 87 consecutively abandoned rows, the size of the page's own 92-section list, so the whole set was replaced by a later publish). The authored section is still on the page as component 2407818 (published), so the original ""Out-of-date metadata"" finding has moved there.","Nothing to edit on this row. Re-check the ""Out-of-date metadata"" finding against component 2407818, which is the row the page actually renders, then delete 2379087 in a sweep of unreferenced component rows.",Hazards_of_Concern :: geoid_juris,Open,,,"Was T4-102, type 4 (Out-of-date metadata).",,,,,,,Not rendering,"superseded publish snapshot -- it sits in a block of 87 consecutively abandoned rows, the size of the page's own 92-section list, so the whole set was replaced by a later publish",4,Out-of-date metadata,2407818,published - unique title + element type on the page
T8-064,8,Component not rendering on any page,Maintenance,Data hygiene,component,https://county_template.devmny.org/the_plan/jurisdictional_annexes/select_jurisdiction,the_plan/jurisdictional_annexes/select_jurisdiction,Hazards Excluded,2379087,Spreadsheet on Hazards_of_Concern,"Nothing renders component 2379087: it is in neither the published nor the draft section list of the_plan/jurisdictional_annexes/select_jurisdiction (superseded publish snapshot -- it sits in a block of 87 consecutively abandoned rows, the size of the page's own 92-section list, so the whole set was replaced by a later publish). The authored section is still on the page as component 2407818 (published), so the original ""Out-of-date metadata"" finding has moved there.","Nothing to edit on this row. Re-check the ""Out-of-date metadata"" finding against component 2407818, which is the row the page actually renders, then delete 2379087 in a sweep of unreferenced component rows.",Hazards_of_Concern :: buildings_vulnerability,Open,,,"Was T4-103, type 4 (Out-of-date metadata).",,,,,,,Not rendering,"superseded publish snapshot -- it sits in a block of 87 consecutively abandoned rows, the size of the page's own 92-section list, so the whole set was replaced by a later publish",4,Out-of-date metadata,2407818,published - unique title + element type on the page
T8-065,8,Component not rendering on any page,Maintenance,Data hygiene,component,https://county_template.devmny.org/the_plan/jurisdictional_annexes/select_jurisdiction,the_plan/jurisdictional_annexes/select_jurisdiction,Hazards Excluded,2379087,Spreadsheet on Hazards_of_Concern,"Nothing renders component 2379087: it is in neither the published nor the draft section list of the_plan/jurisdictional_annexes/select_jurisdiction (superseded publish snapshot -- it sits in a block of 87 consecutively abandoned rows, the size of the page's own 92-section list, so the whole set was replaced by a later publish). The authored section is still on the page as component 2407818 (published), so the original ""Out-of-date metadata"" finding has moved there.","Nothing to edit on this row. Re-check the ""Out-of-date metadata"" finding against component 2407818, which is the row the page actually renders, then delete 2379087 in a sweep of unreferenced component rows.",Hazards_of_Concern :: infrastructure_vulnerability,Open,,,"Was T4-104, type 4 (Out-of-date metadata).",,,,,,,Not rendering,"superseded publish snapshot -- it sits in a block of 87 consecutively abandoned rows, the size of the page's own 92-section list, so the whole set was replaced by a later publish",4,Out-of-date metadata,2407818,published - unique title + element type on the page
T8-066,8,Component not rendering on any page,Maintenance,Data hygiene,component,https://county_template.devmny.org/the_plan/jurisdictional_annexes/select_jurisdiction,the_plan/jurisdictional_annexes/select_jurisdiction,Hazards Excluded,2379087,Spreadsheet on Hazards_of_Concern,"Nothing renders component 2379087: it is in neither the published nor the draft section list of the_plan/jurisdictional_annexes/select_jurisdiction (superseded publish snapshot -- it sits in a block of 87 consecutively abandoned rows, the size of the page's own 92-section list, so the whole set was replaced by a later publish). The authored section is still on the page as component 2407818 (published), so the original ""Out-of-date metadata"" finding has moved there.","Nothing to edit on this row. Re-check the ""Out-of-date metadata"" finding against component 2407818, which is the row the page actually renders, then delete 2379087 in a sweep of unreferenced component rows.",Hazards_of_Concern :: population_vulnerability,Open,,,"Was T4-105, type 4 (Out-of-date metadata).",,,,,,,Not rendering,"superseded publish snapshot -- it sits in a block of 87 consecutively abandoned rows, the size of the page's own 92-section list, so the whole set was replaced by a later publish",4,Out-of-date metadata,2407818,published - unique title + element type on the page
T8-067,8,Component not rendering on any page,Maintenance,Data hygiene,component,https://county_template.devmny.org/the_plan/jurisdictional_annexes/select_jurisdiction,the_plan/jurisdictional_annexes/select_jurisdiction,Hazards Excluded,2379087,Spreadsheet on Hazards_of_Concern,"Nothing renders component 2379087: it is in neither the published nor the draft section list of the_plan/jurisdictional_annexes/select_jurisdiction (superseded publish snapshot -- it sits in a block of 87 consecutively abandoned rows, the size of the page's own 92-section list, so the whole set was replaced by a later publish). The authored section is still on the page as component 2407818 (published), so the original ""Out-of-date metadata"" finding has moved there.","Nothing to edit on this row. Re-check the ""Out-of-date metadata"" finding against component 2407818, which is the row the page actually renders, then delete 2379087 in a sweep of unreferenced component rows.",Hazards_of_Concern :: natural_env_vulnerability,Open,,,"Was T4-106, type 4 (Out-of-date metadata).",,,,,,,Not rendering,"superseded publish snapshot -- it sits in a block of 87 consecutively abandoned rows, the size of the page's own 92-section list, so the whole set was replaced by a later publish",4,Out-of-date metadata,2407818,published - unique title + element type on the page
T8-068,8,Component not rendering on any page,Maintenance,Data hygiene,component,https://county_template.devmny.org/the_plan/jurisdictional_annexes/select_jurisdiction,the_plan/jurisdictional_annexes/select_jurisdiction,Hazards Excluded,2379087,Spreadsheet on Hazards_of_Concern,"Nothing renders component 2379087: it is in neither the published nor the draft section list of the_plan/jurisdictional_annexes/select_jurisdiction (superseded publish snapshot -- it sits in a block of 87 consecutively abandoned rows, the size of the page's own 92-section list, so the whole set was replaced by a later publish). The authored section is still on the page as component 2407818 (published), so the original ""Out-of-date metadata"" finding has moved there.","Nothing to edit on this row. Re-check the ""Out-of-date metadata"" finding against component 2407818, which is the row the page actually renders, then delete 2379087 in a sweep of unreferenced component rows.",Hazards_of_Concern :: associated_capabilities,Open,,,"Was T4-107, type 4 (Out-of-date metadata).",,,,,,,Not rendering,"superseded publish snapshot -- it sits in a block of 87 consecutively abandoned rows, the size of the page's own 92-section list, so the whole set was replaced by a later publish",4,Out-of-date metadata,2407818,published - unique title + element type on the page
T8-069,8,Component not rendering on any page,Maintenance,Data hygiene,component,https://county_template.devmny.org/the_plan/jurisdictional_annexes/select_jurisdiction,the_plan/jurisdictional_annexes/select_jurisdiction,Hazards Excluded,2379087,Spreadsheet on Hazards_of_Concern,"Nothing renders component 2379087: it is in neither the published nor the draft section list of the_plan/jurisdictional_annexes/select_jurisdiction (superseded publish snapshot -- it sits in a block of 87 consecutively abandoned rows, the size of the page's own 92-section list, so the whole set was replaced by a later publish). The authored section is still on the page as component 2407818 (published), so the original ""Out-of-date metadata"" finding has moved there.","Nothing to edit on this row. Re-check the ""Out-of-date metadata"" finding against component 2407818, which is the row the page actually renders, then delete 2379087 in a sweep of unreferenced component rows.",Hazards_of_Concern :: hazard_of_concern,Open,,,"Was T4-108, type 4 (Out-of-date metadata).",,,,,,,Not rendering,"superseded publish snapshot -- it sits in a block of 87 consecutively abandoned rows, the size of the page's own 92-section list, so the whole set was replaced by a later publish",4,Out-of-date metadata,2407818,published - unique title + element type on the page
T8-070,8,Component not rendering on any page,Maintenance,Data hygiene,component,https://county_template.devmny.org/the_plan/jurisdictional_annexes/select_jurisdiction,the_plan/jurisdictional_annexes/select_jurisdiction,(untitled lexical),2379088,lexical,"Nothing renders component 2379088: it is in neither the published nor the draft section list of any page (superseded publish snapshot -- it sits in a block of 87 consecutively abandoned rows, the size of the page's own 92-section list, so the whole set was replaced by a later publish). The section itself is most likely still on the_plan/jurisdictional_annexes/select_jurisdiction under a new row id, but it could not be pinned down (no current section matches its title and element type).","Re-check the ""No requirement tag"" finding against the_plan/jurisdictional_annexes/select_jurisdiction directly -- this row id is stale, but the finding may well still be open on the row that replaced it. Then delete 2379088 in a sweep of unreferenced component rows.",,Open,,,"Was T5-283, type 5 (No requirement tag).","H2, B1-f, B2-a, C4-b",1515530,Risk,Hazards of Concern Table,"inherited from LHMP_IA component ""Hazards of Concern Table"" (Risk / Table) [realigned (component re-created since QA)]",Medium,Not rendering,"superseded publish snapshot -- it sits in a block of 87 consecutively abandoned rows, the size of the page's own 92-section list, so the whole set was replaced by a later publish",5,No requirement tag,,no current section matches its title and element type
T8-071,8,Component not rendering on any page,Maintenance,Data hygiene,component,https://county_template.devmny.org/the_plan/jurisdictional_annexes/select_jurisdiction,the_plan/jurisdictional_annexes/select_jurisdiction,Historic Occurances,2379089,Card on Jurisdictions,"Nothing renders component 2379089: it is in neither the published nor the draft section list of the_plan/jurisdictional_annexes/select_jurisdiction (superseded publish snapshot -- it sits in a block of 87 consecutively abandoned rows, the size of the page's own 92-section list, so the whole set was replaced by a later publish). The authored section is still on the page as component 2407821 (published), so the original ""Out-of-date metadata"" finding has moved there.","Nothing to edit on this row. Re-check the ""Out-of-date metadata"" finding against component 2407821, which is the row the page actually renders, then delete 2379089 in a sweep of unreferenced component rows.",Jurisdictions :: geoid,Open,,,"Was T4-109, type 4 (Out-of-date metadata).",,,,,,,Not rendering,"superseded publish snapshot -- it sits in a block of 87 consecutively abandoned rows, the size of the page's own 92-section list, so the whole set was replaced by a later publish",4,Out-of-date metadata,2407821,published - unique title + element type on the page
T8-072,8,Component not rendering on any page,Maintenance,Data hygiene,component,https://county_template.devmny.org/the_plan/jurisdictional_annexes/select_jurisdiction,the_plan/jurisdictional_annexes/select_jurisdiction,(untitled lexical),2379092,lexical,"Nothing renders component 2379092: it is in neither the published nor the draft section list of any page (superseded publish snapshot -- it sits in a block of 87 consecutively abandoned rows, the size of the page's own 92-section list, so the whole set was replaced by a later publish). The section itself is most likely still on the_plan/jurisdictional_annexes/select_jurisdiction under a new row id, but it could not be pinned down (no current section matches its title and element type).","Re-check the ""No requirement tag"" finding against the_plan/jurisdictional_annexes/select_jurisdiction directly -- this row id is stale, but the finding may well still be open on the row that replaced it. Then delete 2379092 in a sweep of unreferenced component rows.",,Open,,,"Was T5-284, type 5 (No requirement tag).","H2, B1-d",1468624,Risk,Disaster and Local Emergencies,"inherited from LHMP_IA component ""Disaster and Local Emergencies"" (Risk / Card) [realigned (component re-created since QA)]",Medium,Not rendering,"superseded publish snapshot -- it sits in a block of 87 consecutively abandoned rows, the size of the page's own 92-section list, so the whole set was replaced by a later publish",5,No requirement tag,,no current section matches its title and element type
T8-073,8,Component not rendering on any page,Maintenance,Data hygiene,component,https://county_template.devmny.org/the_plan/jurisdictional_annexes/select_jurisdiction,the_plan/jurisdictional_annexes/select_jurisdiction,Declared Disasters,2379093,Card on Jurisdictions,"Nothing renders component 2379093: it is in neither the published nor the draft section list of the_plan/jurisdictional_annexes/select_jurisdiction (superseded publish snapshot -- it sits in a block of 87 consecutively abandoned rows, the size of the page's own 92-section list, so the whole set was replaced by a later publish). The authored section is still on the page as component 2407827 (published), so the original ""Out-of-date metadata"" finding has moved there.","Nothing to edit on this row. Re-check the ""Out-of-date metadata"" finding against component 2407827, which is the row the page actually renders, then delete 2379093 in a sweep of unreferenced component rows.",Jurisdictions :: geoid,Open,,,"Was T4-110, type 4 (Out-of-date metadata).",,,,,,,Not rendering,"superseded publish snapshot -- it sits in a block of 87 consecutively abandoned rows, the size of the page's own 92-section list, so the whole set was replaced by a later publish",4,Out-of-date metadata,2407827,published - unique title + element type on the page
T8-074,8,Component not rendering on any page,Maintenance,Data hygiene,component,https://county_template.devmny.org/the_plan/jurisdictional_annexes/select_jurisdiction,the_plan/jurisdictional_annexes/select_jurisdiction,(untitled lexical),2379094,lexical,"Nothing renders component 2379094: it is in neither the published nor the draft section list of any page (superseded publish snapshot -- it sits in a block of 87 consecutively abandoned rows, the size of the page's own 92-section list, so the whole set was replaced by a later publish). The section itself is most likely still on the_plan/jurisdictional_annexes/select_jurisdiction under a new row id, but it could not be pinned down (no current section matches its title and element type).","Re-check the ""No requirement tag"" finding against the_plan/jurisdictional_annexes/select_jurisdiction directly -- this row id is stale, but the finding may well still be open on the row that replaced it. Then delete 2379094 in a sweep of unreferenced component rows.",,Open,,,"Was T5-285, type 5 (No requirement tag).","H2, B1-d",1468625,Risk,Declared Disasters,"inherited from LHMP_IA component ""Declared Disasters"" (Risk / Card) [realigned (component re-created since QA)]",Medium,Not rendering,"superseded publish snapshot -- it sits in a block of 87 consecutively abandoned rows, the size of the page's own 92-section list, so the whole set was replaced by a later publish",5,No requirement tag,,no current section matches its title and element type
T8-075,8,Component not rendering on any page,Maintenance,Data hygiene,component,https://county_template.devmny.org/the_plan/jurisdictional_annexes/select_jurisdiction,the_plan/jurisdictional_annexes/select_jurisdiction,Problem Areas,2379095,Card on Jurisdictions,"Nothing renders component 2379095: it is in neither the published nor the draft section list of the_plan/jurisdictional_annexes/select_jurisdiction (superseded publish snapshot -- it sits in a block of 87 consecutively abandoned rows, the size of the page's own 92-section list, so the whole set was replaced by a later publish). The authored section is still on the page as component 2407832 (published), so the original ""Out-of-date metadata"" finding has moved there.","Nothing to edit on this row. Re-check the ""Out-of-date metadata"" finding against component 2407832, which is the row the page actually renders, then delete 2379095 in a sweep of unreferenced component rows.",Jurisdictions :: geoid,Open,,,"Was T4-111, type 4 (Out-of-date metadata).",,,,,,,Not rendering,"superseded publish snapshot -- it sits in a block of 87 consecutively abandoned rows, the size of the page's own 92-section list, so the whole set was replaced by a later publish",4,Out-of-date metadata,2407832,published - unique title + element type on the page
T8-076,8,Component not rendering on any page,Maintenance,Data hygiene,component,https://county_template.devmny.org/the_plan/jurisdictional_annexes/select_jurisdiction,the_plan/jurisdictional_annexes/select_jurisdiction,Buildings in The Floodplain,2379098,Spreadsheet on src 1651,"Nothing renders component 2379098: it is in neither the published nor the draft section list of the_plan/jurisdictional_annexes/select_jurisdiction (superseded publish snapshot -- it sits in a block of 87 consecutively abandoned rows, the size of the page's own 92-section list, so the whole set was replaced by a later publish). The authored section is still on the page as component 2407840 (published), so the original ""No requirement tag"" finding has moved there.","Nothing to edit on this row. Re-check the ""No requirement tag"" finding against component 2407840, which is the row the page actually renders, then delete 2379098 in a sweep of unreferenced component rows.",,Open,,,"Was T5-286, type 5 (No requirement tag).",,1686498,Risk,Floodplain Map,"inherited from LHMP_IA component ""Floodplain Map"" (Risk / Map) [realigned (component re-created since QA)]",,Not rendering,"superseded publish snapshot -- it sits in a block of 87 consecutively abandoned rows, the size of the page's own 92-section list, so the whole set was replaced by a later publish",5,No requirement tag,2407840,published - unique title + element type on the page
T8-077,8,Component not rendering on any page,Maintenance,Data hygiene,component,https://county_template.devmny.org/the_plan/jurisdictional_annexes/select_jurisdiction,the_plan/jurisdictional_annexes/select_jurisdiction,Critical Buildings in The Floodplain,2379099,Spreadsheet on src 1651,"Nothing renders component 2379099: it is in neither the published nor the draft section list of the_plan/jurisdictional_annexes/select_jurisdiction (superseded publish snapshot -- it sits in a block of 87 consecutively abandoned rows, the size of the page's own 92-section list, so the whole set was replaced by a later publish). The authored section is still on the page as component 2407842 (published), so the original ""No requirement tag"" finding has moved there.","Nothing to edit on this row. Re-check the ""No requirement tag"" finding against component 2407842, which is the row the page actually renders, then delete 2379099 in a sweep of unreferenced component rows.",,Open,,,"Was T5-287, type 5 (No requirement tag).",,1686498,Risk,Floodplain Map,"inherited from LHMP_IA component ""Floodplain Map"" (Risk / Map) [realigned (component re-created since QA)]",,Not rendering,"superseded publish snapshot -- it sits in a block of 87 consecutively abandoned rows, the size of the page's own 92-section list, so the whole set was replaced by a later publish",5,No requirement tag,2407842,published - unique title + element type on the page
T8-078,8,Component not rendering on any page,Maintenance,Data hygiene,component,https://county_template.devmny.org/the_plan/jurisdictional_annexes/select_jurisdiction,the_plan/jurisdictional_annexes/select_jurisdiction,(untitled lexical),2379100,lexical,"Nothing renders component 2379100: it is in neither the published nor the draft section list of any page (superseded publish snapshot -- it sits in a block of 87 consecutively abandoned rows, the size of the page's own 92-section list, so the whole set was replaced by a later publish). The section itself is most likely still on the_plan/jurisdictional_annexes/select_jurisdiction under a new row id, but it could not be pinned down (no current section matches its title and element type).","Re-check the ""No requirement tag"" finding against the_plan/jurisdictional_annexes/select_jurisdiction directly -- this row id is stale, but the finding may well still be open on the row that replaced it. Then delete 2379100 in a sweep of unreferenced component rows.",,Open,,,"Was T5-288, type 5 (No requirement tag).",,1686498,Risk,Floodplain Map,"inherited from LHMP_IA component ""Floodplain Map"" (Risk / Map) [realigned (component re-created since QA)]",,Not rendering,"superseded publish snapshot -- it sits in a block of 87 consecutively abandoned rows, the size of the page's own 92-section list, so the whole set was replaced by a later publish",5,No requirement tag,,no current section matches its title and element type
T8-079,8,Component not rendering on any page,Maintenance,Data hygiene,component,https://county_template.devmny.org/the_plan/jurisdictional_annexes/select_jurisdiction,the_plan/jurisdictional_annexes/select_jurisdiction,Cascading Impacts from Hazards,2379101,Card on Jurisdictions,"Nothing renders component 2379101: it is in neither the published nor the draft section list of the_plan/jurisdictional_annexes/select_jurisdiction (superseded publish snapshot -- it sits in a block of 87 consecutively abandoned rows, the size of the page's own 92-section list, so the whole set was replaced by a later publish). The authored section is still on the page as component 2407846 (published), so the original ""Out-of-date metadata"" finding has moved there.","Nothing to edit on this row. Re-check the ""Out-of-date metadata"" finding against component 2407846, which is the row the page actually renders, then delete 2379101 in a sweep of unreferenced component rows.",Jurisdictions :: geoid,Open,,,"Was T4-112, type 4 (Out-of-date metadata).",,,,,,,Not rendering,"superseded publish snapshot -- it sits in a block of 87 consecutively abandoned rows, the size of the page's own 92-section list, so the whole set was replaced by a later publish",4,Out-of-date metadata,2407846,published - unique title + element type on the page
T8-080,8,Component not rendering on any page,Maintenance,Data hygiene,component,https://county_template.devmny.org/the_plan/jurisdictional_annexes/select_jurisdiction,the_plan/jurisdictional_annexes/select_jurisdiction,Cascading Impacts from Hazards,2379101,Card on Jurisdictions,"Nothing renders component 2379101: it is in neither the published nor the draft section list of the_plan/jurisdictional_annexes/select_jurisdiction (superseded publish snapshot -- it sits in a block of 87 consecutively abandoned rows, the size of the page's own 92-section list, so the whole set was replaced by a later publish). The authored section is still on the page as component 2407846 (published), so the original ""No requirement tag"" finding has moved there.","Nothing to edit on this row. Re-check the ""No requirement tag"" finding against component 2407846, which is the row the page actually renders, then delete 2379101 in a sweep of unreferenced component rows.",,Open,,,"Was T5-289, type 5 (No requirement tag).",,1686499,Risk,Cascading Impacts from Hazards,"LHMP_IA component ""Cascading Impacts from Hazards"" (Risk / Card) [realigned (component re-created since QA)]",,Not rendering,"superseded publish snapshot -- it sits in a block of 87 consecutively abandoned rows, the size of the page's own 92-section list, so the whole set was replaced by a later publish",5,No requirement tag,2407846,published - unique title + element type on the page
T8-081,8,Component not rendering on any page,Maintenance,Data hygiene,component,https://county_template.devmny.org/the_plan/jurisdictional_annexes/select_jurisdiction,the_plan/jurisdictional_annexes/select_jurisdiction,(untitled lexical),2379102,lexical,"Nothing renders component 2379102: it is in neither the published nor the draft section list of any page (superseded publish snapshot -- it sits in a block of 87 consecutively abandoned rows, the size of the page's own 92-section list, so the whole set was replaced by a later publish). The section itself is most likely still on the_plan/jurisdictional_annexes/select_jurisdiction under a new row id, but it could not be pinned down (no current section matches its title and element type).","Re-check the ""No requirement tag"" finding against the_plan/jurisdictional_annexes/select_jurisdiction directly -- this row id is stale, but the finding may well still be open on the row that replaced it. Then delete 2379102 in a sweep of unreferenced component rows.",,Open,,,"Was T5-290, type 5 (No requirement tag).",,1686499,Risk,Cascading Impacts from Hazards,"inherited from LHMP_IA component ""Cascading Impacts from Hazards"" (Risk / Card) [realigned (component re-created since QA)]",,Not rendering,"superseded publish snapshot -- it sits in a block of 87 consecutively abandoned rows, the size of the page's own 92-section list, so the whole set was replaced by a later publish",5,No requirement tag,,no current section matches its title and element type
T8-082,8,Component not rendering on any page,Maintenance,Data hygiene,component,https://county_template.devmny.org/the_plan/jurisdictional_annexes/select_jurisdiction,the_plan/jurisdictional_annexes/select_jurisdiction,Other Hazards,2379103,Card on Jurisdictions,"Nothing renders component 2379103: it is in neither the published nor the draft section list of the_plan/jurisdictional_annexes/select_jurisdiction (superseded publish snapshot -- it sits in a block of 87 consecutively abandoned rows, the size of the page's own 92-section list, so the whole set was replaced by a later publish). The authored section is still on the page as component 2407850 (published), so the original ""Out-of-date metadata"" finding has moved there.","Nothing to edit on this row. Re-check the ""Out-of-date metadata"" finding against component 2407850, which is the row the page actually renders, then delete 2379103 in a sweep of unreferenced component rows.",Jurisdictions :: geoid,Open,,,"Was T4-113, type 4 (Out-of-date metadata).",,,,,,,Not rendering,"superseded publish snapshot -- it sits in a block of 87 consecutively abandoned rows, the size of the page's own 92-section list, so the whole set was replaced by a later publish",4,Out-of-date metadata,2407850,published - unique title + element type on the page
T8-083,8,Component not rendering on any page,Maintenance,Data hygiene,component,https://county_template.devmny.org/the_plan/jurisdictional_annexes/select_jurisdiction,the_plan/jurisdictional_annexes/select_jurisdiction,Other Hazards,2379103,Card on Jurisdictions,"Nothing renders component 2379103: it is in neither the published nor the draft section list of the_plan/jurisdictional_annexes/select_jurisdiction (superseded publish snapshot -- it sits in a block of 87 consecutively abandoned rows, the size of the page's own 92-section list, so the whole set was replaced by a later publish). The authored section is still on the page as component 2407850 (published), so the original ""No requirement tag"" finding has moved there.","Nothing to edit on this row. Re-check the ""No requirement tag"" finding against component 2407850, which is the row the page actually renders, then delete 2379103 in a sweep of unreferenced component rows.",,Open,,,"Was T5-291, type 5 (No requirement tag).",Not Applicable,1468627,Risk,Other Hazards,"LHMP_IA component ""Other Hazards"" (Risk / Card) [realigned (component re-created since QA)]",High,Not rendering,"superseded publish snapshot -- it sits in a block of 87 consecutively abandoned rows, the size of the page's own 92-section list, so the whole set was replaced by a later publish",5,No requirement tag,2407850,published - unique title + element type on the page
T8-084,8,Component not rendering on any page,Maintenance,Data hygiene,component,https://county_template.devmny.org/the_plan/jurisdictional_annexes/select_jurisdiction,the_plan/jurisdictional_annexes/select_jurisdiction,(untitled lexical),2379104,lexical,"Nothing renders component 2379104: it is in neither the published nor the draft section list of any page (superseded publish snapshot -- it sits in a block of 87 consecutively abandoned rows, the size of the page's own 92-section list, so the whole set was replaced by a later publish). The section itself is most likely still on the_plan/jurisdictional_annexes/select_jurisdiction under a new row id, but it could not be pinned down (no current section matches its title and element type).","Re-check the ""No requirement tag"" finding against the_plan/jurisdictional_annexes/select_jurisdiction directly -- this row id is stale, but the finding may well still be open on the row that replaced it. Then delete 2379104 in a sweep of unreferenced component rows.",,Open,,,"Was T5-292, type 5 (No requirement tag).",Not Applicable,1468627,Risk,Other Hazards,"inherited from LHMP_IA component ""Other Hazards"" (Risk / Card) [realigned (component re-created since QA)]",Medium,Not rendering,"superseded publish snapshot -- it sits in a block of 87 consecutively abandoned rows, the size of the page's own 92-section list, so the whole set was replaced by a later publish",5,No requirement tag,,no current section matches its title and element type
T8-085,8,Component not rendering on any page,Maintenance,Data hygiene,component,https://county_template.devmny.org/the_plan/jurisdictional_annexes/select_jurisdiction,the_plan/jurisdictional_annexes/select_jurisdiction,Additional Context (Risk),2379105,Card on Jurisdictions,"Nothing renders component 2379105: it is in neither the published nor the draft section list of the_plan/jurisdictional_annexes/select_jurisdiction (superseded publish snapshot -- it sits in a block of 87 consecutively abandoned rows, the size of the page's own 92-section list, so the whole set was replaced by a later publish). The authored section is still on the page as component 2407853 (published), so the original ""Out-of-date metadata"" finding has moved there.","Nothing to edit on this row. Re-check the ""Out-of-date metadata"" finding against component 2407853, which is the row the page actually renders, then delete 2379105 in a sweep of unreferenced component rows.",Jurisdictions :: geoid,Open,,,"Was T4-114, type 4 (Out-of-date metadata).",,,,,,,Not rendering,"superseded publish snapshot -- it sits in a block of 87 consecutively abandoned rows, the size of the page's own 92-section list, so the whole set was replaced by a later publish",4,Out-of-date metadata,2407853,published - unique title + element type on the page
T8-086,8,Component not rendering on any page,Maintenance,Data hygiene,component,https://county_template.devmny.org/the_plan/jurisdictional_annexes/select_jurisdiction,the_plan/jurisdictional_annexes/select_jurisdiction,Strategy,2379106,lexical,"Nothing renders component 2379106: it is in neither the published nor the draft section list of the_plan/jurisdictional_annexes/select_jurisdiction (superseded publish snapshot -- it sits in a block of 87 consecutively abandoned rows, the size of the page's own 92-section list, so the whole set was replaced by a later publish). The authored section is still on the page as component 2407855 (published), so the original ""No requirement tag"" finding has moved there.","Nothing to edit on this row. Re-check the ""No requirement tag"" finding against component 2407855, which is the row the page actually renders, then delete 2379106 in a sweep of unreferenced component rows.",,Open,,,"Was T5-293, type 5 (No requirement tag).",H2,1515532,Strategy,Strategy,"LHMP_IA component ""Strategy"" (Strategy / Card) [realigned (component re-created since QA)]",High,Not rendering,"superseded publish snapshot -- it sits in a block of 87 consecutively abandoned rows, the size of the page's own 92-section list, so the whole set was replaced by a later publish",5,No requirement tag,2407855,published - unique title + element type on the page
T8-087,8,Component not rendering on any page,Maintenance,Data hygiene,component,https://county_template.devmny.org/the_plan/jurisdictional_annexes/select_jurisdiction,the_plan/jurisdictional_annexes/select_jurisdiction,(untitled lexical),2379107,lexical,"Nothing renders component 2379107: it is in neither the published nor the draft section list of any page (superseded publish snapshot -- it sits in a block of 87 consecutively abandoned rows, the size of the page's own 92-section list, so the whole set was replaced by a later publish). The section itself is most likely still on the_plan/jurisdictional_annexes/select_jurisdiction under a new row id, but it could not be pinned down (no current section matches its title and element type).","Re-check the ""No requirement tag"" finding against the_plan/jurisdictional_annexes/select_jurisdiction directly -- this row id is stale, but the finding may well still be open on the row that replaced it. Then delete 2379107 in a sweep of unreferenced component rows.",,Open,,,"Was T5-294, type 5 (No requirement tag).",H2,1515532,Strategy,Strategy,"inherited from LHMP_IA component ""Strategy"" (Strategy / Card) [realigned (component re-created since QA)]",Medium,Not rendering,"superseded publish snapshot -- it sits in a block of 87 consecutively abandoned rows, the size of the page's own 92-section list, so the whole set was replaced by a later publish",5,No requirement tag,,no current section matches its title and element type
T8-088,8,Component not rendering on any page,Maintenance,Data hygiene,component,https://county_template.devmny.org/the_plan/jurisdictional_annexes/select_jurisdiction,the_plan/jurisdictional_annexes/select_jurisdiction,Evaluation of Previously Identified Actions,2379108,Card on Jurisdictions,"Nothing renders component 2379108: it is in neither the published nor the draft section list of the_plan/jurisdictional_annexes/select_jurisdiction (superseded publish snapshot -- it sits in a block of 87 consecutively abandoned rows, the size of the page's own 92-section list, so the whole set was replaced by a later publish). The authored section is still on the page as component 2407858 (published), so the original ""Out-of-date metadata"" finding has moved there.","Nothing to edit on this row. Re-check the ""Out-of-date metadata"" finding against component 2407858, which is the row the page actually renders, then delete 2379108 in a sweep of unreferenced component rows.",Jurisdictions :: geoid,Open,,,"Was T4-115, type 4 (Out-of-date metadata).",,,,,,,Not rendering,"superseded publish snapshot -- it sits in a block of 87 consecutively abandoned rows, the size of the page's own 92-section list, so the whole set was replaced by a later publish",4,Out-of-date metadata,2407858,published - unique title + element type on the page
T8-089,8,Component not rendering on any page,Maintenance,Data hygiene,component,https://county_template.devmny.org/the_plan/jurisdictional_annexes/select_jurisdiction,the_plan/jurisdictional_annexes/select_jurisdiction,(untitled Card),2379109,Card on Jurisdictions,"Nothing renders component 2379109: it is in neither the published nor the draft section list of any page (superseded publish snapshot -- it sits in a block of 87 consecutively abandoned rows, the size of the page's own 92-section list, so the whole set was replaced by a later publish). The section itself is most likely still on the_plan/jurisdictional_annexes/select_jurisdiction under a new row id, but it could not be pinned down (no current section matches its title and element type).","Re-check the ""No requirement tag"" finding against the_plan/jurisdictional_annexes/select_jurisdiction directly -- this row id is stale, but the finding may well still be open on the row that replaced it. Then delete 2379109 in a sweep of unreferenced component rows.",,Open,,,"Was T5-295, type 5 (No requirement tag).","H2, E2-b",1468628,Strategy,Evaluation of Previously Identified Actions,"inherited from LHMP_IA component ""Evaluation of Previously Identified Actions"" (Strategy / Card) [realigned (component re-created since QA)]",Medium,Not rendering,"superseded publish snapshot -- it sits in a block of 87 consecutively abandoned rows, the size of the page's own 92-section list, so the whole set was replaced by a later publish",5,No requirement tag,,no current section matches its title and element type
T8-090,8,Component not rendering on any page,Maintenance,Data hygiene,component,https://county_template.devmny.org/the_plan/jurisdictional_annexes/select_jurisdiction,the_plan/jurisdictional_annexes/select_jurisdiction,(untitled lexical),2379110,lexical,"Nothing renders component 2379110: it is in neither the published nor the draft section list of any page (superseded publish snapshot -- it sits in a block of 87 consecutively abandoned rows, the size of the page's own 92-section list, so the whole set was replaced by a later publish). The section itself is most likely still on the_plan/jurisdictional_annexes/select_jurisdiction under a new row id, but it could not be pinned down (no current section matches its title and element type).","Re-check the ""No requirement tag"" finding against the_plan/jurisdictional_annexes/select_jurisdiction directly -- this row id is stale, but the finding may well still be open on the row that replaced it. Then delete 2379110 in a sweep of unreferenced component rows.",,Open,,,"Was T5-296, type 5 (No requirement tag).","H2, E2-b",1468628,Strategy,Evaluation of Previously Identified Actions,"inherited from LHMP_IA component ""Evaluation of Previously Identified Actions"" (Strategy / Card) [realigned (component re-created since QA)]",Medium,Not rendering,"superseded publish snapshot -- it sits in a block of 87 consecutively abandoned rows, the size of the page's own 92-section list, so the whole set was replaced by a later publish",5,No requirement tag,,no current section matches its title and element type
T8-091,8,Component not rendering on any page,Maintenance,Data hygiene,component,https://county_template.devmny.org/the_plan/jurisdictional_annexes/select_jurisdiction,the_plan/jurisdictional_annexes/select_jurisdiction,Action Development,2379111,Card on Jurisdictions,"Nothing renders component 2379111: it is in neither the published nor the draft section list of the_plan/jurisdictional_annexes/select_jurisdiction (superseded publish snapshot -- it sits in a block of 87 consecutively abandoned rows, the size of the page's own 92-section list, so the whole set was replaced by a later publish). The authored section is still on the page as component 2407864 (published), so the original ""Out-of-date metadata"" finding has moved there.","Nothing to edit on this row. Re-check the ""Out-of-date metadata"" finding against component 2407864, which is the row the page actually renders, then delete 2379111 in a sweep of unreferenced component rows.",Jurisdictions :: geoid,Open,,,"Was T4-116, type 4 (Out-of-date metadata).",,,,,,,Not rendering,"superseded publish snapshot -- it sits in a block of 87 consecutively abandoned rows, the size of the page's own 92-section list, so the whole set was replaced by a later publish",4,Out-of-date metadata,2407864,published - unique title + element type on the page
T8-092,8,Component not rendering on any page,Maintenance,Data hygiene,component,https://county_template.devmny.org/the_plan/jurisdictional_annexes/select_jurisdiction,the_plan/jurisdictional_annexes/select_jurisdiction,(untitled Card),2379113,Card on Jurisdictions,"Nothing renders component 2379113: it is in neither the published nor the draft section list of any page (superseded publish snapshot -- it sits in a block of 87 consecutively abandoned rows, the size of the page's own 92-section list, so the whole set was replaced by a later publish). The section itself is most likely still on the_plan/jurisdictional_annexes/select_jurisdiction under a new row id, but it could not be pinned down (no current section matches its title and element type).","Re-check the ""No requirement tag"" finding against the_plan/jurisdictional_annexes/select_jurisdiction directly -- this row id is stale, but the finding may well still be open on the row that replaced it. Then delete 2379113 in a sweep of unreferenced component rows.",,Open,,,"Was T5-297, type 5 (No requirement tag).",C5-a,1468630,Strategy,Prioritization,"inherited from LHMP_IA component ""Prioritization"" (Strategy / Card) [realigned (component re-created since QA)]",Medium,Not rendering,"superseded publish snapshot -- it sits in a block of 87 consecutively abandoned rows, the size of the page's own 92-section list, so the whole set was replaced by a later publish",5,No requirement tag,,no current section matches its title and element type
T8-093,8,Component not rendering on any page,Maintenance,Data hygiene,component,https://county_template.devmny.org/the_plan/jurisdictional_annexes/select_jurisdiction,the_plan/jurisdictional_annexes/select_jurisdiction,(untitled lexical),2379114,lexical,"Nothing renders component 2379114: it is in neither the published nor the draft section list of any page (superseded publish snapshot -- it sits in a block of 87 consecutively abandoned rows, the size of the page's own 92-section list, so the whole set was replaced by a later publish). The section itself is most likely still on the_plan/jurisdictional_annexes/select_jurisdiction under a new row id, but it could not be pinned down (no current section matches its title and element type).","Re-check the ""No requirement tag"" finding against the_plan/jurisdictional_annexes/select_jurisdiction directly -- this row id is stale, but the finding may well still be open on the row that replaced it. Then delete 2379114 in a sweep of unreferenced component rows.",,Open,,,"Was T5-298, type 5 (No requirement tag).",C5-a,1468630,Strategy,Prioritization,"inherited from LHMP_IA component ""Prioritization"" (Strategy / Card) [realigned (component re-created since QA)]",Medium,Not rendering,"superseded publish snapshot -- it sits in a block of 87 consecutively abandoned rows, the size of the page's own 92-section list, so the whole set was replaced by a later publish",5,No requirement tag,,no current section matches its title and element type
T8-094,8,Component not rendering on any page,Maintenance,Data hygiene,component,https://county_template.devmny.org/the_plan/jurisdictional_annexes/select_jurisdiction,the_plan/jurisdictional_annexes/select_jurisdiction,Local Context,2379115,Card on Jurisdictions,"Nothing renders component 2379115: it is in neither the published nor the draft section list of any page (superseded publish snapshot -- it sits in a block of 87 consecutively abandoned rows, the size of the page's own 92-section list, so the whole set was replaced by a later publish). The section itself is most likely still on the_plan/jurisdictional_annexes/select_jurisdiction under a new row id, but it could not be pinned down (no current section matches its title and element type).","Re-check the ""Out-of-date metadata"" finding against the_plan/jurisdictional_annexes/select_jurisdiction directly -- this row id is stale, but the finding may well still be open on the row that replaced it. Then delete 2379115 in a sweep of unreferenced component rows.",Jurisdictions :: geoid,Open,,,"Was T4-117, type 4 (Out-of-date metadata).",,,,,,,Not rendering,"superseded publish snapshot -- it sits in a block of 87 consecutively abandoned rows, the size of the page's own 92-section list, so the whole set was replaced by a later publish",4,Out-of-date metadata,,no current section matches its title and element type
T8-095,8,Component not rendering on any page,Maintenance,Data hygiene,component,https://county_template.devmny.org/the_plan/jurisdictional_annexes/select_jurisdiction,the_plan/jurisdictional_annexes/select_jurisdiction,(untitled Card),2379118,Card on Jurisdictions,"Nothing renders component 2379118: it is in neither the published nor the draft section list of any page (superseded publish snapshot -- it sits in a block of 87 consecutively abandoned rows, the size of the page's own 92-section list, so the whole set was replaced by a later publish). The section itself is most likely still on the_plan/jurisdictional_annexes/select_jurisdiction under a new row id, but it could not be pinned down (no current section matches its title and element type).","Re-check the ""No requirement tag"" finding against the_plan/jurisdictional_annexes/select_jurisdiction directly -- this row id is stale, but the finding may well still be open on the row that replaced it. Then delete 2379118 in a sweep of unreferenced component rows.",,Open,,,"Was T5-300, type 5 (No requirement tag).",,,,,component no longer on the page - could not be located,,Not rendering,"superseded publish snapshot -- it sits in a block of 87 consecutively abandoned rows, the size of the page's own 92-section list, so the whole set was replaced by a later publish",5,No requirement tag,,no current section matches its title and element type
T8-096,8,Component not rendering on any page,Maintenance,Data hygiene,component,https://county_template.devmny.org/the_plan/jurisdictional_annexes/select_jurisdiction,the_plan/jurisdictional_annexes/select_jurisdiction,(untitled lexical),2379119,lexical,"Nothing renders component 2379119: it is in neither the published nor the draft section list of any page (superseded publish snapshot -- it sits in a block of 87 consecutively abandoned rows, the size of the page's own 92-section list, so the whole set was replaced by a later publish). The section itself is most likely still on the_plan/jurisdictional_annexes/select_jurisdiction under a new row id, but it could not be pinned down (no current section matches its title and element type).","Re-check the ""No requirement tag"" finding against the_plan/jurisdictional_annexes/select_jurisdiction directly -- this row id is stale, but the finding may well still be open on the row that replaced it. Then delete 2379119 in a sweep of unreferenced component rows.",,Open,,,"Was T5-302, type 5 (No requirement tag).","H2, H3, C4-b, C5-b",1468633,Strategy,Local Actions Database,"inherited from LHMP_IA component ""Local Actions Database"" (Strategy / Table) [realigned (component re-created since QA)]",Medium,Not rendering,"superseded publish snapshot -- it sits in a block of 87 consecutively abandoned rows, the size of the page's own 92-section list, so the whole set was replaced by a later publish",5,No requirement tag,,no current section matches its title and element type
T8-097,8,Component not rendering on any page,Maintenance,Data hygiene,component,https://county_template.devmny.org/the_plan/jurisdictional_annexes/select_jurisdiction,the_plan/jurisdictional_annexes/select_jurisdiction,Additional Context (Strategy),2379120,Card on Jurisdictions,"Nothing renders component 2379120: it is in neither the published nor the draft section list of the_plan/jurisdictional_annexes/select_jurisdiction (superseded publish snapshot -- it sits in a block of 87 consecutively abandoned rows, the size of the page's own 92-section list, so the whole set was replaced by a later publish). The authored section is still on the page as component 2407879 (published), so the original ""Out-of-date metadata"" finding has moved there.","Nothing to edit on this row. Re-check the ""Out-of-date metadata"" finding against component 2407879, which is the row the page actually renders, then delete 2379120 in a sweep of unreferenced component rows.",Jurisdictions :: geoid,Open,,,"Was T4-119, type 4 (Out-of-date metadata).",,,,,,,Not rendering,"superseded publish snapshot -- it sits in a block of 87 consecutively abandoned rows, the size of the page's own 92-section list, so the whole set was replaced by a later publish",4,Out-of-date metadata,2407879,published - unique title + element type on the page
T8-098,8,Component not rendering on any page,Maintenance,Data hygiene,component,https://county_template.devmny.org/the_plan/jurisdictional_annexes/select_jurisdiction,the_plan/jurisdictional_annexes/select_jurisdiction,Additional Context (Strategy),2379120,Card on Jurisdictions,"Nothing renders component 2379120: it is in neither the published nor the draft section list of the_plan/jurisdictional_annexes/select_jurisdiction (superseded publish snapshot -- it sits in a block of 87 consecutively abandoned rows, the size of the page's own 92-section list, so the whole set was replaced by a later publish). The authored section is still on the page as component 2407879 (published), so the original ""No requirement tag"" finding has moved there.","Nothing to edit on this row. Re-check the ""No requirement tag"" finding against component 2407879, which is the row the page actually renders, then delete 2379120 in a sweep of unreferenced component rows.",,Open,,,"Was T5-303, type 5 (No requirement tag).",Not Applicable,1515533,Strategy,Additional Context (Strategy),"LHMP_IA component ""Additional Context (Strategy)"" (Strategy / Card) [realigned (component re-created since QA)]",High,Not rendering,"superseded publish snapshot -- it sits in a block of 87 consecutively abandoned rows, the size of the page's own 92-section list, so the whole set was replaced by a later publish",5,No requirement tag,2407879,published - unique title + element type on the page
T8-099,8,Component not rendering on any page,Maintenance,Data hygiene,component,https://county_template.devmny.org/the_plan/jurisdictional_annexes/select_jurisdiction,the_plan/jurisdictional_annexes/select_jurisdiction,(untitled lexical),2379121,lexical,"Nothing renders component 2379121: it is in neither the published nor the draft section list of any page (superseded publish snapshot -- it sits in a block of 87 consecutively abandoned rows, the size of the page's own 92-section list, so the whole set was replaced by a later publish). The section itself is most likely still on the_plan/jurisdictional_annexes/select_jurisdiction under a new row id, but it could not be pinned down (no current section matches its title and element type).","Re-check the ""No requirement tag"" finding against the_plan/jurisdictional_annexes/select_jurisdiction directly -- this row id is stale, but the finding may well still be open on the row that replaced it. Then delete 2379121 in a sweep of unreferenced component rows.",,Open,,,"Was T5-304, type 5 (No requirement tag).",Not Applicable,1515533,Strategy,Additional Context (Strategy),"inherited from LHMP_IA component ""Additional Context (Strategy)"" (Strategy / Card) [realigned (component re-created since QA)]",Medium,Not rendering,"superseded publish snapshot -- it sits in a block of 87 consecutively abandoned rows, the size of the page's own 92-section list, so the whole set was replaced by a later publish",5,No requirement tag,,no current section matches its title and element type
T8-100,8,Component not rendering on any page,Maintenance,Data hygiene,component,https://county_template.devmny.org/the_plan/jurisdictional_annexes/select_jurisdiction,the_plan/jurisdictional_annexes/select_jurisdiction,Capacity To Implement,2379122,Card on Jurisdictions,"Nothing renders component 2379122: it is in neither the published nor the draft section list of the_plan/jurisdictional_annexes/select_jurisdiction (superseded publish snapshot -- it sits in a block of 87 consecutively abandoned rows, the size of the page's own 92-section list, so the whole set was replaced by a later publish). The authored section is still on the page as component 2407881 (published), so the original ""Out-of-date metadata"" finding has moved there.","Nothing to edit on this row. Re-check the ""Out-of-date metadata"" finding against component 2407881, which is the row the page actually renders, then delete 2379122 in a sweep of unreferenced component rows.",Jurisdictions :: geoid,Open,,,"Was T4-120, type 4 (Out-of-date metadata).",,,,,,,Not rendering,"superseded publish snapshot -- it sits in a block of 87 consecutively abandoned rows, the size of the page's own 92-section list, so the whole set was replaced by a later publish",4,Out-of-date metadata,2407881,published - unique title + element type on the page
T8-101,8,Component not rendering on any page,Maintenance,Data hygiene,component,https://county_template.devmny.org/the_plan/jurisdictional_annexes/select_jurisdiction,the_plan/jurisdictional_annexes/select_jurisdiction,(untitled lexical),2379123,lexical,"Nothing renders component 2379123: it is in neither the published nor the draft section list of any page (superseded publish snapshot -- it sits in a block of 87 consecutively abandoned rows, the size of the page's own 92-section list, so the whole set was replaced by a later publish). The section itself is most likely still on the_plan/jurisdictional_annexes/select_jurisdiction under a new row id, but it could not be pinned down (no current section matches its title and element type).","Re-check the ""No requirement tag"" finding against the_plan/jurisdictional_annexes/select_jurisdiction directly -- this row id is stale, but the finding may well still be open on the row that replaced it. Then delete 2379123 in a sweep of unreferenced component rows.",,Open,,,"Was T5-305, type 5 (No requirement tag).","H2, C1-a, C1-b, C2-a, D3-b",1468634,Capacity To Implement,Capacity To Implement,"inherited from LHMP_IA component ""Capacity To Implement"" (Capacity To Implement / Card) [realigned (component re-created since QA)]",Medium,Not rendering,"superseded publish snapshot -- it sits in a block of 87 consecutively abandoned rows, the size of the page's own 92-section list, so the whole set was replaced by a later publish",5,No requirement tag,,no current section matches its title and element type
T8-102,8,Component not rendering on any page,Maintenance,Data hygiene,component,https://county_template.devmny.org/the_plan/jurisdictional_annexes/select_jurisdiction,the_plan/jurisdictional_annexes/select_jurisdiction,Integration,2379124,Card on Jurisdictions,"Nothing renders component 2379124: it is in neither the published nor the draft section list of the_plan/jurisdictional_annexes/select_jurisdiction (superseded publish snapshot -- it sits in a block of 87 consecutively abandoned rows, the size of the page's own 92-section list, so the whole set was replaced by a later publish). The authored section is still on the page as component 2407883 (published), so the original ""Out-of-date metadata"" finding has moved there.","Nothing to edit on this row. Re-check the ""Out-of-date metadata"" finding against component 2407883, which is the row the page actually renders, then delete 2379124 in a sweep of unreferenced component rows.",Jurisdictions :: geoid,Open,,,"Was T4-118, type 4 (Out-of-date metadata).",,,,,,,Not rendering,"superseded publish snapshot -- it sits in a block of 87 consecutively abandoned rows, the size of the page's own 92-section list, so the whole set was replaced by a later publish",4,Out-of-date metadata,2407883,published - unique title + element type on the page
T8-103,8,Component not rendering on any page,Maintenance,Data hygiene,component,https://county_template.devmny.org/the_plan/jurisdictional_annexes/select_jurisdiction,the_plan/jurisdictional_annexes/select_jurisdiction,(untitled Card),2379125,Card on Jurisdictions,"Nothing renders component 2379125: it is in neither the published nor the draft section list of any page (superseded publish snapshot -- it sits in a block of 87 consecutively abandoned rows, the size of the page's own 92-section list, so the whole set was replaced by a later publish). The section itself is most likely still on the_plan/jurisdictional_annexes/select_jurisdiction under a new row id, but it could not be pinned down (no current section matches its title and element type).","Re-check the ""No requirement tag"" finding against the_plan/jurisdictional_annexes/select_jurisdiction directly -- this row id is stale, but the finding may well still be open on the row that replaced it. Then delete 2379125 in a sweep of unreferenced component rows.",,Open,,,"Was T5-301, type 5 (No requirement tag).","H2, H3, C4-b, C5-b",1468633,Strategy,Local Actions Database,"inherited from LHMP_IA component ""Local Actions Database"" (Strategy / Table) [realigned (component re-created since QA)]",Medium,Not rendering,"superseded publish snapshot -- it sits in a block of 87 consecutively abandoned rows, the size of the page's own 92-section list, so the whole set was replaced by a later publish",5,No requirement tag,,no current section matches its title and element type
T8-104,8,Component not rendering on any page,Maintenance,Data hygiene,component,https://county_template.devmny.org/the_plan/jurisdictional_annexes/select_jurisdiction,the_plan/jurisdictional_annexes/select_jurisdiction,(untitled Spreadsheet),2379127,Spreadsheet,"Nothing renders component 2379127: it is in neither the published nor the draft section list of any page (superseded publish snapshot -- it sits in a block of 87 consecutively abandoned rows, the size of the page's own 92-section list, so the whole set was replaced by a later publish). The section itself is most likely still on the_plan/jurisdictional_annexes/select_jurisdiction under a new row id, but it could not be pinned down (no current section matches its title and element type).","Re-check the ""No requirement tag"" finding against the_plan/jurisdictional_annexes/select_jurisdiction directly -- this row id is stale, but the finding may well still be open on the row that replaced it. Then delete 2379127 in a sweep of unreferenced component rows.",,Open,,,"Was T5-299, type 5 (No requirement tag).",,,,,component no longer on the page - could not be located,,Not rendering,"superseded publish snapshot -- it sits in a block of 87 consecutively abandoned rows, the size of the page's own 92-section list, so the whole set was replaced by a later publish",5,No requirement tag,,no current section matches its title and element type
T8-105,8,Component not rendering on any page,Maintenance,Data hygiene,component,https://county_template.devmny.org/the_plan/jurisdictional_annexes/select_jurisdiction,the_plan/jurisdictional_annexes/select_jurisdiction,Additional Context (Capacity to Implement),2379128,Card on Jurisdictions,"Nothing renders component 2379128: it is in neither the published nor the draft section list of the_plan/jurisdictional_annexes/select_jurisdiction (superseded publish snapshot -- it sits in a block of 87 consecutively abandoned rows, the size of the page's own 92-section list, so the whole set was replaced by a later publish). The authored section is still on the page as component 2407887 (published), so the original ""Out-of-date metadata"" finding has moved there.","Nothing to edit on this row. Re-check the ""Out-of-date metadata"" finding against component 2407887, which is the row the page actually renders, then delete 2379128 in a sweep of unreferenced component rows.",Jurisdictions :: geoid,Open,,,"Was T4-121, type 4 (Out-of-date metadata).",,,,,,,Not rendering,"superseded publish snapshot -- it sits in a block of 87 consecutively abandoned rows, the size of the page's own 92-section list, so the whole set was replaced by a later publish",4,Out-of-date metadata,2407887,published - unique title + element type on the page
T8-106,8,Component not rendering on any page,Maintenance,Data hygiene,component,https://county_template.devmny.org/the_plan/jurisdictional_annexes/select_jurisdiction,the_plan/jurisdictional_annexes/select_jurisdiction,(untitled lexical),2379129,lexical,"Nothing renders component 2379129: it is in neither the published nor the draft section list of any page (superseded publish snapshot -- it sits in a block of 87 consecutively abandoned rows, the size of the page's own 92-section list, so the whole set was replaced by a later publish). The section itself is most likely still on the_plan/jurisdictional_annexes/select_jurisdiction under a new row id, but it could not be pinned down (no current section matches its title and element type).","Re-check the ""No requirement tag"" finding against the_plan/jurisdictional_annexes/select_jurisdiction directly -- this row id is stale, but the finding may well still be open on the row that replaced it. Then delete 2379129 in a sweep of unreferenced component rows.",,Open,,,"Was T5-306, type 5 (No requirement tag).",C1-a,1515534,Capacity To Implement,Additional Context (Capacity To Implement),"inherited from LHMP_IA component ""Additional Context (Capacity To Implement)"" (Capacity To Implement / Card) [realigned (component re-created since QA)]",Medium,Not rendering,"superseded publish snapshot -- it sits in a block of 87 consecutively abandoned rows, the size of the page's own 92-section list, so the whole set was replaced by a later publish",5,No requirement tag,,no current section matches its title and element type
T8-107,8,Component not rendering on any page,Maintenance,Data hygiene,component,https://county_template.devmny.org/the_plan/jurisdictional_annexes/select_jurisdiction,the_plan/jurisdictional_annexes/select_jurisdiction,Progress,2379130,Card on LHMP_IA,"Nothing renders component 2379130: it is in neither the published nor the draft section list of the_plan/jurisdictional_annexes/select_jurisdiction (superseded publish snapshot -- it sits in a block of 87 consecutively abandoned rows, the size of the page's own 92-section list, so the whole set was replaced by a later publish). The authored section is still on the page as component 2407889 (published), so the original ""SHMP narrative not permission-locked"" finding has moved there.","Nothing to edit on this row. Re-check the ""SHMP narrative not permission-locked"" finding against component 2407889, which is the row the page actually renders, then delete 2379130 in a sweep of unreferenced component rows.",LHMP_IA edit lock,Open,,,"Was T1-008, type 1 (SHMP narrative not permission-locked).",,,,,,,Not rendering,"superseded publish snapshot -- it sits in a block of 87 consecutively abandoned rows, the size of the page's own 92-section list, so the whole set was replaced by a later publish",1,SHMP narrative not permission-locked,2407889,published - unique title + element type on the page
T8-108,8,Component not rendering on any page,Maintenance,Data hygiene,component,https://county_template.devmny.org/the_plan/jurisdictional_annexes/select_jurisdiction,the_plan/jurisdictional_annexes/select_jurisdiction,Progress,2379130,Card on LHMP_IA,"Nothing renders component 2379130: it is in neither the published nor the draft section list of the_plan/jurisdictional_annexes/select_jurisdiction (superseded publish snapshot -- it sits in a block of 87 consecutively abandoned rows, the size of the page's own 92-section list, so the whole set was replaced by a later publish). The authored section is still on the page as component 2407889 (published), so the original ""No requirement tag"" finding has moved there.","Nothing to edit on this row. Re-check the ""No requirement tag"" finding against component 2407889, which is the row the page actually renders, then delete 2379130 in a sweep of unreferenced component rows.",,Open,,,"Was T5-307, type 5 (No requirement tag).",Not Applicable,1468637,Progress,Progress,"LHMP_IA component ""Progress"" (Progress / Card) [realigned (component re-created since QA)]",High,Not rendering,"superseded publish snapshot -- it sits in a block of 87 consecutively abandoned rows, the size of the page's own 92-section list, so the whole set was replaced by a later publish",5,No requirement tag,2407889,published - unique title + element type on the page
T8-109,8,Component not rendering on any page,Maintenance,Data hygiene,component,https://county_template.devmny.org/the_plan/jurisdictional_annexes/select_jurisdiction,the_plan/jurisdictional_annexes/select_jurisdiction,(untitled lexical),2379131,lexical,"Nothing renders component 2379131: it is in neither the published nor the draft section list of any page (superseded publish snapshot -- it sits in a block of 87 consecutively abandoned rows, the size of the page's own 92-section list, so the whole set was replaced by a later publish). The section itself is most likely still on the_plan/jurisdictional_annexes/select_jurisdiction under a new row id, but it could not be pinned down (no current section matches its title and element type).","Re-check the ""No requirement tag"" finding against the_plan/jurisdictional_annexes/select_jurisdiction directly -- this row id is stale, but the finding may well still be open on the row that replaced it. Then delete 2379131 in a sweep of unreferenced component rows.",,Open,,,"Was T5-308, type 5 (No requirement tag).",Not Applicable,1468637,Progress,Progress,"inherited from LHMP_IA component ""Progress"" (Progress / Card) [realigned (component re-created since QA)]",Medium,Not rendering,"superseded publish snapshot -- it sits in a block of 87 consecutively abandoned rows, the size of the page's own 92-section list, so the whole set was replaced by a later publish",5,No requirement tag,,no current section matches its title and element type
T8-110,8,Component not rendering on any page,Maintenance,Data hygiene,component,https://county_template.devmny.org/the_plan/jurisdictional_annexes/select_jurisdiction,the_plan/jurisdictional_annexes/select_jurisdiction,Complete Actions,2379132,Card on Jurisdictions,"Nothing renders component 2379132: it is in neither the published nor the draft section list of the_plan/jurisdictional_annexes/select_jurisdiction (superseded publish snapshot -- it sits in a block of 87 consecutively abandoned rows, the size of the page's own 92-section list, so the whole set was replaced by a later publish). The authored section is still on the page as component 2407891 (published), so the original ""Out-of-date metadata"" finding has moved there.","Nothing to edit on this row. Re-check the ""Out-of-date metadata"" finding against component 2407891, which is the row the page actually renders, then delete 2379132 in a sweep of unreferenced component rows.",Jurisdictions :: geoid,Open,,,"Was T4-122, type 4 (Out-of-date metadata).",,,,,,,Not rendering,"superseded publish snapshot -- it sits in a block of 87 consecutively abandoned rows, the size of the page's own 92-section list, so the whole set was replaced by a later publish",4,Out-of-date metadata,2407891,published - unique title + element type on the page
T8-111,8,Component not rendering on any page,Maintenance,Data hygiene,component,https://county_template.devmny.org/the_plan/jurisdictional_annexes/select_jurisdiction,the_plan/jurisdictional_annexes/select_jurisdiction,Complete Actions,2379132,Card on Jurisdictions,"Nothing renders component 2379132: it is in neither the published nor the draft section list of the_plan/jurisdictional_annexes/select_jurisdiction (superseded publish snapshot -- it sits in a block of 87 consecutively abandoned rows, the size of the page's own 92-section list, so the whole set was replaced by a later publish). The authored section is still on the page as component 2407891 (published), so the original ""Out-of-date metadata"" finding has moved there.","Nothing to edit on this row. Re-check the ""Out-of-date metadata"" finding against component 2407891, which is the row the page actually renders, then delete 2379132 in a sweep of unreferenced component rows.",Jurisdictions :: lhmp_proposed_actions,Open,,,"Was T4-123, type 4 (Out-of-date metadata).",,,,,,,Not rendering,"superseded publish snapshot -- it sits in a block of 87 consecutively abandoned rows, the size of the page's own 92-section list, so the whole set was replaced by a later publish",4,Out-of-date metadata,2407891,published - unique title + element type on the page
T8-112,8,Component not rendering on any page,Maintenance,Data hygiene,component,https://county_template.devmny.org/the_plan/jurisdictional_annexes/select_jurisdiction,the_plan/jurisdictional_annexes/select_jurisdiction,(untitled lexical),2379134,lexical,"Nothing renders component 2379134: it is in neither the published nor the draft section list of any page (superseded publish snapshot -- it sits in a block of 87 consecutively abandoned rows, the size of the page's own 92-section list, so the whole set was replaced by a later publish). The section itself is most likely still on the_plan/jurisdictional_annexes/select_jurisdiction under a new row id, but it could not be pinned down (no current section matches its title and element type).","Re-check the ""No requirement tag"" finding against the_plan/jurisdictional_annexes/select_jurisdiction directly -- this row id is stale, but the finding may well still be open on the row that replaced it. Then delete 2379134 in a sweep of unreferenced component rows.",,Open,,,"Was T5-309, type 5 (No requirement tag).","H2, E2-b",1515535,Progress,Completed Actions,"inherited from LHMP_IA component ""Completed Actions"" (Progress / Table) [realigned (component re-created since QA)]",Medium,Not rendering,"superseded publish snapshot -- it sits in a block of 87 consecutively abandoned rows, the size of the page's own 92-section list, so the whole set was replaced by a later publish",5,No requirement tag,,no current section matches its title and element type
T8-113,8,Component not rendering on any page,Maintenance,Data hygiene,component,https://county_template.devmny.org/the_plan/jurisdictional_annexes/select_jurisdiction,the_plan/jurisdictional_annexes/select_jurisdiction,In-Progress Actions,2379135,Card on Jurisdictions,"Nothing renders component 2379135: it is in neither the published nor the draft section list of the_plan/jurisdictional_annexes/select_jurisdiction (superseded publish snapshot -- it sits in a block of 87 consecutively abandoned rows, the size of the page's own 92-section list, so the whole set was replaced by a later publish). The authored section is still on the page as component 2407894 (published), so the original ""Out-of-date metadata"" finding has moved there.","Nothing to edit on this row. Re-check the ""Out-of-date metadata"" finding against component 2407894, which is the row the page actually renders, then delete 2379135 in a sweep of unreferenced component rows.",Jurisdictions :: geoid,Open,,,"Was T4-124, type 4 (Out-of-date metadata).",,,,,,,Not rendering,"superseded publish snapshot -- it sits in a block of 87 consecutively abandoned rows, the size of the page's own 92-section list, so the whole set was replaced by a later publish",4,Out-of-date metadata,2407894,published - unique title + element type on the page
T8-114,8,Component not rendering on any page,Maintenance,Data hygiene,component,https://county_template.devmny.org/the_plan/jurisdictional_annexes/select_jurisdiction,the_plan/jurisdictional_annexes/select_jurisdiction,In-Progress Actions,2379135,Card on Jurisdictions,"Nothing renders component 2379135: it is in neither the published nor the draft section list of the_plan/jurisdictional_annexes/select_jurisdiction (superseded publish snapshot -- it sits in a block of 87 consecutively abandoned rows, the size of the page's own 92-section list, so the whole set was replaced by a later publish). The authored section is still on the page as component 2407894 (published), so the original ""Out-of-date metadata"" finding has moved there.","Nothing to edit on this row. Re-check the ""Out-of-date metadata"" finding against component 2407894, which is the row the page actually renders, then delete 2379135 in a sweep of unreferenced component rows.",Jurisdictions :: lhmp_proposed_actions,Open,,,"Was T4-125, type 4 (Out-of-date metadata).",,,,,,,Not rendering,"superseded publish snapshot -- it sits in a block of 87 consecutively abandoned rows, the size of the page's own 92-section list, so the whole set was replaced by a later publish",4,Out-of-date metadata,2407894,published - unique title + element type on the page
T8-115,8,Component not rendering on any page,Maintenance,Data hygiene,component,https://county_template.devmny.org/the_plan/jurisdictional_annexes/select_jurisdiction,the_plan/jurisdictional_annexes/select_jurisdiction,(untitled Card),2379136,Card on Jurisdictions,"Nothing renders component 2379136: it is in neither the published nor the draft section list of any page (superseded publish snapshot -- it sits in a block of 87 consecutively abandoned rows, the size of the page's own 92-section list, so the whole set was replaced by a later publish). The section itself is most likely still on the_plan/jurisdictional_annexes/select_jurisdiction under a new row id, but it could not be pinned down (no current section matches its title and element type).","Re-check the ""No requirement tag"" finding against the_plan/jurisdictional_annexes/select_jurisdiction directly -- this row id is stale, but the finding may well still be open on the row that replaced it. Then delete 2379136 in a sweep of unreferenced component rows.",,Open,,,"Was T5-310, type 5 (No requirement tag).","H2, H3, E2-b, C5-b, C4-a, C4-b",1468640,Progress,In-Progress Actions,"inherited from LHMP_IA component ""In-Progress Actions"" (Progress / Card) [realigned (component re-created since QA)]",Medium,Not rendering,"superseded publish snapshot -- it sits in a block of 87 consecutively abandoned rows, the size of the page's own 92-section list, so the whole set was replaced by a later publish",5,No requirement tag,,no current section matches its title and element type
T8-116,8,Component not rendering on any page,Maintenance,Data hygiene,component,https://county_template.devmny.org/the_plan/jurisdictional_annexes/select_jurisdiction,the_plan/jurisdictional_annexes/select_jurisdiction,(untitled lexical),2379138,lexical,"Nothing renders component 2379138: it is in neither the published nor the draft section list of any page (superseded publish snapshot -- it sits in a block of 87 consecutively abandoned rows, the size of the page's own 92-section list, so the whole set was replaced by a later publish). The section itself is most likely still on the_plan/jurisdictional_annexes/select_jurisdiction under a new row id, but it could not be pinned down (no current section matches its title and element type).","Re-check the ""No requirement tag"" finding against the_plan/jurisdictional_annexes/select_jurisdiction directly -- this row id is stale, but the finding may well still be open on the row that replaced it. Then delete 2379138 in a sweep of unreferenced component rows.",,Open,,,"Was T5-311, type 5 (No requirement tag).","H2, H3, E2-b, C5-b, C4-a, C4-b",1515537,Progress,In-Progress Actions,"inherited from LHMP_IA component ""In-Progress Actions"" (Progress / Table) [realigned (component re-created since QA)]",Medium,Not rendering,"superseded publish snapshot -- it sits in a block of 87 consecutively abandoned rows, the size of the page's own 92-section list, so the whole set was replaced by a later publish",5,No requirement tag,,no current section matches its title and element type
T8-117,8,Component not rendering on any page,Maintenance,Data hygiene,component,https://county_template.devmny.org/the_plan/jurisdictional_annexes/select_jurisdiction,the_plan/jurisdictional_annexes/select_jurisdiction,Proposed Actions,2379139,Card on Jurisdictions,"Nothing renders component 2379139: it is in neither the published nor the draft section list of the_plan/jurisdictional_annexes/select_jurisdiction (superseded publish snapshot -- it sits in a block of 87 consecutively abandoned rows, the size of the page's own 92-section list, so the whole set was replaced by a later publish). The authored section is still on the page as component 2407898 (published), so the original ""Out-of-date metadata"" finding has moved there.","Nothing to edit on this row. Re-check the ""Out-of-date metadata"" finding against component 2407898, which is the row the page actually renders, then delete 2379139 in a sweep of unreferenced component rows.",Jurisdictions :: geoid,Open,,,"Was T4-126, type 4 (Out-of-date metadata).",,,,,,,Not rendering,"superseded publish snapshot -- it sits in a block of 87 consecutively abandoned rows, the size of the page's own 92-section list, so the whole set was replaced by a later publish",4,Out-of-date metadata,2407898,published - unique title + element type on the page
T8-118,8,Component not rendering on any page,Maintenance,Data hygiene,component,https://county_template.devmny.org/the_plan/jurisdictional_annexes/select_jurisdiction,the_plan/jurisdictional_annexes/select_jurisdiction,Proposed Actions,2379139,Card on Jurisdictions,"Nothing renders component 2379139: it is in neither the published nor the draft section list of the_plan/jurisdictional_annexes/select_jurisdiction (superseded publish snapshot -- it sits in a block of 87 consecutively abandoned rows, the size of the page's own 92-section list, so the whole set was replaced by a later publish). The authored section is still on the page as component 2407898 (published), so the original ""Out-of-date metadata"" finding has moved there.","Nothing to edit on this row. Re-check the ""Out-of-date metadata"" finding against component 2407898, which is the row the page actually renders, then delete 2379139 in a sweep of unreferenced component rows.",Jurisdictions :: lhmp_proposed_actions,Open,,,"Was T4-127, type 4 (Out-of-date metadata).",,,,,,,Not rendering,"superseded publish snapshot -- it sits in a block of 87 consecutively abandoned rows, the size of the page's own 92-section list, so the whole set was replaced by a later publish",4,Out-of-date metadata,2407898,published - unique title + element type on the page
T8-119,8,Component not rendering on any page,Maintenance,Data hygiene,component,https://county_template.devmny.org/the_plan/jurisdictional_annexes/select_jurisdiction,the_plan/jurisdictional_annexes/select_jurisdiction,(untitled lexical),2379141,lexical,"Nothing renders component 2379141: it is in neither the published nor the draft section list of any page (superseded publish snapshot -- it sits in a block of 87 consecutively abandoned rows, the size of the page's own 92-section list, so the whole set was replaced by a later publish). The section itself is most likely still on the_plan/jurisdictional_annexes/select_jurisdiction under a new row id, but it could not be pinned down (no current section matches its title and element type).","Re-check the ""No requirement tag"" finding against the_plan/jurisdictional_annexes/select_jurisdiction directly -- this row id is stale, but the finding may well still be open on the row that replaced it. Then delete 2379141 in a sweep of unreferenced component rows.",,Open,,,"Was T5-312, type 5 (No requirement tag).","H2, H3, C5-b, C4-a, C4-b",1468639,Progress,Proposed Actions,"inherited from LHMP_IA component ""Proposed Actions"" (Progress / Table) [realigned (component re-created since QA)]",Medium,Not rendering,"superseded publish snapshot -- it sits in a block of 87 consecutively abandoned rows, the size of the page's own 92-section list, so the whole set was replaced by a later publish",5,No requirement tag,,no current section matches its title and element type
T8-120,8,Component not rendering on any page,Maintenance,Data hygiene,component,https://county_template.devmny.org/the_plan/jurisdictional_annexes/select_jurisdiction,the_plan/jurisdictional_annexes/select_jurisdiction,Additional Context (Progress),2379142,Card on Jurisdictions,"Nothing renders component 2379142: it is in neither the published nor the draft section list of the_plan/jurisdictional_annexes/select_jurisdiction (superseded publish snapshot -- it sits in a block of 87 consecutively abandoned rows, the size of the page's own 92-section list, so the whole set was replaced by a later publish). The authored section is still on the page as component 2407901 (published), so the original ""Out-of-date metadata"" finding has moved there.","Nothing to edit on this row. Re-check the ""Out-of-date metadata"" finding against component 2407901, which is the row the page actually renders, then delete 2379142 in a sweep of unreferenced component rows.",Jurisdictions :: geoid,Open,,,"Was T4-128, type 4 (Out-of-date metadata).",,,,,,,Not rendering,"superseded publish snapshot -- it sits in a block of 87 consecutively abandoned rows, the size of the page's own 92-section list, so the whole set was replaced by a later publish",4,Out-of-date metadata,2407901,published - unique title + element type on the page
T8-121,8,Component not rendering on any page,Maintenance,Data hygiene,component,https://county_template.devmny.org/the_plan/jurisdictional_annexes/select_jurisdiction,the_plan/jurisdictional_annexes/select_jurisdiction,Additional Context (Progress),2379142,Card on Jurisdictions,"Nothing renders component 2379142: it is in neither the published nor the draft section list of the_plan/jurisdictional_annexes/select_jurisdiction (superseded publish snapshot -- it sits in a block of 87 consecutively abandoned rows, the size of the page's own 92-section list, so the whole set was replaced by a later publish). The authored section is still on the page as component 2407901 (published), so the original ""No requirement tag"" finding has moved there.","Nothing to edit on this row. Re-check the ""No requirement tag"" finding against component 2407901, which is the row the page actually renders, then delete 2379142 in a sweep of unreferenced component rows.",,Open,,,"Was T5-313, type 5 (No requirement tag).",Not Applicable,1515538,Progress,Additional Context (Progress),"LHMP_IA component ""Additional Context (Progress)"" (Progress / Card) [realigned (component re-created since QA)]",High,Not rendering,"superseded publish snapshot -- it sits in a block of 87 consecutively abandoned rows, the size of the page's own 92-section list, so the whole set was replaced by a later publish",5,No requirement tag,2407901,published - unique title + element type on the page
T8-122,8,Component not rendering on any page,Maintenance,Data hygiene,component,https://county_template.devmny.org/the_risk/natural_hazards/hurricane,the_risk/natural_hazards/hurricane,(untitled lexical),2384544,lexical,"Nothing renders component 2384544: it is in neither the published nor the draft section list of any page (superseded publish snapshot -- it sits in a block of 19 consecutively abandoned rows, the size of the page's own 74-section list, so the whole set was replaced by a later publish). The section itself is most likely still on the_risk/natural_hazards/hurricane under a new row id, but it could not be pinned down (no current section matches its title and element type).","Re-check the ""No requirement tag"" finding against the_risk/natural_hazards/hurricane directly -- this row id is stale, but the finding may well still be open on the row that replaced it. Then delete 2384544 in a sweep of unreferenced component rows.",,Open,,,"Was T5-605, type 5 (No requirement tag).",B1-a,1468367,Overview,Overview,"LHMP_IA section ""Overview"" (first section on the page) [realigned (component re-created since QA)]",Medium,Not rendering,"superseded publish snapshot -- it sits in a block of 19 consecutively abandoned rows, the size of the page's own 74-section list, so the whole set was replaced by a later publish",5,No requirement tag,,no current section matches its title and element type
T8-123,8,Component not rendering on any page,Maintenance,Data hygiene,component,https://county_template.devmny.org/the_risk/natural_hazards/hurricane,the_risk/natural_hazards/hurricane,Overview,2384545,Card on LHMP_IA,"Nothing renders component 2384545: it is in neither the published nor the draft section list of the_risk/natural_hazards/hurricane (superseded publish snapshot -- it sits in a block of 55 consecutively abandoned rows, the size of the page's own 78-section list, so the whole set was replaced by a later publish). The authored section is still on the page as component 2384264 (published), so the original ""SHMP narrative not permission-locked"" finding has moved there.","Nothing to edit on this row. Re-check the ""SHMP narrative not permission-locked"" finding against component 2384264, which is the row the page actually renders, then delete 2384545 in a sweep of unreferenced component rows.",LHMP_IA edit lock,Open,,,"Was T1-026, type 1 (SHMP narrative not permission-locked).",,,,,,,Not rendering,"superseded publish snapshot -- it sits in a block of 55 consecutively abandoned rows, the size of the page's own 78-section list, so the whole set was replaced by a later publish",1,SHMP narrative not permission-locked,2384264,published - unique title + element type on the page
T8-124,8,Component not rendering on any page,Maintenance,Data hygiene,component,https://county_template.devmny.org/the_risk/natural_hazards/hurricane,the_risk/natural_hazards/hurricane,Hazard of Concern,2384547,Card on Hazards_of_Concern,"Nothing renders component 2384547: it is in neither the published nor the draft section list of the_risk/natural_hazards/hurricane (superseded publish snapshot -- it sits in a block of 19 consecutively abandoned rows, the size of the page's own 74-section list, so the whole set was replaced by a later publish). The authored section is still on the page as component 2410203 (published), so the original ""Out-of-date metadata"" finding has moved there.","Nothing to edit on this row. Re-check the ""Out-of-date metadata"" finding against component 2410203, which is the row the page actually renders, then delete 2384547 in a sweep of unreferenced component rows.",Hazards_of_Concern :: hazard,Open,,,"Was T4-204, type 4 (Out-of-date metadata).",,,,,,,Not rendering,"superseded publish snapshot -- it sits in a block of 19 consecutively abandoned rows, the size of the page's own 74-section list, so the whole set was replaced by a later publish",4,Out-of-date metadata,2410203,published - unique title + element type on the page
T8-125,8,Component not rendering on any page,Maintenance,Data hygiene,component,https://county_template.devmny.org/the_risk/natural_hazards/hurricane,the_risk/natural_hazards/hurricane,Hazard of Concern,2384547,Card on Hazards_of_Concern,"Nothing renders component 2384547: it is in neither the published nor the draft section list of the_risk/natural_hazards/hurricane (superseded publish snapshot -- it sits in a block of 19 consecutively abandoned rows, the size of the page's own 74-section list, so the whole set was replaced by a later publish). The authored section is still on the page as component 2410203 (published), so the original ""Out-of-date metadata"" finding has moved there.","Nothing to edit on this row. Re-check the ""Out-of-date metadata"" finding against component 2410203, which is the row the page actually renders, then delete 2384547 in a sweep of unreferenced component rows.",Hazards_of_Concern :: hazard,Open,,,"Was T4-205, type 4 (Out-of-date metadata).",,,,,,,Not rendering,"superseded publish snapshot -- it sits in a block of 19 consecutively abandoned rows, the size of the page's own 74-section list, so the whole set was replaced by a later publish",4,Out-of-date metadata,2410203,published - unique title + element type on the page
T8-126,8,Component not rendering on any page,Maintenance,Data hygiene,component,https://county_template.devmny.org/the_risk/natural_hazards/hurricane,the_risk/natural_hazards/hurricane,Hazard of Concern,2384547,Card on Hazards_of_Concern,"Nothing renders component 2384547: it is in neither the published nor the draft section list of the_risk/natural_hazards/hurricane (superseded publish snapshot -- it sits in a block of 19 consecutively abandoned rows, the size of the page's own 74-section list, so the whole set was replaced by a later publish). The authored section is still on the page as component 2410203 (published), so the original ""Out-of-date metadata"" finding has moved there.","Nothing to edit on this row. Re-check the ""Out-of-date metadata"" finding against component 2410203, which is the row the page actually renders, then delete 2384547 in a sweep of unreferenced component rows.",Hazards_of_Concern :: hazard_of_concern,Open,,,"Was T4-206, type 4 (Out-of-date metadata).",,,,,,,Not rendering,"superseded publish snapshot -- it sits in a block of 19 consecutively abandoned rows, the size of the page's own 74-section list, so the whole set was replaced by a later publish",4,Out-of-date metadata,2410203,published - unique title + element type on the page
T8-127,8,Component not rendering on any page,Maintenance,Data hygiene,component,https://county_template.devmny.org/the_risk/natural_hazards/hurricane,the_risk/natural_hazards/hurricane,Hazard of Concern,2384547,Card on Hazards_of_Concern,"Nothing renders component 2384547: it is in neither the published nor the draft section list of the_risk/natural_hazards/hurricane (superseded publish snapshot -- it sits in a block of 19 consecutively abandoned rows, the size of the page's own 74-section list, so the whole set was replaced by a later publish). The authored section is still on the page as component 2410203 (published), so the original ""Out-of-date metadata"" finding has moved there.","Nothing to edit on this row. Re-check the ""Out-of-date metadata"" finding against component 2410203, which is the row the page actually renders, then delete 2384547 in a sweep of unreferenced component rows.",Hazards_of_Concern :: geoid_county,Open,,,"Was T4-207, type 4 (Out-of-date metadata).",,,,,,,Not rendering,"superseded publish snapshot -- it sits in a block of 19 consecutively abandoned rows, the size of the page's own 74-section list, so the whole set was replaced by a later publish",4,Out-of-date metadata,2410203,published - unique title + element type on the page
T8-128,8,Component not rendering on any page,Maintenance,Data hygiene,component,https://county_template.devmny.org/the_risk/natural_hazards/hurricane,the_risk/natural_hazards/hurricane,Hazard of Concern,2384547,Card on Hazards_of_Concern,"Nothing renders component 2384547: it is in neither the published nor the draft section list of the_risk/natural_hazards/hurricane (superseded publish snapshot -- it sits in a block of 19 consecutively abandoned rows, the size of the page's own 74-section list, so the whole set was replaced by a later publish). The authored section is still on the page as component 2410203 (published), so the original ""Out-of-date metadata"" finding has moved there.","Nothing to edit on this row. Re-check the ""Out-of-date metadata"" finding against component 2410203, which is the row the page actually renders, then delete 2384547 in a sweep of unreferenced component rows.",Hazards_of_Concern :: geoid_juris,Open,,,"Was T4-208, type 4 (Out-of-date metadata).",,,,,,,Not rendering,"superseded publish snapshot -- it sits in a block of 19 consecutively abandoned rows, the size of the page's own 74-section list, so the whole set was replaced by a later publish",4,Out-of-date metadata,2410203,published - unique title + element type on the page
T8-129,8,Component not rendering on any page,Maintenance,Data hygiene,component,https://county_template.devmny.org/the_risk/natural_hazards/hurricane,the_risk/natural_hazards/hurricane,Hazard of Concern,2384547,Card on Hazards_of_Concern,"Nothing renders component 2384547: it is in neither the published nor the draft section list of the_risk/natural_hazards/hurricane (superseded publish snapshot -- it sits in a block of 19 consecutively abandoned rows, the size of the page's own 74-section list, so the whole set was replaced by a later publish). The authored section is still on the page as component 2410203 (published), so the original ""No requirement tag"" finding has moved there.","Nothing to edit on this row. Re-check the ""No requirement tag"" finding against component 2410203, which is the row the page actually renders, then delete 2384547 in a sweep of unreferenced component rows.",,Open,,,"Was T5-606, type 5 (No requirement tag).","B1-d, B1-e, B2-b",1468376,Overview,Hero Stats,"LHMP_IA component ""Hero Stats"" (Overview / Card) [realigned (component re-created since QA)]",High,Not rendering,"superseded publish snapshot -- it sits in a block of 19 consecutively abandoned rows, the size of the page's own 74-section list, so the whole set was replaced by a later publish",5,No requirement tag,2410203,published - unique title + element type on the page
T8-130,8,Component not rendering on any page,Maintenance,Data hygiene,component,https://county_template.devmny.org/the_risk/natural_hazards/hurricane,the_risk/natural_hazards/hurricane,Modeled RIsk,2384548,Card on src 1508,"Nothing renders component 2384548: it is in neither the published nor the draft section list of any page (superseded publish snapshot -- it sits in a block of 55 consecutively abandoned rows, the size of the page's own 78-section list, so the whole set was replaced by a later publish). The section itself is most likely still on the_risk/natural_hazards/hurricane under a new row id, but it could not be pinned down (no current section matches its title and element type).","Re-check the ""No requirement tag"" finding against the_risk/natural_hazards/hurricane directly -- this row id is stale, but the finding may well still be open on the row that replaced it. Then delete 2384548 in a sweep of unreferenced component rows.",,Open,,,"Was T5-607, type 5 (No requirement tag).","B1-d, B1-e, B2-b",1468376,Overview,Hero Stats,"LHMP_IA component ""Hero Stats"" (Overview / Card) [realigned (component re-created since QA)]",High,Not rendering,"superseded publish snapshot -- it sits in a block of 55 consecutively abandoned rows, the size of the page's own 78-section list, so the whole set was replaced by a later publish",5,No requirement tag,,no current section matches its title and element type
T8-131,8,Component not rendering on any page,Maintenance,Data hygiene,component,https://county_template.devmny.org/the_risk/natural_hazards/hurricane,the_risk/natural_hazards/hurricane,Historical Risk,2384549,Card,"Nothing renders component 2384549: it is in neither the published nor the draft section list of the_risk/natural_hazards/hurricane (superseded publish snapshot -- it sits in a block of 55 consecutively abandoned rows, the size of the page's own 78-section list, so the whole set was replaced by a later publish). The authored section is still on the page as component 2384268 (published), so the original ""No requirement tag"" finding has moved there.","Nothing to edit on this row. Re-check the ""No requirement tag"" finding against component 2384268, which is the row the page actually renders, then delete 2384549 in a sweep of unreferenced component rows.",,Open,,,"Was T5-608, type 5 (No requirement tag).","B1-d, B1-e, B2-b",1468376,Overview,Hero Stats,"LHMP_IA component ""Hero Stats"" (Overview / Card) [realigned (component re-created since QA)]",High,Not rendering,"superseded publish snapshot -- it sits in a block of 55 consecutively abandoned rows, the size of the page's own 78-section list, so the whole set was replaced by a later publish",5,No requirement tag,2384268,published - unique title + element type on the page
T8-132,8,Component not rendering on any page,Maintenance,Data hygiene,component,https://county_template.devmny.org/the_risk/natural_hazards/hurricane,the_risk/natural_hazards/hurricane,(untitled lexical),2384550,lexical,"Nothing renders component 2384550: it is in neither the published nor the draft section list of any page (superseded publish snapshot -- it sits in a block of 55 consecutively abandoned rows, the size of the page's own 78-section list, so the whole set was replaced by a later publish). The section itself is most likely still on the_risk/natural_hazards/hurricane under a new row id, but it could not be pinned down (no current section matches its title and element type).","Re-check the ""No requirement tag"" finding against the_risk/natural_hazards/hurricane directly -- this row id is stale, but the finding may well still be open on the row that replaced it. Then delete 2384550 in a sweep of unreferenced component rows.",,Open,,,"Was T5-609, type 5 (No requirement tag).","B1-d, B1-e, B2-b",1468376,Overview,Hero Stats,"inherited from LHMP_IA component ""Hero Stats"" (Overview / Card) [realigned (component re-created since QA)]",Medium,Not rendering,"superseded publish snapshot -- it sits in a block of 55 consecutively abandoned rows, the size of the page's own 78-section list, so the whole set was replaced by a later publish",5,No requirement tag,,no current section matches its title and element type
T8-133,8,Component not rendering on any page,Maintenance,Data hygiene,component,https://county_template.devmny.org/the_risk/natural_hazards/hurricane,the_risk/natural_hazards/hurricane,(untitled lexical),2384552,lexical,"Nothing renders component 2384552: it is in neither the published nor the draft section list of any page (superseded publish snapshot -- it sits in a block of 55 consecutively abandoned rows, the size of the page's own 78-section list, so the whole set was replaced by a later publish). The section itself is most likely still on the_risk/natural_hazards/hurricane under a new row id, but it could not be pinned down (no current section matches its title and element type).","Re-check the ""No requirement tag"" finding against the_risk/natural_hazards/hurricane directly -- this row id is stale, but the finding may well still be open on the row that replaced it. Then delete 2384552 in a sweep of unreferenced component rows.",,Open,,,"Was T5-610, type 5 (No requirement tag).","B1-d, B1-e, B2-b",1468376,Overview,Hero Stats,"inherited from LHMP_IA component ""Hero Stats"" (Overview / Card) [realigned (component re-created since QA)]",Medium,Not rendering,"superseded publish snapshot -- it sits in a block of 55 consecutively abandoned rows, the size of the page's own 78-section list, so the whole set was replaced by a later publish",5,No requirement tag,,no current section matches its title and element type
T8-134,8,Component not rendering on any page,Maintenance,Data hygiene,component,https://county_template.devmny.org/the_risk/natural_hazards/hurricane,the_risk/natural_hazards/hurricane,Local Hazard Summary,2384553,lexical,"Nothing renders component 2384553: it is in neither the published nor the draft section list of the_risk/natural_hazards/hurricane (superseded publish snapshot -- it sits in a block of 19 consecutively abandoned rows, the size of the page's own 74-section list, so the whole set was replaced by a later publish). The authored section is still on the page as component 2410213 (published), so the original ""No requirement tag"" finding has moved there.","Nothing to edit on this row. Re-check the ""No requirement tag"" finding against component 2410213, which is the row the page actually renders, then delete 2384553 in a sweep of unreferenced component rows.",,Open,,,"Was T5-611, type 5 (No requirement tag).","B2-a, B2-b",1468384,Overview,General Vulnerability,"LHMP_IA section ""Overview"" (via ""General Vulnerability"") [realigned (component re-created since QA)]",Medium,Not rendering,"superseded publish snapshot -- it sits in a block of 19 consecutively abandoned rows, the size of the page's own 74-section list, so the whole set was replaced by a later publish",5,No requirement tag,2410213,published - unique title + element type on the page
T8-135,8,Component not rendering on any page,Maintenance,Data hygiene,component,https://county_template.devmny.org/the_risk/natural_hazards/hurricane,the_risk/natural_hazards/hurricane,General Vulnerability,2384554,Card on LHMP_IA,"Nothing renders component 2384554: it is in neither the published nor the draft section list of the_risk/natural_hazards/hurricane (superseded publish snapshot -- it sits in a block of 55 consecutively abandoned rows, the size of the page's own 78-section list, so the whole set was replaced by a later publish). The authored section is still on the page as component 2384273 (published), so the original ""SHMP narrative not permission-locked"" finding has moved there.","Nothing to edit on this row. Re-check the ""SHMP narrative not permission-locked"" finding against component 2384273, which is the row the page actually renders, then delete 2384554 in a sweep of unreferenced component rows.",LHMP_IA edit lock,Open,,,"Was T1-027, type 1 (SHMP narrative not permission-locked).",,,,,,,Not rendering,"superseded publish snapshot -- it sits in a block of 55 consecutively abandoned rows, the size of the page's own 78-section list, so the whole set was replaced by a later publish",1,SHMP narrative not permission-locked,2384273,published - unique title + element type on the page
T8-136,8,Component not rendering on any page,Maintenance,Data hygiene,component,https://county_template.devmny.org/the_risk/natural_hazards/hurricane,the_risk/natural_hazards/hurricane,(untitled Card),2384555,Card on LHMP_IA,"Nothing renders component 2384555: it is in neither the published nor the draft section list of any page (superseded publish snapshot -- it sits in a block of 55 consecutively abandoned rows, the size of the page's own 78-section list, so the whole set was replaced by a later publish). The section itself is most likely still on the_risk/natural_hazards/hurricane under a new row id, but it could not be pinned down (no current section matches its title and element type).","Re-check the ""SHMP narrative not permission-locked"" finding against the_risk/natural_hazards/hurricane directly -- this row id is stale, but the finding may well still be open on the row that replaced it. Then delete 2384555 in a sweep of unreferenced component rows.",LHMP_IA edit lock,Open,,,"Was T1-028, type 1 (SHMP narrative not permission-locked).",,,,,,,Not rendering,"superseded publish snapshot -- it sits in a block of 55 consecutively abandoned rows, the size of the page's own 78-section list, so the whole set was replaced by a later publish",1,SHMP narrative not permission-locked,,no current section matches its title and element type
T8-137,8,Component not rendering on any page,Maintenance,Data hygiene,component,https://county_template.devmny.org/the_risk/natural_hazards/hurricane,the_risk/natural_hazards/hurricane,(untitled Spreadsheet),2384557,Spreadsheet on R_and_V_Matrix,"Nothing renders component 2384557: it is in neither the published nor the draft section list of any page (superseded publish snapshot -- it sits in a block of 55 consecutively abandoned rows, the size of the page's own 78-section list, so the whole set was replaced by a later publish). The section itself is most likely still on the_risk/natural_hazards/hurricane under a new row id, but it could not be pinned down (no current section matches its title and element type).","Re-check the ""Out-of-date metadata"" finding against the_risk/natural_hazards/hurricane directly -- this row id is stale, but the finding may well still be open on the row that replaced it. Then delete 2384557 in a sweep of unreferenced component rows.",R_and_V_Matrix :: coastal_hazards,Open,,,"Was T4-209, type 4 (Out-of-date metadata).",,,,,,,Not rendering,"superseded publish snapshot -- it sits in a block of 55 consecutively abandoned rows, the size of the page's own 78-section list, so the whole set was replaced by a later publish",4,Out-of-date metadata,,no current section matches its title and element type
T8-138,8,Component not rendering on any page,Maintenance,Data hygiene,component,https://county_template.devmny.org/the_risk/natural_hazards/hurricane,the_risk/natural_hazards/hurricane,(untitled Spreadsheet),2384557,Spreadsheet on R_and_V_Matrix,"Nothing renders component 2384557: it is in neither the published nor the draft section list of any page (superseded publish snapshot -- it sits in a block of 55 consecutively abandoned rows, the size of the page's own 78-section list, so the whole set was replaced by a later publish). The section itself is most likely still on the_risk/natural_hazards/hurricane under a new row id, but it could not be pinned down (no current section matches its title and element type).","Re-check the ""Out-of-date metadata"" finding against the_risk/natural_hazards/hurricane directly -- this row id is stale, but the finding may well still be open on the row that replaced it. Then delete 2384557 in a sweep of unreferenced component rows.",R_and_V_Matrix :: extreme_cold,Open,,,"Was T4-210, type 4 (Out-of-date metadata).",,,,,,,Not rendering,"superseded publish snapshot -- it sits in a block of 55 consecutively abandoned rows, the size of the page's own 78-section list, so the whole set was replaced by a later publish",4,Out-of-date metadata,,no current section matches its title and element type
T8-139,8,Component not rendering on any page,Maintenance,Data hygiene,component,https://county_template.devmny.org/the_risk/natural_hazards/hurricane,the_risk/natural_hazards/hurricane,Historic Occurrences,2384558,Card on LHMP_IA,"Nothing renders component 2384558: it is in neither the published nor the draft section list of the_risk/natural_hazards/hurricane (superseded publish snapshot -- it sits in a block of 55 consecutively abandoned rows, the size of the page's own 78-section list, so the whole set was replaced by a later publish). The authored section is still on the page as component 2384277 (published), so the original ""SHMP narrative not permission-locked"" finding has moved there.","Nothing to edit on this row. Re-check the ""SHMP narrative not permission-locked"" finding against component 2384277, which is the row the page actually renders, then delete 2384558 in a sweep of unreferenced component rows.",LHMP_IA edit lock,Open,,,"Was T1-029, type 1 (SHMP narrative not permission-locked).",,,,,,,Not rendering,"superseded publish snapshot -- it sits in a block of 55 consecutively abandoned rows, the size of the page's own 78-section list, so the whole set was replaced by a later publish",1,SHMP narrative not permission-locked,2384277,published - unique title + element type on the page
T8-140,8,Component not rendering on any page,Maintenance,Data hygiene,component,https://county_template.devmny.org/the_risk/natural_hazards/hurricane,the_risk/natural_hazards/hurricane,Total Events and Losses in $: Declared Disasters and Non-Declared Events,2384560,Card on LHMP_IA,"Nothing renders component 2384560: it is in neither the published nor the draft section list of the_risk/natural_hazards/hurricane (superseded publish snapshot -- it sits in a block of 55 consecutively abandoned rows, the size of the page's own 78-section list, so the whole set was replaced by a later publish). The authored section is still on the page as component 2384279 (published), so the original ""No requirement tag"" finding has moved there.","Nothing to edit on this row. Re-check the ""No requirement tag"" finding against component 2384279, which is the row the page actually renders, then delete 2384560 in a sweep of unreferenced component rows.",,Open,,,"Was T5-612, type 5 (No requirement tag).",B1-d,1468416,Historic Occurrences,Historic Occurrences,"inherited from LHMP_IA component ""Historic Occurrences"" (Historic Occurrences / Card) [realigned (component re-created since QA)]",Medium,Not rendering,"superseded publish snapshot -- it sits in a block of 55 consecutively abandoned rows, the size of the page's own 78-section list, so the whole set was replaced by a later publish",5,No requirement tag,2384279,published - unique title + element type on the page
T8-141,8,Component not rendering on any page,Maintenance,Data hygiene,component,https://county_template.devmny.org/the_risk/natural_hazards/hurricane,the_risk/natural_hazards/hurricane,(untitled lexical),2384565,lexical,"Nothing renders component 2384565: it is in neither the published nor the draft section list of any page (superseded publish snapshot -- it sits in a block of 55 consecutively abandoned rows, the size of the page's own 78-section list, so the whole set was replaced by a later publish). The section itself is most likely still on the_risk/natural_hazards/hurricane under a new row id, but it could not be pinned down (no current section matches its title and element type).","Re-check the ""No requirement tag"" finding against the_risk/natural_hazards/hurricane directly -- this row id is stale, but the finding may well still be open on the row that replaced it. Then delete 2384565 in a sweep of unreferenced component rows.",,Open,,,"Was T5-613, type 5 (No requirement tag).",B1-d,1468423,Historic Occurrences,Number of Events by County Municipality,"inherited from LHMP_IA component ""Number of Events by County Municipality"" (Historic Occurrences / Map) [realigned (component re-created since QA)]",Medium,Not rendering,"superseded publish snapshot -- it sits in a block of 55 consecutively abandoned rows, the size of the page's own 78-section list, so the whole set was replaced by a later publish",5,No requirement tag,,no current section matches its title and element type
T8-142,8,Component not rendering on any page,Maintenance,Data hygiene,component,https://county_template.devmny.org/the_risk/natural_hazards/hurricane,the_risk/natural_hazards/hurricane,(untitled lexical),2384568,lexical,"Nothing renders component 2384568: it is in neither the published nor the draft section list of any page (superseded publish snapshot -- it sits in a block of 55 consecutively abandoned rows, the size of the page's own 78-section list, so the whole set was replaced by a later publish). The section itself is most likely still on the_risk/natural_hazards/hurricane under a new row id, but it could not be pinned down (no current section matches its title and element type).","Re-check the ""No requirement tag"" finding against the_risk/natural_hazards/hurricane directly -- this row id is stale, but the finding may well still be open on the row that replaced it. Then delete 2384568 in a sweep of unreferenced component rows.",,Open,,,"Was T5-614, type 5 (No requirement tag).",B1-d,1468423,Historic Occurrences,Number of Events by County Municipality,"inherited from LHMP_IA component ""Number of Events by County Municipality"" (Historic Occurrences / Map) [realigned (component re-created since QA)]",Medium,Not rendering,"superseded publish snapshot -- it sits in a block of 55 consecutively abandoned rows, the size of the page's own 78-section list, so the whole set was replaced by a later publish",5,No requirement tag,,no current section matches its title and element type
T8-143,8,Component not rendering on any page,Maintenance,Data hygiene,component,https://county_template.devmny.org/the_risk/natural_hazards/hurricane,the_risk/natural_hazards/hurricane,(untitled Card),2384572,Card on LHMP_IA,"Nothing renders component 2384572: it is in neither the published nor the draft section list of any page (superseded publish snapshot -- it sits in a block of 19 consecutively abandoned rows, the size of the page's own 74-section list, so the whole set was replaced by a later publish). The section itself is most likely still on the_risk/natural_hazards/hurricane under a new row id, but it could not be pinned down (no current section matches its title and element type).","Re-check the ""No requirement tag"" finding against the_risk/natural_hazards/hurricane directly -- this row id is stale, but the finding may well still be open on the row that replaced it. Then delete 2384572 in a sweep of unreferenced component rows.",,Open,,,"Was T5-615, type 5 (No requirement tag).",B1-d,1468427,Historic Occurrences,Presidential Disaster Declarations,"inherited from LHMP_IA component ""Presidential Disaster Declarations"" (Historic Occurrences / Card) [realigned (component re-created since QA)]",Medium,Not rendering,"superseded publish snapshot -- it sits in a block of 19 consecutively abandoned rows, the size of the page's own 74-section list, so the whole set was replaced by a later publish",5,No requirement tag,,no current section matches its title and element type
T8-144,8,Component not rendering on any page,Maintenance,Data hygiene,component,https://county_template.devmny.org/the_risk/natural_hazards/hurricane,the_risk/natural_hazards/hurricane,(untitled Spreadsheet),2384573,Spreadsheet on src 870,"Nothing renders component 2384573: it is in neither the published nor the draft section list of any page (superseded publish snapshot -- it sits in a block of 55 consecutively abandoned rows, the size of the page's own 78-section list, so the whole set was replaced by a later publish). The section itself is most likely still on the_risk/natural_hazards/hurricane under a new row id, but it could not be pinned down (no current section matches its title and element type).","Re-check the ""No requirement tag"" finding against the_risk/natural_hazards/hurricane directly -- this row id is stale, but the finding may well still be open on the row that replaced it. Then delete 2384573 in a sweep of unreferenced component rows.",,Open,,,"Was T5-616, type 5 (No requirement tag).",B1-d,1468427,Historic Occurrences,Presidential Disaster Declarations,"inherited from LHMP_IA component ""Presidential Disaster Declarations"" (Historic Occurrences / Card) [realigned (component re-created since QA)]",Medium,Not rendering,"superseded publish snapshot -- it sits in a block of 55 consecutively abandoned rows, the size of the page's own 78-section list, so the whole set was replaced by a later publish",5,No requirement tag,,no current section matches its title and element type
T8-145,8,Component not rendering on any page,Maintenance,Data hygiene,component,https://county_template.devmny.org/the_risk/natural_hazards/hurricane,the_risk/natural_hazards/hurricane,(untitled lexical),2384574,lexical,"Nothing renders component 2384574: it is in neither the published nor the draft section list of any page (superseded publish snapshot -- it sits in a block of 19 consecutively abandoned rows, the size of the page's own 74-section list, so the whole set was replaced by a later publish). The section itself is most likely still on the_risk/natural_hazards/hurricane under a new row id, but it could not be pinned down (no current section matches its title and element type).","Re-check the ""No requirement tag"" finding against the_risk/natural_hazards/hurricane directly -- this row id is stale, but the finding may well still be open on the row that replaced it. Then delete 2384574 in a sweep of unreferenced component rows.",,Open,,,"Was T5-617, type 5 (No requirement tag).",B1-d,1468427,Historic Occurrences,Presidential Disaster Declarations,"inherited from LHMP_IA component ""Presidential Disaster Declarations"" (Historic Occurrences / Card) [realigned (component re-created since QA)]",Medium,Not rendering,"superseded publish snapshot -- it sits in a block of 19 consecutively abandoned rows, the size of the page's own 74-section list, so the whole set was replaced by a later publish",5,No requirement tag,,no current section matches its title and element type
T8-146,8,Component not rendering on any page,Maintenance,Data hygiene,component,https://county_template.devmny.org/the_risk/natural_hazards/hurricane,the_risk/natural_hazards/hurricane,(untitled lexical),2384579,lexical,"Nothing renders component 2384579: it is in neither the published nor the draft section list of any page (superseded publish snapshot -- it sits in a block of 19 consecutively abandoned rows, the size of the page's own 74-section list, so the whole set was replaced by a later publish). The section itself is most likely still on the_risk/natural_hazards/hurricane under a new row id, but it could not be pinned down (no current section matches its title and element type).","Re-check the ""No requirement tag"" finding against the_risk/natural_hazards/hurricane directly -- this row id is stale, but the finding may well still be open on the row that replaced it. Then delete 2384579 in a sweep of unreferenced component rows.",,Open,,,"Was T5-618, type 5 (No requirement tag).",B1-d,1468431,Historic Occurrences,Other Hazard Events,"inherited from LHMP_IA component ""Other Hazard Events"" (Historic Occurrences / Card) [realigned (component re-created since QA)]",Medium,Not rendering,"superseded publish snapshot -- it sits in a block of 19 consecutively abandoned rows, the size of the page's own 74-section list, so the whole set was replaced by a later publish",5,No requirement tag,,no current section matches its title and element type
T8-147,8,Component not rendering on any page,Maintenance,Data hygiene,component,https://county_template.devmny.org/the_risk/natural_hazards/hurricane,the_risk/natural_hazards/hurricane,Local Risk Assessment,2384581,lexical,"Nothing renders component 2384581: it is in neither the published nor the draft section list of the_risk/natural_hazards/hurricane (superseded publish snapshot -- it sits in a block of 55 consecutively abandoned rows, the size of the page's own 78-section list, so the whole set was replaced by a later publish). The authored section is still on the page as component 2384300 (published), so the original ""No requirement tag"" finding has moved there.","Nothing to edit on this row. Re-check the ""No requirement tag"" finding against component 2384300, which is the row the page actually renders, then delete 2384581 in a sweep of unreferenced component rows.",,Open,,,"Was T5-619, type 5 (No requirement tag).","B2-a, B2-b",1468438,Modeled Risks (NRI),Built Environment Overview,"LHMP_IA section ""Modeled Risks (NRI)"" (via ""Built Environment Overview"") [realigned (component re-created since QA)]",Medium,Not rendering,"superseded publish snapshot -- it sits in a block of 55 consecutively abandoned rows, the size of the page's own 78-section list, so the whole set was replaced by a later publish",5,No requirement tag,2384300,published - unique title + element type on the page
T8-148,8,Component not rendering on any page,Maintenance,Data hygiene,component,https://county_template.devmny.org/the_risk/natural_hazards/hurricane,the_risk/natural_hazards/hurricane,(untitled lexical),2384582,lexical,"Nothing renders component 2384582: it is in neither the published nor the draft section list of any page (superseded publish snapshot -- it sits in a block of 19 consecutively abandoned rows, the size of the page's own 74-section list, so the whole set was replaced by a later publish). The section itself is most likely still on the_risk/natural_hazards/hurricane under a new row id, but it could not be pinned down (no current section matches its title and element type).","Re-check the ""No requirement tag"" finding against the_risk/natural_hazards/hurricane directly -- this row id is stale, but the finding may well still be open on the row that replaced it. Then delete 2384582 in a sweep of unreferenced component rows.",,Open,,,"Was T5-620, type 5 (No requirement tag).","B2-a, B2-b",1468438,Modeled Risks (NRI),Built Environment Overview,"inherited from LHMP_IA section ""Modeled Risks (NRI)"" (via ""Built Environment Overview"") [realigned (component re-created since QA)]",Medium,Not rendering,"superseded publish snapshot -- it sits in a block of 19 consecutively abandoned rows, the size of the page's own 74-section list, so the whole set was replaced by a later publish",5,No requirement tag,,no current section matches its title and element type
T8-149,8,Component not rendering on any page,Maintenance,Data hygiene,component,https://county_template.devmny.org/the_risk/natural_hazards/hurricane,the_risk/natural_hazards/hurricane,(untitled Card),2384584,Card,"Nothing renders component 2384584: it is in neither the published nor the draft section list of any page (superseded publish snapshot -- it sits in a block of 55 consecutively abandoned rows, the size of the page's own 78-section list, so the whole set was replaced by a later publish). The section itself is most likely still on the_risk/natural_hazards/hurricane under a new row id, but it could not be pinned down (no current section matches its title and element type).","Re-check the ""No requirement tag"" finding against the_risk/natural_hazards/hurricane directly -- this row id is stale, but the finding may well still be open on the row that replaced it. Then delete 2384584 in a sweep of unreferenced component rows.",,Open,,,"Was T5-621, type 5 (No requirement tag).","B2-a, B2-b",1468397,Local Impacts,County Level,"inherited from LHMP_IA section ""Local Impacts"" (via ""County Level"") [realigned (component re-created since QA)]",Medium,Not rendering,"superseded publish snapshot -- it sits in a block of 55 consecutively abandoned rows, the size of the page's own 78-section list, so the whole set was replaced by a later publish",5,No requirement tag,,no current section matches its title and element type
T8-150,8,Component not rendering on any page,Maintenance,Data hygiene,component,https://county_template.devmny.org/the_risk/natural_hazards/hurricane,the_risk/natural_hazards/hurricane,(untitled lexical),2384585,lexical,"Nothing renders component 2384585: it is in neither the published nor the draft section list of any page (superseded publish snapshot -- it sits in a block of 19 consecutively abandoned rows, the size of the page's own 74-section list, so the whole set was replaced by a later publish). The section itself is most likely still on the_risk/natural_hazards/hurricane under a new row id, but it could not be pinned down (no current section matches its title and element type).","Re-check the ""No requirement tag"" finding against the_risk/natural_hazards/hurricane directly -- this row id is stale, but the finding may well still be open on the row that replaced it. Then delete 2384585 in a sweep of unreferenced component rows.",,Open,,,"Was T5-622, type 5 (No requirement tag).","B2-a, B2-b",1468397,Local Impacts,County Level,"inherited from LHMP_IA section ""Local Impacts"" (via ""County Level"") [realigned (component re-created since QA)]",Medium,Not rendering,"superseded publish snapshot -- it sits in a block of 19 consecutively abandoned rows, the size of the page's own 74-section list, so the whole set was replaced by a later publish",5,No requirement tag,,no current section matches its title and element type
T8-151,8,Component not rendering on any page,Maintenance,Data hygiene,component,https://county_template.devmny.org/the_risk/natural_hazards/hurricane,the_risk/natural_hazards/hurricane,(untitled Spreadsheet),2384587,Spreadsheet on Hazards_of_Concern,"Nothing renders component 2384587: it is in neither the published nor the draft section list of any page (superseded publish snapshot -- it sits in a block of 55 consecutively abandoned rows, the size of the page's own 78-section list, so the whole set was replaced by a later publish). The section itself is most likely still on the_risk/natural_hazards/hurricane under a new row id, but it could not be pinned down (no current section matches its title and element type).","Re-check the ""Out-of-date metadata"" finding against the_risk/natural_hazards/hurricane directly -- this row id is stale, but the finding may well still be open on the row that replaced it. Then delete 2384587 in a sweep of unreferenced component rows.",Hazards_of_Concern :: geoid_county,Open,,,"Was T4-211, type 4 (Out-of-date metadata).",,,,,,,Not rendering,"superseded publish snapshot -- it sits in a block of 55 consecutively abandoned rows, the size of the page's own 78-section list, so the whole set was replaced by a later publish",4,Out-of-date metadata,,no current section matches its title and element type
T8-152,8,Component not rendering on any page,Maintenance,Data hygiene,component,https://county_template.devmny.org/the_risk/natural_hazards/hurricane,the_risk/natural_hazards/hurricane,(untitled Spreadsheet),2384587,Spreadsheet on Hazards_of_Concern,"Nothing renders component 2384587: it is in neither the published nor the draft section list of any page (superseded publish snapshot -- it sits in a block of 55 consecutively abandoned rows, the size of the page's own 78-section list, so the whole set was replaced by a later publish). The section itself is most likely still on the_risk/natural_hazards/hurricane under a new row id, but it could not be pinned down (no current section matches its title and element type).","Re-check the ""Out-of-date metadata"" finding against the_risk/natural_hazards/hurricane directly -- this row id is stale, but the finding may well still be open on the row that replaced it. Then delete 2384587 in a sweep of unreferenced component rows.",Hazards_of_Concern :: geoid_juris,Open,,,"Was T4-212, type 4 (Out-of-date metadata).",,,,,,,Not rendering,"superseded publish snapshot -- it sits in a block of 55 consecutively abandoned rows, the size of the page's own 78-section list, so the whole set was replaced by a later publish",4,Out-of-date metadata,,no current section matches its title and element type
T8-153,8,Component not rendering on any page,Maintenance,Data hygiene,component,https://county_template.devmny.org/the_risk/natural_hazards/hurricane,the_risk/natural_hazards/hurricane,(untitled Spreadsheet),2384587,Spreadsheet on Hazards_of_Concern,"Nothing renders component 2384587: it is in neither the published nor the draft section list of any page (superseded publish snapshot -- it sits in a block of 55 consecutively abandoned rows, the size of the page's own 78-section list, so the whole set was replaced by a later publish). The section itself is most likely still on the_risk/natural_hazards/hurricane under a new row id, but it could not be pinned down (no current section matches its title and element type).","Re-check the ""Out-of-date metadata"" finding against the_risk/natural_hazards/hurricane directly -- this row id is stale, but the finding may well still be open on the row that replaced it. Then delete 2384587 in a sweep of unreferenced component rows.",Hazards_of_Concern :: hazard,Open,,,"Was T4-213, type 4 (Out-of-date metadata).",,,,,,,Not rendering,"superseded publish snapshot -- it sits in a block of 55 consecutively abandoned rows, the size of the page's own 78-section list, so the whole set was replaced by a later publish",4,Out-of-date metadata,,no current section matches its title and element type
T8-154,8,Component not rendering on any page,Maintenance,Data hygiene,component,https://county_template.devmny.org/the_risk/natural_hazards/hurricane,the_risk/natural_hazards/hurricane,(untitled Spreadsheet),2384587,Spreadsheet on Hazards_of_Concern,"Nothing renders component 2384587: it is in neither the published nor the draft section list of any page (superseded publish snapshot -- it sits in a block of 55 consecutively abandoned rows, the size of the page's own 78-section list, so the whole set was replaced by a later publish). The section itself is most likely still on the_risk/natural_hazards/hurricane under a new row id, but it could not be pinned down (no current section matches its title and element type).","Re-check the ""Out-of-date metadata"" finding against the_risk/natural_hazards/hurricane directly -- this row id is stale, but the finding may well still be open on the row that replaced it. Then delete 2384587 in a sweep of unreferenced component rows.",Hazards_of_Concern :: likelihood,Open,,,"Was T4-214, type 4 (Out-of-date metadata).",,,,,,,Not rendering,"superseded publish snapshot -- it sits in a block of 55 consecutively abandoned rows, the size of the page's own 78-section list, so the whole set was replaced by a later publish",4,Out-of-date metadata,,no current section matches its title and element type
T8-155,8,Component not rendering on any page,Maintenance,Data hygiene,component,https://county_template.devmny.org/the_risk/natural_hazards/hurricane,the_risk/natural_hazards/hurricane,(untitled Spreadsheet),2384587,Spreadsheet on Hazards_of_Concern,"Nothing renders component 2384587: it is in neither the published nor the draft section list of any page (superseded publish snapshot -- it sits in a block of 55 consecutively abandoned rows, the size of the page's own 78-section list, so the whole set was replaced by a later publish). The section itself is most likely still on the_risk/natural_hazards/hurricane under a new row id, but it could not be pinned down (no current section matches its title and element type).","Re-check the ""Out-of-date metadata"" finding against the_risk/natural_hazards/hurricane directly -- this row id is stale, but the finding may well still be open on the row that replaced it. Then delete 2384587 in a sweep of unreferenced component rows.",Hazards_of_Concern :: buildings_vulnerability,Open,,,"Was T4-215, type 4 (Out-of-date metadata).",,,,,,,Not rendering,"superseded publish snapshot -- it sits in a block of 55 consecutively abandoned rows, the size of the page's own 78-section list, so the whole set was replaced by a later publish",4,Out-of-date metadata,,no current section matches its title and element type
T8-156,8,Component not rendering on any page,Maintenance,Data hygiene,component,https://county_template.devmny.org/the_risk/natural_hazards/hurricane,the_risk/natural_hazards/hurricane,(untitled Spreadsheet),2384587,Spreadsheet on Hazards_of_Concern,"Nothing renders component 2384587: it is in neither the published nor the draft section list of any page (superseded publish snapshot -- it sits in a block of 55 consecutively abandoned rows, the size of the page's own 78-section list, so the whole set was replaced by a later publish). The section itself is most likely still on the_risk/natural_hazards/hurricane under a new row id, but it could not be pinned down (no current section matches its title and element type).","Re-check the ""Out-of-date metadata"" finding against the_risk/natural_hazards/hurricane directly -- this row id is stale, but the finding may well still be open on the row that replaced it. Then delete 2384587 in a sweep of unreferenced component rows.",Hazards_of_Concern :: infrastructure_vulnerability,Open,,,"Was T4-216, type 4 (Out-of-date metadata).",,,,,,,Not rendering,"superseded publish snapshot -- it sits in a block of 55 consecutively abandoned rows, the size of the page's own 78-section list, so the whole set was replaced by a later publish",4,Out-of-date metadata,,no current section matches its title and element type
T8-157,8,Component not rendering on any page,Maintenance,Data hygiene,component,https://county_template.devmny.org/the_risk/natural_hazards/hurricane,the_risk/natural_hazards/hurricane,(untitled Spreadsheet),2384587,Spreadsheet on Hazards_of_Concern,"Nothing renders component 2384587: it is in neither the published nor the draft section list of any page (superseded publish snapshot -- it sits in a block of 55 consecutively abandoned rows, the size of the page's own 78-section list, so the whole set was replaced by a later publish). The section itself is most likely still on the_risk/natural_hazards/hurricane under a new row id, but it could not be pinned down (no current section matches its title and element type).","Re-check the ""Out-of-date metadata"" finding against the_risk/natural_hazards/hurricane directly -- this row id is stale, but the finding may well still be open on the row that replaced it. Then delete 2384587 in a sweep of unreferenced component rows.",Hazards_of_Concern :: population_vulnerability,Open,,,"Was T4-217, type 4 (Out-of-date metadata).",,,,,,,Not rendering,"superseded publish snapshot -- it sits in a block of 55 consecutively abandoned rows, the size of the page's own 78-section list, so the whole set was replaced by a later publish",4,Out-of-date metadata,,no current section matches its title and element type
T8-158,8,Component not rendering on any page,Maintenance,Data hygiene,component,https://county_template.devmny.org/the_risk/natural_hazards/hurricane,the_risk/natural_hazards/hurricane,(untitled Spreadsheet),2384587,Spreadsheet on Hazards_of_Concern,"Nothing renders component 2384587: it is in neither the published nor the draft section list of any page (superseded publish snapshot -- it sits in a block of 55 consecutively abandoned rows, the size of the page's own 78-section list, so the whole set was replaced by a later publish). The section itself is most likely still on the_risk/natural_hazards/hurricane under a new row id, but it could not be pinned down (no current section matches its title and element type).","Re-check the ""Out-of-date metadata"" finding against the_risk/natural_hazards/hurricane directly -- this row id is stale, but the finding may well still be open on the row that replaced it. Then delete 2384587 in a sweep of unreferenced component rows.",Hazards_of_Concern :: natural_env_vulnerability,Open,,,"Was T4-218, type 4 (Out-of-date metadata).",,,,,,,Not rendering,"superseded publish snapshot -- it sits in a block of 55 consecutively abandoned rows, the size of the page's own 78-section list, so the whole set was replaced by a later publish",4,Out-of-date metadata,,no current section matches its title and element type
T8-159,8,Component not rendering on any page,Maintenance,Data hygiene,component,https://county_template.devmny.org/the_risk/natural_hazards/hurricane,the_risk/natural_hazards/hurricane,(untitled Spreadsheet),2384587,Spreadsheet on Hazards_of_Concern,"Nothing renders component 2384587: it is in neither the published nor the draft section list of any page (superseded publish snapshot -- it sits in a block of 55 consecutively abandoned rows, the size of the page's own 78-section list, so the whole set was replaced by a later publish). The section itself is most likely still on the_risk/natural_hazards/hurricane under a new row id, but it could not be pinned down (no current section matches its title and element type).","Re-check the ""Out-of-date metadata"" finding against the_risk/natural_hazards/hurricane directly -- this row id is stale, but the finding may well still be open on the row that replaced it. Then delete 2384587 in a sweep of unreferenced component rows.",Hazards_of_Concern :: associated_capabilities,Open,,,"Was T4-219, type 4 (Out-of-date metadata).",,,,,,,Not rendering,"superseded publish snapshot -- it sits in a block of 55 consecutively abandoned rows, the size of the page's own 78-section list, so the whole set was replaced by a later publish",4,Out-of-date metadata,,no current section matches its title and element type
T8-160,8,Component not rendering on any page,Maintenance,Data hygiene,component,https://county_template.devmny.org/the_risk/natural_hazards/hurricane,the_risk/natural_hazards/hurricane,(untitled Spreadsheet),2384587,Spreadsheet on Hazards_of_Concern,"Nothing renders component 2384587: it is in neither the published nor the draft section list of any page (superseded publish snapshot -- it sits in a block of 55 consecutively abandoned rows, the size of the page's own 78-section list, so the whole set was replaced by a later publish). The section itself is most likely still on the_risk/natural_hazards/hurricane under a new row id, but it could not be pinned down (no current section matches its title and element type).","Re-check the ""Out-of-date metadata"" finding against the_risk/natural_hazards/hurricane directly -- this row id is stale, but the finding may well still be open on the row that replaced it. Then delete 2384587 in a sweep of unreferenced component rows.",Hazards_of_Concern :: hazard_of_concern,Open,,,"Was T4-220, type 4 (Out-of-date metadata).",,,,,,,Not rendering,"superseded publish snapshot -- it sits in a block of 55 consecutively abandoned rows, the size of the page's own 78-section list, so the whole set was replaced by a later publish",4,Out-of-date metadata,,no current section matches its title and element type
T8-161,8,Component not rendering on any page,Maintenance,Data hygiene,component,https://county_template.devmny.org/the_risk/natural_hazards/hurricane,the_risk/natural_hazards/hurricane,(untitled lexical),2384592,lexical,"Nothing renders component 2384592: it is in neither the published nor the draft section list of any page (superseded publish snapshot -- it sits in a block of 19 consecutively abandoned rows, the size of the page's own 74-section list, so the whole set was replaced by a later publish). The section itself is most likely still on the_risk/natural_hazards/hurricane under a new row id, but it could not be pinned down (no current section matches its title and element type).","Re-check the ""No requirement tag"" finding against the_risk/natural_hazards/hurricane directly -- this row id is stale, but the finding may well still be open on the row that replaced it. Then delete 2384592 in a sweep of unreferenced component rows.",,Open,,,"Was T5-623, type 5 (No requirement tag).","B2-a, B2-b",1468447,Modeled Risks (NRI),Built Environment Overview,"inherited from LHMP_IA component ""Built Environment Overview"" (Modeled Risks (NRI) / Card) [realigned (component re-created since QA)]",Medium,Not rendering,"superseded publish snapshot -- it sits in a block of 19 consecutively abandoned rows, the size of the page's own 74-section list, so the whole set was replaced by a later publish",5,No requirement tag,,no current section matches its title and element type
T8-162,8,Component not rendering on any page,Maintenance,Data hygiene,component,https://county_template.devmny.org/the_risk/natural_hazards/hurricane,the_risk/natural_hazards/hurricane,Built Environment - Local Risk Summary,2384593,lexical,"Nothing renders component 2384593: it is in neither the published nor the draft section list of the_risk/natural_hazards/hurricane (superseded publish snapshot -- it sits in a block of 55 consecutively abandoned rows, the size of the page's own 78-section list, so the whole set was replaced by a later publish). The authored section is still on the page as component 2384316 (published), so the original ""No requirement tag"" finding has moved there.","Nothing to edit on this row. Re-check the ""No requirement tag"" finding against component 2384316, which is the row the page actually renders, then delete 2384593 in a sweep of unreferenced component rows.",,Open,,,"Was T5-624, type 5 (No requirement tag).",,1957824,Modeled Risks (NRI),Built Environment - Local Risk Summary,"LHMP_IA component ""Built Environment - Local Risk Summary"" (Modeled Risks (NRI) / Rich Text) [realigned (component re-created since QA)]",,Not rendering,"superseded publish snapshot -- it sits in a block of 55 consecutively abandoned rows, the size of the page's own 78-section list, so the whole set was replaced by a later publish",5,No requirement tag,2384316,published - unique title + element type on the page
T8-163,8,Component not rendering on any page,Maintenance,Data hygiene,component,https://county_template.devmny.org/the_risk/natural_hazards/hurricane,the_risk/natural_hazards/hurricane,People and Communities,2384594,Card on LHMP_IA,"Nothing renders component 2384594: it is in neither the published nor the draft section list of the_risk/natural_hazards/hurricane (superseded publish snapshot -- it sits in a block of 55 consecutively abandoned rows, the size of the page's own 78-section list, so the whole set was replaced by a later publish). The authored section is still on the page as component 2384317 (published), so the original ""SHMP narrative not permission-locked"" finding has moved there.","Nothing to edit on this row. Re-check the ""SHMP narrative not permission-locked"" finding against component 2384317, which is the row the page actually renders, then delete 2384594 in a sweep of unreferenced component rows.",LHMP_IA edit lock,Open,,,"Was T1-030, type 1 (SHMP narrative not permission-locked).",,,,,,,Not rendering,"superseded publish snapshot -- it sits in a block of 55 consecutively abandoned rows, the size of the page's own 78-section list, so the whole set was replaced by a later publish",1,SHMP narrative not permission-locked,2384317,published - unique title + element type on the page
T8-164,8,Component not rendering on any page,Maintenance,Data hygiene,component,https://county_template.devmny.org/the_risk/natural_hazards/hurricane,the_risk/natural_hazards/hurricane,(untitled lexical),2384595,lexical,"Nothing renders component 2384595: it is in neither the published nor the draft section list of any page (superseded publish snapshot -- it sits in a block of 19 consecutively abandoned rows, the size of the page's own 74-section list, so the whole set was replaced by a later publish). The section itself is most likely still on the_risk/natural_hazards/hurricane under a new row id, but it could not be pinned down (no current section matches its title and element type).","Re-check the ""No requirement tag"" finding against the_risk/natural_hazards/hurricane directly -- this row id is stale, but the finding may well still be open on the row that replaced it. Then delete 2384595 in a sweep of unreferenced component rows.",,Open,,,"Was T5-625, type 5 (No requirement tag).","B2-a, B2-b",1468465,Modeled Risks (NRI),People and Communities Overview,"inherited from LHMP_IA component ""People and Communities Overview"" (Modeled Risks (NRI) / Card) [realigned (component re-created since QA)]",Medium,Not rendering,"superseded publish snapshot -- it sits in a block of 19 consecutively abandoned rows, the size of the page's own 74-section list, so the whole set was replaced by a later publish",5,No requirement tag,,no current section matches its title and element type
T8-165,8,Component not rendering on any page,Maintenance,Data hygiene,component,https://county_template.devmny.org/the_risk/natural_hazards/hurricane,the_risk/natural_hazards/hurricane,People and Communities - Local Risk Summary,2384596,lexical,"Nothing renders component 2384596: it is in neither the published nor the draft section list of the_risk/natural_hazards/hurricane (superseded publish snapshot -- it sits in a block of 55 consecutively abandoned rows, the size of the page's own 78-section list, so the whole set was replaced by a later publish). The authored section is still on the page as component 2384319 (published), so the original ""No requirement tag"" finding has moved there.","Nothing to edit on this row. Re-check the ""No requirement tag"" finding against component 2384319, which is the row the page actually renders, then delete 2384596 in a sweep of unreferenced component rows.",,Open,,,"Was T5-626, type 5 (No requirement tag).",,1686455,Modeled Risks (NRI),People and Communities - Local Risk Summary,"LHMP_IA component ""People and Communities - Local Risk Summary"" (Modeled Risks (NRI) / Rich Text) [realigned (component re-created since QA)]",,Not rendering,"superseded publish snapshot -- it sits in a block of 55 consecutively abandoned rows, the size of the page's own 78-section list, so the whole set was replaced by a later publish",5,No requirement tag,2384319,published - unique title + element type on the page
T8-166,8,Component not rendering on any page,Maintenance,Data hygiene,component,https://county_template.devmny.org/the_risk/natural_hazards/hurricane,the_risk/natural_hazards/hurricane,Natural Environment,2384597,Card on LHMP_IA,"Nothing renders component 2384597: it is in neither the published nor the draft section list of the_risk/natural_hazards/hurricane (superseded publish snapshot -- it sits in a block of 55 consecutively abandoned rows, the size of the page's own 78-section list, so the whole set was replaced by a later publish). The authored section is still on the page as component 2384320 (published), so the original ""SHMP narrative not permission-locked"" finding has moved there.","Nothing to edit on this row. Re-check the ""SHMP narrative not permission-locked"" finding against component 2384320, which is the row the page actually renders, then delete 2384597 in a sweep of unreferenced component rows.",LHMP_IA edit lock,Open,,,"Was T1-031, type 1 (SHMP narrative not permission-locked).",,,,,,,Not rendering,"superseded publish snapshot -- it sits in a block of 55 consecutively abandoned rows, the size of the page's own 78-section list, so the whole set was replaced by a later publish",1,SHMP narrative not permission-locked,2384320,published - unique title + element type on the page
T8-167,8,Component not rendering on any page,Maintenance,Data hygiene,component,https://county_template.devmny.org/the_risk/natural_hazards/hurricane,the_risk/natural_hazards/hurricane,(untitled lexical),2384598,lexical,"Nothing renders component 2384598: it is in neither the published nor the draft section list of any page (superseded publish snapshot -- it sits in a block of 19 consecutively abandoned rows, the size of the page's own 74-section list, so the whole set was replaced by a later publish). The section itself is most likely still on the_risk/natural_hazards/hurricane under a new row id, but it could not be pinned down (no current section matches its title and element type).","Re-check the ""No requirement tag"" finding against the_risk/natural_hazards/hurricane directly -- this row id is stale, but the finding may well still be open on the row that replaced it. Then delete 2384598 in a sweep of unreferenced component rows.",,Open,,,"Was T5-627, type 5 (No requirement tag).","B2-a, B2-b",1468483,Modeled Risks (NRI),Natural Environment Overview,"inherited from LHMP_IA component ""Natural Environment Overview"" (Modeled Risks (NRI) / Card) [realigned (component re-created since QA)]",Medium,Not rendering,"superseded publish snapshot -- it sits in a block of 19 consecutively abandoned rows, the size of the page's own 74-section list, so the whole set was replaced by a later publish",5,No requirement tag,,no current section matches its title and element type
T8-168,8,Component not rendering on any page,Maintenance,Data hygiene,component,https://county_template.devmny.org/the_risk/natural_hazards/hurricane,the_risk/natural_hazards/hurricane,Natural Environment - Local Risk Summary,2384599,lexical,"Nothing renders component 2384599: it is in neither the published nor the draft section list of the_risk/natural_hazards/hurricane (superseded publish snapshot -- it sits in a block of 55 consecutively abandoned rows, the size of the page's own 78-section list, so the whole set was replaced by a later publish). The authored section is still on the page as component 2384322 (published), so the original ""No requirement tag"" finding has moved there.","Nothing to edit on this row. Re-check the ""No requirement tag"" finding against component 2384322, which is the row the page actually renders, then delete 2384599 in a sweep of unreferenced component rows.",,Open,,,"Was T5-628, type 5 (No requirement tag).",,1957825,Modeled Risks (NRI),Natural Environment - Local Risk Summary,"LHMP_IA component ""Natural Environment - Local Risk Summary"" (Modeled Risks (NRI) / Rich Text) [realigned (component re-created since QA)]",,Not rendering,"superseded publish snapshot -- it sits in a block of 55 consecutively abandoned rows, the size of the page's own 78-section list, so the whole set was replaced by a later publish",5,No requirement tag,2384322,published - unique title + element type on the page
T8-169,8,Component not rendering on any page,Maintenance,Data hygiene,component,https://county_template.devmny.org/the_risk/natural_hazards/hurricane,the_risk/natural_hazards/hurricane,(untitled lexical),2384600,lexical,"Nothing renders component 2384600: it is in neither the published nor the draft section list of any page (superseded publish snapshot -- it sits in a block of 55 consecutively abandoned rows, the size of the page's own 78-section list, so the whole set was replaced by a later publish). The section itself is most likely still on the_risk/natural_hazards/hurricane under a new row id, but it could not be pinned down (no current section matches its title and element type).","Re-check the ""No requirement tag"" finding against the_risk/natural_hazards/hurricane directly -- this row id is stale, but the finding may well still be open on the row that replaced it. Then delete 2384600 in a sweep of unreferenced component rows.",,Open,,,"Was T5-629, type 5 (No requirement tag).",,1957825,Modeled Risks (NRI),Natural Environment - Local Risk Summary,"inherited from LHMP_IA component ""Natural Environment - Local Risk Summary"" (Modeled Risks (NRI) / Rich Text) [realigned (component re-created since QA)]",,Not rendering,"superseded publish snapshot -- it sits in a block of 55 consecutively abandoned rows, the size of the page's own 78-section list, so the whole set was replaced by a later publish",5,No requirement tag,,no current section matches its title and element type
T8-170,8,Component not rendering on any page,Maintenance,Data hygiene,component,https://county_template.devmny.org/the_risk/natural_hazards/hurricane,the_risk/natural_hazards/hurricane,Measures Inventory,2384602,Spreadsheet on Mitigation_Measures,"Nothing renders component 2384602: it is in neither the published nor the draft section list of the_risk/natural_hazards/hurricane (superseded publish snapshot -- it sits in a block of 55 consecutively abandoned rows, the size of the page's own 78-section list, so the whole set was replaced by a later publish). The authored section is still on the page as component 2384325 (published), so the original ""Out-of-date metadata"" finding has moved there.","Nothing to edit on this row. Re-check the ""Out-of-date metadata"" finding against component 2384325, which is the row the page actually renders, then delete 2384602 in a sweep of unreferenced component rows.",Mitigation_Measures :: description,Open,,,"Was T4-221, type 4 (Out-of-date metadata).",,,,,,,Not rendering,"superseded publish snapshot -- it sits in a block of 55 consecutively abandoned rows, the size of the page's own 78-section list, so the whole set was replaced by a later publish",4,Out-of-date metadata,2384325,published - unique title + element type on the page
T8-171,8,Component not rendering on any page,Maintenance,Data hygiene,component,https://county_template.devmny.org/the_risk/natural_hazards/hurricane,the_risk/natural_hazards/hurricane,Measures Inventory,2384602,Spreadsheet on Mitigation_Measures,"Nothing renders component 2384602: it is in neither the published nor the draft section list of the_risk/natural_hazards/hurricane (superseded publish snapshot -- it sits in a block of 55 consecutively abandoned rows, the size of the page's own 78-section list, so the whole set was replaced by a later publish). The authored section is still on the page as component 2384325 (published), so the original ""Out-of-date metadata"" finding has moved there.","Nothing to edit on this row. Re-check the ""Out-of-date metadata"" finding against component 2384325, which is the row the page actually renders, then delete 2384602 in a sweep of unreferenced component rows.",Mitigation_Measures :: coastal,Open,,,"Was T4-222, type 4 (Out-of-date metadata).",,,,,,,Not rendering,"superseded publish snapshot -- it sits in a block of 55 consecutively abandoned rows, the size of the page's own 78-section list, so the whole set was replaced by a later publish",4,Out-of-date metadata,2384325,published - unique title + element type on the page
T8-172,8,Component not rendering on any page,Maintenance,Data hygiene,component,https://county_template.devmny.org/the_risk/natural_hazards/hurricane,the_risk/natural_hazards/hurricane,(untitled lexical),2384604,lexical,"Nothing renders component 2384604: it is in neither the published nor the draft section list of any page (superseded publish snapshot -- it sits in a block of 19 consecutively abandoned rows, the size of the page's own 74-section list, so the whole set was replaced by a later publish). The section itself is most likely still on the_risk/natural_hazards/hurricane under a new row id, but it could not be pinned down (no current section matches its title and element type).","Re-check the ""No requirement tag"" finding against the_risk/natural_hazards/hurricane directly -- this row id is stale, but the finding may well still be open on the row that replaced it. Then delete 2384604 in a sweep of unreferenced component rows.",,Open,,,"Was T5-630, type 5 (No requirement tag).",C1-a,1468495,Strategies,Capabilities,"inherited from LHMP_IA component ""Capabilities"" (Strategies / Card) [realigned (component re-created since QA)]",Medium,Not rendering,"superseded publish snapshot -- it sits in a block of 19 consecutively abandoned rows, the size of the page's own 74-section list, so the whole set was replaced by a later publish",5,No requirement tag,,no current section matches its title and element type
T8-173,8,Component not rendering on any page,Maintenance,Data hygiene,component,https://county_template.devmny.org/the_risk/natural_hazards/hurricane,the_risk/natural_hazards/hurricane,(untitled Card),2384606,Card,"Nothing renders component 2384606: it is in neither the published nor the draft section list of any page (superseded publish snapshot -- it sits in a block of 55 consecutively abandoned rows, the size of the page's own 78-section list, so the whole set was replaced by a later publish). The section itself is most likely still on the_risk/natural_hazards/hurricane under a new row id, but it could not be pinned down (no current section matches its title and element type).","Re-check the ""No requirement tag"" finding against the_risk/natural_hazards/hurricane directly -- this row id is stale, but the finding may well still be open on the row that replaced it. Then delete 2384606 in a sweep of unreferenced component rows.",,Open,,,"Was T5-631, type 5 (No requirement tag).",C1-a,1468496,Strategies (2.0),Local Capabilities,"inherited from LHMP_IA component ""Local Capabilities"" (Strategies (2.0) / Rich Text) [realigned (component re-created since QA)]",Medium,Not rendering,"superseded publish snapshot -- it sits in a block of 55 consecutively abandoned rows, the size of the page's own 78-section list, so the whole set was replaced by a later publish",5,No requirement tag,,no current section matches its title and element type
T8-174,8,Component not rendering on any page,Maintenance,Data hygiene,component,https://county_template.devmny.org/the_risk/natural_hazards/hurricane,the_risk/natural_hazards/hurricane,Actions,2384608,Card on LHMP_IA,"Nothing renders component 2384608: it is in neither the published nor the draft section list of the_risk/natural_hazards/hurricane (superseded publish snapshot -- it sits in a block of 55 consecutively abandoned rows, the size of the page's own 78-section list, so the whole set was replaced by a later publish). The authored section is still on the page as component 2384331 (published), so the original ""SHMP narrative not permission-locked"" finding has moved there.","Nothing to edit on this row. Re-check the ""SHMP narrative not permission-locked"" finding against component 2384331, which is the row the page actually renders, then delete 2384608 in a sweep of unreferenced component rows.",LHMP_IA edit lock,Open,,,"Was T1-032, type 1 (SHMP narrative not permission-locked).",,,,,,,Not rendering,"superseded publish snapshot -- it sits in a block of 55 consecutively abandoned rows, the size of the page's own 78-section list, so the whole set was replaced by a later publish",1,SHMP narrative not permission-locked,2384331,published - unique title + element type on the page
T8-175,8,Component not rendering on any page,Maintenance,Data hygiene,component,https://county_template.devmny.org/the_risk/natural_hazards/hurricane,the_risk/natural_hazards/hurricane,(untitled lexical),2384609,lexical,"Nothing renders component 2384609: it is in neither the published nor the draft section list of any page (superseded publish snapshot -- it sits in a block of 19 consecutively abandoned rows, the size of the page's own 74-section list, so the whole set was replaced by a later publish). The section itself is most likely still on the_risk/natural_hazards/hurricane under a new row id, but it could not be pinned down (no current section matches its title and element type).","Re-check the ""No requirement tag"" finding against the_risk/natural_hazards/hurricane directly -- this row id is stale, but the finding may well still be open on the row that replaced it. Then delete 2384609 in a sweep of unreferenced component rows.",,Open,,,"Was T5-632, type 5 (No requirement tag).","C4-a, C4-b",1468498,Strategies,Actions,"inherited from LHMP_IA component ""Actions"" (Strategies / Card) [realigned (component re-created since QA)]",Medium,Not rendering,"superseded publish snapshot -- it sits in a block of 19 consecutively abandoned rows, the size of the page's own 74-section list, so the whole set was replaced by a later publish",5,No requirement tag,,no current section matches its title and element type
T8-176,8,Component not rendering on any page,Maintenance,Data hygiene,component,https://county_template.devmny.org/the_risk/natural_hazards/hurricane,the_risk/natural_hazards/hurricane,(untitled lexical),2384613,lexical,"Nothing renders component 2384613: it is in neither the published nor the draft section list of any page (superseded publish snapshot -- it sits in a block of 19 consecutively abandoned rows, the size of the page's own 74-section list, so the whole set was replaced by a later publish). The section itself is most likely still on the_risk/natural_hazards/hurricane under a new row id, but it could not be pinned down (no current section matches its title and element type).","Re-check the ""No requirement tag"" finding against the_risk/natural_hazards/hurricane directly -- this row id is stale, but the finding may well still be open on the row that replaced it. Then delete 2384613 in a sweep of unreferenced component rows.",,Open,,,"Was T5-633, type 5 (No requirement tag).","C4-a, C4-b, E2-b",1468501,Strategies (2.0),Local Actions Table,"inherited from LHMP_IA component ""Local Actions Table"" (Strategies (2.0) / Table) [realigned (component re-created since QA)]",Medium,Not rendering,"superseded publish snapshot -- it sits in a block of 19 consecutively abandoned rows, the size of the page's own 74-section list, so the whole set was replaced by a later publish",5,No requirement tag,,no current section matches its title and element type
T8-177,8,Component not rendering on any page,Maintenance,Data hygiene,component,https://county_template.devmny.org/the_risk/natural_hazards/hurricane,the_risk/natural_hazards/hurricane,(untitled lexical),2384615,lexical,"Nothing renders component 2384615: it is in neither the published nor the draft section list of any page (superseded publish snapshot -- it sits in a block of 55 consecutively abandoned rows, the size of the page's own 78-section list, so the whole set was replaced by a later publish). The section itself is most likely still on the_risk/natural_hazards/hurricane under a new row id, but it could not be pinned down (no current section matches its title and element type).","Re-check the ""No requirement tag"" finding against the_risk/natural_hazards/hurricane directly -- this row id is stale, but the finding may well still be open on the row that replaced it. Then delete 2384615 in a sweep of unreferenced component rows.",,Open,,,"Was T5-634, type 5 (No requirement tag).",C4-a,1468502,Strategies (2.0),Featured Strategy,"inherited from LHMP_IA component ""Featured Strategy"" (Strategies (2.0) / Rich Text) [realigned (component re-created since QA)]",Medium,Not rendering,"superseded publish snapshot -- it sits in a block of 55 consecutively abandoned rows, the size of the page's own 78-section list, so the whole set was replaced by a later publish",5,No requirement tag,,no current section matches its title and element type
