Fix ID,Parent finding,Pattern ID,Page URL,Page,Page ID,Section title,Draft section ID,Tracking ID,Component kind,Config shape,Source snapshot key,Draft index,Hidden from view,Source name,Source label (as shown in picker),Source class,Source ID,View ID,Source env (srcEnv),Has join,Stored fetch mode,readyToLoad,Resolved behaviour,Relies on implicit fallback,In scope,Scope reason,Recommended fetch mode,Recommended fix,Fix needed,Status,Assigned to,Date fixed,Notes
T6-C031,T6-001,1300890,https://county_template.devmny.org/the_plan/about_the_process,the_plan/about_the_process,1300807,Planning Participants,1515016,50f8e46b-5c8c-490d-a44f-9cda6174e160,Spreadsheet,v2,externalSource,16,,Roles,Roles [test_meta_forms],internal,1473295,1473296,mitigat-ny-prod+test_meta_forms,,Force (always re-fetch),TRUE,Force (always re-fetch),,Yes,,Force (always re-fetch),None - already set to Force (always re-fetch).,No,Closed,,,Already correct at scan time.
T6-C033,T6-001,1300890,https://county_template.devmny.org/the_plan/about_the_process,the_plan/about_the_process,1300807,Planning Meetings,1515018,731c2f3a-9ab5-4ab0-baf7-f13fc55e412f,Spreadsheet,v2,externalSource,18,,Participation,Participation [test_meta_forms],internal,1473468,1473469,mitigat-ny-prod+test_meta_forms,,Force (always re-fetch),TRUE,Force (always re-fetch),,Yes,,Force (always re-fetch),None - already set to Force (always re-fetch).,No,Closed,,,Already correct at scan time.
T6-C035,T6-001,1300890,https://county_template.devmny.org/the_plan/about_the_process,the_plan/about_the_process,1300807,County Capabilities Table,1685651,fb1cda18-be36-4d79-9837-518adfa24ac4,Spreadsheet,v2,externalSource,27,,Capabilities_Catalogue,Capabilities_Catalogue [test_meta_forms],internal,1068273,1172519,mitigat-ny-prod+test_meta_forms,,Force (always re-fetch),TRUE,Force (always re-fetch),,Yes,,Force (always re-fetch),None - already set to Force (always re-fetch).,No,Closed,,,Already correct at scan time.
T6-C036,T6-001,1300890,https://county_template.devmny.org/the_plan/about_the_process,the_plan/about_the_process,1300807,Jurisdictional Resources and Capabilities,1685653,e741135c-94f0-4a11-958c-c5b15726a5be,Spreadsheet,v2,externalSource,29,,Capabilities_Catalogue,Capabilities_Catalogue [test_meta_forms],internal,1068273,1172519,mitigat-ny-prod+test_meta_forms,,Force (always re-fetch),TRUE,Force (always re-fetch),,Yes,,Force (always re-fetch),None - already set to Force (always re-fetch).,No,Closed,,,Already correct at scan time.
T6-C038,T6-001,1300890,https://county_template.devmny.org/the_plan/capabilities_assessment,the_plan/capabilities_assessment,1425510,State Mitigation Capabilities,1426481,3f9ab902-55ed-40c5-be06-400ce0bc86ac,Spreadsheet,v2,externalSource,3,,Capabilities_Catalogue,Capabilities_Catalogue [test_meta_forms],internal,1068273,1172519,mitigat-ny-prod+test_meta_forms,,Force (always re-fetch),TRUE,Force (always re-fetch),,Yes,,Force (always re-fetch),None - already set to Force (always re-fetch).,No,Closed,,,Already correct at scan time.
T6-C558,T6-001,1300890,https://county_template.devmny.org/the_plan/capabilities_assessment,the_plan/capabilities_assessment,1425510,Local Capabilities Table,2418307,2f40af3f-b05a-48ed-abee-c195a241d922,Spreadsheet,v2,externalSource,7,,Capabilities_Catalogue,Capabilities_Catalogue [test_meta_forms],internal,1068273,1172519,mitigat-ny-prod+test_meta_forms,,Force (always re-fetch),TRUE,Force (always re-fetch),,Yes,,Force (always re-fetch),None - already set to Force (always re-fetch).,No,Closed,,,Already correct at scan time.
T6-C560,T6-001,1300890,https://county_template.devmny.org/the_plan/capabilities_assessment,the_plan/capabilities_assessment,1425510,State Mitigation Capabilities,2418393,ce07faf6-b7e3-4f5f-b4f4-44af8e377d15,Spreadsheet,v2,externalSource,9,,Capabilities_Catalogue,Capabilities_Catalogue [test_meta_forms],internal,1068273,1172519,mitigat-ny-prod+test_meta_forms,,Force (always re-fetch),TRUE,Force (always re-fetch),,Yes,,Force (always re-fetch),None - already set to Force (always re-fetch).,No,Closed,,,Already correct at scan time.
T6-C561,T6-001,1300890,https://county_template.devmny.org/the_plan/capabilities_assessment,the_plan/capabilities_assessment,1425510,Local Capabilities Table,2418422,7b139e9c-511e-4626-96bd-3ecfc78eb400,Spreadsheet,v2,externalSource,13,,Capabilities_Catalogue,Capabilities_Catalogue [test_meta_forms],internal,1068273,1172519,mitigat-ny-prod+test_meta_forms,,Force (always re-fetch),TRUE,Force (always re-fetch),,Yes,,Force (always re-fetch),None - already set to Force (always re-fetch).,No,Closed,,,Already correct at scan time.
T6-C563,T6-001,1300890,https://county_template.devmny.org/the_plan/capabilities_assessment,the_plan/capabilities_assessment,1425510,State Mitigation Capabilities,2418452,8d8cbd22-8801-46a5-bb77-2c8eb48b84ae,Spreadsheet,v2,externalSource,15,,Capabilities_Catalogue,Capabilities_Catalogue [test_meta_forms],internal,1068273,1172519,mitigat-ny-prod+test_meta_forms,,Force (always re-fetch),TRUE,Force (always re-fetch),,Yes,,Force (always re-fetch),None - already set to Force (always re-fetch).,No,Closed,,,Already correct at scan time.
T6-C564,T6-001,1300890,https://county_template.devmny.org/the_plan/capabilities_assessment,the_plan/capabilities_assessment,1425510,Local Capabilities Table,1426515,1f5cbb43-d738-4391-b34c-62264c87d1de,Spreadsheet,v1,sourceInfo,19,,Capabilities_Catalogue,Capabilities_Catalogue [test-meta-forms],internal,1068273,1172519,mitigat-ny-prod+test-meta-forms,,Force (always re-fetch),TRUE,Force (always re-fetch),,Yes,,Force (always re-fetch),None - already set to Force (always re-fetch).,No,Closed,,,Already correct at scan time.
T6-C566,T6-001,1300890,https://county_template.devmny.org/the_plan/capabilities_assessment,the_plan/capabilities_assessment,1425510,State Mitigation Capabilities,1426542,3f9ab902-55ed-40c5-be06-400ce0bc86ac,Spreadsheet,v1,sourceInfo,21,,Capabilities_Catalogue,Capabilities_Catalogue [test-meta-forms],internal,1068273,1172519,mitigat-ny-prod+test-meta-forms,,Force (always re-fetch),TRUE,Force (always re-fetch),,Yes,,Force (always re-fetch),None - already set to Force (always re-fetch).,No,Closed,,,Already correct at scan time.
T6-C567,T6-001,1300890,https://county_template.devmny.org/the_plan/capabilities_assessment,the_plan/capabilities_assessment,1425510,Local Capabilities Table,2418453,b6aeb776-4b75-4de6-8820-fa6547f5fca7,Spreadsheet,v2,externalSource,25,,Capabilities_Catalogue,Capabilities_Catalogue [test_meta_forms],internal,1068273,1172519,mitigat-ny-prod+test_meta_forms,,Force (always re-fetch),TRUE,Force (always re-fetch),,Yes,,Force (always re-fetch),None - already set to Force (always re-fetch).,No,Closed,,,Already correct at scan time.
T6-C568,T6-001,1300890,https://county_template.devmny.org/the_plan/jurisdictional_annexes,the_plan/jurisdictional_annexes,1300933,Jurisdictional Annex Table,2380934,d560a491-85c2-4dc3-86dd-072afa8b10f3,Spreadsheet,v1,sourceInfo,2,,Jurisdictions,Jurisdictions [test-meta-forms],internal,1346449,1346450,mitigat-ny-prod+test-meta-forms,,Force (always re-fetch),TRUE,Force (always re-fetch),,Yes,,Force (always re-fetch),None - already set to Force (always re-fetch).,No,Closed,,,Already correct at scan time.
T6-C101,T6-001,1300890,https://county_template.devmny.org/the_plan/jurisdictional_annexes/select_jurisdiction,the_plan/jurisdictional_annexes/select_jurisdiction,1348541,(untitled Card),2378149,ddef1b18-1149-44ad-bf9d-782aea34d56b,Card,v2,externalSource,4,TRUE,Jurisdictions,Jurisdictions [test_meta_forms],internal,1346449,1346450,mitigat-ny-prod+test_meta_forms,,Force (always re-fetch),TRUE,Force (always re-fetch),,Yes,,Force (always re-fetch),None - already set to Force (always re-fetch).,No,Closed,,,Already correct at scan time.
T6-C594,T6-001,1300890,https://county_template.devmny.org/the_plan/jurisdictional_annexes/select_jurisdiction,the_plan/jurisdictional_annexes/select_jurisdiction,1348541,(untitled Card),1348566,56a25715-595d-48f6-9b99-368aa0eaca8b,Card,v1,sourceInfo,5,,Jurisdictions,Jurisdictions [test-meta-forms],internal,1346449,1346450,mitigat-ny-prod+test-meta-forms,,Force (always re-fetch),TRUE,Force (always re-fetch),,Yes,,Force (always re-fetch),None - already set to Force (always re-fetch).,No,Closed,,,Already correct at scan time.
T6-C102,T6-001,1300890,https://county_template.devmny.org/the_plan/jurisdictional_annexes/select_jurisdiction,the_plan/jurisdictional_annexes/select_jurisdiction,1348541,Executive Summary,1348552,d5ca1fcc-2c26-4f32-b30a-ad1c08185a4b,Card,v2,externalSource,6,,Jurisdictions,Jurisdictions [test_meta_forms],internal,1346449,1346450,mitigat-ny-prod+test_meta_forms,,Force (always re-fetch),TRUE,Force (always re-fetch),,Yes,,Force (always re-fetch),None - already set to Force (always re-fetch).,No,Closed,,,Already correct at scan time.
T6-C103,T6-001,1300890,https://county_template.devmny.org/the_plan/jurisdictional_annexes/select_jurisdiction,the_plan/jurisdictional_annexes/select_jurisdiction,1348541,Hazard Mitigation Representatives ,1436108,50f8e46b-5c8c-490d-a44f-9cda6174e160,Spreadsheet,v2,externalSource,7,,Roles,Roles [test_meta_forms],internal,1473295,1657887,mitigat-ny-prod+test_meta_forms,,Force (always re-fetch),TRUE,Force (always re-fetch),,Yes,,Force (always re-fetch),None - already set to Force (always re-fetch).,No,Closed,,,Already correct at scan time.
T6-C595,T6-001,1300890,https://county_template.devmny.org/the_plan/jurisdictional_annexes/select_jurisdiction,the_plan/jurisdictional_annexes/select_jurisdiction,1348541,(untitled Card),1509821,73b0b448-a5c6-4e1e-b269-cb3609171631,Card,v1,sourceInfo,8,TRUE,Jurisdictions,Jurisdictions [test-meta-forms],internal,1346449,1346450,mitigat-ny-prod+test-meta-forms,,Force (always re-fetch),TRUE,Force (always re-fetch),,Yes,,Force (always re-fetch),None - already set to Force (always re-fetch).,No,Closed,,,Already correct at scan time.
T6-C596,T6-001,1300890,https://county_template.devmny.org/the_plan/jurisdictional_annexes/select_jurisdiction,the_plan/jurisdictional_annexes/select_jurisdiction,1348541,Planning Process,1496881,d5ca1fcc-2c26-4f32-b30a-ad1c08185a4b,Card,v1,sourceInfo,10,,Jurisdictions,Jurisdictions [test-meta-forms],internal,1346449,1346450,mitigat-ny-prod+test-meta-forms,,Force (always re-fetch),TRUE,Force (always re-fetch),,Yes,,Force (always re-fetch),None - already set to Force (always re-fetch).,No,Closed,,,Already correct at scan time.
T6-C104,T6-001,1300890,https://county_template.devmny.org/the_plan/jurisdictional_annexes/select_jurisdiction,the_plan/jurisdictional_annexes/select_jurisdiction,1348541,(untitled Spreadsheet),1509612,731c2f3a-9ab5-4ab0-baf7-f13fc55e412f,Spreadsheet,v2,externalSource,11,,Participation,Participation [test_meta_forms],internal,1473468,1473469,mitigat-ny-prod+test_meta_forms,,Force (always re-fetch),TRUE,Force (always re-fetch),,Yes,,Force (always re-fetch),None - already set to Force (always re-fetch).,No,Closed,,,Already correct at scan time.
T6-C597,T6-001,1300890,https://county_template.devmny.org/the_plan/jurisdictional_annexes/select_jurisdiction,the_plan/jurisdictional_annexes/select_jurisdiction,1348541,(untitled Card),1510719,f7c2ee6a-5bc0-4fef-94d6-29d611d3d36c,Card,v1,sourceInfo,12,TRUE,Jurisdictions,Jurisdictions [test-meta-forms],internal,1346449,1346450,mitigat-ny-prod+test-meta-forms,,Force (always re-fetch),TRUE,Force (always re-fetch),,Yes,,Force (always re-fetch),None - already set to Force (always re-fetch).,No,Closed,,,Already correct at scan time.
T6-C598,T6-001,1300890,https://county_template.devmny.org/the_plan/jurisdictional_annexes/select_jurisdiction,the_plan/jurisdictional_annexes/select_jurisdiction,1348541,Jurisdictional Profile,1436110,d5ca1fcc-2c26-4f32-b30a-ad1c08185a4b,Card,v1,sourceInfo,14,,Jurisdictions,Jurisdictions [test-meta-forms],internal,1346449,1346450,mitigat-ny-prod+test-meta-forms,,Force (always re-fetch),TRUE,Force (always re-fetch),,Yes,,Force (always re-fetch),None - already set to Force (always re-fetch).,No,Closed,,,Already correct at scan time.
T6-C600,T6-001,1300890,https://county_template.devmny.org/the_plan/jurisdictional_annexes/select_jurisdiction,the_plan/jurisdictional_annexes/select_jurisdiction,1348541,Local Context,1436150,52f1dfba-0229-48f2-9866-45b1dcb6a14b,Card,v1,sourceInfo,17,,Jurisdictions,Jurisdictions [test-meta-forms],internal,1346449,1346450,mitigat-ny-prod+test-meta-forms,,Force (always re-fetch),TRUE,Force (always re-fetch),,Yes,,Force (always re-fetch),None - already set to Force (always re-fetch).,No,Closed,,,Already correct at scan time.
T6-C601,T6-001,1300890,https://county_template.devmny.org/the_plan/jurisdictional_annexes/select_jurisdiction,the_plan/jurisdictional_annexes/select_jurisdiction,1348541,Critical Buildings,1436166,19600e6d-b783-4253-a551-86caad917275,Card,v1,sourceInfo,19,,Jurisdictions,Jurisdictions [test-meta-forms],internal,1346449,1346450,mitigat-ny-prod+test-meta-forms,,Force (always re-fetch),TRUE,Force (always re-fetch),,Yes,,Force (always re-fetch),None - already set to Force (always re-fetch).,No,Closed,,,Already correct at scan time.
T6-C105,T6-001,1300890,https://county_template.devmny.org/the_plan/jurisdictional_annexes/select_jurisdiction,the_plan/jurisdictional_annexes/select_jurisdiction,1348541,Historic Properties/District (if applicable),1437355,b51b20db-ed8c-4ef5-b627-ea4b8c0abcd4,Card,v2,externalSource,23,,Jurisdictions,Jurisdictions [test_meta_forms],internal,1346449,1346450,mitigat-ny-prod+test_meta_forms,,Force (always re-fetch),TRUE,Force (always re-fetch),,Yes,,Force (always re-fetch),None - already set to Force (always re-fetch).,No,Closed,,,Already correct at scan time.
T6-C605,T6-001,1300890,https://county_template.devmny.org/the_plan/jurisdictional_annexes/select_jurisdiction,the_plan/jurisdictional_annexes/select_jurisdiction,1348541,Critical Infrastructure,1437360,ab79230d-7f42-462c-b3a4-b5ffe174dd10,Card,v1,sourceInfo,26,,Jurisdictions,Jurisdictions [test-meta-forms],internal,1346449,1346450,mitigat-ny-prod+test-meta-forms,,Force (always re-fetch),TRUE,Force (always re-fetch),,Yes,,Force (always re-fetch),None - already set to Force (always re-fetch).,No,Closed,,,Already correct at scan time.
T6-C606,T6-001,1300890,https://county_template.devmny.org/the_plan/jurisdictional_annexes/select_jurisdiction,the_plan/jurisdictional_annexes/select_jurisdiction,1348541,Growth and Development Trends,1516987,7dbc9e34-e953-4973-8358-a9bea61a8141,Card,v1,sourceInfo,28,,Jurisdictions,Jurisdictions [test-meta-forms],internal,1346449,1346450,mitigat-ny-prod+test-meta-forms,,Force (always re-fetch),TRUE,Force (always re-fetch),,Yes,,Force (always re-fetch),None - already set to Force (always re-fetch).,No,Closed,,,Already correct at scan time.
T6-C607,T6-001,1300890,https://county_template.devmny.org/the_plan/jurisdictional_annexes/select_jurisdiction,the_plan/jurisdictional_annexes/select_jurisdiction,1348541,Additional Context (Municipal),1957291,1954129e-9e69-4346-a054-5e74923b8c3e,Card,v1,sourceInfo,30,,Jurisdictions,Jurisdictions [test-meta-forms],internal,1346449,1346450,mitigat-ny-prod+test-meta-forms,,Force (always re-fetch),TRUE,Force (always re-fetch),,Yes,,Force (always re-fetch),None - already set to Force (always re-fetch).,No,Closed,,,Already correct at scan time.
T6-C608,T6-001,1300890,https://county_template.devmny.org/the_plan/jurisdictional_annexes/select_jurisdiction,the_plan/jurisdictional_annexes/select_jurisdiction,1348541,Risk,1440560,f5e93459-b8df-4316-a4ea-64b2af65dc8a,Card,v1,sourceInfo,32,,Jurisdictions,Jurisdictions [test-meta-forms],internal,1346449,1346450,mitigat-ny-prod+test-meta-forms,,Force (always re-fetch),TRUE,Force (always re-fetch),,Yes,,Force (always re-fetch),None - already set to Force (always re-fetch).,No,Closed,,,Already correct at scan time.
T6-C609,T6-001,1300890,https://county_template.devmny.org/the_plan/jurisdictional_annexes/select_jurisdiction,the_plan/jurisdictional_annexes/select_jurisdiction,1348541,(untitled Card),1510722,da242bf5-4168-484b-965e-4a4efeea13d0,Card,v1,sourceInfo,33,TRUE,Jurisdictions,Jurisdictions [test-meta-forms],internal,1346449,1346450,mitigat-ny-prod+test-meta-forms,,Force (always re-fetch),TRUE,Force (always re-fetch),,Yes,,Force (always re-fetch),None - already set to Force (always re-fetch).,No,Closed,,,Already correct at scan time.
T6-C106,T6-001,1300890,https://county_template.devmny.org/the_plan/jurisdictional_annexes/select_jurisdiction,the_plan/jurisdictional_annexes/select_jurisdiction,1348541,Hazards of Concern,1509608,e02d3e07-d9a4-4744-a02b-a49ef79ddfd5,Spreadsheet,v2,externalSource,34,,Hazards_of_Concern,Hazards_of_Concern [test_meta_forms],internal,1473470,1473471,mitigat-ny-prod+test_meta_forms,,Force (always re-fetch),TRUE,Force (always re-fetch),,Yes,,Force (always re-fetch),None - already set to Force (always re-fetch).,No,Closed,,,Already correct at scan time.
T6-C107,T6-001,1300890,https://county_template.devmny.org/the_plan/jurisdictional_annexes/select_jurisdiction,the_plan/jurisdictional_annexes/select_jurisdiction,1348541,Hazards Excluded,1517379,a04f1bb3-93c6-4e36-a65e-b2239e50a4a5,Spreadsheet,v2,externalSource,36,,Hazards_of_Concern,Hazards_of_Concern [test_meta_forms],internal,1473470,1473471,mitigat-ny-prod+test_meta_forms,,Force (always re-fetch),TRUE,Force (always re-fetch),,Yes,,Force (always re-fetch),None - already set to Force (always re-fetch).,No,Closed,,,Already correct at scan time.
T6-C611,T6-001,1300890,https://county_template.devmny.org/the_plan/jurisdictional_annexes/select_jurisdiction,the_plan/jurisdictional_annexes/select_jurisdiction,1348541,Historic Occurances,1440572,fbb51934-b2ae-482e-bb2e-324eb6e30f9a,Card,v1,sourceInfo,38,,Jurisdictions,Jurisdictions [test-meta-forms],internal,1346449,1346450,mitigat-ny-prod+test-meta-forms,,Force (always re-fetch),TRUE,Force (always re-fetch),,Yes,,Force (always re-fetch),None - already set to Force (always re-fetch).,No,Closed,,,Already correct at scan time.
T6-C614,T6-001,1300890,https://county_template.devmny.org/the_plan/jurisdictional_annexes/select_jurisdiction,the_plan/jurisdictional_annexes/select_jurisdiction,1348541,Declared Disasters,1440586,c1efbf64-aa1c-4cc2-9d6a-204bfb02a1fb,Card,v1,sourceInfo,42,,Jurisdictions,Jurisdictions [test-meta-forms],internal,1346449,1346450,mitigat-ny-prod+test-meta-forms,,Force (always re-fetch),TRUE,Force (always re-fetch),,Yes,,Force (always re-fetch),None - already set to Force (always re-fetch).,No,Closed,,,Already correct at scan time.
T6-C615,T6-001,1300890,https://county_template.devmny.org/the_plan/jurisdictional_annexes/select_jurisdiction,the_plan/jurisdictional_annexes/select_jurisdiction,1348541,Problem Areas,1437132,93e480cc-1d66-4879-8741-a59a9090efdf,Card,v1,sourceInfo,44,,Jurisdictions,Jurisdictions [test-meta-forms],internal,1346449,1346450,mitigat-ny-prod+test-meta-forms,,Force (always re-fetch),TRUE,Force (always re-fetch),,Yes,,Force (always re-fetch),None - already set to Force (always re-fetch).,No,Closed,,,Already correct at scan time.
T6-C619,T6-001,1300890,https://county_template.devmny.org/the_plan/jurisdictional_annexes/select_jurisdiction,the_plan/jurisdictional_annexes/select_jurisdiction,1348541,Cascading Impacts from Hazards,1684993,d2512761-7639-4968-98d3-a7153a5abce2,Card,v1,sourceInfo,50,,Jurisdictions,Jurisdictions [test-meta-forms],internal,1346449,1346450,mitigat-ny-prod+test-meta-forms,,Force (always re-fetch),TRUE,Force (always re-fetch),,Yes,,Force (always re-fetch),None - already set to Force (always re-fetch).,No,Closed,,,Already correct at scan time.
T6-C620,T6-001,1300890,https://county_template.devmny.org/the_plan/jurisdictional_annexes/select_jurisdiction,the_plan/jurisdictional_annexes/select_jurisdiction,1348541,Other Hazards,1499931,2c3c6f16-0f7e-4b52-9755-0565743f0a48,Card,v1,sourceInfo,52,,Jurisdictions,Jurisdictions [test-meta-forms],internal,1346449,1346450,mitigat-ny-prod+test-meta-forms,,Force (always re-fetch),TRUE,Force (always re-fetch),,Yes,,Force (always re-fetch),None - already set to Force (always re-fetch).,No,Closed,,,Already correct at scan time.
T6-C621,T6-001,1300890,https://county_template.devmny.org/the_plan/jurisdictional_annexes/select_jurisdiction,the_plan/jurisdictional_annexes/select_jurisdiction,1348541,Additional Context (Risk),1499252,8be0a28e-ae34-4693-8363-5b60ce4c7447,Card,v1,sourceInfo,54,,Jurisdictions,Jurisdictions [test-meta-forms],internal,1346449,1346450,mitigat-ny-prod+test-meta-forms,,Force (always re-fetch),TRUE,Force (always re-fetch),,Yes,,Force (always re-fetch),None - already set to Force (always re-fetch).,No,Closed,,,Already correct at scan time.
T6-C622,T6-001,1300890,https://county_template.devmny.org/the_plan/jurisdictional_annexes/select_jurisdiction,the_plan/jurisdictional_annexes/select_jurisdiction,1348541,Evaluation of Previously Identified Actions,1440676,46e2c72f-9c3f-447f-9df2-08d681a1a2ee,Card,v1,sourceInfo,57,,Jurisdictions,Jurisdictions [test-meta-forms],internal,1346449,1346450,mitigat-ny-prod+test-meta-forms,,Force (always re-fetch),TRUE,Force (always re-fetch),,Yes,,Force (always re-fetch),None - already set to Force (always re-fetch).,No,Closed,,,Already correct at scan time.
T6-C623,T6-001,1300890,https://county_template.devmny.org/the_plan/jurisdictional_annexes/select_jurisdiction,the_plan/jurisdictional_annexes/select_jurisdiction,1348541,(untitled Card),1510725,c3a99306-9ec4-4382-ab9b-02916c2ea7d5,Card,v1,sourceInfo,58,TRUE,Jurisdictions,Jurisdictions [test-meta-forms],internal,1346449,1346450,mitigat-ny-prod+test-meta-forms,,Force (always re-fetch),TRUE,Force (always re-fetch),,Yes,,Force (always re-fetch),None - already set to Force (always re-fetch).,No,Closed,,,Already correct at scan time.
T6-C624,T6-001,1300890,https://county_template.devmny.org/the_plan/jurisdictional_annexes/select_jurisdiction,the_plan/jurisdictional_annexes/select_jurisdiction,1348541,Action Development,1440801,c6d4985f-cf87-4dfc-a5f0-e2c07aab8390,Card,v1,sourceInfo,60,,Jurisdictions,Jurisdictions [test-meta-forms],internal,1346449,1346450,mitigat-ny-prod+test-meta-forms,,Force (always re-fetch),TRUE,Force (always re-fetch),,Yes,,Force (always re-fetch),None - already set to Force (always re-fetch).,No,Closed,,,Already correct at scan time.
T6-C625,T6-001,1300890,https://county_template.devmny.org/the_plan/jurisdictional_annexes/select_jurisdiction,the_plan/jurisdictional_annexes/select_jurisdiction,1348541,(untitled Card),1482250,f7c2ee6a-5bc0-4fef-94d6-29d611d3d36c,Card,v1,sourceInfo,62,TRUE,Jurisdictions,Jurisdictions [test-meta-forms],internal,1346449,1346450,mitigat-ny-prod+test-meta-forms,,Force (always re-fetch),TRUE,Force (always re-fetch),,Yes,,Force (always re-fetch),None - already set to Force (always re-fetch).,No,Closed,,,Already correct at scan time.
T6-C626,T6-001,1300890,https://county_template.devmny.org/the_plan/jurisdictional_annexes/select_jurisdiction,the_plan/jurisdictional_annexes/select_jurisdiction,1348541,Local Context,1440806,55f988cb-db2f-4859-af95-5cdf7cc04260,Card,v1,sourceInfo,64,,Jurisdictions,Jurisdictions [test-meta-forms],internal,1346449,1346450,mitigat-ny-prod+test-meta-forms,,Force (always re-fetch),TRUE,Force (always re-fetch),,Yes,,Force (always re-fetch),None - already set to Force (always re-fetch).,No,Closed,,,Already correct at scan time.
T6-C109,T6-001,1300890,https://county_template.devmny.org/the_plan/jurisdictional_annexes/select_jurisdiction,the_plan/jurisdictional_annexes/select_jurisdiction,1348541,Local Actions Database,1440813,3d4d7f1d-ad10-4715-99cd-624f00aaf65c,Spreadsheet,v2,externalSource,66,,Actions_Revised,Actions_Revised [test_meta_forms],internal,1029065,1074456,mitigat-ny-prod+test_meta_forms,,Force (always re-fetch),TRUE,Force (always re-fetch),,Yes,,Force (always re-fetch),None - already set to Force (always re-fetch).,No,Closed,,,Already correct at scan time.
T6-C628,T6-001,1300890,https://county_template.devmny.org/the_plan/jurisdictional_annexes/select_jurisdiction,the_plan/jurisdictional_annexes/select_jurisdiction,1348541,(untitled Card),1446203,c3a99306-9ec4-4382-ab9b-02916c2ea7d5,Card,v1,sourceInfo,67,TRUE,Jurisdictions,Jurisdictions [test-meta-forms],internal,1346449,1346450,mitigat-ny-prod+test-meta-forms,,Force (always re-fetch),TRUE,Force (always re-fetch),,Yes,,Force (always re-fetch),None - already set to Force (always re-fetch).,No,Closed,,,Already correct at scan time.
T6-C629,T6-001,1300890,https://county_template.devmny.org/the_plan/jurisdictional_annexes/select_jurisdiction,the_plan/jurisdictional_annexes/select_jurisdiction,1348541,Additional Context (Strategy),1499254,ff34dd93-31d1-4d35-8f80-4f650257685c,Card,v1,sourceInfo,69,,Jurisdictions,Jurisdictions [test-meta-forms],internal,1346449,1346450,mitigat-ny-prod+test-meta-forms,,Force (always re-fetch),TRUE,Force (always re-fetch),,Yes,,Force (always re-fetch),None - already set to Force (always re-fetch).,No,Closed,,,Already correct at scan time.
T6-C630,T6-001,1300890,https://county_template.devmny.org/the_plan/jurisdictional_annexes/select_jurisdiction,the_plan/jurisdictional_annexes/select_jurisdiction,1348541,Capacity To Implement,1440867,4fa894bc-057f-4157-9705-94e81b6be2d1,Card,v1,sourceInfo,71,,Jurisdictions,Jurisdictions [test-meta-forms],internal,1346449,1346450,mitigat-ny-prod+test-meta-forms,,Force (always re-fetch),TRUE,Force (always re-fetch),,Yes,,Force (always re-fetch),None - already set to Force (always re-fetch).,No,Closed,,,Already correct at scan time.
T6-C631,T6-001,1300890,https://county_template.devmny.org/the_plan/jurisdictional_annexes/select_jurisdiction,the_plan/jurisdictional_annexes/select_jurisdiction,1348541,Integration,1440875,3336e4b7-366c-459b-935b-be786b48ccb8,Card,v1,sourceInfo,73,,Jurisdictions,Jurisdictions [test-meta-forms],internal,1346449,1346450,mitigat-ny-prod+test-meta-forms,,Force (always re-fetch),TRUE,Force (always re-fetch),,Yes,,Force (always re-fetch),None - already set to Force (always re-fetch).,No,Closed,,,Already correct at scan time.
T6-C632,T6-001,1300890,https://county_template.devmny.org/the_plan/jurisdictional_annexes/select_jurisdiction,the_plan/jurisdictional_annexes/select_jurisdiction,1348541,(untitled Card),1478381,c3a99306-9ec4-4382-ab9b-02916c2ea7d5,Card,v1,sourceInfo,74,TRUE,Jurisdictions,Jurisdictions [test-meta-forms],internal,1346449,1346450,mitigat-ny-prod+test-meta-forms,,Force (always re-fetch),TRUE,Force (always re-fetch),,Yes,,Force (always re-fetch),None - already set to Force (always re-fetch).,No,Closed,,,Already correct at scan time.
T6-C110,T6-001,1300890,https://county_template.devmny.org/the_plan/jurisdictional_annexes/select_jurisdiction,the_plan/jurisdictional_annexes/select_jurisdiction,1348541,(untitled Spreadsheet),1496523,43a48178-4c55-43c0-8086-8b070566ed92,Spreadsheet,v2,externalSource,76,,Capabilities_Catalogue,Capabilities_Catalogue [test_meta_forms],internal,1068273,1172519,mitigat-ny-prod+test_meta_forms,,Force (always re-fetch),TRUE,Force (always re-fetch),,Yes,,Force (always re-fetch),None - already set to Force (always re-fetch).,No,Closed,,,Already correct at scan time.
T6-C634,T6-001,1300890,https://county_template.devmny.org/the_plan/jurisdictional_annexes/select_jurisdiction,the_plan/jurisdictional_annexes/select_jurisdiction,1348541,Additional Context (Capacity to Implement),1499256,6a6039b0-32c6-49a5-a1eb-889e9908f059,Card,v1,sourceInfo,77,,Jurisdictions,Jurisdictions [test-meta-forms],internal,1346449,1346450,mitigat-ny-prod+test-meta-forms,,Force (always re-fetch),TRUE,Force (always re-fetch),,Yes,,Force (always re-fetch),None - already set to Force (always re-fetch).,No,Closed,,,Already correct at scan time.
T6-C636,T6-001,1300890,https://county_template.devmny.org/the_plan/jurisdictional_annexes/select_jurisdiction,the_plan/jurisdictional_annexes/select_jurisdiction,1348541,Complete Actions,1900682,f928b081-4d50-4a49-9fb0-14c9c7917f51,Card,v1,sourceInfo,81,,Jurisdictions,Jurisdictions [test-meta-forms],internal,1346449,1346450,mitigat-ny-prod+test-meta-forms,,Force (always re-fetch),TRUE,Force (always re-fetch),,Yes,,Force (always re-fetch),None - already set to Force (always re-fetch).,No,Closed,,,Already correct at scan time.
T6-C111,T6-001,1300890,https://county_template.devmny.org/the_plan/jurisdictional_annexes/select_jurisdiction,the_plan/jurisdictional_annexes/select_jurisdiction,1348541,Completed Actions Table,2407717,34279d9d-35be-4c14-b9cc-aca7e5197f39,Spreadsheet,v2,externalSource,82,,Actions_Revised,Actions_Revised [test_meta_forms],internal,1029065,1074456,mitigat-ny-prod+test_meta_forms,,Force (always re-fetch),TRUE,Force (always re-fetch),,Yes,,Force (always re-fetch),None - already set to Force (always re-fetch).,No,Closed,,,Already correct at scan time.
T6-C637,T6-001,1300890,https://county_template.devmny.org/the_plan/jurisdictional_annexes/select_jurisdiction,the_plan/jurisdictional_annexes/select_jurisdiction,1348541,In-Progress Actions,1441011,3336e4b7-366c-459b-935b-be786b48ccb8,Card,v1,sourceInfo,84,,Jurisdictions,Jurisdictions [test-meta-forms],internal,1346449,1346450,mitigat-ny-prod+test-meta-forms,,Force (always re-fetch),TRUE,Force (always re-fetch),,Yes,,Force (always re-fetch),None - already set to Force (always re-fetch).,No,Closed,,,Already correct at scan time.
T6-C638,T6-001,1300890,https://county_template.devmny.org/the_plan/jurisdictional_annexes/select_jurisdiction,the_plan/jurisdictional_annexes/select_jurisdiction,1348541,(untitled Card),1478521,c3a99306-9ec4-4382-ab9b-02916c2ea7d5,Card,v1,sourceInfo,85,TRUE,Jurisdictions,Jurisdictions [test-meta-forms],internal,1346449,1346450,mitigat-ny-prod+test-meta-forms,,Force (always re-fetch),TRUE,Force (always re-fetch),,Yes,,Force (always re-fetch),None - already set to Force (always re-fetch).,No,Closed,,,Already correct at scan time.
T6-C112,T6-001,1300890,https://county_template.devmny.org/the_plan/jurisdictional_annexes/select_jurisdiction,the_plan/jurisdictional_annexes/select_jurisdiction,1348541,In Progress Actions Table,2407718,1db76370-254c-4178-82a1-44a72b9b10e3,Spreadsheet,v2,externalSource,86,,Actions_Revised,Actions_Revised [test_meta_forms],internal,1029065,1074456,mitigat-ny-prod+test_meta_forms,,Force (always re-fetch),TRUE,Force (always re-fetch),,Yes,,Force (always re-fetch),None - already set to Force (always re-fetch).,No,Closed,,,Already correct at scan time.
T6-C639,T6-001,1300890,https://county_template.devmny.org/the_plan/jurisdictional_annexes/select_jurisdiction,the_plan/jurisdictional_annexes/select_jurisdiction,1348541,Proposed Actions,1499999,998381a2-281a-4705-87b4-e0270b6cf29c,Card,v1,sourceInfo,88,,Jurisdictions,Jurisdictions [test-meta-forms],internal,1346449,1346450,mitigat-ny-prod+test-meta-forms,,Force (always re-fetch),TRUE,Force (always re-fetch),,Yes,,Force (always re-fetch),None - already set to Force (always re-fetch).,No,Closed,,,Already correct at scan time.
T6-C113,T6-001,1300890,https://county_template.devmny.org/the_plan/jurisdictional_annexes/select_jurisdiction,the_plan/jurisdictional_annexes/select_jurisdiction,1348541,Proposed Actions Table,2407713,3f4b9a57-a5f9-44fb-9af2-aa2086c36767,Spreadsheet,v2,externalSource,89,,Actions_Revised,Actions_Revised [test_meta_forms],internal,1029065,1074456,mitigat-ny-prod+test_meta_forms,,Force (always re-fetch),TRUE,Force (always re-fetch),,Yes,,Force (always re-fetch),None - already set to Force (always re-fetch).,No,Closed,,,Already correct at scan time.
T6-C640,T6-001,1300890,https://county_template.devmny.org/the_plan/jurisdictional_annexes/select_jurisdiction,the_plan/jurisdictional_annexes/select_jurisdiction,1348541,Additional Context (Progress),1499264,ec7fef79-eda7-4da6-bccc-937de5afdf04,Card,v1,sourceInfo,91,,Jurisdictions,Jurisdictions [test-meta-forms],internal,1346449,1346450,mitigat-ny-prod+test-meta-forms,,Force (always re-fetch),TRUE,Force (always re-fetch),,Yes,,Force (always re-fetch),None - already set to Force (always re-fetch).,No,Closed,,,Already correct at scan time.
T6-C124,T6-001,1300890,https://county_template.devmny.org/the_risk/natural_hazards,the_risk/natural_hazards,1300806,(untitled Card),2413408,5fa668bf-fb62-458f-aba5-ae8374f713ba,Card,v2,externalSource,5,,Hazards_of_Concern,Hazards_of_Concern [test_meta_forms],internal,1473470,1473471,mitigat-ny-prod+test_meta_forms,,Force (always re-fetch),TRUE,Force (always re-fetch),,Yes,,Force (always re-fetch),None - already set to Force (always re-fetch).,No,Closed,,,Already correct at scan time.
T6-C125,T6-001,1300890,https://county_template.devmny.org/the_risk/natural_hazards,the_risk/natural_hazards,1300806,Hazards of Concern by Jurisdiction,2413409,b8e7c3b4-360f-44e2-b836-eaace14971ef,Spreadsheet,v2,externalSource,6,,Hazards_of_Concern,Hazards_of_Concern [test_meta_forms],internal,1473470,1473471,mitigat-ny-prod+test_meta_forms,,Force (always re-fetch),TRUE,Force (always re-fetch),,Yes,,Force (always re-fetch),None - already set to Force (always re-fetch).,No,Closed,,,Already correct at scan time.
T6-C137,T6-001,1300890,https://county_template.devmny.org/the_risk/natural_hazards/avalanche,the_risk/natural_hazards/avalanche,1544721,(untitled Card),2176931,305556be-b833-48fc-915c-f563711a31f7,Card,v2,externalSource,2,,Hazards_of_Concern,Hazards_of_Concern [test_meta_forms],internal,1473470,1473471,mitigat-ny-prod+test_meta_forms,,Force (always re-fetch),TRUE,Force (always re-fetch),,Yes,,Force (always re-fetch),None - already set to Force (always re-fetch).,No,Closed,,,Already correct at scan time.
T6-C151,T6-001,1300890,https://county_template.devmny.org/the_risk/natural_hazards/avalanche,the_risk/natural_hazards/avalanche,1544721,(untitled Spreadsheet),2176970,10fb2f11-dbf4-48d6-a978-6c45d1841711,Spreadsheet,v2,externalSource,40,,Hazards_of_Concern,Hazards_of_Concern [test_meta_forms],internal,1473470,1473471,mitigat-ny-prod+test_meta_forms,,Force (always re-fetch),TRUE,Force (always re-fetch),,Yes,,Force (always re-fetch),None - already set to Force (always re-fetch).,No,Closed,,,Already correct at scan time.
T6-C153,T6-001,1300890,https://county_template.devmny.org/the_risk/natural_hazards/avalanche,the_risk/natural_hazards/avalanche,1544721,(untitled Spreadsheet),2176990,1f5cbb43-d738-4391-b34c-62264c87d1de,Spreadsheet,v2,externalSource,59,,Capabilities_Catalogue,Capabilities_Catalogue [test_meta_forms],internal,1068273,1172519,mitigat-ny-prod+test_meta_forms,,Force (always re-fetch),TRUE,Force (always re-fetch),,Yes,,Force (always re-fetch),None - already set to Force (always re-fetch).,No,Closed,,,Already correct at scan time.
T6-C154,T6-001,1300890,https://county_template.devmny.org/the_risk/natural_hazards/avalanche,the_risk/natural_hazards/avalanche,1544721,(untitled Card),2179714,0a490d28-8f29-4fbc-9cbe-0ebe1c8e024d,Card,v2,externalSource,63,,Actions_Revised,Actions_Revised [test_meta_forms],internal,1029065,1074456,mitigat-ny-prod+test_meta_forms,,Force (always re-fetch),TRUE,Force (always re-fetch),,Yes,,Force (always re-fetch),None - already set to Force (always re-fetch).,No,Closed,,,Already correct at scan time.
T6-C155,T6-001,1300890,https://county_template.devmny.org/the_risk/natural_hazards/avalanche,the_risk/natural_hazards/avalanche,1544721,Local Actions Table,2179732,859d84a6-1816-451a-9925-42df2aa85a48,Spreadsheet,v2,externalSource,64,,Actions_Revised,Actions_Revised [test_meta_forms],internal,1029065,1074456,mitigat-ny-prod+test_meta_forms,,Force (always re-fetch),TRUE,Force (always re-fetch),,Yes,,Force (always re-fetch),None - already set to Force (always re-fetch).,No,Closed,,,Already correct at scan time.
T6-C158,T6-001,1300890,https://county_template.devmny.org/the_risk/natural_hazards/coastal_hazards,the_risk/natural_hazards/coastal_hazards,1544317,(untitled Card),1676739,b35e075d-4501-4ab2-84b1-55b2682d3833,Card,v2,externalSource,2,,Hazards_of_Concern,Hazards_of_Concern [test_meta_forms],internal,1473470,1473471,mitigat-ny-prod+test_meta_forms,,Force (always re-fetch),TRUE,Force (always re-fetch),,Yes,,Force (always re-fetch),None - already set to Force (always re-fetch).,No,Closed,,,Already correct at scan time.
T6-C170,T6-001,1300890,https://county_template.devmny.org/the_risk/natural_hazards/coastal_hazards,the_risk/natural_hazards/coastal_hazards,1544317,(untitled Spreadsheet),2382028,3f971902-8de1-4cb5-9c3f-59530febad1c,Spreadsheet,v2,externalSource,41,,Hazards_of_Concern,Hazards_of_Concern [test_meta_forms],internal,1473470,1473471,mitigat-ny-prod+test_meta_forms,,Force (always re-fetch),TRUE,Force (always re-fetch),,Yes,,Force (always re-fetch),None - already set to Force (always re-fetch).,No,Closed,,,Already correct at scan time.
T6-C172,T6-001,1300890,https://county_template.devmny.org/the_risk/natural_hazards/coastal_hazards,the_risk/natural_hazards/coastal_hazards,1544317,(untitled Spreadsheet),2383864,bb9e061e-8612-4359-b4ec-4f4b2ffb77f2,Spreadsheet,v2,externalSource,60,,Capabilities_Catalogue,Capabilities_Catalogue [test_meta_forms],internal,1068273,1172519,mitigat-ny-prod+test_meta_forms,,Force (always re-fetch),TRUE,Force (always re-fetch),,Yes,,Force (always re-fetch),None - already set to Force (always re-fetch).,No,Closed,,,Already correct at scan time.
T6-C173,T6-001,1300890,https://county_template.devmny.org/the_risk/natural_hazards/coastal_hazards,the_risk/natural_hazards/coastal_hazards,1544317,(untitled Card),2179715,c0518eb8-65c3-4c2d-b0fb-3e4e8fd9de54,Card,v2,externalSource,64,,Actions_Revised,Actions_Revised [test_meta_forms],internal,1029065,1074456,mitigat-ny-prod+test_meta_forms,,Force (always re-fetch),TRUE,Force (always re-fetch),,Yes,,Force (always re-fetch),None - already set to Force (always re-fetch).,No,Closed,,,Already correct at scan time.
T6-C175,T6-001,1300890,https://county_template.devmny.org/the_risk/natural_hazards/coastal_hazards,the_risk/natural_hazards/coastal_hazards,1544317,Local Actions Table,2179734,859d84a6-1816-451a-9925-42df2aa85a48,Spreadsheet,v2,externalSource,66,,Actions_Revised,Actions_Revised [test_meta_forms],internal,1029065,1074456,mitigat-ny-prod+test_meta_forms,,Force (always re-fetch),TRUE,Force (always re-fetch),,Yes,,Force (always re-fetch),None - already set to Force (always re-fetch).,No,Closed,,,Already correct at scan time.
T6-C177,T6-001,1300890,https://county_template.devmny.org/the_risk/natural_hazards/drought,the_risk/natural_hazards/drought,1545217,(untitled Card),1898195,79db5499-5a28-4d97-a4d1-c1d5668700f1,Card,v2,externalSource,2,,Hazards_of_Concern,Hazards_of_Concern [test_meta_forms],internal,1473470,1473471,mitigat-ny-prod+test_meta_forms,,Force (always re-fetch),TRUE,Force (always re-fetch),,Yes,,Force (always re-fetch),None - already set to Force (always re-fetch).,No,Closed,,,Already correct at scan time.
T6-C191,T6-001,1300890,https://county_template.devmny.org/the_risk/natural_hazards/drought,the_risk/natural_hazards/drought,1545217,(untitled Spreadsheet),2382104,b2d13e7b-9955-4c45-aad5-d59bd7a5af0b,Spreadsheet,v2,externalSource,40,,Hazards_of_Concern,Hazards_of_Concern [test_meta_forms],internal,1473470,1473471,mitigat-ny-prod+test_meta_forms,,Force (always re-fetch),TRUE,Force (always re-fetch),,Yes,,Force (always re-fetch),None - already set to Force (always re-fetch).,No,Closed,,,Already correct at scan time.
T6-C197,T6-001,1300890,https://county_template.devmny.org/the_risk/natural_hazards/drought,the_risk/natural_hazards/drought,1545217,(untitled Spreadsheet),2383891,1f0155c3-bed3-4803-8380-fb0a06e15c9f,Spreadsheet,v2,externalSource,59,,Capabilities_Catalogue,Capabilities_Catalogue [test_meta_forms],internal,1068273,1172519,mitigat-ny-prod+test_meta_forms,,Force (always re-fetch),TRUE,Force (always re-fetch),,Yes,,Force (always re-fetch),None - already set to Force (always re-fetch).,No,Closed,,,Already correct at scan time.
T6-C198,T6-001,1300890,https://county_template.devmny.org/the_risk/natural_hazards/drought,the_risk/natural_hazards/drought,1545217,(untitled Card),2179717,f79a6dd3-97ed-4974-88ab-d4ee75057b3f,Card,v2,externalSource,63,,Actions_Revised,Actions_Revised [test_meta_forms],internal,1029065,1074456,mitigat-ny-prod+test_meta_forms,,Force (always re-fetch),TRUE,Force (always re-fetch),,Yes,,Force (always re-fetch),None - already set to Force (always re-fetch).,No,Closed,,,Already correct at scan time.
T6-C199,T6-001,1300890,https://county_template.devmny.org/the_risk/natural_hazards/drought,the_risk/natural_hazards/drought,1545217,Local Actions Table,2179735,859d84a6-1816-451a-9925-42df2aa85a48,Spreadsheet,v2,externalSource,64,,Actions_Revised,Actions_Revised [test_meta_forms],internal,1029065,1074456,mitigat-ny-prod+test_meta_forms,,Force (always re-fetch),TRUE,Force (always re-fetch),,Yes,,Force (always re-fetch),None - already set to Force (always re-fetch).,No,Closed,,,Already correct at scan time.
T6-C201,T6-001,1300890,https://county_template.devmny.org/the_risk/natural_hazards/earthquake,the_risk/natural_hazards/earthquake,1544597,(untitled Card),1676741,c813676d-ebc6-45b0-8806-8b696caa6e83,Card,v2,externalSource,2,,Hazards_of_Concern,Hazards_of_Concern [test_meta_forms],internal,1473470,1473471,mitigat-ny-prod+test_meta_forms,,Force (always re-fetch),TRUE,Force (always re-fetch),,Yes,,Force (always re-fetch),None - already set to Force (always re-fetch).,No,Closed,,,Already correct at scan time.
T6-C212,T6-001,1300890,https://county_template.devmny.org/the_risk/natural_hazards/earthquake,the_risk/natural_hazards/earthquake,1544597,(untitled Spreadsheet),2382178,81ec48e3-867c-49e7-87f0-f220f8a7bab2,Spreadsheet,v2,externalSource,40,,Hazards_of_Concern,Hazards_of_Concern [test_meta_forms],internal,1473470,1473471,mitigat-ny-prod+test_meta_forms,,Force (always re-fetch),TRUE,Force (always re-fetch),,Yes,,Force (always re-fetch),None - already set to Force (always re-fetch).,No,Closed,,,Already correct at scan time.
T6-C214,T6-001,1300890,https://county_template.devmny.org/the_risk/natural_hazards/earthquake,the_risk/natural_hazards/earthquake,1544597,(untitled Spreadsheet),2384040,77a7252f-9e9f-434f-8c41-4185c6d7f5ca,Spreadsheet,v2,externalSource,59,,Capabilities_Catalogue,Capabilities_Catalogue [test_meta_forms],internal,1068273,1172519,mitigat-ny-prod+test_meta_forms,,Force (always re-fetch),TRUE,Force (always re-fetch),,Yes,,Force (always re-fetch),None - already set to Force (always re-fetch).,No,Closed,,,Already correct at scan time.
T6-C215,T6-001,1300890,https://county_template.devmny.org/the_risk/natural_hazards/earthquake,the_risk/natural_hazards/earthquake,1544597,(untitled Card),2179719,91bdb6f7-e1d2-4762-a9ef-8ab48e545f57,Card,v2,externalSource,63,,Actions_Revised,Actions_Revised [test_meta_forms],internal,1029065,1074456,mitigat-ny-prod+test_meta_forms,,Force (always re-fetch),TRUE,Force (always re-fetch),,Yes,,Force (always re-fetch),None - already set to Force (always re-fetch).,No,Closed,,,Already correct at scan time.
T6-C217,T6-001,1300890,https://county_template.devmny.org/the_risk/natural_hazards/earthquake,the_risk/natural_hazards/earthquake,1544597,Local Actions Table,2179736,859d84a6-1816-451a-9925-42df2aa85a48,Spreadsheet,v2,externalSource,65,,Actions_Revised,Actions_Revised [test_meta_forms],internal,1029065,1074456,mitigat-ny-prod+test_meta_forms,,Force (always re-fetch),TRUE,Force (always re-fetch),,Yes,,Force (always re-fetch),None - already set to Force (always re-fetch).,No,Closed,,,Already correct at scan time.
T6-C219,T6-001,1300890,https://county_template.devmny.org/the_risk/natural_hazards/extreme_cold,the_risk/natural_hazards/extreme_cold,1544845,(untitled Card),1676743,c71294ab-d257-4f4f-9642-4a5d49756cff,Card,v2,externalSource,2,,Hazards_of_Concern,Hazards_of_Concern [test_meta_forms],internal,1473470,1473471,mitigat-ny-prod+test_meta_forms,,Force (always re-fetch),TRUE,Force (always re-fetch),,Yes,,Force (always re-fetch),None - already set to Force (always re-fetch).,No,Closed,,,Already correct at scan time.
T6-C230,T6-001,1300890,https://county_template.devmny.org/the_risk/natural_hazards/extreme_cold,the_risk/natural_hazards/extreme_cold,1544845,(untitled Spreadsheet),2382253,248c4f0a-fbb7-499a-a0ff-e170001086de,Spreadsheet,v2,externalSource,40,,Hazards_of_Concern,Hazards_of_Concern [test_meta_forms],internal,1473470,1473471,mitigat-ny-prod+test_meta_forms,,Force (always re-fetch),TRUE,Force (always re-fetch),,Yes,,Force (always re-fetch),None - already set to Force (always re-fetch).,No,Closed,,,Already correct at scan time.
T6-C232,T6-001,1300890,https://county_template.devmny.org/the_risk/natural_hazards/extreme_cold,the_risk/natural_hazards/extreme_cold,1544845,(untitled Spreadsheet),2383866,9dba8fbd-732d-4520-a10a-5504a145c8d0,Spreadsheet,v2,externalSource,59,,Capabilities_Catalogue,Capabilities_Catalogue [test_meta_forms],internal,1068273,1172519,mitigat-ny-prod+test_meta_forms,,Force (always re-fetch),TRUE,Force (always re-fetch),,Yes,,Force (always re-fetch),None - already set to Force (always re-fetch).,No,Closed,,,Already correct at scan time.
T6-C233,T6-001,1300890,https://county_template.devmny.org/the_risk/natural_hazards/extreme_cold,the_risk/natural_hazards/extreme_cold,1544845,(untitled Card),1544839,49ca0249-1320-475f-a9f5-98451677a4fd,Card,v2,externalSource,62,,Actions_Revised,Actions_Revised [test_meta_forms],internal,1029065,1074456,mitigat-ny-prod+test_meta_forms,,Force (always re-fetch),TRUE,Force (always re-fetch),,Yes,,Force (always re-fetch),None - already set to Force (always re-fetch).,No,Closed,,,Already correct at scan time.
T6-C234,T6-001,1300890,https://county_template.devmny.org/the_risk/natural_hazards/extreme_cold,the_risk/natural_hazards/extreme_cold,1544845,Local Actions Table,2179231,859d84a6-1816-451a-9925-42df2aa85a48,Spreadsheet,v2,externalSource,63,,Actions_Revised,Actions_Revised [test_meta_forms],internal,1029065,1074456,mitigat-ny-prod+test_meta_forms,,Force (always re-fetch),TRUE,Force (always re-fetch),,Yes,,Force (always re-fetch),None - already set to Force (always re-fetch).,No,Closed,,,Already correct at scan time.
T6-C237,T6-001,1300890,https://county_template.devmny.org/the_risk/natural_hazards/extreme_heat,the_risk/natural_hazards/extreme_heat,1544969,(untitled Card),1676745,20fe6eef-1bbd-4be4-ab31-8dc6a6b88e6d,Card,v2,externalSource,2,,Hazards_of_Concern,Hazards_of_Concern [test_meta_forms],internal,1473470,1473471,mitigat-ny-prod+test_meta_forms,,Force (always re-fetch),TRUE,Force (always re-fetch),,Yes,,Force (always re-fetch),None - already set to Force (always re-fetch).,No,Closed,,,Already correct at scan time.
T6-C248,T6-001,1300890,https://county_template.devmny.org/the_risk/natural_hazards/extreme_heat,the_risk/natural_hazards/extreme_heat,1544969,(untitled Spreadsheet),2382326,e11f601f-2469-4ecb-a8ca-af2677d724fe,Spreadsheet,v2,externalSource,40,,Hazards_of_Concern,Hazards_of_Concern [test_meta_forms],internal,1473470,1473471,mitigat-ny-prod+test_meta_forms,,Force (always re-fetch),TRUE,Force (always re-fetch),,Yes,,Force (always re-fetch),None - already set to Force (always re-fetch).,No,Closed,,,Already correct at scan time.
T6-C250,T6-001,1300890,https://county_template.devmny.org/the_risk/natural_hazards/extreme_heat,the_risk/natural_hazards/extreme_heat,1544969,(untitled Spreadsheet),2384188,c9cd079f-61bf-477c-b842-9eb7cd22c0bc,Spreadsheet,v2,externalSource,59,,Capabilities_Catalogue,Capabilities_Catalogue [test_meta_forms],internal,1068273,1172519,mitigat-ny-prod+test_meta_forms,,Force (always re-fetch),TRUE,Force (always re-fetch),,Yes,,Force (always re-fetch),None - already set to Force (always re-fetch).,No,Closed,,,Already correct at scan time.
T6-C251,T6-001,1300890,https://county_template.devmny.org/the_risk/natural_hazards/extreme_heat,the_risk/natural_hazards/extreme_heat,1544969,(untitled Card),2179720,4d4aa93b-f287-4cb2-a874-7d75e2fa18c2,Card,v2,externalSource,63,,Actions_Revised,Actions_Revised [test_meta_forms],internal,1029065,1074456,mitigat-ny-prod+test_meta_forms,,Force (always re-fetch),TRUE,Force (always re-fetch),,Yes,,Force (always re-fetch),None - already set to Force (always re-fetch).,No,Closed,,,Already correct at scan time.
T6-C252,T6-001,1300890,https://county_template.devmny.org/the_risk/natural_hazards/extreme_heat,the_risk/natural_hazards/extreme_heat,1544969,Local Actions Table,2179737,859d84a6-1816-451a-9925-42df2aa85a48,Spreadsheet,v2,externalSource,64,,Actions_Revised,Actions_Revised [test_meta_forms],internal,1029065,1074456,mitigat-ny-prod+test_meta_forms,,Force (always re-fetch),TRUE,Force (always re-fetch),,Yes,,Force (always re-fetch),None - already set to Force (always re-fetch).,No,Closed,,,Already correct at scan time.
T6-C254,T6-001,1300890,https://county_template.devmny.org/the_risk/natural_hazards/flooding,the_risk/natural_hazards/flooding,1450290,(untitled Card),1682901,de58a0c6-22f0-498a-af0b-3ff0bc6684ad,Card,v2,externalSource,2,,Hazards_of_Concern,Hazards_of_Concern [test_meta_forms],internal,1473470,1473471,mitigat-ny-prod+test_meta_forms,,Force (always re-fetch),TRUE,Force (always re-fetch),,Yes,,Force (always re-fetch),None - already set to Force (always re-fetch).,No,Closed,,,Already correct at scan time.
T6-C266,T6-001,1300890,https://county_template.devmny.org/the_risk/natural_hazards/flooding,the_risk/natural_hazards/flooding,1450290,(untitled Spreadsheet),2382480,95b80a21-cc2a-4bbf-8f46-c96b81103b10,Spreadsheet,v2,externalSource,41,,Hazards_of_Concern,Hazards_of_Concern [test_meta_forms],internal,1473470,1473471,mitigat-ny-prod+test_meta_forms,,Force (always re-fetch),TRUE,Force (always re-fetch),,Yes,,Force (always re-fetch),None - already set to Force (always re-fetch).,No,Closed,,,Already correct at scan time.
T6-C268,T6-001,1300890,https://county_template.devmny.org/the_risk/natural_hazards/flooding,the_risk/natural_hazards/flooding,1450290,(untitled Spreadsheet),2384262,75f8ccd8-03f4-48ee-b932-a0dc288d291d,Spreadsheet,v2,externalSource,64,,Capabilities_Catalogue,Capabilities_Catalogue [test_meta_forms],internal,1068273,1172519,mitigat-ny-prod+test_meta_forms,,Force (always re-fetch),TRUE,Force (always re-fetch),,Yes,,Force (always re-fetch),None - already set to Force (always re-fetch).,No,Closed,,,Already correct at scan time.
T6-C269,T6-001,1300890,https://county_template.devmny.org/the_risk/natural_hazards/flooding,the_risk/natural_hazards/flooding,1450290,(untitled Card),2179634,8b04265a-7153-4d48-9ba4-fb85a92f0b69,Card,v2,externalSource,68,,Actions_Revised,Actions_Revised [test_meta_forms],internal,1029065,1074456,mitigat-ny-prod+test_meta_forms,,Force (always re-fetch),TRUE,Force (always re-fetch),,Yes,,Force (always re-fetch),None - already set to Force (always re-fetch).,No,Closed,,,Already correct at scan time.
T6-C270,T6-001,1300890,https://county_template.devmny.org/the_risk/natural_hazards/flooding,the_risk/natural_hazards/flooding,1450290,Local Actions Table,2179733,859d84a6-1816-451a-9925-42df2aa85a48,Spreadsheet,v2,externalSource,69,,Actions_Revised,Actions_Revised [test_meta_forms],internal,1029065,1074456,mitigat-ny-prod+test_meta_forms,,Force (always re-fetch),TRUE,Force (always re-fetch),,Yes,,Force (always re-fetch),None - already set to Force (always re-fetch).,No,Closed,,,Already correct at scan time.
T6-C272,T6-001,1300890,https://county_template.devmny.org/the_risk/natural_hazards/hail,the_risk/natural_hazards/hail,1545093,(untitled Card),1676822,a06dc6f0-7a57-43df-ba0e-020f6048079a,Card,v2,externalSource,2,,Hazards_of_Concern,Hazards_of_Concern [test_meta_forms],internal,1473470,1473471,mitigat-ny-prod+test_meta_forms,,Force (always re-fetch),TRUE,Force (always re-fetch),,Yes,,Force (always re-fetch),None - already set to Force (always re-fetch).,No,Closed,,,Already correct at scan time.
T6-C283,T6-001,1300890,https://county_template.devmny.org/the_risk/natural_hazards/hail,the_risk/natural_hazards/hail,1545093,(untitled Spreadsheet),2382699,5a452dd6-2ff0-4cf4-a76b-339df24931d3,Spreadsheet,v2,externalSource,40,,Hazards_of_Concern,Hazards_of_Concern [test_meta_forms],internal,1473470,1473471,mitigat-ny-prod+test_meta_forms,,Force (always re-fetch),TRUE,Force (always re-fetch),,Yes,,Force (always re-fetch),None - already set to Force (always re-fetch).,No,Closed,,,Already correct at scan time.
T6-C285,T6-001,1300890,https://county_template.devmny.org/the_risk/natural_hazards/hail,the_risk/natural_hazards/hail,1545093,(untitled Spreadsheet),2384419,ed2cf626-f5c1-465b-95da-a125cd895ebf,Spreadsheet,v2,externalSource,59,,Capabilities_Catalogue,Capabilities_Catalogue [test_meta_forms],internal,1068273,1172519,mitigat-ny-prod+test_meta_forms,,Force (always re-fetch),TRUE,Force (always re-fetch),,Yes,,Force (always re-fetch),None - already set to Force (always re-fetch).,No,Closed,,,Already correct at scan time.
T6-C286,T6-001,1300890,https://county_template.devmny.org/the_risk/natural_hazards/hail,the_risk/natural_hazards/hail,1545093,(untitled Card),2179722,70edd84a-c3d0-4846-8e30-2405f83dbfe9,Card,v2,externalSource,63,,Actions_Revised,Actions_Revised [test_meta_forms],internal,1029065,1074456,mitigat-ny-prod+test_meta_forms,,Force (always re-fetch),TRUE,Force (always re-fetch),,Yes,,Force (always re-fetch),None - already set to Force (always re-fetch).,No,Closed,,,Already correct at scan time.
T6-C287,T6-001,1300890,https://county_template.devmny.org/the_risk/natural_hazards/hail,the_risk/natural_hazards/hail,1545093,Local Actions Table,2179738,859d84a6-1816-451a-9925-42df2aa85a48,Spreadsheet,v2,externalSource,64,,Actions_Revised,Actions_Revised [test_meta_forms],internal,1029065,1074456,mitigat-ny-prod+test_meta_forms,,Force (always re-fetch),TRUE,Force (always re-fetch),,Yes,,Force (always re-fetch),None - already set to Force (always re-fetch).,No,Closed,,,Already correct at scan time.
T6-C289,T6-001,1300890,https://county_template.devmny.org/the_risk/natural_hazards/hurricane,the_risk/natural_hazards/hurricane,1545403,(untitled Card),2416263,e3d40570-af04-4516-8b19-3ca73197ef10,Card,v2,externalSource,2,,Hazards_of_Concern,Hazards_of_Concern [test_meta_forms],internal,1473470,1473471,mitigat-ny-prod+test_meta_forms,,Force (always re-fetch),TRUE,Force (always re-fetch),,Yes,,Force (always re-fetch),None - already set to Force (always re-fetch).,No,Closed,,,Already correct at scan time.
T6-C861,T6-001,1300890,https://county_template.devmny.org/the_risk/natural_hazards/hurricane,the_risk/natural_hazards/hurricane,1545403,(untitled Spreadsheet),1992599,10fb2f11-dbf4-48d6-a978-6c45d1841711,Spreadsheet,v1,sourceInfo,41,,Hazards_of_Concern,Hazards_of_Concern [test-meta-forms],internal,1473470,1473471,mitigat-ny-prod+test-meta-forms,,Force (always re-fetch),TRUE,Force (always re-fetch),,Yes,,Force (always re-fetch),None - already set to Force (always re-fetch).,No,Closed,,,Already correct at scan time.
T6-C303,T6-001,1300890,https://county_template.devmny.org/the_risk/natural_hazards/hurricane,the_risk/natural_hazards/hurricane,1545403,(untitled Spreadsheet),2384518,9188886c-1733-4d5a-ac2c-261e55d6d7b5,Spreadsheet,v2,externalSource,60,,Capabilities_Catalogue,Capabilities_Catalogue [test_meta_forms],internal,1068273,1172519,mitigat-ny-prod+test_meta_forms,,Force (always re-fetch),TRUE,Force (always re-fetch),,Yes,,Force (always re-fetch),None - already set to Force (always re-fetch).,No,Closed,,,Already correct at scan time.
T6-C304,T6-001,1300890,https://county_template.devmny.org/the_risk/natural_hazards/hurricane,the_risk/natural_hazards/hurricane,1545403,(untitled Card),2179716,7bf1d3d1-c4c7-4dd7-a61f-b4cd09f919b2,Card,v2,externalSource,64,,Actions_Revised,Actions_Revised [test_meta_forms],internal,1029065,1074456,mitigat-ny-prod+test_meta_forms,,Force (always re-fetch),TRUE,Force (always re-fetch),,Yes,,Force (always re-fetch),None - already set to Force (always re-fetch).,No,Closed,,,Already correct at scan time.
T6-C305,T6-001,1300890,https://county_template.devmny.org/the_risk/natural_hazards/hurricane,the_risk/natural_hazards/hurricane,1545403,Local Actions Table,2179739,859d84a6-1816-451a-9925-42df2aa85a48,Spreadsheet,v2,externalSource,65,,Actions_Revised,Actions_Revised [test_meta_forms],internal,1029065,1074456,mitigat-ny-prod+test_meta_forms,,Force (always re-fetch),TRUE,Force (always re-fetch),,Yes,,Force (always re-fetch),None - already set to Force (always re-fetch).,No,Closed,,,Already correct at scan time.
T6-C307,T6-001,1300890,https://county_template.devmny.org/the_risk/natural_hazards/ice_storm,the_risk/natural_hazards/ice_storm,1545527,(untitled Card),1676867,18037b45-dea8-47a0-ac6c-592013efc4ca,Card,v2,externalSource,2,,Hazards_of_Concern,Hazards_of_Concern [test_meta_forms],internal,1473470,1473471,mitigat-ny-prod+test_meta_forms,,Force (always re-fetch),TRUE,Force (always re-fetch),,Yes,,Force (always re-fetch),None - already set to Force (always re-fetch).,No,Closed,,,Already correct at scan time.
T6-C319,T6-001,1300890,https://county_template.devmny.org/the_risk/natural_hazards/ice_storm,the_risk/natural_hazards/ice_storm,1545527,(untitled Spreadsheet),2383011,087acfab-6733-495b-b0fd-5085bc7558ec,Spreadsheet,v2,externalSource,40,,Hazards_of_Concern,Hazards_of_Concern [test_meta_forms],internal,1473470,1473471,mitigat-ny-prod+test_meta_forms,,Force (always re-fetch),TRUE,Force (always re-fetch),,Yes,,Force (always re-fetch),None - already set to Force (always re-fetch).,No,Closed,,,Already correct at scan time.
T6-C321,T6-001,1300890,https://county_template.devmny.org/the_risk/natural_hazards/ice_storm,the_risk/natural_hazards/ice_storm,1545527,(untitled Spreadsheet),2383865,33b3785b-dd1f-473c-9253-80f2c01333a1,Spreadsheet,v2,externalSource,59,,Capabilities_Catalogue,Capabilities_Catalogue [test_meta_forms],internal,1068273,1172519,mitigat-ny-prod+test_meta_forms,,Force (always re-fetch),TRUE,Force (always re-fetch),,Yes,,Force (always re-fetch),None - already set to Force (always re-fetch).,No,Closed,,,Already correct at scan time.
T6-C322,T6-001,1300890,https://county_template.devmny.org/the_risk/natural_hazards/ice_storm,the_risk/natural_hazards/ice_storm,1545527,(untitled Card),2179723,da088936-6553-45f8-b7ca-64839bd833fb,Card,v2,externalSource,63,,Actions_Revised,Actions_Revised [test_meta_forms],internal,1029065,1074456,mitigat-ny-prod+test_meta_forms,,Force (always re-fetch),TRUE,Force (always re-fetch),,Yes,,Force (always re-fetch),None - already set to Force (always re-fetch).,No,Closed,,,Already correct at scan time.
T6-C323,T6-001,1300890,https://county_template.devmny.org/the_risk/natural_hazards/ice_storm,the_risk/natural_hazards/ice_storm,1545527,Local Actions Table,2179740,859d84a6-1816-451a-9925-42df2aa85a48,Spreadsheet,v2,externalSource,64,,Actions_Revised,Actions_Revised [test_meta_forms],internal,1029065,1074456,mitigat-ny-prod+test_meta_forms,,Force (always re-fetch),TRUE,Force (always re-fetch),,Yes,,Force (always re-fetch),None - already set to Force (always re-fetch).,No,Closed,,,Already correct at scan time.
T6-C326,T6-001,1300890,https://county_template.devmny.org/the_risk/natural_hazards/landslide,the_risk/natural_hazards/landslide,1545651,(untitled Card),1676869,c24e7713-9c9e-4aa9-ada3-a8d46e45b5f6,Card,v2,externalSource,2,,Hazards_of_Concern,Hazards_of_Concern [test_meta_forms],internal,1473470,1473471,mitigat-ny-prod+test_meta_forms,,Force (always re-fetch),TRUE,Force (always re-fetch),,Yes,,Force (always re-fetch),None - already set to Force (always re-fetch).,No,Closed,,,Already correct at scan time.
T6-C338,T6-001,1300890,https://county_template.devmny.org/the_risk/natural_hazards/landslide,the_risk/natural_hazards/landslide,1545651,(untitled Spreadsheet),2383161,e30439f8-6711-468f-b4b0-d591754fd5c2,Spreadsheet,v2,externalSource,40,,Hazards_of_Concern,Hazards_of_Concern [test_meta_forms],internal,1473470,1473471,mitigat-ny-prod+test_meta_forms,,Force (always re-fetch),TRUE,Force (always re-fetch),,Yes,,Force (always re-fetch),None - already set to Force (always re-fetch).,No,Closed,,,Already correct at scan time.
T6-C340,T6-001,1300890,https://county_template.devmny.org/the_risk/natural_hazards/landslide,the_risk/natural_hazards/landslide,1545651,(untitled Spreadsheet),2384692,88deb407-8878-47ea-b86a-9d9f6cf86f75,Spreadsheet,v2,externalSource,59,,Capabilities_Catalogue,Capabilities_Catalogue [test_meta_forms],internal,1068273,1172519,mitigat-ny-prod+test_meta_forms,,Force (always re-fetch),TRUE,Force (always re-fetch),,Yes,,Force (always re-fetch),None - already set to Force (always re-fetch).,No,Closed,,,Already correct at scan time.
T6-C341,T6-001,1300890,https://county_template.devmny.org/the_risk/natural_hazards/landslide,the_risk/natural_hazards/landslide,1545651,(untitled Card),2179725,484b8f70-8e7a-4b16-9ecf-ddbf45af5d7c,Card,v2,externalSource,63,,Actions_Revised,Actions_Revised [test_meta_forms],internal,1029065,1074456,mitigat-ny-prod+test_meta_forms,,Force (always re-fetch),TRUE,Force (always re-fetch),,Yes,,Force (always re-fetch),None - already set to Force (always re-fetch).,No,Closed,,,Already correct at scan time.
T6-C342,T6-001,1300890,https://county_template.devmny.org/the_risk/natural_hazards/landslide,the_risk/natural_hazards/landslide,1545651,Local Actions Table,2179741,859d84a6-1816-451a-9925-42df2aa85a48,Spreadsheet,v2,externalSource,64,,Actions_Revised,Actions_Revised [test_meta_forms],internal,1029065,1074456,mitigat-ny-prod+test_meta_forms,,Force (always re-fetch),TRUE,Force (always re-fetch),,Yes,,Force (always re-fetch),None - already set to Force (always re-fetch).,No,Closed,,,Already correct at scan time.
T6-C345,T6-001,1300890,https://county_template.devmny.org/the_risk/natural_hazards/lightning,the_risk/natural_hazards/lightning,1545775,(untitled Card),1676871,e9a47416-25db-44bf-ac61-019ce3e901ed,Card,v2,externalSource,2,,Hazards_of_Concern,Hazards_of_Concern [test_meta_forms],internal,1473470,1473471,mitigat-ny-prod+test_meta_forms,,Force (always re-fetch),TRUE,Force (always re-fetch),,Yes,,Force (always re-fetch),None - already set to Force (always re-fetch).,No,Closed,,,Already correct at scan time.
T6-C357,T6-001,1300890,https://county_template.devmny.org/the_risk/natural_hazards/lightning,the_risk/natural_hazards/lightning,1545775,(untitled Spreadsheet),2383468,31cb5891-df31-469c-a008-211e607124f7,Spreadsheet,v2,externalSource,40,,Hazards_of_Concern,Hazards_of_Concern [test_meta_forms],internal,1473470,1473471,mitigat-ny-prod+test_meta_forms,,Force (always re-fetch),TRUE,Force (always re-fetch),,Yes,,Force (always re-fetch),None - already set to Force (always re-fetch).,No,Closed,,,Already correct at scan time.
T6-C359,T6-001,1300890,https://county_template.devmny.org/the_risk/natural_hazards/lightning,the_risk/natural_hazards/lightning,1545775,(untitled Spreadsheet),2384767,a60a635d-5755-4f95-8385-bd732e74c65c,Spreadsheet,v2,externalSource,59,,Capabilities_Catalogue,Capabilities_Catalogue [test_meta_forms],internal,1068273,1172519,mitigat-ny-prod+test_meta_forms,,Force (always re-fetch),TRUE,Force (always re-fetch),,Yes,,Force (always re-fetch),None - already set to Force (always re-fetch).,No,Closed,,,Already correct at scan time.
T6-C360,T6-001,1300890,https://county_template.devmny.org/the_risk/natural_hazards/lightning,the_risk/natural_hazards/lightning,1545775,(untitled Card),2179726,4f9eff04-da67-449e-8d99-cec2777ec692,Card,v2,externalSource,63,,Actions_Revised,Actions_Revised [test_meta_forms],internal,1029065,1074456,mitigat-ny-prod+test_meta_forms,,Force (always re-fetch),TRUE,Force (always re-fetch),,Yes,,Force (always re-fetch),None - already set to Force (always re-fetch).,No,Closed,,,Already correct at scan time.
T6-C361,T6-001,1300890,https://county_template.devmny.org/the_risk/natural_hazards/lightning,the_risk/natural_hazards/lightning,1545775,Local Actions Table,2179742,859d84a6-1816-451a-9925-42df2aa85a48,Spreadsheet,v2,externalSource,64,,Actions_Revised,Actions_Revised [test_meta_forms],internal,1029065,1074456,mitigat-ny-prod+test_meta_forms,,Force (always re-fetch),TRUE,Force (always re-fetch),,Yes,,Force (always re-fetch),None - already set to Force (always re-fetch).,No,Closed,,,Already correct at scan time.
T6-C364,T6-001,1300890,https://county_template.devmny.org/the_risk/natural_hazards/snowstorm,the_risk/natural_hazards/snowstorm,1546774,(untitled Card),1676873,19cb8e31-f6e4-4a18-ac4e-89a42ead7d79,Card,v2,externalSource,2,,Hazards_of_Concern,Hazards_of_Concern [test_meta_forms],internal,1473470,1473471,mitigat-ny-prod+test_meta_forms,,Force (always re-fetch),TRUE,Force (always re-fetch),,Yes,,Force (always re-fetch),None - already set to Force (always re-fetch).,No,Closed,,,Already correct at scan time.
T6-C375,T6-001,1300890,https://county_template.devmny.org/the_risk/natural_hazards/snowstorm,the_risk/natural_hazards/snowstorm,1546774,(untitled Spreadsheet),2383543,5e554db8-b02a-4fbe-ab5e-1239000ba9db,Spreadsheet,v2,externalSource,39,,Hazards_of_Concern,Hazards_of_Concern [test_meta_forms],internal,1473470,1473471,mitigat-ny-prod+test_meta_forms,,Force (always re-fetch),TRUE,Force (always re-fetch),,Yes,,Force (always re-fetch),None - already set to Force (always re-fetch).,No,Closed,,,Already correct at scan time.
T6-C377,T6-001,1300890,https://county_template.devmny.org/the_risk/natural_hazards/snowstorm,the_risk/natural_hazards/snowstorm,1546774,(untitled Spreadsheet),2384842,8af193cd-8ff9-45a3-91eb-478afc52770f,Spreadsheet,v2,externalSource,58,,Capabilities_Catalogue,Capabilities_Catalogue [test_meta_forms],internal,1068273,1172519,mitigat-ny-prod+test_meta_forms,,Force (always re-fetch),TRUE,Force (always re-fetch),,Yes,,Force (always re-fetch),None - already set to Force (always re-fetch).,No,Closed,,,Already correct at scan time.
T6-C378,T6-001,1300890,https://county_template.devmny.org/the_risk/natural_hazards/snowstorm,the_risk/natural_hazards/snowstorm,1546774,(untitled Card),2179727,003339d9-0185-41f0-908c-03a0cb1547d6,Card,v2,externalSource,62,,Actions_Revised,Actions_Revised [test_meta_forms],internal,1029065,1074456,mitigat-ny-prod+test_meta_forms,,Force (always re-fetch),TRUE,Force (always re-fetch),,Yes,,Force (always re-fetch),None - already set to Force (always re-fetch).,No,Closed,,,Already correct at scan time.
T6-C379,T6-001,1300890,https://county_template.devmny.org/the_risk/natural_hazards/snowstorm,the_risk/natural_hazards/snowstorm,1546774,Local Actions Table,2179743,859d84a6-1816-451a-9925-42df2aa85a48,Spreadsheet,v2,externalSource,63,,Actions_Revised,Actions_Revised [test_meta_forms],internal,1029065,1074456,mitigat-ny-prod+test_meta_forms,,Force (always re-fetch),TRUE,Force (always re-fetch),,Yes,,Force (always re-fetch),None - already set to Force (always re-fetch).,No,Closed,,,Already correct at scan time.
T6-C382,T6-001,1300890,https://county_template.devmny.org/the_risk/natural_hazards/tornado,the_risk/natural_hazards/tornado,1545899,(untitled Card),1676875,82e6aa38-959f-4b59-8cda-5c6a1c664539,Card,v2,externalSource,2,,Hazards_of_Concern,Hazards_of_Concern [test_meta_forms],internal,1473470,1473471,mitigat-ny-prod+test_meta_forms,,Force (always re-fetch),TRUE,Force (always re-fetch),,Yes,,Force (always re-fetch),None - already set to Force (always re-fetch).,No,Closed,,,Already correct at scan time.
T6-C393,T6-001,1300890,https://county_template.devmny.org/the_risk/natural_hazards/tornado,the_risk/natural_hazards/tornado,1545899,(untitled Spreadsheet),2383617,fe9bebf6-91bf-4c3b-9dd8-e81ce5ab573d,Spreadsheet,v2,externalSource,40,,Hazards_of_Concern,Hazards_of_Concern [test_meta_forms],internal,1473470,1473471,mitigat-ny-prod+test_meta_forms,,Force (always re-fetch),TRUE,Force (always re-fetch),,Yes,,Force (always re-fetch),None - already set to Force (always re-fetch).,No,Closed,,,Already correct at scan time.
T6-C395,T6-001,1300890,https://county_template.devmny.org/the_risk/natural_hazards/tornado,the_risk/natural_hazards/tornado,1545899,(untitled Spreadsheet),2384916,5e91b614-6876-48be-a3f5-74157351019f,Spreadsheet,v2,externalSource,59,,Capabilities_Catalogue,Capabilities_Catalogue [test_meta_forms],internal,1068273,1172519,mitigat-ny-prod+test_meta_forms,,Force (always re-fetch),TRUE,Force (always re-fetch),,Yes,,Force (always re-fetch),None - already set to Force (always re-fetch).,No,Closed,,,Already correct at scan time.
T6-C396,T6-001,1300890,https://county_template.devmny.org/the_risk/natural_hazards/tornado,the_risk/natural_hazards/tornado,1545899,(untitled Card),2179729,8a2130c5-4742-4d72-8547-1a6ec32c003e,Card,v2,externalSource,63,,Actions_Revised,Actions_Revised [test_meta_forms],internal,1029065,1074456,mitigat-ny-prod+test_meta_forms,,Force (always re-fetch),TRUE,Force (always re-fetch),,Yes,,Force (always re-fetch),None - already set to Force (always re-fetch).,No,Closed,,,Already correct at scan time.
T6-C397,T6-001,1300890,https://county_template.devmny.org/the_risk/natural_hazards/tornado,the_risk/natural_hazards/tornado,1545899,Local Actions Table,2179744,859d84a6-1816-451a-9925-42df2aa85a48,Spreadsheet,v2,externalSource,64,,Actions_Revised,Actions_Revised [test_meta_forms],internal,1029065,1074456,mitigat-ny-prod+test_meta_forms,,Force (always re-fetch),TRUE,Force (always re-fetch),,Yes,,Force (always re-fetch),None - already set to Force (always re-fetch).,No,Closed,,,Already correct at scan time.
T6-C400,T6-001,1300890,https://county_template.devmny.org/the_risk/natural_hazards/wildfire,the_risk/natural_hazards/wildfire,1546087,(untitled Card),1676877,24455d5d-32ab-4b4c-a2f7-12891dc8c519,Card,v2,externalSource,2,,Hazards_of_Concern,Hazards_of_Concern [test_meta_forms],internal,1473470,1473471,mitigat-ny-prod+test_meta_forms,,Force (always re-fetch),TRUE,Force (always re-fetch),,Yes,,Force (always re-fetch),None - already set to Force (always re-fetch).,No,Closed,,,Already correct at scan time.
T6-C411,T6-001,1300890,https://county_template.devmny.org/the_risk/natural_hazards/wildfire,the_risk/natural_hazards/wildfire,1546087,(untitled Spreadsheet),2383692,67b45b5d-14b4-4bce-93de-d86cedb45971,Spreadsheet,v2,externalSource,40,,Hazards_of_Concern,Hazards_of_Concern [test_meta_forms],internal,1473470,1473471,mitigat-ny-prod+test_meta_forms,,Force (always re-fetch),TRUE,Force (always re-fetch),,Yes,,Force (always re-fetch),None - already set to Force (always re-fetch).,No,Closed,,,Already correct at scan time.
T6-C413,T6-001,1300890,https://county_template.devmny.org/the_risk/natural_hazards/wildfire,the_risk/natural_hazards/wildfire,1546087,(untitled Spreadsheet),2384991,11eebe15-3358-43d7-9a21-dfeff6d8b5e1,Spreadsheet,v2,externalSource,59,,Capabilities_Catalogue,Capabilities_Catalogue [test_meta_forms],internal,1068273,1172519,mitigat-ny-prod+test_meta_forms,,Force (always re-fetch),TRUE,Force (always re-fetch),,Yes,,Force (always re-fetch),None - already set to Force (always re-fetch).,No,Closed,,,Already correct at scan time.
T6-C414,T6-001,1300890,https://county_template.devmny.org/the_risk/natural_hazards/wildfire,the_risk/natural_hazards/wildfire,1546087,(untitled Card),2179730,f2896e11-fd40-4100-b8cd-613e9a6004bd,Card,v2,externalSource,63,,Actions_Revised,Actions_Revised [test_meta_forms],internal,1029065,1074456,mitigat-ny-prod+test_meta_forms,,Force (always re-fetch),TRUE,Force (always re-fetch),,Yes,,Force (always re-fetch),None - already set to Force (always re-fetch).,No,Closed,,,Already correct at scan time.
T6-C415,T6-001,1300890,https://county_template.devmny.org/the_risk/natural_hazards/wildfire,the_risk/natural_hazards/wildfire,1546087,Local Actions Table,2179745,859d84a6-1816-451a-9925-42df2aa85a48,Spreadsheet,v2,externalSource,64,,Actions_Revised,Actions_Revised [test_meta_forms],internal,1029065,1074456,mitigat-ny-prod+test_meta_forms,,Force (always re-fetch),TRUE,Force (always re-fetch),,Yes,,Force (always re-fetch),None - already set to Force (always re-fetch).,No,Closed,,,Already correct at scan time.
T6-C418,T6-001,1300890,https://county_template.devmny.org/the_risk/natural_hazards/wind,the_risk/natural_hazards/wind,1546213,(untitled Card),1676879,56279fcc-671e-47e1-b7c9-525dae235f06,Card,v2,externalSource,2,,Hazards_of_Concern,Hazards_of_Concern [test_meta_forms],internal,1473470,1473471,mitigat-ny-prod+test_meta_forms,,Force (always re-fetch),TRUE,Force (always re-fetch),,Yes,,Force (always re-fetch),None - already set to Force (always re-fetch).,No,Closed,,,Already correct at scan time.
T6-C429,T6-001,1300890,https://county_template.devmny.org/the_risk/natural_hazards/wind,the_risk/natural_hazards/wind,1546213,(untitled Spreadsheet),2383792,3b82e69f-9f4e-4921-9d74-a1fecfc12415,Spreadsheet,v2,externalSource,37,,Hazards_of_Concern,Hazards_of_Concern [test_meta_forms],internal,1473470,1473471,mitigat-ny-prod+test_meta_forms,,Force (always re-fetch),TRUE,Force (always re-fetch),,Yes,,Force (always re-fetch),None - already set to Force (always re-fetch).,No,Closed,,,Already correct at scan time.
T6-C431,T6-001,1300890,https://county_template.devmny.org/the_risk/natural_hazards/wind,the_risk/natural_hazards/wind,1546213,(untitled Spreadsheet),2385066,b8fb918b-7bb2-4b3d-bcd3-766f8b45e62d,Spreadsheet,v2,externalSource,56,,Capabilities_Catalogue,Capabilities_Catalogue [test_meta_forms],internal,1068273,1172519,mitigat-ny-prod+test_meta_forms,,Force (always re-fetch),TRUE,Force (always re-fetch),,Yes,,Force (always re-fetch),None - already set to Force (always re-fetch).,No,Closed,,,Already correct at scan time.
T6-C432,T6-001,1300890,https://county_template.devmny.org/the_risk/natural_hazards/wind,the_risk/natural_hazards/wind,1546213,(untitled Card),2179731,4156798b-5583-420a-a7bb-e6ae7bbf8b1d,Card,v2,externalSource,60,,Actions_Revised,Actions_Revised [test_meta_forms],internal,1029065,1074456,mitigat-ny-prod+test_meta_forms,,Force (always re-fetch),TRUE,Force (always re-fetch),,Yes,,Force (always re-fetch),None - already set to Force (always re-fetch).,No,Closed,,,Already correct at scan time.
T6-C433,T6-001,1300890,https://county_template.devmny.org/the_risk/natural_hazards/wind,the_risk/natural_hazards/wind,1546213,Local Actions Table,2179746,e46ecaf6-8b22-44b3-a6f1-9775da5a5371,Spreadsheet,v2,externalSource,61,,Actions_Revised,Actions_Revised [test_meta_forms],internal,1029065,1074456,mitigat-ny-prod+test_meta_forms,,Force (always re-fetch),TRUE,Force (always re-fetch),,Yes,,Force (always re-fetch),None - already set to Force (always re-fetch).,No,Closed,,,Already correct at scan time.
T6-C001,T6-001,1300890,https://county_template.devmny.org/home,home,1300803,County Hazard Profiles,2175348,d78ea23f-24e4-41fb-96f0-be7760d31b7b,Card,v2,externalSource,10,,AVAIL - Fusion Events V2,AVAIL - Fusion Events V2 [external],external,870,1648,hazmit_dama,,(not set),TRUE,Smart (fetch on change),TRUE,No,source AVAIL - Fusion Events V2 is not in the in-scope source list; page is not labelled 'Relevant' in the page allow-list,(deferred),"None for now - deferred from the fetch-mode sweep because source AVAIL - Fusion Events V2 is not in the in-scope source list; and page is not labelled 'Relevant' in the page allow-list. Every component set to Force (always re-fetch) re-queries on every mount, so the sweep is deliberately limited. It keeps behaving as Smart (fetch on change).",Deferred - out of narrowed scope,Deferred,,,
T6-C351,T6-001,1300890,https://county_template.devmny.org/pages,pages,1496458,Pages,1496876,281e8757-0ec4-43eb-8151-c4a2f691be5c,Spreadsheet,v1,sourceInfo,0,,pages,pages [0aced1a7-3d54-48c7-a1d7-b68401811ded],internal,mitigat-ny-prod+0aced1a7-3d54-48c7-a1d7-b68401811ded,,mitigat-ny-prod+0aced1a7-3d54-48c7-a1d7-b68401811ded,,(not set),TRUE,Smart (fetch on change),TRUE,No,source pages is not in the in-scope source list; page is not labelled 'Relevant' in the page allow-list,(deferred),"None for now - deferred from the fetch-mode sweep because source pages is not in the in-scope source list; and page is not labelled 'Relevant' in the page allow-list. Every component set to Force (always re-fetch) re-queries on every mount, so the sweep is deliberately limited. It keeps behaving as Smart (fetch on change).",Deferred - out of narrowed scope,Deferred,,,
T6-C352,T6-001,1300890,https://county_template.devmny.org/sections,sections,1496460,(untitled Spreadsheet),1496475,199813bd-e06f-4e36-a54c-d064c92d5ac6,Spreadsheet,v1,sourceInfo,1,,sections,sections [0aced1a7-3d54-48c7-a1d7-b68401811ded|cms-section],internal,mitigat-ny-prod+0aced1a7-3d54-48c7-a1d7-b68401811ded+sections,,mitigat-ny-prod+0aced1a7-3d54-48c7-a1d7-b68401811ded|cms-section,,(not set),TRUE,Smart (fetch on change),TRUE,No,source sections is not in the in-scope source list; page is not labelled 'Relevant' in the page allow-list,(deferred),"None for now - deferred from the fetch-mode sweep because source sections is not in the in-scope source list; and page is not labelled 'Relevant' in the page allow-list. Every component set to Force (always re-fetch) re-queries on every mount, so the sweep is deliberately limited. It keeps behaving as Smart (fetch on change).",Deferred - out of narrowed scope,Deferred,,,
T6-C353,T6-001,1300890,https://county_template.devmny.org/sections,sections,1496460,(untitled Spreadsheet),1681720,6f4cdfbc-8af9-4381-b759-a9f7b2a2a657,Spreadsheet,v1,sourceInfo,2,,sections,sections [0aced1a7-3d54-48c7-a1d7-b68401811ded|cms-section],internal,mitigat-ny-prod+0aced1a7-3d54-48c7-a1d7-b68401811ded+sections,,mitigat-ny-prod+0aced1a7-3d54-48c7-a1d7-b68401811ded|cms-section,,(not set),TRUE,Smart (fetch on change),TRUE,No,source sections is not in the in-scope source list; page is not labelled 'Relevant' in the page allow-list,(deferred),"None for now - deferred from the fetch-mode sweep because source sections is not in the in-scope source list; and page is not labelled 'Relevant' in the page allow-list. Every component set to Force (always re-fetch) re-queries on every mount, so the sweep is deliberately limited. It keeps behaving as Smart (fetch on change).",Deferred - out of narrowed scope,Deferred,,,
T6-C355,T6-001,1300890,https://county_template.devmny.org/the_local_environment,the_local_environment,1300804,Overview,1458917,c37b602f-f7cc-4fc3-acb1-861b69a84636,Card,v1,sourceInfo,2,,LHMP_IA,LHMP_IA [test-meta-forms],internal,1441680,1441681,mitigat-ny-prod+test-meta-forms,,(not set),TRUE,Smart (fetch on change),TRUE,No,source LHMP_IA is not in the in-scope source list; page is not labelled 'Relevant' in the page allow-list,(deferred),"None for now - deferred from the fetch-mode sweep because source LHMP_IA is not in the in-scope source list; and page is not labelled 'Relevant' in the page allow-list. Every component set to Force (always re-fetch) re-queries on every mount, so the sweep is deliberately limited. It keeps behaving as Smart (fetch on change).",Deferred - out of narrowed scope,Deferred,,,
T6-C509,T6-001,1300890,https://county_template.devmny.org/the_local_environment,the_local_environment,1300804,Requirements,1466561,0303a128-3722-4cc1-b43d-176723cb5be6,Card,v1,sourceInfo,3,,LHMP_IA,LHMP_IA [prod],internal,1441680,1441681,mitigat-ny-prod+prod,,(not set),TRUE,Smart (fetch on change),TRUE,No,source LHMP_IA is not in the in-scope source list; page is not labelled 'Relevant' in the page allow-list,(deferred),"None for now - deferred from the fetch-mode sweep because source LHMP_IA is not in the in-scope source list; and page is not labelled 'Relevant' in the page allow-list. Every component set to Force (always re-fetch) re-queries on every mount, so the sweep is deliberately limited. It keeps behaving as Smart (fetch on change).",Deferred - out of narrowed scope,Deferred,,,
T6-C002,T6-001,1300890,https://county_template.devmny.org/the_local_environment/built_environment,the_local_environment/built_environment,1300809,Overview,2011169,b50f6b90-a250-43a9-a963-648dc7bac6aa,Card,v2,externalSource,1,,LHMP_IA,LHMP_IA [test_meta_forms],internal,1441680,1441681,mitigat-ny-prod+test_meta_forms,,Force (always re-fetch),TRUE,Force (always re-fetch),,No,source LHMP_IA is not in the in-scope source list,(deferred),"None for now - deferred from the fetch-mode sweep because source LHMP_IA is not in the in-scope source list. Every component set to Force (always re-fetch) re-queries on every mount, so the sweep is deliberately limited. It keeps behaving as Force (always re-fetch). Already stored as Force (always re-fetch) - left as-is; reverting is not required.",Deferred - out of narrowed scope,Deferred,,,Already correct at scan time.
T6-C003,T6-001,1300890,https://county_template.devmny.org/the_local_environment/built_environment,the_local_environment/built_environment,1300809,(untitled Card),2011170,e64cbc3b-5174-4f81-8a61-1eac390b2a09,Card,v2,externalSource,2,,LHMP_IA,LHMP_IA [test_meta_forms],internal,1441680,1441681,mitigat-ny-prod+test_meta_forms,,Force (always re-fetch),TRUE,Force (always re-fetch),,No,source LHMP_IA is not in the in-scope source list,(deferred),"None for now - deferred from the fetch-mode sweep because source LHMP_IA is not in the in-scope source list. Every component set to Force (always re-fetch) re-queries on every mount, so the sweep is deliberately limited. It keeps behaving as Force (always re-fetch). Already stored as Force (always re-fetch) - left as-is; reverting is not required.",Deferred - out of narrowed scope,Deferred,,,Already correct at scan time.
T6-C510,T6-001,1300890,https://county_template.devmny.org/the_local_environment/built_environment,the_local_environment/built_environment,1300809,County Building Stock,2011173,87d3c1d0-302d-408f-893d-ea07f27ce31d,Card,v1,sourceInfo,5,,AVAIL BILD V3.1,AVAIL BILD V3.1 [external],external,1117,1596,hazmit_dama,,(not set),TRUE,Smart (fetch on change),TRUE,No,source AVAIL BILD V3.1 is not in the in-scope source list,(deferred),"None for now - deferred from the fetch-mode sweep because source AVAIL BILD V3.1 is not in the in-scope source list. Every component set to Force (always re-fetch) re-queries on every mount, so the sweep is deliberately limited. It keeps behaving as Smart (fetch on change).",Deferred - out of narrowed scope,Deferred,,,
T6-C004,T6-001,1300890,https://county_template.devmny.org/the_local_environment/built_environment,the_local_environment/built_environment,1300809,Critical Buildings and Infrastructure,2011174,ba85f1b4-584c-43aa-ae1d-4169d1638246,Card,v2,externalSource,6,,LHMP_IA,LHMP_IA [test-meta-forms],internal,1441680,1441681,mitigat-ny-prod+test-meta-forms,,Force (always re-fetch),TRUE,Force (always re-fetch),,No,source LHMP_IA is not in the in-scope source list,(deferred),"None for now - deferred from the fetch-mode sweep because source LHMP_IA is not in the in-scope source list. Every component set to Force (always re-fetch) re-queries on every mount, so the sweep is deliberately limited. It keeps behaving as Force (always re-fetch). Already stored as Force (always re-fetch) - left as-is; reverting is not required.",Deferred - out of narrowed scope,Deferred,,,Already correct at scan time.
T6-C511,T6-001,1300890,https://county_template.devmny.org/the_local_environment/built_environment,the_local_environment/built_environment,1300809,Critical Buildings,2011177,057cfac5-7b58-4542-b0ed-ab51da9ff424,Spreadsheet,v1,sourceInfo,9,,BILD 2026 Simplified Draft V1,BILD 2026 Simplified Draft V1 [external],external,1651,2357,hazmit_dama,,(not set),TRUE,Smart (fetch on change),TRUE,No,source BILD 2026 Simplified Draft V1 is not in the in-scope source list,(deferred),"None for now - deferred from the fetch-mode sweep because source BILD 2026 Simplified Draft V1 is not in the in-scope source list. Every component set to Force (always re-fetch) re-queries on every mount, so the sweep is deliberately limited. It keeps behaving as Smart (fetch on change).",Deferred - out of narrowed scope,Deferred,,,
T6-C512,T6-001,1300890,https://county_template.devmny.org/the_local_environment/built_environment,the_local_environment/built_environment,1300809,Infrastructure,2011178,aff77f6d-a4cc-4d4e-a236-41128d14424a,Card,v1,sourceInfo,10,,LHMP_IA,LHMP_IA [test-meta-forms],internal,1441680,1441681,mitigat-ny-prod+test-meta-forms,,(not set),TRUE,Smart (fetch on change),TRUE,No,source LHMP_IA is not in the in-scope source list,(deferred),"None for now - deferred from the fetch-mode sweep because source LHMP_IA is not in the in-scope source list. Every component set to Force (always re-fetch) re-queries on every mount, so the sweep is deliberately limited. It keeps behaving as Smart (fetch on change).",Deferred - out of narrowed scope,Deferred,,,
T6-C005,T6-001,1300890,https://county_template.devmny.org/the_local_environment/built_environment,the_local_environment/built_environment,1300809,Water Infrastructure,2011181,3ff003a7-9f29-446f-a4d6-c55fa7868153,Card,v2,externalSource,13,,LHMP_IA,LHMP_IA [test-meta-forms],internal,1441680,1441681,mitigat-ny-prod+test-meta-forms,,Force (always re-fetch),TRUE,Force (always re-fetch),,No,source LHMP_IA is not in the in-scope source list,(deferred),"None for now - deferred from the fetch-mode sweep because source LHMP_IA is not in the in-scope source list. Every component set to Force (always re-fetch) re-queries on every mount, so the sweep is deliberately limited. It keeps behaving as Force (always re-fetch). Already stored as Force (always re-fetch) - left as-is; reverting is not required.",Deferred - out of narrowed scope,Deferred,,,Already correct at scan time.
T6-C006,T6-001,1300890,https://county_template.devmny.org/the_local_environment/built_environment,the_local_environment/built_environment,1300809,(untitled Card),2011184,21e3a458-a1f2-4a4f-96f7-e5f8d749a984,Card,v2,externalSource,16,,LHMP_IA,LHMP_IA [test-meta-forms],internal,1441680,1441681,mitigat-ny-prod+test-meta-forms,,Force (always re-fetch),TRUE,Force (always re-fetch),,No,source LHMP_IA is not in the in-scope source list,(deferred),"None for now - deferred from the fetch-mode sweep because source LHMP_IA is not in the in-scope source list. Every component set to Force (always re-fetch) re-queries on every mount, so the sweep is deliberately limited. It keeps behaving as Force (always re-fetch). Already stored as Force (always re-fetch) - left as-is; reverting is not required.",Deferred - out of narrowed scope,Deferred,,,Already correct at scan time.
T6-C007,T6-001,1300890,https://county_template.devmny.org/the_local_environment/built_environment,the_local_environment/built_environment,1300809,Transportation,2011185,0fac2426-1328-4895-91c6-b13534329b70,Card,v2,externalSource,17,,LHMP_IA,LHMP_IA [test-meta-forms],internal,1441680,1441681,mitigat-ny-prod+test-meta-forms,,Force (always re-fetch),TRUE,Force (always re-fetch),,No,source LHMP_IA is not in the in-scope source list,(deferred),"None for now - deferred from the fetch-mode sweep because source LHMP_IA is not in the in-scope source list. Every component set to Force (always re-fetch) re-queries on every mount, so the sweep is deliberately limited. It keeps behaving as Force (always re-fetch). Already stored as Force (always re-fetch) - left as-is; reverting is not required.",Deferred - out of narrowed scope,Deferred,,,Already correct at scan time.
T6-C513,T6-001,1300890,https://county_template.devmny.org/the_local_environment/built_environment,the_local_environment/built_environment,1300809,Energy,2011188,213bee0a-bf8d-4f4b-bc54-5c2c2fb74577,Card,v1,sourceInfo,20,,LHMP_IA,LHMP_IA [test-meta-forms],internal,1441680,1441681,mitigat-ny-prod+test-meta-forms,,(not set),TRUE,Smart (fetch on change),TRUE,No,source LHMP_IA is not in the in-scope source list,(deferred),"None for now - deferred from the fetch-mode sweep because source LHMP_IA is not in the in-scope source list. Every component set to Force (always re-fetch) re-queries on every mount, so the sweep is deliberately limited. It keeps behaving as Smart (fetch on change).",Deferred - out of narrowed scope,Deferred,,,
T6-C514,T6-001,1300890,https://county_template.devmny.org/the_local_environment/built_environment,the_local_environment/built_environment,1300809,Communications,2011191,f8109996-43a0-47fc-be1c-c3fb983ed724,Card,v1,sourceInfo,23,,LHMP_IA,LHMP_IA [test-meta-forms],internal,1441680,1441681,mitigat-ny-prod+test-meta-forms,,(not set),TRUE,Smart (fetch on change),TRUE,No,source LHMP_IA is not in the in-scope source list,(deferred),"None for now - deferred from the fetch-mode sweep because source LHMP_IA is not in the in-scope source list. Every component set to Force (always re-fetch) re-queries on every mount, so the sweep is deliberately limited. It keeps behaving as Smart (fetch on change).",Deferred - out of narrowed scope,Deferred,,,
T6-C515,T6-001,1300890,https://county_template.devmny.org/the_local_environment/built_environment,the_local_environment/built_environment,1300809,Buildings,2011194,04b9dadf-aa42-4370-9a9b-2dd9fdfa8c60,Card,v1,sourceInfo,26,,LHMP_IA,LHMP_IA [test-meta-forms],internal,1441680,1441681,mitigat-ny-prod+test-meta-forms,,(not set),TRUE,Smart (fetch on change),TRUE,No,source LHMP_IA is not in the in-scope source list,(deferred),"None for now - deferred from the fetch-mode sweep because source LHMP_IA is not in the in-scope source list. Every component set to Force (always re-fetch) re-queries on every mount, so the sweep is deliberately limited. It keeps behaving as Smart (fetch on change).",Deferred - out of narrowed scope,Deferred,,,
T6-C516,T6-001,1300890,https://county_template.devmny.org/the_local_environment/built_environment,the_local_environment/built_environment,1300809,Buildings By Landuse Summary,2011197,24f57a35-3dff-498a-8927-6657cb42d45d,Spreadsheet,v1,sourceInfo,29,,BILD 2026 Simplified Draft V1,BILD 2026 Simplified Draft V1 [external],external,1651,2357,hazmit_dama,,(not set),TRUE,Smart (fetch on change),TRUE,No,source BILD 2026 Simplified Draft V1 is not in the in-scope source list,(deferred),"None for now - deferred from the fetch-mode sweep because source BILD 2026 Simplified Draft V1 is not in the in-scope source list. Every component set to Force (always re-fetch) re-queries on every mount, so the sweep is deliberately limited. It keeps behaving as Smart (fetch on change).",Deferred - out of narrowed scope,Deferred,,,
T6-C517,T6-001,1300890,https://county_template.devmny.org/the_local_environment/built_environment,the_local_environment/built_environment,1300809,Buildings in The Floodplain by Jurisdiction,2011198,8b9a8a73-e2da-4f19-b46b-8327e13ce53a,Spreadsheet,v1,sourceInfo,30,,BILD 2026 Simplified Draft V1,BILD 2026 Simplified Draft V1 [external],external,1651,2357,hazmit_dama,,(not set),TRUE,Smart (fetch on change),TRUE,No,source BILD 2026 Simplified Draft V1 is not in the in-scope source list,(deferred),"None for now - deferred from the fetch-mode sweep because source BILD 2026 Simplified Draft V1 is not in the in-scope source list. Every component set to Force (always re-fetch) re-queries on every mount, so the sweep is deliberately limited. It keeps behaving as Smart (fetch on change).",Deferred - out of narrowed scope,Deferred,,,
T6-C008,T6-001,1300890,https://county_template.devmny.org/the_local_environment/built_environment,the_local_environment/built_environment,1300809,(untitled Card),2011201,e925d487-4363-4b80-a01b-9b77e0ab0382,Card,v2,externalSource,33,,LHMP_IA,LHMP_IA [test_meta_forms],internal,1441680,1441681,mitigat-ny-prod+test_meta_forms,,Force (always re-fetch),TRUE,Force (always re-fetch),,No,source LHMP_IA is not in the in-scope source list,(deferred),"None for now - deferred from the fetch-mode sweep because source LHMP_IA is not in the in-scope source list. Every component set to Force (always re-fetch) re-queries on every mount, so the sweep is deliberately limited. It keeps behaving as Force (always re-fetch). Already stored as Force (always re-fetch) - left as-is; reverting is not required.",Deferred - out of narrowed scope,Deferred,,,Already correct at scan time.
T6-C009,T6-001,1300890,https://county_template.devmny.org/the_local_environment/built_environment,the_local_environment/built_environment,1300809,Historic Buildings,2011202,b33c8150-1034-49c1-b4a7-d2894862e74d,Spreadsheet,v2,externalSource,34,,BILD 2026 Simplified Draft V1,BILD 2026 Simplified Draft V1 [external],external,1651,2357,hazmit_dama,,(not set),TRUE,Smart (fetch on change),TRUE,No,source BILD 2026 Simplified Draft V1 is not in the in-scope source list,(deferred),"None for now - deferred from the fetch-mode sweep because source BILD 2026 Simplified Draft V1 is not in the in-scope source list. Every component set to Force (always re-fetch) re-queries on every mount, so the sweep is deliberately limited. It keeps behaving as Smart (fetch on change).",Deferred - out of narrowed scope,Deferred,,,"2026-08-28: named in the built-environment run but NOT written. This component is EXTERNALLY sourced (BILD 2026 Simplified Draft V1 [external]), so the owner rule makes it Smart, not Force, and the run was scoped to internally sourced components. Awaiting a decision on whether external components are in scope at all."
T6-C518,T6-001,1300890,https://county_template.devmny.org/the_local_environment/built_environment,the_local_environment/built_environment,1300809,Changes in Development,2011204,8c0264a3-ece9-4357-91dd-4da0a35679f3,Card,v1,sourceInfo,36,,LHMP_IA,LHMP_IA [test-meta-forms],internal,1441680,1441681,mitigat-ny-prod+test-meta-forms,,(not set),TRUE,Smart (fetch on change),TRUE,No,source LHMP_IA is not in the in-scope source list,(deferred),"None for now - deferred from the fetch-mode sweep because source LHMP_IA is not in the in-scope source list. Every component set to Force (always re-fetch) re-queries on every mount, so the sweep is deliberately limited. It keeps behaving as Smart (fetch on change).",Deferred - out of narrowed scope,Deferred,,,
T6-C519,T6-001,1300890,https://county_template.devmny.org/the_local_environment/built_environment,the_local_environment/built_environment,1300809,Codes and Enforcement,2011208,0063b43f-dbf4-43f3-93ad-a91d11917bde,Card,v1,sourceInfo,40,,LHMP_IA,LHMP_IA [test-meta-forms],internal,1441680,1441681,mitigat-ny-prod+test-meta-forms,,(not set),TRUE,Smart (fetch on change),TRUE,No,source LHMP_IA is not in the in-scope source list,(deferred),"None for now - deferred from the fetch-mode sweep because source LHMP_IA is not in the in-scope source list. Every component set to Force (always re-fetch) re-queries on every mount, so the sweep is deliberately limited. It keeps behaving as Smart (fetch on change).",Deferred - out of narrowed scope,Deferred,,,
T6-C520,T6-001,1300890,https://county_template.devmny.org/the_local_environment/built_environment,the_local_environment/built_environment,1300809,County and Local Building Codes,2011209,36c1ae41-e363-4648-b841-bd59fe2d4112,Card,v1,sourceInfo,41,,LHMP_IA,LHMP_IA [test-meta-forms],internal,1441680,1441681,mitigat-ny-prod+test-meta-forms,,(not set),TRUE,Smart (fetch on change),TRUE,No,source LHMP_IA is not in the in-scope source list,(deferred),"None for now - deferred from the fetch-mode sweep because source LHMP_IA is not in the in-scope source list. Every component set to Force (always re-fetch) re-queries on every mount, so the sweep is deliberately limited. It keeps behaving as Smart (fetch on change).",Deferred - out of narrowed scope,Deferred,,,
T6-C521,T6-001,1300890,https://county_template.devmny.org/the_local_environment/built_environment,the_local_environment/built_environment,1300809,NFIP Table,2011214,78765748-9242-4541-90ed-12265fbadfc3,Spreadsheet,v1,sourceInfo,46,,NFIP Claims Enhanced (V2),NFIP Claims Enhanced (V2) [external],external,831,1304,hazmit_dama,,(not set),TRUE,Smart (fetch on change),TRUE,No,source NFIP Claims Enhanced (V2) is not in the in-scope source list,(deferred),"None for now - deferred from the fetch-mode sweep because source NFIP Claims Enhanced (V2) is not in the in-scope source list. Every component set to Force (always re-fetch) re-queries on every mount, so the sweep is deliberately limited. It keeps behaving as Smart (fetch on change).",Deferred - out of narrowed scope,Deferred,,,
T6-C522,T6-001,1300890,https://county_template.devmny.org/the_local_environment/built_environment,the_local_environment/built_environment,1300809,Vulnerability,2011216,99206cf6-c9ae-4bab-a36c-087e0dacee5a,Card,v1,sourceInfo,48,,LHMP_IA,LHMP_IA [test-meta-forms],internal,1441680,1441681,mitigat-ny-prod+test-meta-forms,,(not set),TRUE,Smart (fetch on change),TRUE,No,source LHMP_IA is not in the in-scope source list,(deferred),"None for now - deferred from the fetch-mode sweep because source LHMP_IA is not in the in-scope source list. Every component set to Force (always re-fetch) re-queries on every mount, so the sweep is deliberately limited. It keeps behaving as Smart (fetch on change).",Deferred - out of narrowed scope,Deferred,,,
T6-C010,T6-001,1300890,https://county_template.devmny.org/the_local_environment/built_environment,the_local_environment/built_environment,1300809,(untitled Spreadsheet),2011218,ebc2d586-bf59-4999-9ee3-bbb50e113062,Spreadsheet,v2,externalSource,50,,R_and_V_Matrix,R_and_V_Matrix [prod],internal,1068982,1068985,mitigat-ny-prod+prod,,Force (always re-fetch),TRUE,Force (always re-fetch),,No,source R_and_V_Matrix is not in the in-scope source list,(deferred),"None for now - deferred from the fetch-mode sweep because source R_and_V_Matrix is not in the in-scope source list. Every component set to Force (always re-fetch) re-queries on every mount, so the sweep is deliberately limited. It keeps behaving as Force (always re-fetch). Already stored as Force (always re-fetch) - left as-is; reverting is not required.",Deferred - out of narrowed scope,Deferred,,,Already correct at scan time.
T6-C011,T6-001,1300890,https://county_template.devmny.org/the_local_environment/high_hazard_dams,the_local_environment/high_hazard_dams,1300814,Overview,1626214,fb07da63-0306-4d9a-b1c0-64ca6c1ad5a7,Card,v2,externalSource,2,,LHMP_IA,LHMP_IA [test-meta-forms],internal,1441680,1441681,mitigat-ny-prod+test-meta-forms,,(not set),TRUE,Smart (fetch on change),TRUE,No,source LHMP_IA is not in the in-scope source list,(deferred),"None for now - deferred from the fetch-mode sweep because source LHMP_IA is not in the in-scope source list. Every component set to Force (always re-fetch) re-queries on every mount, so the sweep is deliberately limited. It keeps behaving as Smart (fetch on change).",Deferred - out of narrowed scope,Deferred,,,
T6-C012,T6-001,1300890,https://county_template.devmny.org/the_local_environment/high_hazard_dams,the_local_environment/high_hazard_dams,1300814,(untitled Card),1480275,a3ae9aab-22ab-407a-b5f5-fe82d24babaa,Card,v2,externalSource,3,TRUE,LHMP_IA,LHMP_IA [test_meta_forms],internal,1441680,1441681,mitigat-ny-prod+test_meta_forms,,(not set),TRUE,Smart (fetch on change),TRUE,No,source LHMP_IA is not in the in-scope source list,(deferred),"None for now - deferred from the fetch-mode sweep because source LHMP_IA is not in the in-scope source list. Every component set to Force (always re-fetch) re-queries on every mount, so the sweep is deliberately limited. It keeps behaving as Smart (fetch on change).",Deferred - out of narrowed scope,Deferred,,,"Hidden from view (data.hideInView), so it never renders and the setting has no runtime effect today - set it anyway for template consistency, or defer. Owner decision."
T6-C013,T6-001,1300890,https://county_template.devmny.org/the_local_environment/high_hazard_dams,the_local_environment/high_hazard_dams,1300814,DEC Dam Inventory,1465878,c9d0327b-9008-47b6-b788-372563997d7f,Spreadsheet,v2,externalSource,6,,NYS_Dams,NYS_Dams [test-meta-forms],internal,1459525,1459528,mitigat-ny-prod+test-meta-forms,,(not set),TRUE,Smart (fetch on change),TRUE,No,source NYS_Dams is not in the in-scope source list,(deferred),"None for now - deferred from the fetch-mode sweep because source NYS_Dams is not in the in-scope source list. Every component set to Force (always re-fetch) re-queries on every mount, so the sweep is deliberately limited. It keeps behaving as Smart (fetch on change).",Deferred - out of narrowed scope,Deferred,,,
T6-C523,T6-001,1300890,https://county_template.devmny.org/the_local_environment/high_hazard_dams/high_hazard_dams_view_card,the_local_environment/high_hazard_dams/high_hazard_dams_view_card,1458959,(untitled Card),1689471,cb206456-a8bf-46ce-938c-2bb9a46ef64a,Card,v1,sourceInfo,0,,NYS_Dams,NYS_Dams [prod],internal,1459525,1459528,mitigat-ny-prod+prod,,(not set),TRUE,Smart (fetch on change),TRUE,No,source NYS_Dams is not in the in-scope source list; page is not labelled 'Relevant' in the page allow-list,(deferred),"None for now - deferred from the fetch-mode sweep because source NYS_Dams is not in the in-scope source list; and page is not labelled 'Relevant' in the page allow-list. Every component set to Force (always re-fetch) re-queries on every mount, so the sweep is deliberately limited. It keeps behaving as Smart (fetch on change).",Deferred - out of narrowed scope,Deferred,,,
T6-C524,T6-001,1300890,https://county_template.devmny.org/the_local_environment/high_hazard_dams/high_hazard_dams_view_card,the_local_environment/high_hazard_dams/high_hazard_dams_view_card,1458959,(untitled Card),1689472,8f4c80c3-af41-4fa7-b983-654a2d49f265,Card,v1,sourceInfo,1,,NYS_Dams,NYS_Dams [prod],internal,1459525,1459528,mitigat-ny-prod+prod,,(not set),TRUE,Smart (fetch on change),TRUE,No,source NYS_Dams is not in the in-scope source list; page is not labelled 'Relevant' in the page allow-list,(deferred),"None for now - deferred from the fetch-mode sweep because source NYS_Dams is not in the in-scope source list; and page is not labelled 'Relevant' in the page allow-list. Every component set to Force (always re-fetch) re-queries on every mount, so the sweep is deliberately limited. It keeps behaving as Smart (fetch on change).",Deferred - out of narrowed scope,Deferred,,,
T6-C525,T6-001,1300890,https://county_template.devmny.org/the_local_environment/high_hazard_dams/high_hazard_dams_view_card,the_local_environment/high_hazard_dams/high_hazard_dams_view_card,1458959,(untitled Card),1689474,967bb02b-96f4-4a73-b66b-8030ac9f9ddb,Card,v1,sourceInfo,3,,NYS_Dams,NYS_Dams [prod],internal,1459525,1459528,mitigat-ny-prod+prod,,(not set),TRUE,Smart (fetch on change),TRUE,No,source NYS_Dams is not in the in-scope source list; page is not labelled 'Relevant' in the page allow-list,(deferred),"None for now - deferred from the fetch-mode sweep because source NYS_Dams is not in the in-scope source list; and page is not labelled 'Relevant' in the page allow-list. Every component set to Force (always re-fetch) re-queries on every mount, so the sweep is deliberately limited. It keeps behaving as Smart (fetch on change).",Deferred - out of narrowed scope,Deferred,,,
T6-C526,T6-001,1300890,https://county_template.devmny.org/the_local_environment/high_hazard_dams/high_hazard_dams_view_card,the_local_environment/high_hazard_dams/high_hazard_dams_view_card,1458959,High Hazard Dam Assessment,1689475,fb07da63-0306-4d9a-b1c0-64ca6c1ad5a7,Card,v1,sourceInfo,4,,LHMP_IA,LHMP_IA [test-meta-forms],internal,1441680,1441681,mitigat-ny-prod+test-meta-forms,,(not set),TRUE,Smart (fetch on change),TRUE,No,source LHMP_IA is not in the in-scope source list; page is not labelled 'Relevant' in the page allow-list,(deferred),"None for now - deferred from the fetch-mode sweep because source LHMP_IA is not in the in-scope source list; and page is not labelled 'Relevant' in the page allow-list. Every component set to Force (always re-fetch) re-queries on every mount, so the sweep is deliberately limited. It keeps behaving as Smart (fetch on change).",Deferred - out of narrowed scope,Deferred,,,
T6-C014,T6-001,1300890,https://county_template.devmny.org/the_local_environment/high_hazard_dams/high_hazard_dams_view_card,the_local_environment/high_hazard_dams/high_hazard_dams_view_card,1458959,Risk Assessment Process,2380306,bbabc65a-f53d-4105-b9ee-90321b356a29,Card,v2,externalSource,5,,NYS_Dams,NYS_Dams [prod],internal,1459525,1459528,mitigat-ny-prod+prod,,Smart (fetch on change),TRUE,Smart (fetch on change),,No,source NYS_Dams is not in the in-scope source list; page is not labelled 'Relevant' in the page allow-list,(deferred),"None for now - deferred from the fetch-mode sweep because source NYS_Dams is not in the in-scope source list; and page is not labelled 'Relevant' in the page allow-list. Every component set to Force (always re-fetch) re-queries on every mount, so the sweep is deliberately limited. It keeps behaving as Smart (fetch on change).",Deferred - out of narrowed scope,Deferred,,,
T6-C015,T6-001,1300890,https://county_template.devmny.org/the_local_environment/high_hazard_dams/high_hazard_dams_view_card,the_local_environment/high_hazard_dams/high_hazard_dams_view_card,1458959,Dam Risks and Failure Impact,2380307,2ce0356d-48f7-4ee7-9d8f-d1d54b0ffbad,Card,v2,externalSource,6,,NYS_Dams,NYS_Dams [prod],internal,1459525,1459528,mitigat-ny-prod+prod,,Smart (fetch on change),TRUE,Smart (fetch on change),,No,source NYS_Dams is not in the in-scope source list; page is not labelled 'Relevant' in the page allow-list,(deferred),"None for now - deferred from the fetch-mode sweep because source NYS_Dams is not in the in-scope source list; and page is not labelled 'Relevant' in the page allow-list. Every component set to Force (always re-fetch) re-queries on every mount, so the sweep is deliberately limited. It keeps behaving as Smart (fetch on change).",Deferred - out of narrowed scope,Deferred,,,
T6-C016,T6-001,1300890,https://county_template.devmny.org/the_local_environment/high_hazard_dams/high_hazard_dams_view_card,the_local_environment/high_hazard_dams/high_hazard_dams_view_card,1458959,Mitigation Plan Goal,2380308,e026d0fd-3062-4aca-be37-aa5049ba16f1,Card,v2,externalSource,7,,NYS_Dams,NYS_Dams [prod],internal,1459525,1459528,mitigat-ny-prod+prod,,Smart (fetch on change),TRUE,Smart (fetch on change),,No,source NYS_Dams is not in the in-scope source list; page is not labelled 'Relevant' in the page allow-list,(deferred),"None for now - deferred from the fetch-mode sweep because source NYS_Dams is not in the in-scope source list; and page is not labelled 'Relevant' in the page allow-list. Every component set to Force (always re-fetch) re-queries on every mount, so the sweep is deliberately limited. It keeps behaving as Smart (fetch on change).",Deferred - out of narrowed scope,Deferred,,,
T6-C017,T6-001,1300890,https://county_template.devmny.org/the_local_environment/high_hazard_dams/high_hazard_dams_view_card,the_local_environment/high_hazard_dams/high_hazard_dams_view_card,1458959,Planned Mitigation Actions / Projects,2380309,8a3e571a-dc94-4589-a469-399ca8a83fde,Card,v2,externalSource,8,,NYS_Dams,NYS_Dams [prod],internal,1459525,1459528,mitigat-ny-prod+prod,,Smart (fetch on change),TRUE,Smart (fetch on change),,No,source NYS_Dams is not in the in-scope source list; page is not labelled 'Relevant' in the page allow-list,(deferred),"None for now - deferred from the fetch-mode sweep because source NYS_Dams is not in the in-scope source list; and page is not labelled 'Relevant' in the page allow-list. Every component set to Force (always re-fetch) re-queries on every mount, so the sweep is deliberately limited. It keeps behaving as Smart (fetch on change).",Deferred - out of narrowed scope,Deferred,,,
T6-C018,T6-001,1300890,https://county_template.devmny.org/the_local_environment/high_hazard_dams/high_hazard_dams_view_card,the_local_environment/high_hazard_dams/high_hazard_dams_view_card,1458959,Risk Assessment Process,1689476,7c1f9d4f-db48-437c-a961-db7504ae5520,Card,v2,externalSource,10,TRUE,NYS_Dams,NYS_Dams [prod],internal,1459525,1459528,mitigat-ny-prod+prod,,Smart (fetch on change),TRUE,Smart (fetch on change),,No,source NYS_Dams is not in the in-scope source list; page is not labelled 'Relevant' in the page allow-list,(deferred),"None for now - deferred from the fetch-mode sweep because source NYS_Dams is not in the in-scope source list; and page is not labelled 'Relevant' in the page allow-list. Every component set to Force (always re-fetch) re-queries on every mount, so the sweep is deliberately limited. It keeps behaving as Smart (fetch on change).",Deferred - out of narrowed scope,Deferred,,,"Hidden from view (data.hideInView), so it never renders and the setting has no runtime effect today - set it anyway for template consistency, or defer. Owner decision."
T6-C019,T6-001,1300890,https://county_template.devmny.org/the_local_environment/high_hazard_dams/high_hazard_dams_view_card,the_local_environment/high_hazard_dams/high_hazard_dams_view_card,1458959,Dam Risks and Failure Impact,1689477,2ce0356d-48f7-4ee7-9d8f-d1d54b0ffbad,Card,v2,externalSource,11,TRUE,NYS_Dams,NYS_Dams [prod],internal,1459525,1459528,mitigat-ny-prod+prod,,Smart (fetch on change),TRUE,Smart (fetch on change),,No,source NYS_Dams is not in the in-scope source list; page is not labelled 'Relevant' in the page allow-list,(deferred),"None for now - deferred from the fetch-mode sweep because source NYS_Dams is not in the in-scope source list; and page is not labelled 'Relevant' in the page allow-list. Every component set to Force (always re-fetch) re-queries on every mount, so the sweep is deliberately limited. It keeps behaving as Smart (fetch on change).",Deferred - out of narrowed scope,Deferred,,,"Hidden from view (data.hideInView), so it never renders and the setting has no runtime effect today - set it anyway for template consistency, or defer. Owner decision."
T6-C020,T6-001,1300890,https://county_template.devmny.org/the_local_environment/high_hazard_dams/high_hazard_dams_view_card,the_local_environment/high_hazard_dams/high_hazard_dams_view_card,1458959,Mitigation Plan Goal,1689478,fa537e2f-c1be-4181-adf8-4df6665820b5,Card,v2,externalSource,12,TRUE,NYS_Dams,NYS_Dams [prod],internal,1459525,1459528,mitigat-ny-prod+prod,,Smart (fetch on change),TRUE,Smart (fetch on change),,No,source NYS_Dams is not in the in-scope source list; page is not labelled 'Relevant' in the page allow-list,(deferred),"None for now - deferred from the fetch-mode sweep because source NYS_Dams is not in the in-scope source list; and page is not labelled 'Relevant' in the page allow-list. Every component set to Force (always re-fetch) re-queries on every mount, so the sweep is deliberately limited. It keeps behaving as Smart (fetch on change).",Deferred - out of narrowed scope,Deferred,,,"Hidden from view (data.hideInView), so it never renders and the setting has no runtime effect today - set it anyway for template consistency, or defer. Owner decision."
T6-C021,T6-001,1300890,https://county_template.devmny.org/the_local_environment/high_hazard_dams/high_hazard_dams_view_card,the_local_environment/high_hazard_dams/high_hazard_dams_view_card,1458959,Planned Mitigation Actions / Projects,1689479,219f836c-ca96-4fb1-b6bf-22a25cbed77e,Card,v2,externalSource,13,TRUE,NYS_Dams,NYS_Dams [prod],internal,1459525,1459528,mitigat-ny-prod+prod,,Smart (fetch on change),TRUE,Smart (fetch on change),,No,source NYS_Dams is not in the in-scope source list; page is not labelled 'Relevant' in the page allow-list,(deferred),"None for now - deferred from the fetch-mode sweep because source NYS_Dams is not in the in-scope source list; and page is not labelled 'Relevant' in the page allow-list. Every component set to Force (always re-fetch) re-queries on every mount, so the sweep is deliberately limited. It keeps behaving as Smart (fetch on change).",Deferred - out of narrowed scope,Deferred,,,"Hidden from view (data.hideInView), so it never renders and the setting has no runtime effect today - set it anyway for template consistency, or defer. Owner decision."
T6-C022,T6-001,1300890,https://county_template.devmny.org/the_local_environment/high_hazard_dams/high_hazard_dams_view_card,the_local_environment/high_hazard_dams/high_hazard_dams_view_card,1458959,Additional Comments or Notes,1689480,49447670-7084-4b2d-82fd-c46f4fcf8746,Card,v2,externalSource,14,TRUE,NYS_Dams,NYS_Dams [prod],internal,1459525,1459528,mitigat-ny-prod+prod,,(not set),TRUE,Smart (fetch on change),TRUE,No,source NYS_Dams is not in the in-scope source list; page is not labelled 'Relevant' in the page allow-list,(deferred),"None for now - deferred from the fetch-mode sweep because source NYS_Dams is not in the in-scope source list; and page is not labelled 'Relevant' in the page allow-list. Every component set to Force (always re-fetch) re-queries on every mount, so the sweep is deliberately limited. It keeps behaving as Smart (fetch on change).",Deferred - out of narrowed scope,Deferred,,,"Hidden from view (data.hideInView), so it never renders and the setting has no runtime effect today - set it anyway for template consistency, or defer. Owner decision."
T6-C527,T6-001,1300890,https://county_template.devmny.org/the_local_environment/natural_environment,the_local_environment/natural_environment,1300819,Overview,1703867,b65b17e1-210c-4b60-b720-7774a050f298,Card,v1,sourceInfo,1,,LHMP_IA,LHMP_IA [prod],internal,1441680,1441681,mitigat-ny-prod+prod,,(not set),TRUE,Smart (fetch on change),TRUE,No,source LHMP_IA is not in the in-scope source list,(deferred),"None for now - deferred from the fetch-mode sweep because source LHMP_IA is not in the in-scope source list. Every component set to Force (always re-fetch) re-queries on every mount, so the sweep is deliberately limited. It keeps behaving as Smart (fetch on change).",Deferred - out of narrowed scope,Deferred,,,
T6-C528,T6-001,1300890,https://county_template.devmny.org/the_local_environment/natural_environment,the_local_environment/natural_environment,1300819,Open Space Summary,1703870,a785de99-65cb-4401-8f65-07708e19c28d,Card,v1,sourceInfo,4,,LHMP_IA,LHMP_IA [prod],internal,1441680,1441681,mitigat-ny-prod+prod,,(not set),TRUE,Smart (fetch on change),TRUE,No,source LHMP_IA is not in the in-scope source list,(deferred),"None for now - deferred from the fetch-mode sweep because source LHMP_IA is not in the in-scope source list. Every component set to Force (always re-fetch) re-queries on every mount, so the sweep is deliberately limited. It keeps behaving as Smart (fetch on change).",Deferred - out of narrowed scope,Deferred,,,
T6-C023,T6-001,1300890,https://county_template.devmny.org/the_local_environment/natural_environment,the_local_environment/natural_environment,1300819,(untitled Card),1703871,09082df3-a3de-4a1c-ac58-e0ea24ebdbce,Card,v2,externalSource,5,,LHMP_IA,LHMP_IA [test_meta_forms],internal,1441680,1441681,mitigat-ny-prod+test_meta_forms,,(not set),TRUE,Smart (fetch on change),TRUE,No,source LHMP_IA is not in the in-scope source list,(deferred),"None for now - deferred from the fetch-mode sweep because source LHMP_IA is not in the in-scope source list. Every component set to Force (always re-fetch) re-queries on every mount, so the sweep is deliberately limited. It keeps behaving as Smart (fetch on change).",Deferred - out of narrowed scope,Deferred,,,
T6-C529,T6-001,1300890,https://county_template.devmny.org/the_local_environment/natural_environment,the_local_environment/natural_environment,1300819,Open Space Parcel Statistics,1703874,64a81437-8f8b-4cc1-8d00-62219388fb93,Spreadsheet,v1,sourceInfo,8,,NYS Tax Parcels Map,NYS Tax Parcels Map [external],external,423,2268,hazmit_dama,,(not set),TRUE,Smart (fetch on change),TRUE,No,source NYS Tax Parcels Map is not in the in-scope source list,(deferred),"None for now - deferred from the fetch-mode sweep because source NYS Tax Parcels Map is not in the in-scope source list. Every component set to Force (always re-fetch) re-queries on every mount, so the sweep is deliberately limited. It keeps behaving as Smart (fetch on change).",Deferred - out of narrowed scope,Deferred,,,
T6-C530,T6-001,1300890,https://county_template.devmny.org/the_local_environment/natural_environment,the_local_environment/natural_environment,1300819,Buyouts/ Acquisitions,1703877,2cf4b440-188e-49e3-8465-cdb8854ff1f2,Card,v1,sourceInfo,11,,LHMP_IA,LHMP_IA [test-meta-forms],internal,1441680,1441681,mitigat-ny-prod+test-meta-forms,,(not set),TRUE,Smart (fetch on change),TRUE,No,source LHMP_IA is not in the in-scope source list,(deferred),"None for now - deferred from the fetch-mode sweep because source LHMP_IA is not in the in-scope source list. Every component set to Force (always re-fetch) re-queries on every mount, so the sweep is deliberately limited. It keeps behaving as Smart (fetch on change).",Deferred - out of narrowed scope,Deferred,,,
T6-C024,T6-001,1300890,https://county_template.devmny.org/the_local_environment/natural_environment,the_local_environment/natural_environment,1300819,(untitled Card),1703878,309ec693-91ee-4dc9-8189-b721309e7a7a,Card,v2,externalSource,12,,LHMP_IA,LHMP_IA [test-meta-forms],internal,1441680,1441681,mitigat-ny-prod+test-meta-forms,,(not set),TRUE,Smart (fetch on change),TRUE,No,source LHMP_IA is not in the in-scope source list,(deferred),"None for now - deferred from the fetch-mode sweep because source LHMP_IA is not in the in-scope source list. Every component set to Force (always re-fetch) re-queries on every mount, so the sweep is deliberately limited. It keeps behaving as Smart (fetch on change).",Deferred - out of narrowed scope,Deferred,,,
T6-C531,T6-001,1300890,https://county_template.devmny.org/the_local_environment/natural_environment,the_local_environment/natural_environment,1300819,Community Rating System,1703879,a4694fb0-9e43-475b-a6af-0828dca24104,Card,v1,sourceInfo,13,,LHMP_IA,LHMP_IA [prod],internal,1441680,1441681,mitigat-ny-prod+prod,,(not set),TRUE,Smart (fetch on change),TRUE,No,source LHMP_IA is not in the in-scope source list,(deferred),"None for now - deferred from the fetch-mode sweep because source LHMP_IA is not in the in-scope source list. Every component set to Force (always re-fetch) re-queries on every mount, so the sweep is deliberately limited. It keeps behaving as Smart (fetch on change).",Deferred - out of narrowed scope,Deferred,,,
T6-C025,T6-001,1300890,https://county_template.devmny.org/the_local_environment/natural_environment,the_local_environment/natural_environment,1300819,(untitled Card),1703884,9c8b446a-a03f-4294-ba21-16bb63532277,Card,v2,externalSource,18,,LHMP_IA,LHMP_IA [test_meta_forms],internal,1441680,1441681,mitigat-ny-prod+test_meta_forms,,(not set),TRUE,Smart (fetch on change),TRUE,No,source LHMP_IA is not in the in-scope source list,(deferred),"None for now - deferred from the fetch-mode sweep because source LHMP_IA is not in the in-scope source list. Every component set to Force (always re-fetch) re-queries on every mount, so the sweep is deliberately limited. It keeps behaving as Smart (fetch on change).",Deferred - out of narrowed scope,Deferred,,,
T6-C532,T6-001,1300890,https://county_template.devmny.org/the_local_environment/natural_environment,the_local_environment/natural_environment,1300819,Water and Air ,1703885,3a92a84d-e73c-45a6-ae0b-1fc82fff2bd5,Card,v1,sourceInfo,19,,LHMP_IA,LHMP_IA [prod],internal,1441680,1441681,mitigat-ny-prod+prod,,(not set),TRUE,Smart (fetch on change),TRUE,No,source LHMP_IA is not in the in-scope source list,(deferred),"None for now - deferred from the fetch-mode sweep because source LHMP_IA is not in the in-scope source list. Every component set to Force (always re-fetch) re-queries on every mount, so the sweep is deliberately limited. It keeps behaving as Smart (fetch on change).",Deferred - out of narrowed scope,Deferred,,,
T6-C533,T6-001,1300890,https://county_template.devmny.org/the_local_environment/natural_environment,the_local_environment/natural_environment,1300819,Wildlife,1703892,4e30cc2d-30c2-4dc7-97be-4f9921bbe64c,Card,v1,sourceInfo,26,,LHMP_IA,LHMP_IA [test-meta-forms],internal,1441680,1441681,mitigat-ny-prod+test-meta-forms,,(not set),TRUE,Smart (fetch on change),TRUE,No,source LHMP_IA is not in the in-scope source list,(deferred),"None for now - deferred from the fetch-mode sweep because source LHMP_IA is not in the in-scope source list. Every component set to Force (always re-fetch) re-queries on every mount, so the sweep is deliberately limited. It keeps behaving as Smart (fetch on change).",Deferred - out of narrowed scope,Deferred,,,
T6-C534,T6-001,1300890,https://county_template.devmny.org/the_local_environment/natural_environment,the_local_environment/natural_environment,1300819,Forestry,1703895,6976a3a8-c308-4f54-8326-da35d3636e22,Card,v1,sourceInfo,29,,LHMP_IA,LHMP_IA [test-meta-forms],internal,1441680,1441681,mitigat-ny-prod+test-meta-forms,,(not set),TRUE,Smart (fetch on change),TRUE,No,source LHMP_IA is not in the in-scope source list,(deferred),"None for now - deferred from the fetch-mode sweep because source LHMP_IA is not in the in-scope source list. Every component set to Force (always re-fetch) re-queries on every mount, so the sweep is deliberately limited. It keeps behaving as Smart (fetch on change).",Deferred - out of narrowed scope,Deferred,,,
T6-C535,T6-001,1300890,https://county_template.devmny.org/the_local_environment/natural_environment,the_local_environment/natural_environment,1300819,Vulnerability,1703898,67e2890f-7a53-45c6-b505-bb43947803c3,Card,v1,sourceInfo,32,,LHMP_IA,LHMP_IA [prod],internal,1441680,1441681,mitigat-ny-prod+prod,,(not set),TRUE,Smart (fetch on change),TRUE,No,source LHMP_IA is not in the in-scope source list,(deferred),"None for now - deferred from the fetch-mode sweep because source LHMP_IA is not in the in-scope source list. Every component set to Force (always re-fetch) re-queries on every mount, so the sweep is deliberately limited. It keeps behaving as Smart (fetch on change).",Deferred - out of narrowed scope,Deferred,,,
T6-C536,T6-001,1300890,https://county_template.devmny.org/the_local_environment/natural_environment,the_local_environment/natural_environment,1300819,Hazard Impacts to the Natural Environment,1703899,c71d6574-fe3a-46d1-bbbd-fd100549e235,Card,v1,sourceInfo,33,,LHMP_IA,LHMP_IA [prod],internal,1441680,1441681,mitigat-ny-prod+prod,,(not set),TRUE,Smart (fetch on change),TRUE,No,source LHMP_IA is not in the in-scope source list,(deferred),"None for now - deferred from the fetch-mode sweep because source LHMP_IA is not in the in-scope source list. Every component set to Force (always re-fetch) re-queries on every mount, so the sweep is deliberately limited. It keeps behaving as Smart (fetch on change).",Deferred - out of narrowed scope,Deferred,,,
T6-C537,T6-001,1300890,https://county_template.devmny.org/the_local_environment/natural_environment,the_local_environment/natural_environment,1300819,Potential Impacts Table,1703900,ebc2d586-bf59-4999-9ee3-bbb50e113062,Spreadsheet,v1,sourceInfo,34,,R_and_V_Matrix,R_and_V_Matrix [prod],internal,1068982,1068985,mitigat-ny-prod+prod,,(not set),TRUE,Smart (fetch on change),TRUE,No,source R_and_V_Matrix is not in the in-scope source list,(deferred),"None for now - deferred from the fetch-mode sweep because source R_and_V_Matrix is not in the in-scope source list. Every component set to Force (always re-fetch) re-queries on every mount, so the sweep is deliberately limited. It keeps behaving as Smart (fetch on change).",Deferred - out of narrowed scope,Deferred,,,
T6-C538,T6-001,1300890,https://county_template.devmny.org/the_local_environment/nfip_floodplain_management,the_local_environment/nfip_floodplain_management,1421876,National Flood Insurance Program (NFIP),1603942,8126fab6-8d70-4da7-b269-1dc8f94df400,Card,v1,sourceInfo,1,,LHMP_IA,LHMP_IA [prod],internal,1441680,1441681,mitigat-ny-prod+prod,,(not set),TRUE,Smart (fetch on change),TRUE,No,source LHMP_IA is not in the in-scope source list; page is not labelled 'Relevant' in the page allow-list,(deferred),"None for now - deferred from the fetch-mode sweep because source LHMP_IA is not in the in-scope source list; and page is not labelled 'Relevant' in the page allow-list. Every component set to Force (always re-fetch) re-queries on every mount, so the sweep is deliberately limited. It keeps behaving as Smart (fetch on change).",Deferred - out of narrowed scope,Deferred,,,
T6-C539,T6-001,1300890,https://county_template.devmny.org/the_local_environment/nfip_floodplain_management,the_local_environment/nfip_floodplain_management,1421876,MitigateNY Floodplain Map,1677785,54e7b788-fb48-4117-a73d-5562e1609c91,Card,v1,sourceInfo,4,,LHMP_IA,LHMP_IA [test-meta-forms],internal,1441680,1441681,mitigat-ny-prod+test-meta-forms,,(not set),TRUE,Smart (fetch on change),TRUE,No,source LHMP_IA is not in the in-scope source list; page is not labelled 'Relevant' in the page allow-list,(deferred),"None for now - deferred from the fetch-mode sweep because source LHMP_IA is not in the in-scope source list; and page is not labelled 'Relevant' in the page allow-list. Every component set to Force (always re-fetch) re-queries on every mount, so the sweep is deliberately limited. It keeps behaving as Smart (fetch on change).",Deferred - out of narrowed scope,Deferred,,,
T6-C540,T6-001,1300890,https://county_template.devmny.org/the_local_environment/nfip_floodplain_management,the_local_environment/nfip_floodplain_management,1421876,Floodplain Adoption by Jurisdiction,1603945,1c6153ac-1a4e-4c59-82c9-4088118354ad,Spreadsheet,v1,sourceInfo,6,,NFIP Community Status Book,NFIP Community Status Book [external],external,411,2299,hazmit_dama,,(not set),TRUE,Smart (fetch on change),TRUE,No,source NFIP Community Status Book is not in the in-scope source list; page is not labelled 'Relevant' in the page allow-list,(deferred),"None for now - deferred from the fetch-mode sweep because source NFIP Community Status Book is not in the in-scope source list; and page is not labelled 'Relevant' in the page allow-list. Every component set to Force (always re-fetch) re-queries on every mount, so the sweep is deliberately limited. It keeps behaving as Smart (fetch on change).",Deferred - out of narrowed scope,Deferred,,,
T6-C026,T6-001,1300890,https://county_template.devmny.org/the_local_environment/nfip_floodplain_management,the_local_environment/nfip_floodplain_management,1421876,Floodplain Administrators,1603946,8796270a-7ee5-4e0c-893a-25bc8b8795b8,Card,v2,externalSource,7,,Roles,Roles [test_meta_forms],internal,1473295,1473296,mitigat-ny-prod+test_meta_forms,,Smart (fetch on change),TRUE,Smart (fetch on change),,No,page is not labelled 'Relevant' in the page allow-list,(deferred),"None for now - deferred from the fetch-mode sweep because page is not labelled 'Relevant' in the page allow-list. Every component set to Force (always re-fetch) re-queries on every mount, so the sweep is deliberately limited. It keeps behaving as Smart (fetch on change).",Deferred - out of narrowed scope,Deferred,,,
T6-C027,T6-001,1300890,https://county_template.devmny.org/the_local_environment/nfip_floodplain_management,the_local_environment/nfip_floodplain_management,1421876,(untitled Card),1677994,944ed673-0506-4852-8a06-e45a7d8bbedd,Card,v2,externalSource,8,TRUE,LHMP_IA,LHMP_IA [test_meta_forms],internal,1441680,1441681,mitigat-ny-prod+test_meta_forms,,(not set),TRUE,Smart (fetch on change),TRUE,No,source LHMP_IA is not in the in-scope source list; page is not labelled 'Relevant' in the page allow-list,(deferred),"None for now - deferred from the fetch-mode sweep because source LHMP_IA is not in the in-scope source list; and page is not labelled 'Relevant' in the page allow-list. Every component set to Force (always re-fetch) re-queries on every mount, so the sweep is deliberately limited. It keeps behaving as Smart (fetch on change).",Deferred - out of narrowed scope,Deferred,,,"Hidden from view (data.hideInView), so it never renders and the setting has no runtime effect today - set it anyway for template consistency, or defer. Owner decision."
T6-C028,T6-001,1300890,https://county_template.devmny.org/the_local_environment/nfip_floodplain_management,the_local_environment/nfip_floodplain_management,1421876,NFIP Loss By Jurisdiction,1676713,79c401f1-c079-4ab0-9781-f6b00aee808b,Spreadsheet,v2,externalSource,11,,nfip claims enhance (incl jurisdiction geoms) v1.2,nfip claims enhance (incl jurisdiction geoms) v1.2 [external],external,1610,2583,hazmit_dama,,(not set),TRUE,Smart (fetch on change),TRUE,No,source nfip claims enhance (incl jurisdiction geoms) v1.2 is not in the in-scope source list; page is not labelled 'Relevant' in the page allow-list,(deferred),"None for now - deferred from the fetch-mode sweep because source nfip claims enhance (incl jurisdiction geoms) v1.2 is not in the in-scope source list; and page is not labelled 'Relevant' in the page allow-list. Every component set to Force (always re-fetch) re-queries on every mount, so the sweep is deliberately limited. It keeps behaving as Smart (fetch on change).",Deferred - out of narrowed scope,Deferred,,,
T6-C541,T6-001,1300890,https://county_template.devmny.org/the_local_environment/nfip_floodplain_management,the_local_environment/nfip_floodplain_management,1421876,NFIP Loss By Disaster Declaration,1603949,61c864ac-1304-4870-9df5-c4186a1c1c33,Spreadsheet,v1,sourceInfo,12,,NFIP Claims Enhanced (V2),NFIP Claims Enhanced (V2) [external],external,831,1304,hazmit_dama,,(not set),TRUE,Smart (fetch on change),TRUE,No,source NFIP Claims Enhanced (V2) is not in the in-scope source list; page is not labelled 'Relevant' in the page allow-list,(deferred),"None for now - deferred from the fetch-mode sweep because source NFIP Claims Enhanced (V2) is not in the in-scope source list; and page is not labelled 'Relevant' in the page allow-list. Every component set to Force (always re-fetch) re-queries on every mount, so the sweep is deliberately limited. It keeps behaving as Smart (fetch on change).",Deferred - out of narrowed scope,Deferred,,,
T6-C542,T6-001,1300890,https://county_template.devmny.org/the_local_environment/people_and_communities,the_local_environment/people_and_communities,1300810,Overview,2003767,10f6dc82-b29e-456b-82e4-91375344f315,Card,v1,sourceInfo,1,,LHMP_IA,LHMP_IA [test-meta-forms],internal,1441680,1441681,mitigat-ny-prod+test-meta-forms,,(not set),TRUE,Smart (fetch on change),TRUE,No,source LHMP_IA is not in the in-scope source list; page is not labelled 'Relevant' in the page allow-list,(deferred),"None for now - deferred from the fetch-mode sweep because source LHMP_IA is not in the in-scope source list; and page is not labelled 'Relevant' in the page allow-list. Every component set to Force (always re-fetch) re-queries on every mount, so the sweep is deliberately limited. It keeps behaving as Smart (fetch on change).",Deferred - out of narrowed scope,Deferred,,,
T6-C543,T6-001,1300890,https://county_template.devmny.org/the_local_environment/people_and_communities,the_local_environment/people_and_communities,1300810,Demographic Statistics,2003770,8db0087e-0a06-4f32-a098-dc1b19d1c918,Card,v1,sourceInfo,4,,ACS,ACS [external],external,1482,1962,hazmit_dama,,(not set),TRUE,Smart (fetch on change),TRUE,No,source ACS is not in the in-scope source list; page is not labelled 'Relevant' in the page allow-list,(deferred),"None for now - deferred from the fetch-mode sweep because source ACS is not in the in-scope source list; and page is not labelled 'Relevant' in the page allow-list. Every component set to Force (always re-fetch) re-queries on every mount, so the sweep is deliberately limited. It keeps behaving as Smart (fetch on change).",Deferred - out of narrowed scope,Deferred,,,
T6-C544,T6-001,1300890,https://county_template.devmny.org/the_local_environment/people_and_communities,the_local_environment/people_and_communities,1300810,Populations at Highest Risk,2003773,c12e1b4c-3d58-4f04-865e-668c59a02c84,Card,v1,sourceInfo,6,,LHMP_IA,LHMP_IA [prod],internal,1441680,1441681,mitigat-ny-prod+prod,,(not set),TRUE,Smart (fetch on change),TRUE,No,source LHMP_IA is not in the in-scope source list; page is not labelled 'Relevant' in the page allow-list,(deferred),"None for now - deferred from the fetch-mode sweep because source LHMP_IA is not in the in-scope source list; and page is not labelled 'Relevant' in the page allow-list. Every component set to Force (always re-fetch) re-queries on every mount, so the sweep is deliberately limited. It keeps behaving as Smart (fetch on change).",Deferred - out of narrowed scope,Deferred,,,
T6-C545,T6-001,1300890,https://county_template.devmny.org/the_local_environment/people_and_communities,the_local_environment/people_and_communities,1300810,Social Vulnerability Map Overview,2003778,82fc6f0d-dc5b-4591-958a-65dbfc6aca73,Card,v1,sourceInfo,11,,LHMP_IA,LHMP_IA [test-meta-forms],internal,1441680,1441681,mitigat-ny-prod+test-meta-forms,,(not set),TRUE,Smart (fetch on change),TRUE,No,source LHMP_IA is not in the in-scope source list; page is not labelled 'Relevant' in the page allow-list,(deferred),"None for now - deferred from the fetch-mode sweep because source LHMP_IA is not in the in-scope source list; and page is not labelled 'Relevant' in the page allow-list. Every component set to Force (always re-fetch) re-queries on every mount, so the sweep is deliberately limited. It keeps behaving as Smart (fetch on change).",Deferred - out of narrowed scope,Deferred,,,
T6-C546,T6-001,1300890,https://county_template.devmny.org/the_local_environment/people_and_communities,the_local_environment/people_and_communities,1300810,Population Change and Hazard Risk,2003781,07d6a810-1a3f-4c85-8477-8a1979aea1e2,Card,v1,sourceInfo,14,,LHMP_IA,LHMP_IA [test-meta-forms],internal,1441680,1441681,mitigat-ny-prod+test-meta-forms,,(not set),TRUE,Smart (fetch on change),TRUE,No,source LHMP_IA is not in the in-scope source list; page is not labelled 'Relevant' in the page allow-list,(deferred),"None for now - deferred from the fetch-mode sweep because source LHMP_IA is not in the in-scope source list; and page is not labelled 'Relevant' in the page allow-list. Every component set to Force (always re-fetch) re-queries on every mount, so the sweep is deliberately limited. It keeps behaving as Smart (fetch on change).",Deferred - out of narrowed scope,Deferred,,,
T6-C547,T6-001,1300890,https://county_template.devmny.org/the_local_environment/people_and_communities,the_local_environment/people_and_communities,1300810,Economic and Development Trends,2003785,39b2e90a-ee3c-4cc9-bdd6-53f39316a7eb,Card,v1,sourceInfo,16,,LHMP_IA,LHMP_IA [test-meta-forms],internal,1441680,1441681,mitigat-ny-prod+test-meta-forms,,(not set),TRUE,Smart (fetch on change),TRUE,No,source LHMP_IA is not in the in-scope source list; page is not labelled 'Relevant' in the page allow-list,(deferred),"None for now - deferred from the fetch-mode sweep because source LHMP_IA is not in the in-scope source list; and page is not labelled 'Relevant' in the page allow-list. Every component set to Force (always re-fetch) re-queries on every mount, so the sweep is deliberately limited. It keeps behaving as Smart (fetch on change).",Deferred - out of narrowed scope,Deferred,,,
T6-C029,T6-001,1300890,https://county_template.devmny.org/the_local_environment/people_and_communities,the_local_environment/people_and_communities,1300810,(untitled Card),2003784,2ab40c67-d37d-4023-a3df-0a8dae151d49,Card,v2,externalSource,17,,LHMP_IA,LHMP_IA [test-meta-forms],internal,1441680,1441681,mitigat-ny-prod+test-meta-forms,,(not set),TRUE,Smart (fetch on change),TRUE,No,source LHMP_IA is not in the in-scope source list; page is not labelled 'Relevant' in the page allow-list,(deferred),"None for now - deferred from the fetch-mode sweep because source LHMP_IA is not in the in-scope source list; and page is not labelled 'Relevant' in the page allow-list. Every component set to Force (always re-fetch) re-queries on every mount, so the sweep is deliberately limited. It keeps behaving as Smart (fetch on change).",Deferred - out of narrowed scope,Deferred,,,
T6-C548,T6-001,1300890,https://county_template.devmny.org/the_local_environment/people_and_communities,the_local_environment/people_and_communities,1300810,Neighboring Communities,2003794,958b4cb4-9ea7-49da-be8a-8f17c9c47868,Card,v1,sourceInfo,27,,LHMP_IA,LHMP_IA [test-meta-forms],internal,1441680,1441681,mitigat-ny-prod+test-meta-forms,,(not set),TRUE,Smart (fetch on change),TRUE,No,source LHMP_IA is not in the in-scope source list; page is not labelled 'Relevant' in the page allow-list,(deferred),"None for now - deferred from the fetch-mode sweep because source LHMP_IA is not in the in-scope source list; and page is not labelled 'Relevant' in the page allow-list. Every component set to Force (always re-fetch) re-queries on every mount, so the sweep is deliberately limited. It keeps behaving as Smart (fetch on change).",Deferred - out of narrowed scope,Deferred,,,
T6-C549,T6-001,1300890,https://county_template.devmny.org/the_plan,the_plan,1300808,Overview,1466590,cb5d2390-4885-4348-8a41-1a1d7e490b57,Card,v1,sourceInfo,1,,LHMP_IA,LHMP_IA [prod],internal,1441680,1441681,mitigat-ny-prod+prod,,(not set),TRUE,Smart (fetch on change),TRUE,No,source LHMP_IA is not in the in-scope source list; page is not labelled 'Relevant' in the page allow-list,(deferred),"None for now - deferred from the fetch-mode sweep because source LHMP_IA is not in the in-scope source list; and page is not labelled 'Relevant' in the page allow-list. Every component set to Force (always re-fetch) re-queries on every mount, so the sweep is deliberately limited. It keeps behaving as Smart (fetch on change).",Deferred - out of narrowed scope,Deferred,,,
T6-C550,T6-001,1300890,https://county_template.devmny.org/the_plan,the_plan,1300808,Requirements,1466593,1968d212-9d8d-42bf-8860-ef2063009dc9,Card,v1,sourceInfo,2,,LHMP_IA,LHMP_IA [prod],internal,1441680,1441681,mitigat-ny-prod+prod,,(not set),TRUE,Smart (fetch on change),TRUE,No,source LHMP_IA is not in the in-scope source list; page is not labelled 'Relevant' in the page allow-list,(deferred),"None for now - deferred from the fetch-mode sweep because source LHMP_IA is not in the in-scope source list; and page is not labelled 'Relevant' in the page allow-list. Every component set to Force (always re-fetch) re-queries on every mount, so the sweep is deliberately limited. It keeps behaving as Smart (fetch on change).",Deferred - out of narrowed scope,Deferred,,,
T6-C551,T6-001,1300890,https://county_template.devmny.org/the_plan/about_the_process,the_plan/about_the_process,1300807,Overview,1515010,bc9f47b0-63f2-46ac-b1d0-5e6b361942b4,Card,v1,sourceInfo,1,,LHMP_IA,LHMP_IA [prod],internal,1441680,1441681,mitigat-ny-prod+prod,,(not set),TRUE,Smart (fetch on change),TRUE,No,source LHMP_IA is not in the in-scope source list,(deferred),"None for now - deferred from the fetch-mode sweep because source LHMP_IA is not in the in-scope source list. Every component set to Force (always re-fetch) re-queries on every mount, so the sweep is deliberately limited. It keeps behaving as Smart (fetch on change).",Deferred - out of narrowed scope,Deferred,,,
T6-C552,T6-001,1300890,https://county_template.devmny.org/the_plan/about_the_process,the_plan/about_the_process,1300807,The Planning Process,1515012,bc9f47b0-63f2-46ac-b1d0-5e6b361942b4,Card,v1,sourceInfo,6,,LHMP_IA,LHMP_IA [test-meta-forms],internal,1441680,1441681,mitigat-ny-prod+test-meta-forms,,(not set),TRUE,Smart (fetch on change),TRUE,No,source LHMP_IA is not in the in-scope source list,(deferred),"None for now - deferred from the fetch-mode sweep because source LHMP_IA is not in the in-scope source list. Every component set to Force (always re-fetch) re-queries on every mount, so the sweep is deliberately limited. It keeps behaving as Smart (fetch on change).",Deferred - out of narrowed scope,Deferred,,,
T6-C030,T6-001,1300890,https://county_template.devmny.org/the_plan/about_the_process,the_plan/about_the_process,1300807,(untitled Card),1518167,956bd1da-de8c-45ce-965f-94bd2a02f616,Card,v2,externalSource,11,TRUE,LHMP_IA,LHMP_IA [test-meta-forms],internal,1441680,1441681,mitigat-ny-prod+test-meta-forms,,(not set),TRUE,Smart (fetch on change),TRUE,No,source LHMP_IA is not in the in-scope source list,(deferred),"None for now - deferred from the fetch-mode sweep because source LHMP_IA is not in the in-scope source list. Every component set to Force (always re-fetch) re-queries on every mount, so the sweep is deliberately limited. It keeps behaving as Smart (fetch on change).",Deferred - out of narrowed scope,Deferred,,,"Hidden from view (data.hideInView), so it never renders and the setting has no runtime effect today - set it anyway for template consistency, or defer. Owner decision."
T6-C032,T6-001,1300890,https://county_template.devmny.org/the_plan/about_the_process,the_plan/about_the_process,1300807,(untitled Card),1518169,c2dabab1-a403-4353-abed-2dbc3ba7574e,Card,v2,externalSource,17,TRUE,LHMP_IA,LHMP_IA [test-meta-forms],internal,1441680,1441681,mitigat-ny-prod+test-meta-forms,,(not set),TRUE,Smart (fetch on change),TRUE,No,source LHMP_IA is not in the in-scope source list,(deferred),"None for now - deferred from the fetch-mode sweep because source LHMP_IA is not in the in-scope source list. Every component set to Force (always re-fetch) re-queries on every mount, so the sweep is deliberately limited. It keeps behaving as Smart (fetch on change).",Deferred - out of narrowed scope,Deferred,,,"Hidden from view (data.hideInView), so it never renders and the setting has no runtime effect today - set it anyway for template consistency, or defer. Owner decision."
T6-C553,T6-001,1300890,https://county_template.devmny.org/the_plan/about_the_process,the_plan/about_the_process,1300807,Local Resources,1515028,bc9f47b0-63f2-46ac-b1d0-5e6b361942b4,Card,v1,sourceInfo,23,,LHMP_IA,LHMP_IA [test-meta-forms],internal,1441680,1441681,mitigat-ny-prod+test-meta-forms,,(not set),TRUE,Smart (fetch on change),TRUE,No,source LHMP_IA is not in the in-scope source list,(deferred),"None for now - deferred from the fetch-mode sweep because source LHMP_IA is not in the in-scope source list. Every component set to Force (always re-fetch) re-queries on every mount, so the sweep is deliberately limited. It keeps behaving as Smart (fetch on change).",Deferred - out of narrowed scope,Deferred,,,
T6-C034,T6-001,1300890,https://county_template.devmny.org/the_plan/about_the_process,the_plan/about_the_process,1300807,(untitled Card),1515030,60f12a0b-2ff5-42da-9d17-82736dc75b6b,Card,v2,externalSource,26,TRUE,LHMP_IA,LHMP_IA [test-meta-forms],internal,1441680,1441681,mitigat-ny-prod+test-meta-forms,,(not set),TRUE,Smart (fetch on change),TRUE,No,source LHMP_IA is not in the in-scope source list,(deferred),"None for now - deferred from the fetch-mode sweep because source LHMP_IA is not in the in-scope source list. Every component set to Force (always re-fetch) re-queries on every mount, so the sweep is deliberately limited. It keeps behaving as Smart (fetch on change).",Deferred - out of narrowed scope,Deferred,,,"Hidden from view (data.hideInView), so it never renders and the setting has no runtime effect today - set it anyway for template consistency, or defer. Owner decision."
T6-C554,T6-001,1300890,https://county_template.devmny.org/the_plan/about_the_process,the_plan/about_the_process,1300807,(untitled Card),1518253,a6375eaf-2662-40a5-9d4c-f4fe4dc68613,Card,v1,sourceInfo,28,,LHMP_IA,LHMP_IA [test-meta-forms],internal,1441680,1441681,mitigat-ny-prod+test-meta-forms,,(not set),TRUE,Smart (fetch on change),TRUE,No,source LHMP_IA is not in the in-scope source list,(deferred),"None for now - deferred from the fetch-mode sweep because source LHMP_IA is not in the in-scope source list. Every component set to Force (always re-fetch) re-queries on every mount, so the sweep is deliberately limited. It keeps behaving as Smart (fetch on change).",Deferred - out of narrowed scope,Deferred,,,
T6-C555,T6-001,1300890,https://county_template.devmny.org/the_plan/about_the_process,the_plan/about_the_process,1300807,Adoption,1515032,bc9f47b0-63f2-46ac-b1d0-5e6b361942b4,Card,v1,sourceInfo,30,,LHMP_IA,LHMP_IA [test-meta-forms],internal,1441680,1441681,mitigat-ny-prod+test-meta-forms,,(not set),TRUE,Smart (fetch on change),TRUE,No,source LHMP_IA is not in the in-scope source list,(deferred),"None for now - deferred from the fetch-mode sweep because source LHMP_IA is not in the in-scope source list. Every component set to Force (always re-fetch) re-queries on every mount, so the sweep is deliberately limited. It keeps behaving as Smart (fetch on change).",Deferred - out of narrowed scope,Deferred,,,
T6-C556,T6-001,1300890,https://county_template.devmny.org/the_plan/about_the_process,the_plan/about_the_process,1300807,Maintenance,1515033,bc9f47b0-63f2-46ac-b1d0-5e6b361942b4,Card,v1,sourceInfo,33,,LHMP_IA,LHMP_IA [prod],internal,1441680,1441681,mitigat-ny-prod+prod,,(not set),TRUE,Smart (fetch on change),TRUE,No,source LHMP_IA is not in the in-scope source list,(deferred),"None for now - deferred from the fetch-mode sweep because source LHMP_IA is not in the in-scope source list. Every component set to Force (always re-fetch) re-queries on every mount, so the sweep is deliberately limited. It keeps behaving as Smart (fetch on change).",Deferred - out of narrowed scope,Deferred,,,
T6-C037,T6-001,1300890,https://county_template.devmny.org/the_plan/capabilities_assessment,the_plan/capabilities_assessment,1425510,Overview,1447507,5106058d-945a-4795-af84-98a71ec8deae,Card,v2,externalSource,1,,LHMP_IA,LHMP_IA [test_meta_forms],internal,1441680,1441681,mitigat-ny-prod+test_meta_forms,,(not set),TRUE,Smart (fetch on change),TRUE,No,source LHMP_IA is not in the in-scope source list,(deferred),"None for now - deferred from the fetch-mode sweep because source LHMP_IA is not in the in-scope source list. Every component set to Force (always re-fetch) re-queries on every mount, so the sweep is deliberately limited. It keeps behaving as Smart (fetch on change).",Deferred - out of narrowed scope,Deferred,,,
T6-C557,T6-001,1300890,https://county_template.devmny.org/the_plan/capabilities_assessment,the_plan/capabilities_assessment,1425510,Planning and Regulatory,1447512,cda18230-4a3e-42cb-bdb8-09328cf72bcd,Card,v1,sourceInfo,2,,LHMP_IA,LHMP_IA [test-meta-forms],internal,1441680,1441681,mitigat-ny-prod+test-meta-forms,,(not set),TRUE,Smart (fetch on change),TRUE,No,source LHMP_IA is not in the in-scope source list,(deferred),"None for now - deferred from the fetch-mode sweep because source LHMP_IA is not in the in-scope source list. Every component set to Force (always re-fetch) re-queries on every mount, so the sweep is deliberately limited. It keeps behaving as Smart (fetch on change).",Deferred - out of narrowed scope,Deferred,,,
T6-C039,T6-001,1300890,https://county_template.devmny.org/the_plan/capabilities_assessment,the_plan/capabilities_assessment,1425510,(untitled Card),1517086,954df9d2-690f-452f-8fc7-2ec4c0532253,Card,v2,externalSource,6,TRUE,LHMP_IA,LHMP_IA [test_meta_forms],internal,1441680,1441681,mitigat-ny-prod+test_meta_forms,,(not set),TRUE,Smart (fetch on change),TRUE,No,source LHMP_IA is not in the in-scope source list,(deferred),"None for now - deferred from the fetch-mode sweep because source LHMP_IA is not in the in-scope source list. Every component set to Force (always re-fetch) re-queries on every mount, so the sweep is deliberately limited. It keeps behaving as Smart (fetch on change).",Deferred - out of narrowed scope,Deferred,,,"Hidden from view (data.hideInView), so it never renders and the setting has no runtime effect today - set it anyway for template consistency, or defer. Owner decision."
T6-C559,T6-001,1300890,https://county_template.devmny.org/the_plan/capabilities_assessment,the_plan/capabilities_assessment,1425510,Administrative and Technical,1447516,d5064385-7e9e-4cae-aaff-1cd64c50f29c,Card,v1,sourceInfo,8,,LHMP_IA,LHMP_IA [test-meta-forms],internal,1441680,1441681,mitigat-ny-prod+test-meta-forms,,(not set),TRUE,Smart (fetch on change),TRUE,No,source LHMP_IA is not in the in-scope source list,(deferred),"None for now - deferred from the fetch-mode sweep because source LHMP_IA is not in the in-scope source list. Every component set to Force (always re-fetch) re-queries on every mount, so the sweep is deliberately limited. It keeps behaving as Smart (fetch on change).",Deferred - out of narrowed scope,Deferred,,,
T6-C041,T6-001,1300890,https://county_template.devmny.org/the_plan/capabilities_assessment,the_plan/capabilities_assessment,1425510,(untitled Card),1517088,954df9d2-690f-452f-8fc7-2ec4c0532253,Card,v2,externalSource,12,TRUE,LHMP_IA,LHMP_IA [test_meta_forms],internal,1441680,1441681,mitigat-ny-prod+test_meta_forms,,(not set),TRUE,Smart (fetch on change),TRUE,No,source LHMP_IA is not in the in-scope source list,(deferred),"None for now - deferred from the fetch-mode sweep because source LHMP_IA is not in the in-scope source list. Every component set to Force (always re-fetch) re-queries on every mount, so the sweep is deliberately limited. It keeps behaving as Smart (fetch on change).",Deferred - out of narrowed scope,Deferred,,,"Hidden from view (data.hideInView), so it never renders and the setting has no runtime effect today - set it anyway for template consistency, or defer. Owner decision."
T6-C562,T6-001,1300890,https://county_template.devmny.org/the_plan/capabilities_assessment,the_plan/capabilities_assessment,1425510,Education / Outreach,1447521,69e7e475-d139-4f1f-9cbc-57198b770a8b,Card,v1,sourceInfo,14,,LHMP_IA,LHMP_IA [prod],internal,1441680,1441681,mitigat-ny-prod+prod,,(not set),TRUE,Smart (fetch on change),TRUE,No,source LHMP_IA is not in the in-scope source list,(deferred),"None for now - deferred from the fetch-mode sweep because source LHMP_IA is not in the in-scope source list. Every component set to Force (always re-fetch) re-queries on every mount, so the sweep is deliberately limited. It keeps behaving as Smart (fetch on change).",Deferred - out of narrowed scope,Deferred,,,
T6-C042,T6-001,1300890,https://county_template.devmny.org/the_plan/capabilities_assessment,the_plan/capabilities_assessment,1425510,(untitled Card),1517092,954df9d2-690f-452f-8fc7-2ec4c0532253,Card,v2,externalSource,18,TRUE,LHMP_IA,LHMP_IA [test_meta_forms],internal,1441680,1441681,mitigat-ny-prod+test_meta_forms,,(not set),TRUE,Smart (fetch on change),TRUE,No,source LHMP_IA is not in the in-scope source list,(deferred),"None for now - deferred from the fetch-mode sweep because source LHMP_IA is not in the in-scope source list. Every component set to Force (always re-fetch) re-queries on every mount, so the sweep is deliberately limited. It keeps behaving as Smart (fetch on change).",Deferred - out of narrowed scope,Deferred,,,"Hidden from view (data.hideInView), so it never renders and the setting has no runtime effect today - set it anyway for template consistency, or defer. Owner decision."
T6-C565,T6-001,1300890,https://county_template.devmny.org/the_plan/capabilities_assessment,the_plan/capabilities_assessment,1425510,Financial,1447525,10377d14-8854-490b-8373-45702da3fb4e,Card,v1,sourceInfo,20,,LHMP_IA,LHMP_IA [test-meta-forms],internal,1441680,1441681,mitigat-ny-prod+test-meta-forms,,(not set),TRUE,Smart (fetch on change),TRUE,No,source LHMP_IA is not in the in-scope source list,(deferred),"None for now - deferred from the fetch-mode sweep because source LHMP_IA is not in the in-scope source list. Every component set to Force (always re-fetch) re-queries on every mount, so the sweep is deliberately limited. It keeps behaving as Smart (fetch on change).",Deferred - out of narrowed scope,Deferred,,,
T6-C043,T6-001,1300890,https://county_template.devmny.org/the_plan/capabilities_assessment,the_plan/capabilities_assessment,1425510,(untitled Card),1517094,052282cc-f36e-4697-8102-b56b3858343c,Card,v2,externalSource,24,TRUE,LHMP_IA,LHMP_IA [test_meta_forms],internal,1441680,1441681,mitigat-ny-prod+test_meta_forms,,(not set),TRUE,Smart (fetch on change),TRUE,No,source LHMP_IA is not in the in-scope source list,(deferred),"None for now - deferred from the fetch-mode sweep because source LHMP_IA is not in the in-scope source list. Every component set to Force (always re-fetch) re-queries on every mount, so the sweep is deliberately limited. It keeps behaving as Smart (fetch on change).",Deferred - out of narrowed scope,Deferred,,,"Hidden from view (data.hideInView), so it never renders and the setting has no runtime effect today - set it anyway for template consistency, or defer. Owner decision."
T6-C044,T6-001,1300890,https://county_template.devmny.org/the_plan/jurisdictional_annexes,the_plan/jurisdictional_annexes,1300933,Overview,2380933,bc9f47b0-63f2-46ac-b1d0-5e6b361942b4,Card,v2,externalSource,1,,LHMP_IA,LHMP_IA [test_meta_forms],internal,1441680,1441681,mitigat-ny-prod+test_meta_forms,,(not set),TRUE,Smart (fetch on change),TRUE,No,source LHMP_IA is not in the in-scope source list,(deferred),"None for now - deferred from the fetch-mode sweep because source LHMP_IA is not in the in-scope source list. Every component set to Force (always re-fetch) re-queries on every mount, so the sweep is deliberately limited. It keeps behaving as Smart (fetch on change).",Deferred - out of narrowed scope,Deferred,,,
T6-C045,T6-001,1300890,https://county_template.devmny.org/the_plan/jurisdictional_annexes/crit_infra_form_prototype,the_plan/jurisdictional_annexes/crit_infra_form_prototype,1676371,"Agriculture (Crops, Livestock, related products)",1676376,0118fa79-1f62-4a70-b063-93c86e509dc7,Card,v2,externalSource,2,,Actions_Revised,Actions_Revised [test_meta_forms],internal,1029065,1074456,mitigat-ny-prod+test_meta_forms,,(not set),TRUE,Smart (fetch on change),TRUE,No,page is not labelled 'Relevant' in the page allow-list,(deferred),"None for now - deferred from the fetch-mode sweep because page is not labelled 'Relevant' in the page allow-list. Every component set to Force (always re-fetch) re-queries on every mount, so the sweep is deliberately limited. It keeps behaving as Smart (fetch on change).",Deferred - out of narrowed scope,Deferred,,,
T6-C046,T6-001,1300890,https://county_template.devmny.org/the_plan/jurisdictional_annexes/crit_infra_form_prototype,the_plan/jurisdictional_annexes/crit_infra_form_prototype,1676371,"Area: Concentration of Local Businesses, Major Employers",1676377,1d99bd13-c645-4f3e-b5cf-3a78d2a369f3,Card,v2,externalSource,3,,Actions_Revised,Actions_Revised [test-meta-forms],internal,1029065,1074456,mitigat-ny-prod+test-meta-forms,,(not set),TRUE,Smart (fetch on change),TRUE,No,page is not labelled 'Relevant' in the page allow-list,(deferred),"None for now - deferred from the fetch-mode sweep because page is not labelled 'Relevant' in the page allow-list. Every component set to Force (always re-fetch) re-queries on every mount, so the sweep is deliberately limited. It keeps behaving as Smart (fetch on change).",Deferred - out of narrowed scope,Deferred,,,
T6-C047,T6-001,1300890,https://county_template.devmny.org/the_plan/jurisdictional_annexes/crit_infra_form_prototype,the_plan/jurisdictional_annexes/crit_infra_form_prototype,1676371,Area: Concentration of Residences,1676393,6a8508cf-6bf2-4142-8305-6fea087b6fe8,Card,v2,externalSource,4,,Actions_Revised,Actions_Revised [test-meta-forms],internal,1029065,1074456,mitigat-ny-prod+test-meta-forms,,(not set),TRUE,Smart (fetch on change),TRUE,No,page is not labelled 'Relevant' in the page allow-list,(deferred),"None for now - deferred from the fetch-mode sweep because page is not labelled 'Relevant' in the page allow-list. Every component set to Force (always re-fetch) re-queries on every mount, so the sweep is deliberately limited. It keeps behaving as Smart (fetch on change).",Deferred - out of narrowed scope,Deferred,,,
T6-C048,T6-001,1300890,https://county_template.devmny.org/the_plan/jurisdictional_annexes/crit_infra_form_prototype,the_plan/jurisdictional_annexes/crit_infra_form_prototype,1676371,"Local Roads, Highways, Culverts, Bridges",1676392,58c6aa56-dd46-42b9-85c9-002b48db8ece,Card,v2,externalSource,5,,Actions_Revised,Actions_Revised [test-meta-forms],internal,1029065,1074456,mitigat-ny-prod+test-meta-forms,,(not set),TRUE,Smart (fetch on change),TRUE,No,page is not labelled 'Relevant' in the page allow-list,(deferred),"None for now - deferred from the fetch-mode sweep because page is not labelled 'Relevant' in the page allow-list. Every component set to Force (always re-fetch) re-queries on every mount, so the sweep is deliberately limited. It keeps behaving as Smart (fetch on change).",Deferred - out of narrowed scope,Deferred,,,
T6-C049,T6-001,1300890,https://county_template.devmny.org/the_plan/jurisdictional_annexes/crit_infra_form_prototype,the_plan/jurisdictional_annexes/crit_infra_form_prototype,1676371,Municipal Buildings,1676391,2ad65472-a589-4442-a13d-bc61aaba8b1d,Card,v2,externalSource,6,,Actions_Revised,Actions_Revised [test-meta-forms],internal,1029065,1074456,mitigat-ny-prod+test-meta-forms,,(not set),TRUE,Smart (fetch on change),TRUE,No,page is not labelled 'Relevant' in the page allow-list,(deferred),"None for now - deferred from the fetch-mode sweep because page is not labelled 'Relevant' in the page allow-list. Every component set to Force (always re-fetch) re-queries on every mount, so the sweep is deliberately limited. It keeps behaving as Smart (fetch on change).",Deferred - out of narrowed scope,Deferred,,,
T6-C050,T6-001,1300890,https://county_template.devmny.org/the_plan/jurisdictional_annexes/crit_infra_form_prototype,the_plan/jurisdictional_annexes/crit_infra_form_prototype,1676371,Medical Centers (non-hospital),1676390,6ab718b1-96e3-4b13-a0d5-6fedf7c9cd21,Card,v2,externalSource,7,,Actions_Revised,Actions_Revised [test-meta-forms],internal,1029065,1074456,mitigat-ny-prod+test-meta-forms,,(not set),TRUE,Smart (fetch on change),TRUE,No,page is not labelled 'Relevant' in the page allow-list,(deferred),"None for now - deferred from the fetch-mode sweep because page is not labelled 'Relevant' in the page allow-list. Every component set to Force (always re-fetch) re-queries on every mount, so the sweep is deliberately limited. It keeps behaving as Smart (fetch on change).",Deferred - out of narrowed scope,Deferred,,,
T6-C051,T6-001,1300890,https://county_template.devmny.org/the_plan/jurisdictional_annexes/crit_infra_form_prototype,the_plan/jurisdictional_annexes/crit_infra_form_prototype,1676371,College/University,1676389,1a37a61f-3bac-4eda-ad00-ee5e7f68abcc,Card,v2,externalSource,8,,Actions_Revised,Actions_Revised [test-meta-forms],internal,1029065,1074456,mitigat-ny-prod+test-meta-forms,,(not set),TRUE,Smart (fetch on change),TRUE,No,page is not labelled 'Relevant' in the page allow-list,(deferred),"None for now - deferred from the fetch-mode sweep because page is not labelled 'Relevant' in the page allow-list. Every component set to Force (always re-fetch) re-queries on every mount, so the sweep is deliberately limited. It keeps behaving as Smart (fetch on change).",Deferred - out of narrowed scope,Deferred,,,
T6-C052,T6-001,1300890,https://county_template.devmny.org/the_plan/jurisdictional_annexes/crit_infra_form_prototype,the_plan/jurisdictional_annexes/crit_infra_form_prototype,1676371,Place of Worship,1676388,2836c872-d555-45f6-9c96-cdb2dcbeb194,Card,v2,externalSource,9,,Actions_Revised,Actions_Revised [test-meta-forms],internal,1029065,1074456,mitigat-ny-prod+test-meta-forms,,(not set),TRUE,Smart (fetch on change),TRUE,No,page is not labelled 'Relevant' in the page allow-list,(deferred),"None for now - deferred from the fetch-mode sweep because page is not labelled 'Relevant' in the page allow-list. Every component set to Force (always re-fetch) re-queries on every mount, so the sweep is deliberately limited. It keeps behaving as Smart (fetch on change).",Deferred - out of narrowed scope,Deferred,,,
T6-C053,T6-001,1300890,https://county_template.devmny.org/the_plan/jurisdictional_annexes/crit_infra_form_prototype,the_plan/jurisdictional_annexes/crit_infra_form_prototype,1676371,"Community Centers, Parks, Recreational Sites and Local Events (economic drivers such as fairs, beaches, skiing, farming, fishing, etc.) ",1676387,719c1f9d-8007-44ae-a654-275cbce42619,Card,v2,externalSource,10,,Actions_Revised,Actions_Revised [test-meta-forms],internal,1029065,1074456,mitigat-ny-prod+test-meta-forms,,(not set),TRUE,Smart (fetch on change),TRUE,No,page is not labelled 'Relevant' in the page allow-list,(deferred),"None for now - deferred from the fetch-mode sweep because page is not labelled 'Relevant' in the page allow-list. Every component set to Force (always re-fetch) re-queries on every mount, so the sweep is deliberately limited. It keeps behaving as Smart (fetch on change).",Deferred - out of narrowed scope,Deferred,,,
T6-C054,T6-001,1300890,https://county_template.devmny.org/the_plan/jurisdictional_annexes/crit_infra_form_prototype,the_plan/jurisdictional_annexes/crit_infra_form_prototype,1676371,"Public Transportation including fleets, transportation infrastructure (i.e., railroads, signals, bus/train stops etc.), mobile asset and equipment storage, critical public transit routes, Airport(s)",1676386,6a53efc8-39f9-4b88-8853-1272c5cf6344,Card,v2,externalSource,11,,Actions_Revised,Actions_Revised [test-meta-forms],internal,1029065,1074456,mitigat-ny-prod+test-meta-forms,,(not set),TRUE,Smart (fetch on change),TRUE,No,page is not labelled 'Relevant' in the page allow-list,(deferred),"None for now - deferred from the fetch-mode sweep because page is not labelled 'Relevant' in the page allow-list. Every component set to Force (always re-fetch) re-queries on every mount, so the sweep is deliberately limited. It keeps behaving as Smart (fetch on change).",Deferred - out of narrowed scope,Deferred,,,
T6-C055,T6-001,1300890,https://county_template.devmny.org/the_plan/jurisdictional_annexes/crit_infra_form_prototype,the_plan/jurisdictional_annexes/crit_infra_form_prototype,1676371,Cultural/Historic Buildings/Sites,1676385,80835627-280e-43b4-aa90-076acad61d4b,Card,v2,externalSource,12,,Actions_Revised,Actions_Revised [test-meta-forms],internal,1029065,1074456,mitigat-ny-prod+test-meta-forms,,(not set),TRUE,Smart (fetch on change),TRUE,No,page is not labelled 'Relevant' in the page allow-list,(deferred),"None for now - deferred from the fetch-mode sweep because page is not labelled 'Relevant' in the page allow-list. Every component set to Force (always re-fetch) re-queries on every mount, so the sweep is deliberately limited. It keeps behaving as Smart (fetch on change).",Deferred - out of narrowed scope,Deferred,,,
T6-C056,T6-001,1300890,https://county_template.devmny.org/the_plan/jurisdictional_annexes/crit_infra_form_prototype,the_plan/jurisdictional_annexes/crit_infra_form_prototype,1676371,Schools (K-12),1676384,6b46366b-80c4-45ef-b689-8921af08a162,Card,v2,externalSource,13,,Actions_Revised,Actions_Revised [test-meta-forms],internal,1029065,1074456,mitigat-ny-prod+test-meta-forms,,(not set),TRUE,Smart (fetch on change),TRUE,No,page is not labelled 'Relevant' in the page allow-list,(deferred),"None for now - deferred from the fetch-mode sweep because page is not labelled 'Relevant' in the page allow-list. Every component set to Force (always re-fetch) re-queries on every mount, so the sweep is deliberately limited. It keeps behaving as Smart (fetch on change).",Deferred - out of narrowed scope,Deferred,,,
T6-C057,T6-001,1300890,https://county_template.devmny.org/the_plan/jurisdictional_annexes/crit_infra_form_prototype,the_plan/jurisdictional_annexes/crit_infra_form_prototype,1676371,Elder-care Facilities,1676383,e2f55247-a280-4c11-8c7f-5f90238ea088,Card,v2,externalSource,14,,Actions_Revised,Actions_Revised [test-meta-forms],internal,1029065,1074456,mitigat-ny-prod+test-meta-forms,,(not set),TRUE,Smart (fetch on change),TRUE,No,page is not labelled 'Relevant' in the page allow-list,(deferred),"None for now - deferred from the fetch-mode sweep because page is not labelled 'Relevant' in the page allow-list. Every component set to Force (always re-fetch) re-queries on every mount, so the sweep is deliberately limited. It keeps behaving as Smart (fetch on change).",Deferred - out of narrowed scope,Deferred,,,
T6-C058,T6-001,1300890,https://county_template.devmny.org/the_plan/jurisdictional_annexes/crit_infra_form_prototype,the_plan/jurisdictional_annexes/crit_infra_form_prototype,1676371,Utilities,1676382,15960610-7e97-47b7-8ab8-f10d8908d13f,Card,v2,externalSource,15,,Actions_Revised,Actions_Revised [test-meta-forms],internal,1029065,1074456,mitigat-ny-prod+test-meta-forms,,(not set),TRUE,Smart (fetch on change),TRUE,No,page is not labelled 'Relevant' in the page allow-list,(deferred),"None for now - deferred from the fetch-mode sweep because page is not labelled 'Relevant' in the page allow-list. Every component set to Force (always re-fetch) re-queries on every mount, so the sweep is deliberately limited. It keeps behaving as Smart (fetch on change).",Deferred - out of narrowed scope,Deferred,,,
T6-C059,T6-001,1300890,https://county_template.devmny.org/the_plan/jurisdictional_annexes/crit_infra_form_prototype,the_plan/jurisdictional_annexes/crit_infra_form_prototype,1676371,Fire/Police Stations,1676381,586d9737-4e08-41ec-bda1-8b4a4ab3cc02,Card,v2,externalSource,16,,Actions_Revised,Actions_Revised [test-meta-forms],internal,1029065,1074456,mitigat-ny-prod+test-meta-forms,,(not set),TRUE,Smart (fetch on change),TRUE,No,page is not labelled 'Relevant' in the page allow-list,(deferred),"None for now - deferred from the fetch-mode sweep because page is not labelled 'Relevant' in the page allow-list. Every component set to Force (always re-fetch) re-queries on every mount, so the sweep is deliberately limited. It keeps behaving as Smart (fetch on change).",Deferred - out of narrowed scope,Deferred,,,
T6-C060,T6-001,1300890,https://county_template.devmny.org/the_plan/jurisdictional_annexes/crit_infra_form_prototype,the_plan/jurisdictional_annexes/crit_infra_form_prototype,1676371,Wastewater Treatment Plants,1676397,097e5ba6-9f8a-4144-b2c8-229ce7cbaf1d,Card,v2,externalSource,17,,Actions_Revised,Actions_Revised [test-meta-forms],internal,1029065,1074456,mitigat-ny-prod+test-meta-forms,,(not set),TRUE,Smart (fetch on change),TRUE,No,page is not labelled 'Relevant' in the page allow-list,(deferred),"None for now - deferred from the fetch-mode sweep because page is not labelled 'Relevant' in the page allow-list. Every component set to Force (always re-fetch) re-queries on every mount, so the sweep is deliberately limited. It keeps behaving as Smart (fetch on change).",Deferred - out of narrowed scope,Deferred,,,
T6-C061,T6-001,1300890,https://county_template.devmny.org/the_plan/jurisdictional_annexes/crit_infra_form_prototype,the_plan/jurisdictional_annexes/crit_infra_form_prototype,1676371,"Gas Stations, Grocery Stores, Supermarkets",1676396,4915913f-3a6f-43f5-b9e3-f5a9cb677c00,Card,v2,externalSource,18,,Actions_Revised,Actions_Revised [test-meta-forms],internal,1029065,1074456,mitigat-ny-prod+test-meta-forms,,(not set),TRUE,Smart (fetch on change),TRUE,No,page is not labelled 'Relevant' in the page allow-list,(deferred),"None for now - deferred from the fetch-mode sweep because page is not labelled 'Relevant' in the page allow-list. Every component set to Force (always re-fetch) re-queries on every mount, so the sweep is deliberately limited. It keeps behaving as Smart (fetch on change).",Deferred - out of narrowed scope,Deferred,,,
T6-C062,T6-001,1300890,https://county_template.devmny.org/the_plan/jurisdictional_annexes/crit_infra_form_prototype,the_plan/jurisdictional_annexes/crit_infra_form_prototype,1676371,Water: Drinking Water Resources,1676395,027a1373-5300-455a-af73-5275da67e820,Card,v2,externalSource,19,,Actions_Revised,Actions_Revised [test-meta-forms],internal,1029065,1074456,mitigat-ny-prod+test-meta-forms,,(not set),TRUE,Smart (fetch on change),TRUE,No,page is not labelled 'Relevant' in the page allow-list,(deferred),"None for now - deferred from the fetch-mode sweep because page is not labelled 'Relevant' in the page allow-list. Every component set to Force (always re-fetch) re-queries on every mount, so the sweep is deliberately limited. It keeps behaving as Smart (fetch on change).",Deferred - out of narrowed scope,Deferred,,,
T6-C063,T6-001,1300890,https://county_template.devmny.org/the_plan/jurisdictional_annexes/crit_infra_form_prototype,the_plan/jurisdictional_annexes/crit_infra_form_prototype,1676371,Hospitals,1676394,2a62cb89-4731-4ba9-a733-62827a2020d1,Card,v2,externalSource,20,,Actions_Revised,Actions_Revised [test-meta-forms],internal,1029065,1074456,mitigat-ny-prod+test-meta-forms,,(not set),TRUE,Smart (fetch on change),TRUE,No,page is not labelled 'Relevant' in the page allow-list,(deferred),"None for now - deferred from the fetch-mode sweep because page is not labelled 'Relevant' in the page allow-list. Every component set to Force (always re-fetch) re-queries on every mount, so the sweep is deliberately limited. It keeps behaving as Smart (fetch on change).",Deferred - out of narrowed scope,Deferred,,,
T6-C064,T6-001,1300890,https://county_template.devmny.org/the_plan/jurisdictional_annexes/crit_infra_form_prototype,the_plan/jurisdictional_annexes/crit_infra_form_prototype,1676371,Other,1676380,04d04273-0637-4e9f-89fd-7c49ea6b6d99,Card,v2,externalSource,21,,Actions_Revised,Actions_Revised [test-meta-forms],internal,1029065,1074456,mitigat-ny-prod+test-meta-forms,,(not set),TRUE,Smart (fetch on change),TRUE,No,page is not labelled 'Relevant' in the page allow-list,(deferred),"None for now - deferred from the fetch-mode sweep because page is not labelled 'Relevant' in the page allow-list. Every component set to Force (always re-fetch) re-queries on every mount, so the sweep is deliberately limited. It keeps behaving as Smart (fetch on change).",Deferred - out of narrowed scope,Deferred,,,
T6-C065,T6-001,1300890,https://county_template.devmny.org/the_plan/jurisdictional_annexes/ho_c_form_prototype,the_plan/jurisdictional_annexes/ho_c_form_prototype,1676369,Hazard of Concern,1676372,78215506-ce2f-40ee-9fa5-fe867666e44f,Card,v2,externalSource,2,,Hazards_of_Concern,Hazards_of_Concern [test_meta_forms],internal,1473470,1473471,mitigat-ny-prod+test_meta_forms,,(not set),TRUE,Smart (fetch on change),TRUE,No,page is not labelled 'Relevant' in the page allow-list,(deferred),"None for now - deferred from the fetch-mode sweep because page is not labelled 'Relevant' in the page allow-list. Every component set to Force (always re-fetch) re-queries on every mount, so the sweep is deliberately limited. It keeps behaving as Smart (fetch on change).",Deferred - out of narrowed scope,Deferred,,,
T6-C066,T6-001,1300890,https://county_template.devmny.org/the_plan/jurisdictional_annexes/ho_c_form_prototype,the_plan/jurisdictional_annexes/ho_c_form_prototype,1676369,Specific Problem Statements Related to this Hazard,1676373,d2cb5697-48e8-47cd-98a0-f128510972b8,Card,v2,externalSource,3,,Actions_Revised,Actions_Revised [test-meta-forms],internal,1029065,1074456,mitigat-ny-prod+test-meta-forms,,(not set),TRUE,Smart (fetch on change),TRUE,No,page is not labelled 'Relevant' in the page allow-list,(deferred),"None for now - deferred from the fetch-mode sweep because page is not labelled 'Relevant' in the page allow-list. Every component set to Force (always re-fetch) re-queries on every mount, so the sweep is deliberately limited. It keeps behaving as Smart (fetch on change).",Deferred - out of narrowed scope,Deferred,,,
T6-C569,T6-001,1300890,https://county_template.devmny.org/the_plan/jurisdictional_annexes/jurisdictional_annex_form,the_plan/jurisdictional_annexes/jurisdictional_annex_form,2243356,(untitled Card),2243269,56a25715-595d-48f6-9b99-368aa0eaca8b,Card,v1,sourceInfo,4,,Jurisdictions,Jurisdictions [test-meta-forms],internal,1346449,1346450,mitigat-ny-prod+test-meta-forms,,(not set),TRUE,Smart (fetch on change),TRUE,No,page is not labelled 'Relevant' in the page allow-list,(deferred),"None for now - deferred from the fetch-mode sweep because page is not labelled 'Relevant' in the page allow-list. Every component set to Force (always re-fetch) re-queries on every mount, so the sweep is deliberately limited. It keeps behaving as Smart (fetch on change).",Deferred - out of narrowed scope,Deferred,,,
T6-C067,T6-001,1300890,https://county_template.devmny.org/the_plan/jurisdictional_annexes/jurisdictional_annex_form,the_plan/jurisdictional_annexes/jurisdictional_annex_form,2243356,Executive Summary,2243270,d5ca1fcc-2c26-4f32-b30a-ad1c08185a4b,Card,v2,externalSource,5,,Jurisdictions,Jurisdictions [test_meta_forms],internal,1346449,1346450,mitigat-ny-prod+test_meta_forms,,(not set),TRUE,Smart (fetch on change),TRUE,No,page is not labelled 'Relevant' in the page allow-list,(deferred),"None for now - deferred from the fetch-mode sweep because page is not labelled 'Relevant' in the page allow-list. Every component set to Force (always re-fetch) re-queries on every mount, so the sweep is deliberately limited. It keeps behaving as Smart (fetch on change).",Deferred - out of narrowed scope,Deferred,,,
T6-C068,T6-001,1300890,https://county_template.devmny.org/the_plan/jurisdictional_annexes/jurisdictional_annex_form,the_plan/jurisdictional_annexes/jurisdictional_annex_form,2243356,Hazard Mitigation Representatives ,2243271,50f8e46b-5c8c-490d-a44f-9cda6174e160,Spreadsheet,v2,externalSource,6,,Roles,Roles [test_meta_forms],internal,1473295,1473296,mitigat-ny-prod+test_meta_forms,,(not set),TRUE,Smart (fetch on change),TRUE,No,page is not labelled 'Relevant' in the page allow-list,(deferred),"None for now - deferred from the fetch-mode sweep because page is not labelled 'Relevant' in the page allow-list. Every component set to Force (always re-fetch) re-queries on every mount, so the sweep is deliberately limited. It keeps behaving as Smart (fetch on change).",Deferred - out of narrowed scope,Deferred,,,
T6-C570,T6-001,1300890,https://county_template.devmny.org/the_plan/jurisdictional_annexes/jurisdictional_annex_form,the_plan/jurisdictional_annexes/jurisdictional_annex_form,2243356,(untitled Card),2243272,73b0b448-a5c6-4e1e-b269-cb3609171631,Card,v1,sourceInfo,7,TRUE,Jurisdictions,Jurisdictions [test-meta-forms],internal,1346449,1346450,mitigat-ny-prod+test-meta-forms,,(not set),TRUE,Smart (fetch on change),TRUE,No,page is not labelled 'Relevant' in the page allow-list,(deferred),"None for now - deferred from the fetch-mode sweep because page is not labelled 'Relevant' in the page allow-list. Every component set to Force (always re-fetch) re-queries on every mount, so the sweep is deliberately limited. It keeps behaving as Smart (fetch on change).",Deferred - out of narrowed scope,Deferred,,,
T6-C069,T6-001,1300890,https://county_template.devmny.org/the_plan/jurisdictional_annexes/jurisdictional_annex_form,the_plan/jurisdictional_annexes/jurisdictional_annex_form,2243356,Planning Process,2243274,d5ca1fcc-2c26-4f32-b30a-ad1c08185a4b,Card,v2,externalSource,9,,Jurisdictions,Jurisdictions [test_meta_forms],internal,1346449,1346450,mitigat-ny-prod+test_meta_forms,,(not set),TRUE,Smart (fetch on change),TRUE,No,page is not labelled 'Relevant' in the page allow-list,(deferred),"None for now - deferred from the fetch-mode sweep because page is not labelled 'Relevant' in the page allow-list. Every component set to Force (always re-fetch) re-queries on every mount, so the sweep is deliberately limited. It keeps behaving as Smart (fetch on change).",Deferred - out of narrowed scope,Deferred,,,
T6-C070,T6-001,1300890,https://county_template.devmny.org/the_plan/jurisdictional_annexes/jurisdictional_annex_form,the_plan/jurisdictional_annexes/jurisdictional_annex_form,2243356,(untitled Spreadsheet),2243275,731c2f3a-9ab5-4ab0-baf7-f13fc55e412f,Spreadsheet,v2,externalSource,10,,Participation,Participation [test_meta_forms],internal,1473468,1473469,mitigat-ny-prod+test_meta_forms,,(not set),TRUE,Smart (fetch on change),TRUE,No,page is not labelled 'Relevant' in the page allow-list,(deferred),"None for now - deferred from the fetch-mode sweep because page is not labelled 'Relevant' in the page allow-list. Every component set to Force (always re-fetch) re-queries on every mount, so the sweep is deliberately limited. It keeps behaving as Smart (fetch on change).",Deferred - out of narrowed scope,Deferred,,,
T6-C571,T6-001,1300890,https://county_template.devmny.org/the_plan/jurisdictional_annexes/jurisdictional_annex_form,the_plan/jurisdictional_annexes/jurisdictional_annex_form,2243356,(untitled Card),2243276,f7c2ee6a-5bc0-4fef-94d6-29d611d3d36c,Card,v1,sourceInfo,11,TRUE,Jurisdictions,Jurisdictions [test-meta-forms],internal,1346449,1346450,mitigat-ny-prod+test-meta-forms,,(not set),TRUE,Smart (fetch on change),TRUE,No,page is not labelled 'Relevant' in the page allow-list,(deferred),"None for now - deferred from the fetch-mode sweep because page is not labelled 'Relevant' in the page allow-list. Every component set to Force (always re-fetch) re-queries on every mount, so the sweep is deliberately limited. It keeps behaving as Smart (fetch on change).",Deferred - out of narrowed scope,Deferred,,,
T6-C071,T6-001,1300890,https://county_template.devmny.org/the_plan/jurisdictional_annexes/jurisdictional_annex_form,the_plan/jurisdictional_annexes/jurisdictional_annex_form,2243356,Jurisdictional Profile,2243278,d5ca1fcc-2c26-4f32-b30a-ad1c08185a4b,Card,v2,externalSource,13,,Jurisdictions,Jurisdictions [test_meta_forms],internal,1346449,1346450,mitigat-ny-prod+test_meta_forms,,(not set),TRUE,Smart (fetch on change),TRUE,No,page is not labelled 'Relevant' in the page allow-list,(deferred),"None for now - deferred from the fetch-mode sweep because page is not labelled 'Relevant' in the page allow-list. Every component set to Force (always re-fetch) re-queries on every mount, so the sweep is deliberately limited. It keeps behaving as Smart (fetch on change).",Deferred - out of narrowed scope,Deferred,,,
T6-C572,T6-001,1300890,https://county_template.devmny.org/the_plan/jurisdictional_annexes/jurisdictional_annex_form,the_plan/jurisdictional_annexes/jurisdictional_annex_form,2243356,Buildings,2243279,74ef0b92-3eb2-427c-9e55-f84702f57988,Card,v1,sourceInfo,14,,LHMP_IA,LHMP_IA [test-meta-forms],internal,1441680,1441681,mitigat-ny-prod+test-meta-forms,,(not set),TRUE,Smart (fetch on change),TRUE,No,source LHMP_IA is not in the in-scope source list; page is not labelled 'Relevant' in the page allow-list,(deferred),"None for now - deferred from the fetch-mode sweep because source LHMP_IA is not in the in-scope source list; and page is not labelled 'Relevant' in the page allow-list. Every component set to Force (always re-fetch) re-queries on every mount, so the sweep is deliberately limited. It keeps behaving as Smart (fetch on change).",Deferred - out of narrowed scope,Deferred,,,
T6-C072,T6-001,1300890,https://county_template.devmny.org/the_plan/jurisdictional_annexes/jurisdictional_annex_form,the_plan/jurisdictional_annexes/jurisdictional_annex_form,2243356,Local Context,2243281,52f1dfba-0229-48f2-9866-45b1dcb6a14b,Card,v2,externalSource,16,,Jurisdictions,Jurisdictions [test_meta_forms],internal,1346449,1346450,mitigat-ny-prod+test_meta_forms,,(not set),TRUE,Smart (fetch on change),TRUE,No,page is not labelled 'Relevant' in the page allow-list,(deferred),"None for now - deferred from the fetch-mode sweep because page is not labelled 'Relevant' in the page allow-list. Every component set to Force (always re-fetch) re-queries on every mount, so the sweep is deliberately limited. It keeps behaving as Smart (fetch on change).",Deferred - out of narrowed scope,Deferred,,,
T6-C073,T6-001,1300890,https://county_template.devmny.org/the_plan/jurisdictional_annexes/jurisdictional_annex_form,the_plan/jurisdictional_annexes/jurisdictional_annex_form,2243356,Critical Buildings,2243283,19600e6d-b783-4253-a551-86caad917275,Card,v2,externalSource,18,,Jurisdictions,Jurisdictions [test_meta_forms],internal,1346449,1346450,mitigat-ny-prod+test_meta_forms,,(not set),TRUE,Smart (fetch on change),TRUE,No,page is not labelled 'Relevant' in the page allow-list,(deferred),"None for now - deferred from the fetch-mode sweep because page is not labelled 'Relevant' in the page allow-list. Every component set to Force (always re-fetch) re-queries on every mount, so the sweep is deliberately limited. It keeps behaving as Smart (fetch on change).",Deferred - out of narrowed scope,Deferred,,,
T6-C573,T6-001,1300890,https://county_template.devmny.org/the_plan/jurisdictional_annexes/jurisdictional_annex_form,the_plan/jurisdictional_annexes/jurisdictional_annex_form,2243356,BUILDINGS BY LANDUSE,2243284,893c3a53-b0c7-45da-b4ae-7c3956f23ccc,Spreadsheet,v1,sourceInfo,19,,BILD 2026 Simplified Draft V1,BILD 2026 Simplified Draft V1 [external],external,1651,2357,hazmit_dama,,(not set),TRUE,Smart (fetch on change),TRUE,No,source BILD 2026 Simplified Draft V1 is not in the in-scope source list; page is not labelled 'Relevant' in the page allow-list,(deferred),"None for now - deferred from the fetch-mode sweep because source BILD 2026 Simplified Draft V1 is not in the in-scope source list; and page is not labelled 'Relevant' in the page allow-list. Every component set to Force (always re-fetch) re-queries on every mount, so the sweep is deliberately limited. It keeps behaving as Smart (fetch on change).",Deferred - out of narrowed scope,Deferred,,,
T6-C574,T6-001,1300890,https://county_template.devmny.org/the_plan/jurisdictional_annexes/jurisdictional_annex_form,the_plan/jurisdictional_annexes/jurisdictional_annex_form,2243356,Critical Buildings,2243285,7f8f064a-366f-4331-b12d-d7b06b9a5782,Spreadsheet,v1,sourceInfo,20,,BILD 2026 Simplified Draft V1,BILD 2026 Simplified Draft V1 [external],external,1651,2357,hazmit_dama,,(not set),TRUE,Smart (fetch on change),TRUE,No,source BILD 2026 Simplified Draft V1 is not in the in-scope source list; page is not labelled 'Relevant' in the page allow-list,(deferred),"None for now - deferred from the fetch-mode sweep because source BILD 2026 Simplified Draft V1 is not in the in-scope source list; and page is not labelled 'Relevant' in the page allow-list. Every component set to Force (always re-fetch) re-queries on every mount, so the sweep is deliberately limited. It keeps behaving as Smart (fetch on change).",Deferred - out of narrowed scope,Deferred,,,
T6-C074,T6-001,1300890,https://county_template.devmny.org/the_plan/jurisdictional_annexes/jurisdictional_annex_form,the_plan/jurisdictional_annexes/jurisdictional_annex_form,2243356,Historic Properties/District (if applicable),2243449,b51b20db-ed8c-4ef5-b627-ea4b8c0abcd4,Card,v2,externalSource,22,,Jurisdictions,Jurisdictions [test_meta_forms],internal,1346449,1346450,mitigat-ny-prod+test_meta_forms,,(not set),TRUE,Smart (fetch on change),TRUE,No,page is not labelled 'Relevant' in the page allow-list,(deferred),"None for now - deferred from the fetch-mode sweep because page is not labelled 'Relevant' in the page allow-list. Every component set to Force (always re-fetch) re-queries on every mount, so the sweep is deliberately limited. It keeps behaving as Smart (fetch on change).",Deferred - out of narrowed scope,Deferred,,,
T6-C575,T6-001,1300890,https://county_template.devmny.org/the_plan/jurisdictional_annexes/jurisdictional_annex_form,the_plan/jurisdictional_annexes/jurisdictional_annex_form,2243356,Infrastructure,2243288,d067f3d7-d7f6-4f91-b6f2-bc4886dec6aa,Card,v1,sourceInfo,23,,LHMP_IA,LHMP_IA [test-meta-forms],internal,1441680,1441681,mitigat-ny-prod+test-meta-forms,,(not set),TRUE,Smart (fetch on change),TRUE,No,source LHMP_IA is not in the in-scope source list; page is not labelled 'Relevant' in the page allow-list,(deferred),"None for now - deferred from the fetch-mode sweep because source LHMP_IA is not in the in-scope source list; and page is not labelled 'Relevant' in the page allow-list. Every component set to Force (always re-fetch) re-queries on every mount, so the sweep is deliberately limited. It keeps behaving as Smart (fetch on change).",Deferred - out of narrowed scope,Deferred,,,
T6-C075,T6-001,1300890,https://county_template.devmny.org/the_plan/jurisdictional_annexes/jurisdictional_annex_form,the_plan/jurisdictional_annexes/jurisdictional_annex_form,2243356,Critical Infrastructure,2243290,ab79230d-7f42-462c-b3a4-b5ffe174dd10,Card,v2,externalSource,25,,Jurisdictions,Jurisdictions [test_meta_forms],internal,1346449,1346450,mitigat-ny-prod+test_meta_forms,,(not set),TRUE,Smart (fetch on change),TRUE,No,page is not labelled 'Relevant' in the page allow-list,(deferred),"None for now - deferred from the fetch-mode sweep because page is not labelled 'Relevant' in the page allow-list. Every component set to Force (always re-fetch) re-queries on every mount, so the sweep is deliberately limited. It keeps behaving as Smart (fetch on change).",Deferred - out of narrowed scope,Deferred,,,
T6-C076,T6-001,1300890,https://county_template.devmny.org/the_plan/jurisdictional_annexes/jurisdictional_annex_form,the_plan/jurisdictional_annexes/jurisdictional_annex_form,2243356,Growth and Development Trends,2243292,7dbc9e34-e953-4973-8358-a9bea61a8141,Card,v2,externalSource,27,,Jurisdictions,Jurisdictions [test_meta_forms],internal,1346449,1346450,mitigat-ny-prod+test_meta_forms,,(not set),TRUE,Smart (fetch on change),TRUE,No,page is not labelled 'Relevant' in the page allow-list,(deferred),"None for now - deferred from the fetch-mode sweep because page is not labelled 'Relevant' in the page allow-list. Every component set to Force (always re-fetch) re-queries on every mount, so the sweep is deliberately limited. It keeps behaving as Smart (fetch on change).",Deferred - out of narrowed scope,Deferred,,,
T6-C077,T6-001,1300890,https://county_template.devmny.org/the_plan/jurisdictional_annexes/jurisdictional_annex_form,the_plan/jurisdictional_annexes/jurisdictional_annex_form,2243356,Additional Context (Municipal),2243294,1954129e-9e69-4346-a054-5e74923b8c3e,Card,v2,externalSource,29,,Jurisdictions,Jurisdictions [test_meta_forms],internal,1346449,1346450,mitigat-ny-prod+test_meta_forms,,(not set),TRUE,Smart (fetch on change),TRUE,No,page is not labelled 'Relevant' in the page allow-list,(deferred),"None for now - deferred from the fetch-mode sweep because page is not labelled 'Relevant' in the page allow-list. Every component set to Force (always re-fetch) re-queries on every mount, so the sweep is deliberately limited. It keeps behaving as Smart (fetch on change).",Deferred - out of narrowed scope,Deferred,,,
T6-C078,T6-001,1300890,https://county_template.devmny.org/the_plan/jurisdictional_annexes/jurisdictional_annex_form,the_plan/jurisdictional_annexes/jurisdictional_annex_form,2243356,Risk,2243296,f5e93459-b8df-4316-a4ea-64b2af65dc8a,Card,v2,externalSource,31,,Jurisdictions,Jurisdictions [test_meta_forms],internal,1346449,1346450,mitigat-ny-prod+test_meta_forms,,(not set),TRUE,Smart (fetch on change),TRUE,No,page is not labelled 'Relevant' in the page allow-list,(deferred),"None for now - deferred from the fetch-mode sweep because page is not labelled 'Relevant' in the page allow-list. Every component set to Force (always re-fetch) re-queries on every mount, so the sweep is deliberately limited. It keeps behaving as Smart (fetch on change).",Deferred - out of narrowed scope,Deferred,,,
T6-C576,T6-001,1300890,https://county_template.devmny.org/the_plan/jurisdictional_annexes/jurisdictional_annex_form,the_plan/jurisdictional_annexes/jurisdictional_annex_form,2243356,(untitled Card),2243297,da242bf5-4168-484b-965e-4a4efeea13d0,Card,v1,sourceInfo,32,TRUE,Jurisdictions,Jurisdictions [test-meta-forms],internal,1346449,1346450,mitigat-ny-prod+test-meta-forms,,(not set),TRUE,Smart (fetch on change),TRUE,No,page is not labelled 'Relevant' in the page allow-list,(deferred),"None for now - deferred from the fetch-mode sweep because page is not labelled 'Relevant' in the page allow-list. Every component set to Force (always re-fetch) re-queries on every mount, so the sweep is deliberately limited. It keeps behaving as Smart (fetch on change).",Deferred - out of narrowed scope,Deferred,,,
T6-C079,T6-001,1300890,https://county_template.devmny.org/the_plan/jurisdictional_annexes/jurisdictional_annex_form,the_plan/jurisdictional_annexes/jurisdictional_annex_form,2243356,Hazards of Concern,2243298,e02d3e07-d9a4-4744-a02b-a49ef79ddfd5,Spreadsheet,v2,externalSource,33,,Hazards_of_Concern,Hazards_of_Concern [test_meta_forms],internal,1473470,1473471,mitigat-ny-prod+test_meta_forms,,(not set),TRUE,Smart (fetch on change),TRUE,No,page is not labelled 'Relevant' in the page allow-list,(deferred),"None for now - deferred from the fetch-mode sweep because page is not labelled 'Relevant' in the page allow-list. Every component set to Force (always re-fetch) re-queries on every mount, so the sweep is deliberately limited. It keeps behaving as Smart (fetch on change).",Deferred - out of narrowed scope,Deferred,,,
T6-C577,T6-001,1300890,https://county_template.devmny.org/the_plan/jurisdictional_annexes/jurisdictional_annex_form,the_plan/jurisdictional_annexes/jurisdictional_annex_form,2243356,(untitled Card),2243299,449cff0e-ff36-43ed-95c8-c6c5d21c81d1,Card,v1,sourceInfo,34,,LHMP_IA,LHMP_IA [test-meta-forms],internal,1441680,1441681,mitigat-ny-prod+test-meta-forms,,(not set),TRUE,Smart (fetch on change),TRUE,No,source LHMP_IA is not in the in-scope source list; page is not labelled 'Relevant' in the page allow-list,(deferred),"None for now - deferred from the fetch-mode sweep because source LHMP_IA is not in the in-scope source list; and page is not labelled 'Relevant' in the page allow-list. Every component set to Force (always re-fetch) re-queries on every mount, so the sweep is deliberately limited. It keeps behaving as Smart (fetch on change).",Deferred - out of narrowed scope,Deferred,,,
T6-C080,T6-001,1300890,https://county_template.devmny.org/the_plan/jurisdictional_annexes/jurisdictional_annex_form,the_plan/jurisdictional_annexes/jurisdictional_annex_form,2243356,Hazards Excluded,2243300,a04f1bb3-93c6-4e36-a65e-b2239e50a4a5,Spreadsheet,v2,externalSource,35,,Hazards_of_Concern,Hazards_of_Concern [test_meta_forms],internal,1473470,1473471,mitigat-ny-prod+test_meta_forms,,(not set),TRUE,Smart (fetch on change),TRUE,No,page is not labelled 'Relevant' in the page allow-list,(deferred),"None for now - deferred from the fetch-mode sweep because page is not labelled 'Relevant' in the page allow-list. Every component set to Force (always re-fetch) re-queries on every mount, so the sweep is deliberately limited. It keeps behaving as Smart (fetch on change).",Deferred - out of narrowed scope,Deferred,,,
T6-C081,T6-001,1300890,https://county_template.devmny.org/the_plan/jurisdictional_annexes/jurisdictional_annex_form,the_plan/jurisdictional_annexes/jurisdictional_annex_form,2243356,Historic Occurances,2243302,fbb51934-b2ae-482e-bb2e-324eb6e30f9a,Card,v2,externalSource,37,,Jurisdictions,Jurisdictions [test_meta_forms],internal,1346449,1346450,mitigat-ny-prod+test_meta_forms,,(not set),TRUE,Smart (fetch on change),TRUE,No,page is not labelled 'Relevant' in the page allow-list,(deferred),"None for now - deferred from the fetch-mode sweep because page is not labelled 'Relevant' in the page allow-list. Every component set to Force (always re-fetch) re-queries on every mount, so the sweep is deliberately limited. It keeps behaving as Smart (fetch on change).",Deferred - out of narrowed scope,Deferred,,,
T6-C578,T6-001,1300890,https://county_template.devmny.org/the_plan/jurisdictional_annexes/jurisdictional_annex_form,the_plan/jurisdictional_annexes/jurisdictional_annex_form,2243356,Disaster and Local Emergencies,2243303,dba6c59a-090a-4f99-b175-5066b892a27b,Card,v1,sourceInfo,38,,LHMP_IA,LHMP_IA [test-meta-forms],internal,1441680,1441681,mitigat-ny-prod+test-meta-forms,,(not set),TRUE,Smart (fetch on change),TRUE,No,source LHMP_IA is not in the in-scope source list; page is not labelled 'Relevant' in the page allow-list,(deferred),"None for now - deferred from the fetch-mode sweep because source LHMP_IA is not in the in-scope source list; and page is not labelled 'Relevant' in the page allow-list. Every component set to Force (always re-fetch) re-queries on every mount, so the sweep is deliberately limited. It keeps behaving as Smart (fetch on change).",Deferred - out of narrowed scope,Deferred,,,
T6-C579,T6-001,1300890,https://county_template.devmny.org/the_plan/jurisdictional_annexes/jurisdictional_annex_form,the_plan/jurisdictional_annexes/jurisdictional_annex_form,2243356,(untitled Card),2243304,e396dcbe-184c-42a0-b20b-d8d3c4772fcc,Card,v1,sourceInfo,39,,LHMP_IA,LHMP_IA [test-meta-forms],internal,1441680,1441681,mitigat-ny-prod+test-meta-forms,,(not set),TRUE,Smart (fetch on change),TRUE,No,source LHMP_IA is not in the in-scope source list; page is not labelled 'Relevant' in the page allow-list,(deferred),"None for now - deferred from the fetch-mode sweep because source LHMP_IA is not in the in-scope source list; and page is not labelled 'Relevant' in the page allow-list. Every component set to Force (always re-fetch) re-queries on every mount, so the sweep is deliberately limited. It keeps behaving as Smart (fetch on change).",Deferred - out of narrowed scope,Deferred,,,
T6-C082,T6-001,1300890,https://county_template.devmny.org/the_plan/jurisdictional_annexes/jurisdictional_annex_form,the_plan/jurisdictional_annexes/jurisdictional_annex_form,2243356,Declared Disasters,2243306,c1efbf64-aa1c-4cc2-9d6a-204bfb02a1fb,Card,v2,externalSource,41,,Jurisdictions,Jurisdictions [test_meta_forms],internal,1346449,1346450,mitigat-ny-prod+test_meta_forms,,(not set),TRUE,Smart (fetch on change),TRUE,No,page is not labelled 'Relevant' in the page allow-list,(deferred),"None for now - deferred from the fetch-mode sweep because page is not labelled 'Relevant' in the page allow-list. Every component set to Force (always re-fetch) re-queries on every mount, so the sweep is deliberately limited. It keeps behaving as Smart (fetch on change).",Deferred - out of narrowed scope,Deferred,,,
T6-C083,T6-001,1300890,https://county_template.devmny.org/the_plan/jurisdictional_annexes/jurisdictional_annex_form,the_plan/jurisdictional_annexes/jurisdictional_annex_form,2243356,Problem Areas,2243308,93e480cc-1d66-4879-8741-a59a9090efdf,Card,v2,externalSource,43,,Jurisdictions,Jurisdictions [test_meta_forms],internal,1346449,1346450,mitigat-ny-prod+test_meta_forms,,(not set),TRUE,Smart (fetch on change),TRUE,No,page is not labelled 'Relevant' in the page allow-list,(deferred),"None for now - deferred from the fetch-mode sweep because page is not labelled 'Relevant' in the page allow-list. Every component set to Force (always re-fetch) re-queries on every mount, so the sweep is deliberately limited. It keeps behaving as Smart (fetch on change).",Deferred - out of narrowed scope,Deferred,,,
T6-C580,T6-001,1300890,https://county_template.devmny.org/the_plan/jurisdictional_annexes/jurisdictional_annex_form,the_plan/jurisdictional_annexes/jurisdictional_annex_form,2243356,NFIP Loss,2243309,79c401f1-c079-4ab0-9781-f6b00aee808b,Card,v1,sourceInfo,44,,nfip claims enhance (incl jurisdiction geoms) v1.1,nfip claims enhance (incl jurisdiction geoms) v1.1 [external],external,1558,2285,hazmit_dama,,(not set),TRUE,Smart (fetch on change),TRUE,No,source nfip claims enhance (incl jurisdiction geoms) v1.1 is not in the in-scope source list; page is not labelled 'Relevant' in the page allow-list,(deferred),"None for now - deferred from the fetch-mode sweep because source nfip claims enhance (incl jurisdiction geoms) v1.1 is not in the in-scope source list; and page is not labelled 'Relevant' in the page allow-list. Every component set to Force (always re-fetch) re-queries on every mount, so the sweep is deliberately limited. It keeps behaving as Smart (fetch on change).",Deferred - out of narrowed scope,Deferred,,,
T6-C581,T6-001,1300890,https://county_template.devmny.org/the_plan/jurisdictional_annexes/jurisdictional_annex_form,the_plan/jurisdictional_annexes/jurisdictional_annex_form,2243356,Buildings in The Floodplain,2243311,38b86222-a011-4c0c-b16b-791bdc6707ca,Spreadsheet,v1,sourceInfo,46,,BILD 2026 Simplified Draft V1,BILD 2026 Simplified Draft V1 [external],external,1651,2357,hazmit_dama,,(not set),TRUE,Smart (fetch on change),TRUE,No,source BILD 2026 Simplified Draft V1 is not in the in-scope source list; page is not labelled 'Relevant' in the page allow-list,(deferred),"None for now - deferred from the fetch-mode sweep because source BILD 2026 Simplified Draft V1 is not in the in-scope source list; and page is not labelled 'Relevant' in the page allow-list. Every component set to Force (always re-fetch) re-queries on every mount, so the sweep is deliberately limited. It keeps behaving as Smart (fetch on change).",Deferred - out of narrowed scope,Deferred,,,
T6-C582,T6-001,1300890,https://county_template.devmny.org/the_plan/jurisdictional_annexes/jurisdictional_annex_form,the_plan/jurisdictional_annexes/jurisdictional_annex_form,2243356,Critical Buildings in The Floodplain,2243312,102038f4-343b-499d-8b99-3f5e9165f1cb,Spreadsheet,v1,sourceInfo,47,,BILD 2026 Simplified Draft V1,BILD 2026 Simplified Draft V1 [external],external,1651,2357,hazmit_dama,,(not set),TRUE,Smart (fetch on change),TRUE,No,source BILD 2026 Simplified Draft V1 is not in the in-scope source list; page is not labelled 'Relevant' in the page allow-list,(deferred),"None for now - deferred from the fetch-mode sweep because source BILD 2026 Simplified Draft V1 is not in the in-scope source list; and page is not labelled 'Relevant' in the page allow-list. Every component set to Force (always re-fetch) re-queries on every mount, so the sweep is deliberately limited. It keeps behaving as Smart (fetch on change).",Deferred - out of narrowed scope,Deferred,,,
T6-C084,T6-001,1300890,https://county_template.devmny.org/the_plan/jurisdictional_annexes/jurisdictional_annex_form,the_plan/jurisdictional_annexes/jurisdictional_annex_form,2243356,Cascading Impacts from Hazards,2243314,d2512761-7639-4968-98d3-a7153a5abce2,Card,v2,externalSource,49,,Jurisdictions,Jurisdictions [test_meta_forms],internal,1346449,1346450,mitigat-ny-prod+test_meta_forms,,(not set),TRUE,Smart (fetch on change),TRUE,No,page is not labelled 'Relevant' in the page allow-list,(deferred),"None for now - deferred from the fetch-mode sweep because page is not labelled 'Relevant' in the page allow-list. Every component set to Force (always re-fetch) re-queries on every mount, so the sweep is deliberately limited. It keeps behaving as Smart (fetch on change).",Deferred - out of narrowed scope,Deferred,,,
T6-C085,T6-001,1300890,https://county_template.devmny.org/the_plan/jurisdictional_annexes/jurisdictional_annex_form,the_plan/jurisdictional_annexes/jurisdictional_annex_form,2243356,Other Hazards,2243316,2c3c6f16-0f7e-4b52-9755-0565743f0a48,Card,v2,externalSource,51,,Jurisdictions,Jurisdictions [test_meta_forms],internal,1346449,1346450,mitigat-ny-prod+test_meta_forms,,(not set),TRUE,Smart (fetch on change),TRUE,No,page is not labelled 'Relevant' in the page allow-list,(deferred),"None for now - deferred from the fetch-mode sweep because page is not labelled 'Relevant' in the page allow-list. Every component set to Force (always re-fetch) re-queries on every mount, so the sweep is deliberately limited. It keeps behaving as Smart (fetch on change).",Deferred - out of narrowed scope,Deferred,,,
T6-C086,T6-001,1300890,https://county_template.devmny.org/the_plan/jurisdictional_annexes/jurisdictional_annex_form,the_plan/jurisdictional_annexes/jurisdictional_annex_form,2243356,Additional Context (Risk),2243318,8be0a28e-ae34-4693-8363-5b60ce4c7447,Card,v2,externalSource,53,,Jurisdictions,Jurisdictions [test_meta_forms],internal,1346449,1346450,mitigat-ny-prod+test_meta_forms,,(not set),TRUE,Smart (fetch on change),TRUE,No,page is not labelled 'Relevant' in the page allow-list,(deferred),"None for now - deferred from the fetch-mode sweep because page is not labelled 'Relevant' in the page allow-list. Every component set to Force (always re-fetch) re-queries on every mount, so the sweep is deliberately limited. It keeps behaving as Smart (fetch on change).",Deferred - out of narrowed scope,Deferred,,,
T6-C087,T6-001,1300890,https://county_template.devmny.org/the_plan/jurisdictional_annexes/jurisdictional_annex_form,the_plan/jurisdictional_annexes/jurisdictional_annex_form,2243356,Evaluation of Previously Identified Actions,2243321,46e2c72f-9c3f-447f-9df2-08d681a1a2ee,Card,v2,externalSource,56,,Jurisdictions,Jurisdictions [test_meta_forms],internal,1346449,1346450,mitigat-ny-prod+test_meta_forms,,(not set),TRUE,Smart (fetch on change),TRUE,No,page is not labelled 'Relevant' in the page allow-list,(deferred),"None for now - deferred from the fetch-mode sweep because page is not labelled 'Relevant' in the page allow-list. Every component set to Force (always re-fetch) re-queries on every mount, so the sweep is deliberately limited. It keeps behaving as Smart (fetch on change).",Deferred - out of narrowed scope,Deferred,,,
T6-C583,T6-001,1300890,https://county_template.devmny.org/the_plan/jurisdictional_annexes/jurisdictional_annex_form,the_plan/jurisdictional_annexes/jurisdictional_annex_form,2243356,(untitled Card),2243322,c3a99306-9ec4-4382-ab9b-02916c2ea7d5,Card,v1,sourceInfo,57,TRUE,Jurisdictions,Jurisdictions [test-meta-forms],internal,1346449,1346450,mitigat-ny-prod+test-meta-forms,,(not set),TRUE,Smart (fetch on change),TRUE,No,page is not labelled 'Relevant' in the page allow-list,(deferred),"None for now - deferred from the fetch-mode sweep because page is not labelled 'Relevant' in the page allow-list. Every component set to Force (always re-fetch) re-queries on every mount, so the sweep is deliberately limited. It keeps behaving as Smart (fetch on change).",Deferred - out of narrowed scope,Deferred,,,
T6-C088,T6-001,1300890,https://county_template.devmny.org/the_plan/jurisdictional_annexes/jurisdictional_annex_form,the_plan/jurisdictional_annexes/jurisdictional_annex_form,2243356,Action Development,2243324,c6d4985f-cf87-4dfc-a5f0-e2c07aab8390,Card,v2,externalSource,59,,Jurisdictions,Jurisdictions [test_meta_forms],internal,1346449,1346450,mitigat-ny-prod+test_meta_forms,,(not set),TRUE,Smart (fetch on change),TRUE,No,page is not labelled 'Relevant' in the page allow-list,(deferred),"None for now - deferred from the fetch-mode sweep because page is not labelled 'Relevant' in the page allow-list. Every component set to Force (always re-fetch) re-queries on every mount, so the sweep is deliberately limited. It keeps behaving as Smart (fetch on change).",Deferred - out of narrowed scope,Deferred,,,
T6-C089,T6-001,1300890,https://county_template.devmny.org/the_plan/jurisdictional_annexes/jurisdictional_annex_form,the_plan/jurisdictional_annexes/jurisdictional_annex_form,2243356,Prioritization,2243325,4afe3c89-b103-455a-910c-e56de3b9ae58,Card,v2,externalSource,60,,LHMP_IA,LHMP_IA [test-meta-forms],internal,1441680,1441681,mitigat-ny-prod+test-meta-forms,,(not set),TRUE,Smart (fetch on change),TRUE,No,source LHMP_IA is not in the in-scope source list; page is not labelled 'Relevant' in the page allow-list,(deferred),"None for now - deferred from the fetch-mode sweep because source LHMP_IA is not in the in-scope source list; and page is not labelled 'Relevant' in the page allow-list. Every component set to Force (always re-fetch) re-queries on every mount, so the sweep is deliberately limited. It keeps behaving as Smart (fetch on change).",Deferred - out of narrowed scope,Deferred,,,
T6-C584,T6-001,1300890,https://county_template.devmny.org/the_plan/jurisdictional_annexes/jurisdictional_annex_form,the_plan/jurisdictional_annexes/jurisdictional_annex_form,2243356,(untitled Card),2243326,f7c2ee6a-5bc0-4fef-94d6-29d611d3d36c,Card,v1,sourceInfo,61,TRUE,Jurisdictions,Jurisdictions [test-meta-forms],internal,1346449,1346450,mitigat-ny-prod+test-meta-forms,,(not set),TRUE,Smart (fetch on change),TRUE,No,page is not labelled 'Relevant' in the page allow-list,(deferred),"None for now - deferred from the fetch-mode sweep because page is not labelled 'Relevant' in the page allow-list. Every component set to Force (always re-fetch) re-queries on every mount, so the sweep is deliberately limited. It keeps behaving as Smart (fetch on change).",Deferred - out of narrowed scope,Deferred,,,
T6-C090,T6-001,1300890,https://county_template.devmny.org/the_plan/jurisdictional_annexes/jurisdictional_annex_form,the_plan/jurisdictional_annexes/jurisdictional_annex_form,2243356,Local Context,2243328,55f988cb-db2f-4859-af95-5cdf7cc04260,Card,v2,externalSource,63,,Jurisdictions,Jurisdictions [test_meta_forms],internal,1346449,1346450,mitigat-ny-prod+test_meta_forms,,(not set),TRUE,Smart (fetch on change),TRUE,No,page is not labelled 'Relevant' in the page allow-list,(deferred),"None for now - deferred from the fetch-mode sweep because page is not labelled 'Relevant' in the page allow-list. Every component set to Force (always re-fetch) re-queries on every mount, so the sweep is deliberately limited. It keeps behaving as Smart (fetch on change).",Deferred - out of narrowed scope,Deferred,,,
T6-C585,T6-001,1300890,https://county_template.devmny.org/the_plan/jurisdictional_annexes/jurisdictional_annex_form,the_plan/jurisdictional_annexes/jurisdictional_annex_form,2243356,Actions Database,2243329,ff988543-dca6-4b05-af8b-49b8fc1f2661,Card,v1,sourceInfo,64,,LHMP_IA,LHMP_IA [test-meta-forms],internal,1441680,1441681,mitigat-ny-prod+test-meta-forms,,(not set),TRUE,Smart (fetch on change),TRUE,No,source LHMP_IA is not in the in-scope source list; page is not labelled 'Relevant' in the page allow-list,(deferred),"None for now - deferred from the fetch-mode sweep because source LHMP_IA is not in the in-scope source list; and page is not labelled 'Relevant' in the page allow-list. Every component set to Force (always re-fetch) re-queries on every mount, so the sweep is deliberately limited. It keeps behaving as Smart (fetch on change).",Deferred - out of narrowed scope,Deferred,,,
T6-C091,T6-001,1300890,https://county_template.devmny.org/the_plan/jurisdictional_annexes/jurisdictional_annex_form,the_plan/jurisdictional_annexes/jurisdictional_annex_form,2243356,Local Actions Database,2414293,ce48bf5e-d540-40f3-8feb-1bb7cb824194,Spreadsheet,v2,externalSource,65,,Actions_Revised,Actions_Revised [test_meta_forms],internal,1029065,1074456,mitigat-ny-prod+test_meta_forms,,Force (always re-fetch),,Force (always re-fetch),,No,page is not labelled 'Relevant' in the page allow-list,(deferred),"None for now - deferred from the fetch-mode sweep because page is not labelled 'Relevant' in the page allow-list. Every component set to Force (always re-fetch) re-queries on every mount, so the sweep is deliberately limited. It keeps behaving as Force (always re-fetch). Already stored as Force (always re-fetch) - left as-is; reverting is not required.",Deferred - out of narrowed scope,Deferred,,,Already correct at scan time.
T6-C586,T6-001,1300890,https://county_template.devmny.org/the_plan/jurisdictional_annexes/jurisdictional_annex_form,the_plan/jurisdictional_annexes/jurisdictional_annex_form,2243356,(untitled Card),2243331,c3a99306-9ec4-4382-ab9b-02916c2ea7d5,Card,v1,sourceInfo,66,TRUE,Jurisdictions,Jurisdictions [test-meta-forms],internal,1346449,1346450,mitigat-ny-prod+test-meta-forms,,(not set),TRUE,Smart (fetch on change),TRUE,No,page is not labelled 'Relevant' in the page allow-list,(deferred),"None for now - deferred from the fetch-mode sweep because page is not labelled 'Relevant' in the page allow-list. Every component set to Force (always re-fetch) re-queries on every mount, so the sweep is deliberately limited. It keeps behaving as Smart (fetch on change).",Deferred - out of narrowed scope,Deferred,,,
T6-C092,T6-001,1300890,https://county_template.devmny.org/the_plan/jurisdictional_annexes/jurisdictional_annex_form,the_plan/jurisdictional_annexes/jurisdictional_annex_form,2243356,Additional Context (Strategy),2243333,ff34dd93-31d1-4d35-8f80-4f650257685c,Card,v2,externalSource,68,,Jurisdictions,Jurisdictions [test_meta_forms],internal,1346449,1346450,mitigat-ny-prod+test_meta_forms,,(not set),TRUE,Smart (fetch on change),TRUE,No,page is not labelled 'Relevant' in the page allow-list,(deferred),"None for now - deferred from the fetch-mode sweep because page is not labelled 'Relevant' in the page allow-list. Every component set to Force (always re-fetch) re-queries on every mount, so the sweep is deliberately limited. It keeps behaving as Smart (fetch on change).",Deferred - out of narrowed scope,Deferred,,,
T6-C093,T6-001,1300890,https://county_template.devmny.org/the_plan/jurisdictional_annexes/jurisdictional_annex_form,the_plan/jurisdictional_annexes/jurisdictional_annex_form,2243356,Capacity To Implement,2243335,4fa894bc-057f-4157-9705-94e81b6be2d1,Card,v2,externalSource,70,,Jurisdictions,Jurisdictions [test_meta_forms],internal,1346449,1346450,mitigat-ny-prod+test_meta_forms,,(not set),TRUE,Smart (fetch on change),TRUE,No,page is not labelled 'Relevant' in the page allow-list,(deferred),"None for now - deferred from the fetch-mode sweep because page is not labelled 'Relevant' in the page allow-list. Every component set to Force (always re-fetch) re-queries on every mount, so the sweep is deliberately limited. It keeps behaving as Smart (fetch on change).",Deferred - out of narrowed scope,Deferred,,,
T6-C094,T6-001,1300890,https://county_template.devmny.org/the_plan/jurisdictional_annexes/jurisdictional_annex_form,the_plan/jurisdictional_annexes/jurisdictional_annex_form,2243356,Integration,2243337,3336e4b7-366c-459b-935b-be786b48ccb8,Card,v2,externalSource,72,,Jurisdictions,Jurisdictions [test_meta_forms],internal,1346449,1346450,mitigat-ny-prod+test_meta_forms,,(not set),TRUE,Smart (fetch on change),TRUE,No,page is not labelled 'Relevant' in the page allow-list,(deferred),"None for now - deferred from the fetch-mode sweep because page is not labelled 'Relevant' in the page allow-list. Every component set to Force (always re-fetch) re-queries on every mount, so the sweep is deliberately limited. It keeps behaving as Smart (fetch on change).",Deferred - out of narrowed scope,Deferred,,,
T6-C587,T6-001,1300890,https://county_template.devmny.org/the_plan/jurisdictional_annexes/jurisdictional_annex_form,the_plan/jurisdictional_annexes/jurisdictional_annex_form,2243356,(untitled Card),2243338,c3a99306-9ec4-4382-ab9b-02916c2ea7d5,Card,v1,sourceInfo,73,TRUE,Jurisdictions,Jurisdictions [test-meta-forms],internal,1346449,1346450,mitigat-ny-prod+test-meta-forms,,(not set),TRUE,Smart (fetch on change),TRUE,No,page is not labelled 'Relevant' in the page allow-list,(deferred),"None for now - deferred from the fetch-mode sweep because page is not labelled 'Relevant' in the page allow-list. Every component set to Force (always re-fetch) re-queries on every mount, so the sweep is deliberately limited. It keeps behaving as Smart (fetch on change).",Deferred - out of narrowed scope,Deferred,,,
T6-C588,T6-001,1300890,https://county_template.devmny.org/the_plan/jurisdictional_annexes/jurisdictional_annex_form,the_plan/jurisdictional_annexes/jurisdictional_annex_form,2243356,Capabilities Inventory,2243339,b6cf2525-6d92-4b9f-908b-64f16735957f,Card,v1,sourceInfo,74,,LHMP_IA,LHMP_IA [test-meta-forms],internal,1441680,1441681,mitigat-ny-prod+test-meta-forms,,(not set),TRUE,Smart (fetch on change),TRUE,No,source LHMP_IA is not in the in-scope source list; page is not labelled 'Relevant' in the page allow-list,(deferred),"None for now - deferred from the fetch-mode sweep because source LHMP_IA is not in the in-scope source list; and page is not labelled 'Relevant' in the page allow-list. Every component set to Force (always re-fetch) re-queries on every mount, so the sweep is deliberately limited. It keeps behaving as Smart (fetch on change).",Deferred - out of narrowed scope,Deferred,,,
T6-C095,T6-001,1300890,https://county_template.devmny.org/the_plan/jurisdictional_annexes/jurisdictional_annex_form,the_plan/jurisdictional_annexes/jurisdictional_annex_form,2243356,(untitled Spreadsheet),2243340,43a48178-4c55-43c0-8086-8b070566ed92,Spreadsheet,v2,externalSource,75,,Capabilities_Catalogue,Capabilities_Catalogue [test_meta_forms],internal,1068273,1172519,mitigat-ny-prod+test_meta_forms,,(not set),TRUE,Smart (fetch on change),TRUE,No,page is not labelled 'Relevant' in the page allow-list,(deferred),"None for now - deferred from the fetch-mode sweep because page is not labelled 'Relevant' in the page allow-list. Every component set to Force (always re-fetch) re-queries on every mount, so the sweep is deliberately limited. It keeps behaving as Smart (fetch on change).",Deferred - out of narrowed scope,Deferred,,,
T6-C096,T6-001,1300890,https://county_template.devmny.org/the_plan/jurisdictional_annexes/jurisdictional_annex_form,the_plan/jurisdictional_annexes/jurisdictional_annex_form,2243356,Additional Context (Capacity to Implement),2243341,6a6039b0-32c6-49a5-a1eb-889e9908f059,Card,v2,externalSource,76,,Jurisdictions,Jurisdictions [test_meta_forms],internal,1346449,1346450,mitigat-ny-prod+test_meta_forms,,(not set),TRUE,Smart (fetch on change),TRUE,No,page is not labelled 'Relevant' in the page allow-list,(deferred),"None for now - deferred from the fetch-mode sweep because page is not labelled 'Relevant' in the page allow-list. Every component set to Force (always re-fetch) re-queries on every mount, so the sweep is deliberately limited. It keeps behaving as Smart (fetch on change).",Deferred - out of narrowed scope,Deferred,,,
T6-C589,T6-001,1300890,https://county_template.devmny.org/the_plan/jurisdictional_annexes/jurisdictional_annex_form,the_plan/jurisdictional_annexes/jurisdictional_annex_form,2243356,Progress,2243343,d067f3d7-d7f6-4f91-b6f2-bc4886dec6aa,Card,v1,sourceInfo,78,,LHMP_IA,LHMP_IA [test-meta-forms],internal,1441680,1441681,mitigat-ny-prod+test-meta-forms,,(not set),TRUE,Smart (fetch on change),TRUE,No,source LHMP_IA is not in the in-scope source list; page is not labelled 'Relevant' in the page allow-list,(deferred),"None for now - deferred from the fetch-mode sweep because source LHMP_IA is not in the in-scope source list; and page is not labelled 'Relevant' in the page allow-list. Every component set to Force (always re-fetch) re-queries on every mount, so the sweep is deliberately limited. It keeps behaving as Smart (fetch on change).",Deferred - out of narrowed scope,Deferred,,,
T6-C097,T6-001,1300890,https://county_template.devmny.org/the_plan/jurisdictional_annexes/jurisdictional_annex_form,the_plan/jurisdictional_annexes/jurisdictional_annex_form,2243356,Complete Actions,2243345,f928b081-4d50-4a49-9fb0-14c9c7917f51,Card,v2,externalSource,80,,Jurisdictions,Jurisdictions [test_meta_forms],internal,1346449,1346450,mitigat-ny-prod+test_meta_forms,,(not set),TRUE,Smart (fetch on change),TRUE,No,page is not labelled 'Relevant' in the page allow-list,(deferred),"None for now - deferred from the fetch-mode sweep because page is not labelled 'Relevant' in the page allow-list. Every component set to Force (always re-fetch) re-queries on every mount, so the sweep is deliberately limited. It keeps behaving as Smart (fetch on change).",Deferred - out of narrowed scope,Deferred,,,
T6-C590,T6-001,1300890,https://county_template.devmny.org/the_plan/jurisdictional_annexes/jurisdictional_annex_form,the_plan/jurisdictional_annexes/jurisdictional_annex_form,2243356,Completed Actions Table,2243346,fbac8f52-1364-450a-9ce0-b5126a4ce360,Spreadsheet,v1,sourceInfo,81,,Actions_Revised,Actions_Revised [test-meta-forms],internal,1029065,1074456,mitigat-ny-prod+test-meta-forms,,(not set),TRUE,Smart (fetch on change),TRUE,No,page is not labelled 'Relevant' in the page allow-list,(deferred),"None for now - deferred from the fetch-mode sweep because page is not labelled 'Relevant' in the page allow-list. Every component set to Force (always re-fetch) re-queries on every mount, so the sweep is deliberately limited. It keeps behaving as Smart (fetch on change).",Deferred - out of narrowed scope,Deferred,,,
T6-C098,T6-001,1300890,https://county_template.devmny.org/the_plan/jurisdictional_annexes/jurisdictional_annex_form,the_plan/jurisdictional_annexes/jurisdictional_annex_form,2243356,In-Progress Actions,2243348,3336e4b7-366c-459b-935b-be786b48ccb8,Card,v2,externalSource,83,,Jurisdictions,Jurisdictions [test_meta_forms],internal,1346449,1346450,mitigat-ny-prod+test_meta_forms,,(not set),TRUE,Smart (fetch on change),TRUE,No,page is not labelled 'Relevant' in the page allow-list,(deferred),"None for now - deferred from the fetch-mode sweep because page is not labelled 'Relevant' in the page allow-list. Every component set to Force (always re-fetch) re-queries on every mount, so the sweep is deliberately limited. It keeps behaving as Smart (fetch on change).",Deferred - out of narrowed scope,Deferred,,,
T6-C591,T6-001,1300890,https://county_template.devmny.org/the_plan/jurisdictional_annexes/jurisdictional_annex_form,the_plan/jurisdictional_annexes/jurisdictional_annex_form,2243356,(untitled Card),2243349,c3a99306-9ec4-4382-ab9b-02916c2ea7d5,Card,v1,sourceInfo,84,TRUE,Jurisdictions,Jurisdictions [test-meta-forms],internal,1346449,1346450,mitigat-ny-prod+test-meta-forms,,(not set),TRUE,Smart (fetch on change),TRUE,No,page is not labelled 'Relevant' in the page allow-list,(deferred),"None for now - deferred from the fetch-mode sweep because page is not labelled 'Relevant' in the page allow-list. Every component set to Force (always re-fetch) re-queries on every mount, so the sweep is deliberately limited. It keeps behaving as Smart (fetch on change).",Deferred - out of narrowed scope,Deferred,,,
T6-C592,T6-001,1300890,https://county_template.devmny.org/the_plan/jurisdictional_annexes/jurisdictional_annex_form,the_plan/jurisdictional_annexes/jurisdictional_annex_form,2243356,In-Progress Actions Table,2243350,fbac8f52-1364-450a-9ce0-b5126a4ce360,Spreadsheet,v1,sourceInfo,85,,Actions_Revised,Actions_Revised [test-meta-forms],internal,1029065,1074456,mitigat-ny-prod+test-meta-forms,,(not set),TRUE,Smart (fetch on change),TRUE,No,page is not labelled 'Relevant' in the page allow-list,(deferred),"None for now - deferred from the fetch-mode sweep because page is not labelled 'Relevant' in the page allow-list. Every component set to Force (always re-fetch) re-queries on every mount, so the sweep is deliberately limited. It keeps behaving as Smart (fetch on change).",Deferred - out of narrowed scope,Deferred,,,
T6-C099,T6-001,1300890,https://county_template.devmny.org/the_plan/jurisdictional_annexes/jurisdictional_annex_form,the_plan/jurisdictional_annexes/jurisdictional_annex_form,2243356,Proposed Actions,2243352,998381a2-281a-4705-87b4-e0270b6cf29c,Card,v2,externalSource,87,,Jurisdictions,Jurisdictions [test_meta_forms],internal,1346449,1346450,mitigat-ny-prod+test_meta_forms,,(not set),TRUE,Smart (fetch on change),TRUE,No,page is not labelled 'Relevant' in the page allow-list,(deferred),"None for now - deferred from the fetch-mode sweep because page is not labelled 'Relevant' in the page allow-list. Every component set to Force (always re-fetch) re-queries on every mount, so the sweep is deliberately limited. It keeps behaving as Smart (fetch on change).",Deferred - out of narrowed scope,Deferred,,,
T6-C593,T6-001,1300890,https://county_template.devmny.org/the_plan/jurisdictional_annexes/jurisdictional_annex_form,the_plan/jurisdictional_annexes/jurisdictional_annex_form,2243356,Proposed Actions Table,2243353,0f7f2679-42a4-4b86-a235-603f0bfb2943,Spreadsheet,v1,sourceInfo,88,,Actions_Revised,Actions_Revised [test-meta-forms],internal,1029065,1074456,mitigat-ny-prod+test-meta-forms,,(not set),TRUE,Smart (fetch on change),TRUE,No,page is not labelled 'Relevant' in the page allow-list,(deferred),"None for now - deferred from the fetch-mode sweep because page is not labelled 'Relevant' in the page allow-list. Every component set to Force (always re-fetch) re-queries on every mount, so the sweep is deliberately limited. It keeps behaving as Smart (fetch on change).",Deferred - out of narrowed scope,Deferred,,,
T6-C100,T6-001,1300890,https://county_template.devmny.org/the_plan/jurisdictional_annexes/jurisdictional_annex_form,the_plan/jurisdictional_annexes/jurisdictional_annex_form,2243356,Additional Context (Progress),2243355,ec7fef79-eda7-4da6-bccc-937de5afdf04,Card,v2,externalSource,90,,Jurisdictions,Jurisdictions [test_meta_forms],internal,1346449,1346450,mitigat-ny-prod+test_meta_forms,,(not set),TRUE,Smart (fetch on change),TRUE,No,page is not labelled 'Relevant' in the page allow-list,(deferred),"None for now - deferred from the fetch-mode sweep because page is not labelled 'Relevant' in the page allow-list. Every component set to Force (always re-fetch) re-queries on every mount, so the sweep is deliberately limited. It keeps behaving as Smart (fetch on change).",Deferred - out of narrowed scope,Deferred,,,
T6-C599,T6-001,1300890,https://county_template.devmny.org/the_plan/jurisdictional_annexes/select_jurisdiction,the_plan/jurisdictional_annexes/select_jurisdiction,1348541,Buildings,1436135,74ef0b92-3eb2-427c-9e55-f84702f57988,Card,v1,sourceInfo,15,,LHMP_IA,LHMP_IA [test-meta-forms],internal,1441680,1441681,mitigat-ny-prod+test-meta-forms,,(not set),TRUE,Smart (fetch on change),TRUE,No,source LHMP_IA is not in the in-scope source list,(deferred),"None for now - deferred from the fetch-mode sweep because source LHMP_IA is not in the in-scope source list. Every component set to Force (always re-fetch) re-queries on every mount, so the sweep is deliberately limited. It keeps behaving as Smart (fetch on change).",Deferred - out of narrowed scope,Deferred,,,
T6-C602,T6-001,1300890,https://county_template.devmny.org/the_plan/jurisdictional_annexes/select_jurisdiction,the_plan/jurisdictional_annexes/select_jurisdiction,1348541,BUILDINGS BY LANDUSE,1716681,893c3a53-b0c7-45da-b4ae-7c3956f23ccc,Spreadsheet,v1,sourceInfo,20,,BILD 2026 Simplified Draft V1,BILD 2026 Simplified Draft V1 [external],external,1651,2357,hazmit_dama,,(not set),TRUE,Smart (fetch on change),TRUE,No,source BILD 2026 Simplified Draft V1 is not in the in-scope source list,(deferred),"None for now - deferred from the fetch-mode sweep because source BILD 2026 Simplified Draft V1 is not in the in-scope source list. Every component set to Force (always re-fetch) re-queries on every mount, so the sweep is deliberately limited. It keeps behaving as Smart (fetch on change).",Deferred - out of narrowed scope,Deferred,,,
T6-C603,T6-001,1300890,https://county_template.devmny.org/the_plan/jurisdictional_annexes/select_jurisdiction,the_plan/jurisdictional_annexes/select_jurisdiction,1348541,Critical Buildings,1716686,7f8f064a-366f-4331-b12d-d7b06b9a5782,Spreadsheet,v1,sourceInfo,21,,BILD 2026 Simplified Draft V1,BILD 2026 Simplified Draft V1 [external],external,1651,2357,hazmit_dama,,(not set),TRUE,Smart (fetch on change),TRUE,No,source BILD 2026 Simplified Draft V1 is not in the in-scope source list,(deferred),"None for now - deferred from the fetch-mode sweep because source BILD 2026 Simplified Draft V1 is not in the in-scope source list. Every component set to Force (always re-fetch) re-queries on every mount, so the sweep is deliberately limited. It keeps behaving as Smart (fetch on change).",Deferred - out of narrowed scope,Deferred,,,
T6-C604,T6-001,1300890,https://county_template.devmny.org/the_plan/jurisdictional_annexes/select_jurisdiction,the_plan/jurisdictional_annexes/select_jurisdiction,1348541,Infrastructure,1450927,d067f3d7-d7f6-4f91-b6f2-bc4886dec6aa,Card,v2,externalSource,24,,LHMP_IA,LHMP_IA [test-meta-forms],internal,1441680,1441681,mitigat-ny-prod+test-meta-forms,,(not set),TRUE,Smart (fetch on change),TRUE,No,source LHMP_IA is not in the in-scope source list,(deferred),"None for now - deferred from the fetch-mode sweep because source LHMP_IA is not in the in-scope source list. Every component set to Force (always re-fetch) re-queries on every mount, so the sweep is deliberately limited. It keeps behaving as Smart (fetch on change).",Deferred - out of narrowed scope,Deferred,,,
T6-C610,T6-001,1300890,https://county_template.devmny.org/the_plan/jurisdictional_annexes/select_jurisdiction,the_plan/jurisdictional_annexes/select_jurisdiction,1348541,(untitled Card),1518052,449cff0e-ff36-43ed-95c8-c6c5d21c81d1,Card,v1,sourceInfo,35,,LHMP_IA,LHMP_IA [test-meta-forms],internal,1441680,1441681,mitigat-ny-prod+test-meta-forms,,(not set),TRUE,Smart (fetch on change),TRUE,No,source LHMP_IA is not in the in-scope source list,(deferred),"None for now - deferred from the fetch-mode sweep because source LHMP_IA is not in the in-scope source list. Every component set to Force (always re-fetch) re-queries on every mount, so the sweep is deliberately limited. It keeps behaving as Smart (fetch on change).",Deferred - out of narrowed scope,Deferred,,,
T6-C612,T6-001,1300890,https://county_template.devmny.org/the_plan/jurisdictional_annexes/select_jurisdiction,the_plan/jurisdictional_annexes/select_jurisdiction,1348541,(untitled Card),1518050,e396dcbe-184c-42a0-b20b-d8d3c4772fcc,Card,v1,sourceInfo,39,,LHMP_IA,LHMP_IA [test-meta-forms],internal,1441680,1441681,mitigat-ny-prod+test-meta-forms,,(not set),TRUE,Smart (fetch on change),TRUE,No,source LHMP_IA is not in the in-scope source list,(deferred),"None for now - deferred from the fetch-mode sweep because source LHMP_IA is not in the in-scope source list. Every component set to Force (always re-fetch) re-queries on every mount, so the sweep is deliberately limited. It keeps behaving as Smart (fetch on change).",Deferred - out of narrowed scope,Deferred,,,
T6-C613,T6-001,1300890,https://county_template.devmny.org/the_plan/jurisdictional_annexes/select_jurisdiction,the_plan/jurisdictional_annexes/select_jurisdiction,1348541,Disaster and Local Emergencies,1450955,dba6c59a-090a-4f99-b175-5066b892a27b,Card,v1,sourceInfo,40,,LHMP_IA,LHMP_IA [test-meta-forms],internal,1441680,1441681,mitigat-ny-prod+test-meta-forms,,(not set),TRUE,Smart (fetch on change),TRUE,No,source LHMP_IA is not in the in-scope source list,(deferred),"None for now - deferred from the fetch-mode sweep because source LHMP_IA is not in the in-scope source list. Every component set to Force (always re-fetch) re-queries on every mount, so the sweep is deliberately limited. It keeps behaving as Smart (fetch on change).",Deferred - out of narrowed scope,Deferred,,,
T6-C616,T6-001,1300890,https://county_template.devmny.org/the_plan/jurisdictional_annexes/select_jurisdiction,the_plan/jurisdictional_annexes/select_jurisdiction,1348541,NFIP Loss,1682239,79c401f1-c079-4ab0-9781-f6b00aee808b,Card,v1,sourceInfo,45,,nfip claims enhance (incl jurisdiction geoms) v1.1,nfip claims enhance (incl jurisdiction geoms) v1.1 [external],external,1558,2285,hazmit_dama,,(not set),TRUE,Smart (fetch on change),TRUE,No,source nfip claims enhance (incl jurisdiction geoms) v1.1 is not in the in-scope source list,(deferred),"None for now - deferred from the fetch-mode sweep because source nfip claims enhance (incl jurisdiction geoms) v1.1 is not in the in-scope source list. Every component set to Force (always re-fetch) re-queries on every mount, so the sweep is deliberately limited. It keeps behaving as Smart (fetch on change).",Deferred - out of narrowed scope,Deferred,,,
T6-C617,T6-001,1300890,https://county_template.devmny.org/the_plan/jurisdictional_annexes/select_jurisdiction,the_plan/jurisdictional_annexes/select_jurisdiction,1348541,Buildings in The Floodplain,1920837,38b86222-a011-4c0c-b16b-791bdc6707ca,Spreadsheet,v1,sourceInfo,47,,BILD 2026 Simplified Draft V1,BILD 2026 Simplified Draft V1 [external],external,1651,2357,hazmit_dama,,(not set),TRUE,Smart (fetch on change),TRUE,No,source BILD 2026 Simplified Draft V1 is not in the in-scope source list,(deferred),"None for now - deferred from the fetch-mode sweep because source BILD 2026 Simplified Draft V1 is not in the in-scope source list. Every component set to Force (always re-fetch) re-queries on every mount, so the sweep is deliberately limited. It keeps behaving as Smart (fetch on change).",Deferred - out of narrowed scope,Deferred,,,
T6-C618,T6-001,1300890,https://county_template.devmny.org/the_plan/jurisdictional_annexes/select_jurisdiction,the_plan/jurisdictional_annexes/select_jurisdiction,1348541,Critical Buildings in The Floodplain,1920935,102038f4-343b-499d-8b99-3f5e9165f1cb,Spreadsheet,v1,sourceInfo,48,,BILD 2026 Simplified Draft V1,BILD 2026 Simplified Draft V1 [external],external,1651,2357,hazmit_dama,,(not set),TRUE,Smart (fetch on change),TRUE,No,source BILD 2026 Simplified Draft V1 is not in the in-scope source list,(deferred),"None for now - deferred from the fetch-mode sweep because source BILD 2026 Simplified Draft V1 is not in the in-scope source list. Every component set to Force (always re-fetch) re-queries on every mount, so the sweep is deliberately limited. It keeps behaving as Smart (fetch on change).",Deferred - out of narrowed scope,Deferred,,,
T6-C108,T6-001,1300890,https://county_template.devmny.org/the_plan/jurisdictional_annexes/select_jurisdiction,the_plan/jurisdictional_annexes/select_jurisdiction,1348541,Prioritization,1451024,4afe3c89-b103-455a-910c-e56de3b9ae58,Card,v2,externalSource,61,,LHMP_IA,LHMP_IA [test-meta-forms],internal,1441680,1441681,mitigat-ny-prod+test-meta-forms,,(not set),TRUE,Smart (fetch on change),TRUE,No,source LHMP_IA is not in the in-scope source list,(deferred),"None for now - deferred from the fetch-mode sweep because source LHMP_IA is not in the in-scope source list. Every component set to Force (always re-fetch) re-queries on every mount, so the sweep is deliberately limited. It keeps behaving as Smart (fetch on change).",Deferred - out of narrowed scope,Deferred,,,
T6-C627,T6-001,1300890,https://county_template.devmny.org/the_plan/jurisdictional_annexes/select_jurisdiction,the_plan/jurisdictional_annexes/select_jurisdiction,1348541,Actions Database,1451034,ff988543-dca6-4b05-af8b-49b8fc1f2661,Card,v1,sourceInfo,65,,LHMP_IA,LHMP_IA [test-meta-forms],internal,1441680,1441681,mitigat-ny-prod+test-meta-forms,,(not set),TRUE,Smart (fetch on change),TRUE,No,source LHMP_IA is not in the in-scope source list,(deferred),"None for now - deferred from the fetch-mode sweep because source LHMP_IA is not in the in-scope source list. Every component set to Force (always re-fetch) re-queries on every mount, so the sweep is deliberately limited. It keeps behaving as Smart (fetch on change).",Deferred - out of narrowed scope,Deferred,,,
T6-C633,T6-001,1300890,https://county_template.devmny.org/the_plan/jurisdictional_annexes/select_jurisdiction,the_plan/jurisdictional_annexes/select_jurisdiction,1348541,Capabilities Inventory,1679249,b6cf2525-6d92-4b9f-908b-64f16735957f,Card,v1,sourceInfo,75,,LHMP_IA,LHMP_IA [test-meta-forms],internal,1441680,1441681,mitigat-ny-prod+test-meta-forms,,(not set),TRUE,Smart (fetch on change),TRUE,No,source LHMP_IA is not in the in-scope source list,(deferred),"None for now - deferred from the fetch-mode sweep because source LHMP_IA is not in the in-scope source list. Every component set to Force (always re-fetch) re-queries on every mount, so the sweep is deliberately limited. It keeps behaving as Smart (fetch on change).",Deferred - out of narrowed scope,Deferred,,,
T6-C635,T6-001,1300890,https://county_template.devmny.org/the_plan/jurisdictional_annexes/select_jurisdiction,the_plan/jurisdictional_annexes/select_jurisdiction,1348541,Progress,1441005,d067f3d7-d7f6-4f91-b6f2-bc4886dec6aa,Card,v1,sourceInfo,79,,LHMP_IA,LHMP_IA [test-meta-forms],internal,1441680,1441681,mitigat-ny-prod+test-meta-forms,,(not set),TRUE,Smart (fetch on change),TRUE,No,source LHMP_IA is not in the in-scope source list,(deferred),"None for now - deferred from the fetch-mode sweep because source LHMP_IA is not in the in-scope source list. Every component set to Force (always re-fetch) re-queries on every mount, so the sweep is deliberately limited. It keeps behaving as Smart (fetch on change).",Deferred - out of narrowed scope,Deferred,,,
T6-C641,T6-001,1300890,https://county_template.devmny.org/the_plan/strategies,the_plan/strategies,1425484,Overview,1446609,e877dd4a-cab2-4858-9ac8-be25703b1034,Card,v1,sourceInfo,1,,LHMP_IA,LHMP_IA [test-meta-forms],internal,1441680,1441681,mitigat-ny-prod+test-meta-forms,,(not set),TRUE,Smart (fetch on change),TRUE,No,source LHMP_IA is not in the in-scope source list; page is not labelled 'Relevant' in the page allow-list,(deferred),"None for now - deferred from the fetch-mode sweep because source LHMP_IA is not in the in-scope source list; and page is not labelled 'Relevant' in the page allow-list. Every component set to Force (always re-fetch) re-queries on every mount, so the sweep is deliberately limited. It keeps behaving as Smart (fetch on change).",Deferred - out of narrowed scope,Deferred,,,
T6-C642,T6-001,1300890,https://county_template.devmny.org/the_plan/strategies,the_plan/strategies,1425484,Goals and Objectives,1446615,3946d8a4-03a9-46fb-8141-56bf659d42a1,Card,v1,sourceInfo,4,,LHMP_IA,LHMP_IA [test-meta-forms],internal,1441680,1441681,mitigat-ny-prod+test-meta-forms,,(not set),TRUE,Smart (fetch on change),TRUE,No,source LHMP_IA is not in the in-scope source list; page is not labelled 'Relevant' in the page allow-list,(deferred),"None for now - deferred from the fetch-mode sweep because source LHMP_IA is not in the in-scope source list; and page is not labelled 'Relevant' in the page allow-list. Every component set to Force (always re-fetch) re-queries on every mount, so the sweep is deliberately limited. It keeps behaving as Smart (fetch on change).",Deferred - out of narrowed scope,Deferred,,,
T6-C643,T6-001,1300890,https://county_template.devmny.org/the_plan/strategies,the_plan/strategies,1425484,(untitled Card),1607688,f5ebfabc-3972-4306-889d-027fd0eda64d,Card,v1,sourceInfo,5,,LHMP_IA,LHMP_IA [test-meta-forms],internal,1441680,1441681,mitigat-ny-prod+test-meta-forms,,(not set),TRUE,Smart (fetch on change),TRUE,No,source LHMP_IA is not in the in-scope source list; page is not labelled 'Relevant' in the page allow-list,(deferred),"None for now - deferred from the fetch-mode sweep because source LHMP_IA is not in the in-scope source list; and page is not labelled 'Relevant' in the page allow-list. Every component set to Force (always re-fetch) re-queries on every mount, so the sweep is deliberately limited. It keeps behaving as Smart (fetch on change).",Deferred - out of narrowed scope,Deferred,,,
T6-C644,T6-001,1300890,https://county_template.devmny.org/the_plan/strategies,the_plan/strategies,1425484,Action Development,1446720,ec83da16-41ac-4d35-bdb8-067c6f487507,Card,v1,sourceInfo,8,,LHMP_IA,LHMP_IA [test-meta-forms],internal,1441680,1441681,mitigat-ny-prod+test-meta-forms,,(not set),TRUE,Smart (fetch on change),TRUE,No,source LHMP_IA is not in the in-scope source list; page is not labelled 'Relevant' in the page allow-list,(deferred),"None for now - deferred from the fetch-mode sweep because source LHMP_IA is not in the in-scope source list; and page is not labelled 'Relevant' in the page allow-list. Every component set to Force (always re-fetch) re-queries on every mount, so the sweep is deliberately limited. It keeps behaving as Smart (fetch on change).",Deferred - out of narrowed scope,Deferred,,,
T6-C114,T6-001,1300890,https://county_template.devmny.org/the_plan/strategies,the_plan/strategies,1425484,(untitled Card),1478523,c26e3a95-5b4b-427f-94e8-21870dd1e41a,Card,v2,externalSource,11,TRUE,LHMP_IA,LHMP_IA [test_meta_forms],internal,1441680,1441681,mitigat-ny-prod+test_meta_forms,,(not set),TRUE,Smart (fetch on change),TRUE,No,source LHMP_IA is not in the in-scope source list; page is not labelled 'Relevant' in the page allow-list,(deferred),"None for now - deferred from the fetch-mode sweep because source LHMP_IA is not in the in-scope source list; and page is not labelled 'Relevant' in the page allow-list. Every component set to Force (always re-fetch) re-queries on every mount, so the sweep is deliberately limited. It keeps behaving as Smart (fetch on change).",Deferred - out of narrowed scope,Deferred,,,"Hidden from view (data.hideInView), so it never renders and the setting has no runtime effect today - set it anyway for template consistency, or defer. Owner decision."
T6-C115,T6-001,1300890,https://county_template.devmny.org/the_plan/strategies,the_plan/strategies,1425484,(untitled Card),1426546,a6375eaf-2662-40a5-9d4c-f4fe4dc68613,Card,v2,externalSource,16,,LHMP_IA,LHMP_IA [test-meta-forms],internal,1441680,1441681,mitigat-ny-prod+test-meta-forms,,(not set),TRUE,Smart (fetch on change),TRUE,No,source LHMP_IA is not in the in-scope source list; page is not labelled 'Relevant' in the page allow-list,(deferred),"None for now - deferred from the fetch-mode sweep because source LHMP_IA is not in the in-scope source list; and page is not labelled 'Relevant' in the page allow-list. Every component set to Force (always re-fetch) re-queries on every mount, so the sweep is deliberately limited. It keeps behaving as Smart (fetch on change).",Deferred - out of narrowed scope,Deferred,,,
T6-C645,T6-001,1300890,https://county_template.devmny.org/the_plan/strategies,the_plan/strategies,1425484,Capacity To Implement,1446864,d9e4bb79-9d86-4ae8-9d08-b245061f6616,Card,v1,sourceInfo,17,,LHMP_IA,LHMP_IA [test-meta-forms],internal,1441680,1441681,mitigat-ny-prod+test-meta-forms,,(not set),TRUE,Smart (fetch on change),TRUE,No,source LHMP_IA is not in the in-scope source list; page is not labelled 'Relevant' in the page allow-list,(deferred),"None for now - deferred from the fetch-mode sweep because source LHMP_IA is not in the in-scope source list; and page is not labelled 'Relevant' in the page allow-list. Every component set to Force (always re-fetch) re-queries on every mount, so the sweep is deliberately limited. It keeps behaving as Smart (fetch on change).",Deferred - out of narrowed scope,Deferred,,,
T6-C646,T6-001,1300890,https://county_template.devmny.org/the_plan/strategies,the_plan/strategies,1425484,(untitled Card),1447045,a6375eaf-2662-40a5-9d4c-f4fe4dc68613,Card,v1,sourceInfo,18,,LHMP_IA,LHMP_IA [test-meta-forms],internal,1441680,1441681,mitigat-ny-prod+test-meta-forms,,(not set),TRUE,Smart (fetch on change),TRUE,No,source LHMP_IA is not in the in-scope source list; page is not labelled 'Relevant' in the page allow-list,(deferred),"None for now - deferred from the fetch-mode sweep because source LHMP_IA is not in the in-scope source list; and page is not labelled 'Relevant' in the page allow-list. Every component set to Force (always re-fetch) re-queries on every mount, so the sweep is deliberately limited. It keeps behaving as Smart (fetch on change).",Deferred - out of narrowed scope,Deferred,,,
T6-C116,T6-001,1300890,https://county_template.devmny.org/the_plan/strategies,the_plan/strategies,1425484,(untitled Card),1426629,c26e3a95-5b4b-427f-94e8-21870dd1e41a,Card,v2,externalSource,21,TRUE,LHMP_IA,LHMP_IA [test-meta-forms],internal,1441680,1441681,mitigat-ny-prod+test-meta-forms,,(not set),TRUE,Smart (fetch on change),TRUE,No,source LHMP_IA is not in the in-scope source list; page is not labelled 'Relevant' in the page allow-list,(deferred),"None for now - deferred from the fetch-mode sweep because source LHMP_IA is not in the in-scope source list; and page is not labelled 'Relevant' in the page allow-list. Every component set to Force (always re-fetch) re-queries on every mount, so the sweep is deliberately limited. It keeps behaving as Smart (fetch on change).",Deferred - out of narrowed scope,Deferred,,,"Hidden from view (data.hideInView), so it never renders and the setting has no runtime effect today - set it anyway for template consistency, or defer. Owner decision."
T6-C117,T6-001,1300890,https://county_template.devmny.org/the_plan/strategies,the_plan/strategies,1425484,Local Funding Capabilities,1426665,1f5cbb43-d738-4391-b34c-62264c87d1de,Spreadsheet,v2,externalSource,22,,Capabilities_Catalogue,Capabilities_Catalogue [test_meta_forms],internal,1068273,1172519,mitigat-ny-prod+test_meta_forms,,(not set),TRUE,Smart (fetch on change),TRUE,No,page is not labelled 'Relevant' in the page allow-list,(deferred),"None for now - deferred from the fetch-mode sweep because page is not labelled 'Relevant' in the page allow-list. Every component set to Force (always re-fetch) re-queries on every mount, so the sweep is deliberately limited. It keeps behaving as Smart (fetch on change).",Deferred - out of narrowed scope,Deferred,,,
T6-C647,T6-001,1300890,https://county_template.devmny.org/the_plan/strategies,the_plan/strategies,1425484,Implementation and Integration,1446867,3aba4215-4a01-438f-a305-14976b1a8f05,Card,v1,sourceInfo,25,,LHMP_IA,LHMP_IA [test-meta-forms],internal,1441680,1441681,mitigat-ny-prod+test-meta-forms,,(not set),TRUE,Smart (fetch on change),TRUE,No,source LHMP_IA is not in the in-scope source list; page is not labelled 'Relevant' in the page allow-list,(deferred),"None for now - deferred from the fetch-mode sweep because source LHMP_IA is not in the in-scope source list; and page is not labelled 'Relevant' in the page allow-list. Every component set to Force (always re-fetch) re-queries on every mount, so the sweep is deliberately limited. It keeps behaving as Smart (fetch on change).",Deferred - out of narrowed scope,Deferred,,,
T6-C118,T6-001,1300890,https://county_template.devmny.org/the_risk,the_risk,1300894,Overview,2005374,1978d719-8a0c-4af7-993f-73e31f911d0f,Card,v2,externalSource,1,,LHMP_IA,LHMP_IA [test_meta_forms],internal,1441680,1441681,mitigat-ny-prod+test_meta_forms,,(not set),TRUE,Smart (fetch on change),TRUE,No,source LHMP_IA is not in the in-scope source list,(deferred),"None for now - deferred from the fetch-mode sweep because source LHMP_IA is not in the in-scope source list. Every component set to Force (always re-fetch) re-queries on every mount, so the sweep is deliberately limited. It keeps behaving as Smart (fetch on change).",Deferred - out of narrowed scope,Deferred,,,
T6-C119,T6-001,1300890,https://county_template.devmny.org/the_risk,the_risk,1300894,Requirements,2005375,929fbc6c-1556-413b-b9f9-b3bb9f6e8d7b,Card,v2,externalSource,2,,LHMP_IA,LHMP_IA [test_meta_forms],internal,1441680,1441681,mitigat-ny-prod+test_meta_forms,,(not set),TRUE,Smart (fetch on change),TRUE,No,source LHMP_IA is not in the in-scope source list,(deferred),"None for now - deferred from the fetch-mode sweep because source LHMP_IA is not in the in-scope source list. Every component set to Force (always re-fetch) re-queries on every mount, so the sweep is deliberately limited. It keeps behaving as Smart (fetch on change).",Deferred - out of narrowed scope,Deferred,,,
T6-C648,T6-001,1300890,https://county_template.devmny.org/the_risk/climate_change,the_risk/climate_change,1300805,Overview,1467856,d9ea48bf-e826-40b8-b4ff-8ba127cdddd6,Card,v1,sourceInfo,2,,LHMP_IA,LHMP_IA [prod],internal,1441680,1441681,mitigat-ny-prod+prod,,(not set),TRUE,Smart (fetch on change),TRUE,No,source LHMP_IA is not in the in-scope source list; page is not labelled 'Relevant' in the page allow-list,(deferred),"None for now - deferred from the fetch-mode sweep because source LHMP_IA is not in the in-scope source list; and page is not labelled 'Relevant' in the page allow-list. Every component set to Force (always re-fetch) re-queries on every mount, so the sweep is deliberately limited. It keeps behaving as Smart (fetch on change).",Deferred - out of narrowed scope,Deferred,,,
T6-C649,T6-001,1300890,https://county_template.devmny.org/the_risk/climate_change,the_risk/climate_change,1300805,(untitled Card),1470307,0e64d634-f593-4f98-94c2-62b3fd70b63c,Card,v1,sourceInfo,3,,LHMP_IA,LHMP_IA [test-meta-forms],internal,1441680,1441681,mitigat-ny-prod+test-meta-forms,,(not set),TRUE,Smart (fetch on change),TRUE,No,source LHMP_IA is not in the in-scope source list; page is not labelled 'Relevant' in the page allow-list,(deferred),"None for now - deferred from the fetch-mode sweep because source LHMP_IA is not in the in-scope source list; and page is not labelled 'Relevant' in the page allow-list. Every component set to Force (always re-fetch) re-queries on every mount, so the sweep is deliberately limited. It keeps behaving as Smart (fetch on change).",Deferred - out of narrowed scope,Deferred,,,
T6-C650,T6-001,1300890,https://county_template.devmny.org/the_risk/climate_change,the_risk/climate_change,1300805,(untitled Card),1468062,09bfb994-a9f4-4c95-b36a-630bb74ae216,Card,v1,sourceInfo,6,,LHMP_IA,LHMP_IA [prod],internal,1441680,1441681,mitigat-ny-prod+prod,,(not set),TRUE,Smart (fetch on change),TRUE,No,source LHMP_IA is not in the in-scope source list; page is not labelled 'Relevant' in the page allow-list,(deferred),"None for now - deferred from the fetch-mode sweep because source LHMP_IA is not in the in-scope source list; and page is not labelled 'Relevant' in the page allow-list. Every component set to Force (always re-fetch) re-queries on every mount, so the sweep is deliberately limited. It keeps behaving as Smart (fetch on change).",Deferred - out of narrowed scope,Deferred,,,
T6-C120,T6-001,1300890,https://county_template.devmny.org/the_risk/climate_change,the_risk/climate_change,1300805,Hazards Impacted By Climate Change,1626196,449a082e-5c81-47fe-91fa-4d890301638f,Spreadsheet,v2,externalSource,7,,Hazards_of_Concern,Hazards_of_Concern [test_meta_forms],internal,1473470,1473471,mitigat-ny-prod+test_meta_forms,,(not set),TRUE,Smart (fetch on change),TRUE,No,page is not labelled 'Relevant' in the page allow-list,(deferred),"None for now - deferred from the fetch-mode sweep because page is not labelled 'Relevant' in the page allow-list. Every component set to Force (always re-fetch) re-queries on every mount, so the sweep is deliberately limited. It keeps behaving as Smart (fetch on change).",Deferred - out of narrowed scope,Deferred,,,
T6-C651,T6-001,1300890,https://county_template.devmny.org/the_risk/climate_change,the_risk/climate_change,1300805,(untitled Card),1470313,b3f5acb8-1d7e-4fb0-8fb2-5a5db3ebf605,Card,v1,sourceInfo,8,,LHMP_IA,LHMP_IA [test-meta-forms],internal,1441680,1441681,mitigat-ny-prod+test-meta-forms,,(not set),TRUE,Smart (fetch on change),TRUE,No,source LHMP_IA is not in the in-scope source list; page is not labelled 'Relevant' in the page allow-list,(deferred),"None for now - deferred from the fetch-mode sweep because source LHMP_IA is not in the in-scope source list; and page is not labelled 'Relevant' in the page allow-list. Every component set to Force (always re-fetch) re-queries on every mount, so the sweep is deliberately limited. It keeps behaving as Smart (fetch on change).",Deferred - out of narrowed scope,Deferred,,,
T6-C652,T6-001,1300890,https://county_template.devmny.org/the_risk/climate_change,the_risk/climate_change,1300805,Climate Smart Communities,1467859,354aa347-dca4-43ab-9044-27d205489718,Card,v1,sourceInfo,9,,LHMP_IA,LHMP_IA [test-meta-forms],internal,1441680,1441681,mitigat-ny-prod+test-meta-forms,,(not set),TRUE,Smart (fetch on change),TRUE,No,source LHMP_IA is not in the in-scope source list; page is not labelled 'Relevant' in the page allow-list,(deferred),"None for now - deferred from the fetch-mode sweep because source LHMP_IA is not in the in-scope source list; and page is not labelled 'Relevant' in the page allow-list. Every component set to Force (always re-fetch) re-queries on every mount, so the sweep is deliberately limited. It keeps behaving as Smart (fetch on change).",Deferred - out of narrowed scope,Deferred,,,
T6-C653,T6-001,1300890,https://county_template.devmny.org/the_risk/climate_change,the_risk/climate_change,1300805,(untitled Spreadsheet),1689363,555cd679-880c-448c-a134-01af5931824d,Spreadsheet,v1,sourceInfo,10,,Climate Smart Communities,Climate Smart Communities [external],external,1636,2331,hazmit_dama,,(not set),TRUE,Smart (fetch on change),TRUE,No,source Climate Smart Communities is not in the in-scope source list; page is not labelled 'Relevant' in the page allow-list,(deferred),"None for now - deferred from the fetch-mode sweep because source Climate Smart Communities is not in the in-scope source list; and page is not labelled 'Relevant' in the page allow-list. Every component set to Force (always re-fetch) re-queries on every mount, so the sweep is deliberately limited. It keeps behaving as Smart (fetch on change).",Deferred - out of narrowed scope,Deferred,,,
T6-C654,T6-001,1300890,https://county_template.devmny.org/the_risk/climate_change,the_risk/climate_change,1300805,Regional Climate Assessment,1467857,b5ffb96f-73fa-4eef-9758-3e940e75040e,Card,v1,sourceInfo,11,,LHMP_IA,LHMP_IA [prod],internal,1441680,1441681,mitigat-ny-prod+prod,,(not set),TRUE,Smart (fetch on change),TRUE,No,source LHMP_IA is not in the in-scope source list; page is not labelled 'Relevant' in the page allow-list,(deferred),"None for now - deferred from the fetch-mode sweep because source LHMP_IA is not in the in-scope source list; and page is not labelled 'Relevant' in the page allow-list. Every component set to Force (always re-fetch) re-queries on every mount, so the sweep is deliberately limited. It keeps behaving as Smart (fetch on change).",Deferred - out of narrowed scope,Deferred,,,
T6-C655,T6-001,1300890,https://county_template.devmny.org/the_risk/disasters,the_risk/disasters,1300922,Presidential Declarations,1449788,22ea5e66-244f-44cf-9482-4d0566567272,Card,v1,sourceInfo,1,,LHMP_IA,LHMP_IA [prod],internal,1441680,1441681,mitigat-ny-prod+prod,,(not set),TRUE,Smart (fetch on change),TRUE,No,source LHMP_IA is not in the in-scope source list; page is not labelled 'Relevant' in the page allow-list,(deferred),"None for now - deferred from the fetch-mode sweep because source LHMP_IA is not in the in-scope source list; and page is not labelled 'Relevant' in the page allow-list. Every component set to Force (always re-fetch) re-queries on every mount, so the sweep is deliberately limited. It keeps behaving as Smart (fetch on change).",Deferred - out of narrowed scope,Deferred,,,
T6-C121,T6-001,1300890,https://county_template.devmny.org/the_risk/disasters,the_risk/disasters,1300922,Declared Disasters,1422651,b7516408-359f-4daa-9d59-4f5c165ef878,Spreadsheet,v2,externalSource,4,,AVAIL - Fusion Events V2,AVAIL - Fusion Events V2 [external],external,870,2401,hazmit_dama,,(not set),TRUE,Smart (fetch on change),TRUE,No,source AVAIL - Fusion Events V2 is not in the in-scope source list; page is not labelled 'Relevant' in the page allow-list,(deferred),"None for now - deferred from the fetch-mode sweep because source AVAIL - Fusion Events V2 is not in the in-scope source list; and page is not labelled 'Relevant' in the page allow-list. Every component set to Force (always re-fetch) re-queries on every mount, so the sweep is deliberately limited. It keeps behaving as Smart (fetch on change).",Deferred - out of narrowed scope,Deferred,,,
T6-C656,T6-001,1300890,https://county_template.devmny.org/the_risk/disasters,the_risk/disasters,1300922,State Emergency Declarations,1300927,22ea5e66-244f-44cf-9482-4d0566567272,Card,v1,sourceInfo,5,,LHMP_IA,LHMP_IA [test-meta-forms],internal,1441680,1441681,mitigat-ny-prod+test-meta-forms,,(not set),TRUE,Smart (fetch on change),TRUE,No,source LHMP_IA is not in the in-scope source list; page is not labelled 'Relevant' in the page allow-list,(deferred),"None for now - deferred from the fetch-mode sweep because source LHMP_IA is not in the in-scope source list; and page is not labelled 'Relevant' in the page allow-list. Every component set to Force (always re-fetch) re-queries on every mount, so the sweep is deliberately limited. It keeps behaving as Smart (fetch on change).",Deferred - out of narrowed scope,Deferred,,,
T6-C657,T6-001,1300890,https://county_template.devmny.org/the_risk/disasters,the_risk/disasters,1300922,Local Emergency Declarations,1300930,22ea5e66-244f-44cf-9482-4d0566567272,Card,v1,sourceInfo,8,,LHMP_IA,LHMP_IA [test-meta-forms],internal,1441680,1441681,mitigat-ny-prod+test-meta-forms,,(not set),TRUE,Smart (fetch on change),TRUE,No,source LHMP_IA is not in the in-scope source list; page is not labelled 'Relevant' in the page allow-list,(deferred),"None for now - deferred from the fetch-mode sweep because source LHMP_IA is not in the in-scope source list; and page is not labelled 'Relevant' in the page allow-list. Every component set to Force (always re-fetch) re-queries on every mount, so the sweep is deliberately limited. It keeps behaving as Smart (fetch on change).",Deferred - out of narrowed scope,Deferred,,,
T6-C122,T6-001,1300890,https://county_template.devmny.org/the_risk/disasters/disaster_template,the_risk/disasters/disaster_template,1421118,(untitled Card),2249214,8b8cfe00-e9d1-4506-a947-b6e0bc756e1e,Card,v2,externalSource,1,,AVAIL - Fusion Events V2,AVAIL - Fusion Events V2 [external],external,870,2401,hazmit_dama,,(not set),TRUE,Smart (fetch on change),TRUE,No,source AVAIL - Fusion Events V2 is not in the in-scope source list,(deferred),"None for now - deferred from the fetch-mode sweep because source AVAIL - Fusion Events V2 is not in the in-scope source list. Every component set to Force (always re-fetch) re-queries on every mount, so the sweep is deliberately limited. It keeps behaving as Smart (fetch on change).",Deferred - out of narrowed scope,Deferred,,,
T6-C123,T6-001,1300890,https://county_template.devmny.org/the_risk/disasters/disaster_template,the_risk/disasters/disaster_template,1421118,Total Loss by Program,2249216,5c252411-4098-46cb-921d-375a019b2c65,Card,v2,externalSource,2,,Disaster Loss Summary (V2),Disaster Loss Summary (V2) [external],external,858,2398,hazmit_dama,,(not set),TRUE,Smart (fetch on change),TRUE,No,source Disaster Loss Summary (V2) is not in the in-scope source list,(deferred),"None for now - deferred from the fetch-mode sweep because source Disaster Loss Summary (V2) is not in the in-scope source list. Every component set to Force (always re-fetch) re-queries on every mount, so the sweep is deliberately limited. It keeps behaving as Smart (fetch on change).",Deferred - out of narrowed scope,Deferred,,,
T6-C658,T6-001,1300890,https://county_template.devmny.org/the_risk/disasters/disaster_template,the_risk/disasters/disaster_template,1421118,PUBLIC ASSISTANCE (PA) for the County,1421131,90b8ec16-8783-4703-8893-814243a3180f,Spreadsheet,v1,sourceInfo,3,,PA Funded Projects Enhanced,PA Funded Projects Enhanced [external],external,372,1305,hazmit_dama,,(not set),TRUE,Smart (fetch on change),TRUE,No,source PA Funded Projects Enhanced is not in the in-scope source list,(deferred),"None for now - deferred from the fetch-mode sweep because source PA Funded Projects Enhanced is not in the in-scope source list. Every component set to Force (always re-fetch) re-queries on every mount, so the sweep is deliberately limited. It keeps behaving as Smart (fetch on change).",Deferred - out of narrowed scope,Deferred,,,
T6-C659,T6-001,1300890,https://county_template.devmny.org/the_risk/disasters/disaster_template,the_risk/disasters/disaster_template,1421118,Individual Assistance (IA) - County Damage Values,1421133,1d611036-d518-431b-b32f-8d49b9de17ee,Spreadsheet,v1,sourceInfo,4,,IHP Enhanced,IHP Enhanced [external],external,854,1379,hazmit_dama,,(not set),TRUE,Smart (fetch on change),TRUE,No,source IHP Enhanced is not in the in-scope source list,(deferred),"None for now - deferred from the fetch-mode sweep because source IHP Enhanced is not in the in-scope source list. Every component set to Force (always re-fetch) re-queries on every mount, so the sweep is deliberately limited. It keeps behaving as Smart (fetch on change).",Deferred - out of narrowed scope,Deferred,,,
T6-C660,T6-001,1300890,https://county_template.devmny.org/the_risk/disasters/disaster_template,the_risk/disasters/disaster_template,1421118,IA - Approved Assistance Amounts in the County,1421135,bd7bd3a0-edc5-41b8-aa9e-0da64c60c5da,Spreadsheet,v1,sourceInfo,5,,IHP Enhanced,IHP Enhanced [external],external,854,1379,hazmit_dama,,(not set),TRUE,Smart (fetch on change),TRUE,No,source IHP Enhanced is not in the in-scope source list,(deferred),"None for now - deferred from the fetch-mode sweep because source IHP Enhanced is not in the in-scope source list. Every component set to Force (always re-fetch) re-queries on every mount, so the sweep is deliberately limited. It keeps behaving as Smart (fetch on change).",Deferred - out of narrowed scope,Deferred,,,
T6-C661,T6-001,1300890,https://county_template.devmny.org/the_risk/disasters/disaster_template,the_risk/disasters/disaster_template,1421118,Small Business Administration (SBA) Disaster Loan Program - County Losses,1421137,0e5f79ab-c07e-458a-aff2-fcfaba5eb09d,Spreadsheet,v1,sourceInfo,6,,Small Business Administration (SBA) - Disaster Loan Data,Small Business Administration (SBA) - Disaster Loan Data [external],external,88,1646,hazmit_dama,,(not set),TRUE,Smart (fetch on change),TRUE,No,source Small Business Administration (SBA) - Disaster Loan Data is not in the in-scope source list,(deferred),"None for now - deferred from the fetch-mode sweep because source Small Business Administration (SBA) - Disaster Loan Data is not in the in-scope source list. Every component set to Force (always re-fetch) re-queries on every mount, so the sweep is deliberately limited. It keeps behaving as Smart (fetch on change).",Deferred - out of narrowed scope,Deferred,,,
T6-C662,T6-001,1300890,https://county_template.devmny.org/the_risk/disasters/disaster_template,the_risk/disasters/disaster_template,1421118,NATIONAL FLOOD INSURANCE PROGRAM (NFIP) - County Claims,1421139,415d980b-5fea-4b6a-877f-510ec9299285,Spreadsheet,v1,sourceInfo,7,,NFIP Claims Enhanced (V2),NFIP Claims Enhanced (V2) [external],external,831,1304,hazmit_dama,,(not set),TRUE,Smart (fetch on change),TRUE,No,source NFIP Claims Enhanced (V2) is not in the in-scope source list,(deferred),"None for now - deferred from the fetch-mode sweep because source NFIP Claims Enhanced (V2) is not in the in-scope source list. Every component set to Force (always re-fetch) re-queries on every mount, so the sweep is deliberately limited. It keeps behaving as Smart (fetch on change).",Deferred - out of narrowed scope,Deferred,,,
T6-C663,T6-001,1300890,https://county_template.devmny.org/the_risk/disasters/disaster_template,the_risk/disasters/disaster_template,1421118,United States Department of Agriculture Crop Loss in the County,1421141,a38000cb-7614-49e3-9923-42f8a81074e5,Spreadsheet,v1,sourceInfo,8,,USDA Crop Loss Enhanced,USDA Crop Loss Enhanced [external],external,342,1197,hazmit_dama,,(not set),TRUE,Smart (fetch on change),TRUE,No,source USDA Crop Loss Enhanced is not in the in-scope source list,(deferred),"None for now - deferred from the fetch-mode sweep because source USDA Crop Loss Enhanced is not in the in-scope source list. Every component set to Force (always re-fetch) re-queries on every mount, so the sweep is deliberately limited. It keeps behaving as Smart (fetch on change).",Deferred - out of narrowed scope,Deferred,,,
T6-C664,T6-001,1300890,https://county_template.devmny.org/the_risk/natural_hazards,the_risk/natural_hazards,1300806,Overview,2413404,6931cb00-b461-42b6-98df-51672a0a0277,Card,v1,sourceInfo,1,,LHMP_IA,LHMP_IA [prod],internal,1441680,1441681,mitigat-ny-prod+prod,,(not set),TRUE,Smart (fetch on change),TRUE,No,source LHMP_IA is not in the in-scope source list,(deferred),"None for now - deferred from the fetch-mode sweep because source LHMP_IA is not in the in-scope source list. Every component set to Force (always re-fetch) re-queries on every mount, so the sweep is deliberately limited. It keeps behaving as Smart (fetch on change).",Deferred - out of narrowed scope,Deferred,,,
T6-C665,T6-001,1300890,https://county_template.devmny.org/the_risk/natural_hazards,the_risk/natural_hazards,1300806,Hazards of Concern,2413406,dd3bdbaa-b841-4440-bd30-dc03eeb4f45f,Card,v1,sourceInfo,3,,LHMP_IA,LHMP_IA [test-meta-forms],internal,1441680,1441681,mitigat-ny-prod+test-meta-forms,,(not set),TRUE,Smart (fetch on change),TRUE,No,source LHMP_IA is not in the in-scope source list,(deferred),"None for now - deferred from the fetch-mode sweep because source LHMP_IA is not in the in-scope source list. Every component set to Force (always re-fetch) re-queries on every mount, so the sweep is deliberately limited. It keeps behaving as Smart (fetch on change).",Deferred - out of narrowed scope,Deferred,,,
T6-C126,T6-001,1300890,https://county_template.devmny.org/the_risk/natural_hazards,the_risk/natural_hazards,1300806,(untitled Card),2413410,4180141b-3908-498d-bf16-2ee1a0daf42f,Card,v2,externalSource,7,TRUE,LHMP_IA,LHMP_IA [test_meta_forms],internal,1441680,1441681,mitigat-ny-prod+test_meta_forms,,(not set),TRUE,Smart (fetch on change),TRUE,No,source LHMP_IA is not in the in-scope source list,(deferred),"None for now - deferred from the fetch-mode sweep because source LHMP_IA is not in the in-scope source list. Every component set to Force (always re-fetch) re-queries on every mount, so the sweep is deliberately limited. It keeps behaving as Smart (fetch on change).",Deferred - out of narrowed scope,Deferred,,,"Hidden from view (data.hideInView), so it never renders and the setting has no runtime effect today - set it anyway for template consistency, or defer. Owner decision."
T6-C666,T6-001,1300890,https://county_template.devmny.org/the_risk/natural_hazards,the_risk/natural_hazards,1300806,Modeled Risk,2413413,ff98005b-b536-43c3-aa92-32aa8bbc2b2c,Card,v1,sourceInfo,10,,LHMP_IA,LHMP_IA [prod],internal,1441680,1441681,mitigat-ny-prod+prod,,(not set),TRUE,Smart (fetch on change),TRUE,No,source LHMP_IA is not in the in-scope source list,(deferred),"None for now - deferred from the fetch-mode sweep because source LHMP_IA is not in the in-scope source list. Every component set to Force (always re-fetch) re-queries on every mount, so the sweep is deliberately limited. It keeps behaving as Smart (fetch on change).",Deferred - out of narrowed scope,Deferred,,,
T6-C667,T6-001,1300890,https://county_template.devmny.org/the_risk/natural_hazards,the_risk/natural_hazards,1300806,Total Expected Annual Loss by Hazard Category,2413414,3e2630b0-570d-4ef7-83df-7f0218992f29,Graph,v1,sourceInfo,11,,FEMA - National Risk Index (NRI) Counties,FEMA - National Risk Index (NRI) Counties [external],external,159,1370,hazmit_dama,,(not set),TRUE,Smart (fetch on change),TRUE,No,source FEMA - National Risk Index (NRI) Counties is not in the in-scope source list,(deferred),"None for now - deferred from the fetch-mode sweep because source FEMA - National Risk Index (NRI) Counties is not in the in-scope source list. Every component set to Force (always re-fetch) re-queries on every mount, so the sweep is deliberately limited. It keeps behaving as Smart (fetch on change).",Deferred - out of narrowed scope,Deferred,,,
T6-C668,T6-001,1300890,https://county_template.devmny.org/the_risk/natural_hazards,the_risk/natural_hazards,1300806,Historic Loss,2413416,6c665915-ea4f-4384-8d02-e7f2dfd19ed6,Card,v1,sourceInfo,13,,LHMP_IA,LHMP_IA [prod],internal,1441680,1441681,mitigat-ny-prod+prod,,(not set),TRUE,Smart (fetch on change),TRUE,No,source LHMP_IA is not in the in-scope source list,(deferred),"None for now - deferred from the fetch-mode sweep because source LHMP_IA is not in the in-scope source list. Every component set to Force (always re-fetch) re-queries on every mount, so the sweep is deliberately limited. It keeps behaving as Smart (fetch on change).",Deferred - out of narrowed scope,Deferred,,,
T6-C127,T6-001,1300890,https://county_template.devmny.org/the_risk/natural_hazards,the_risk/natural_hazards,1300806,(untitled Card),2413417,a40ff4e9-08fc-429a-a486-e441a0e96dfd,Card,v2,externalSource,14,,LHMP_IA,LHMP_IA [test_meta_forms],internal,1441680,1441681,mitigat-ny-prod+test_meta_forms,,(not set),TRUE,Smart (fetch on change),TRUE,No,source LHMP_IA is not in the in-scope source list,(deferred),"None for now - deferred from the fetch-mode sweep because source LHMP_IA is not in the in-scope source list. Every component set to Force (always re-fetch) re-queries on every mount, so the sweep is deliberately limited. It keeps behaving as Smart (fetch on change).",Deferred - out of narrowed scope,Deferred,,,
T6-C128,T6-001,1300890,https://county_template.devmny.org/the_risk/natural_hazards,the_risk/natural_hazards,1300806,(untitled Graph),2413418,8b891822-27c6-45bc-bd2e-cc483ee24ddc,Graph,v2,externalSource,15,,AVAIL - Fusion Events V2,AVAIL - Fusion Events V2 [external],external,870,2401,hazmit_dama,,(not set),TRUE,Smart (fetch on change),TRUE,No,source AVAIL - Fusion Events V2 is not in the in-scope source list,(deferred),"None for now - deferred from the fetch-mode sweep because source AVAIL - Fusion Events V2 is not in the in-scope source list. Every component set to Force (always re-fetch) re-queries on every mount, so the sweep is deliberately limited. It keeps behaving as Smart (fetch on change).",Deferred - out of narrowed scope,Deferred,,,
T6-C669,T6-001,1300890,https://county_template.devmny.org/the_risk/natural_hazards,the_risk/natural_hazards,1300806,(untitled Card),2413419,951ecec2-e9aa-4263-9649-17104d328f3e,Card,v1,sourceInfo,16,,AVAIL - Fusion Events V2,AVAIL - Fusion Events V2 [external],external,870,1648,hazmit_dama,,(not set),TRUE,Smart (fetch on change),TRUE,No,source AVAIL - Fusion Events V2 is not in the in-scope source list,(deferred),"None for now - deferred from the fetch-mode sweep because source AVAIL - Fusion Events V2 is not in the in-scope source list. Every component set to Force (always re-fetch) re-queries on every mount, so the sweep is deliberately limited. It keeps behaving as Smart (fetch on change).",Deferred - out of narrowed scope,Deferred,,,
T6-C670,T6-001,1300890,https://county_template.devmny.org/the_risk/natural_hazards,the_risk/natural_hazards,1300806,Declared Disasters,2413420,0507a3dd-51fd-491e-b562-e7519344db58,Card,v1,sourceInfo,17,,LHMP_IA,LHMP_IA [test-meta-forms],internal,1441680,1441681,mitigat-ny-prod+test-meta-forms,,(not set),TRUE,Smart (fetch on change),TRUE,No,source LHMP_IA is not in the in-scope source list,(deferred),"None for now - deferred from the fetch-mode sweep because source LHMP_IA is not in the in-scope source list. Every component set to Force (always re-fetch) re-queries on every mount, so the sweep is deliberately limited. It keeps behaving as Smart (fetch on change).",Deferred - out of narrowed scope,Deferred,,,
T6-C671,T6-001,1300890,https://county_template.devmny.org/the_risk/natural_hazards,the_risk/natural_hazards,1300806,(untitled Card),2413421,a40ff4e9-08fc-429a-a486-e441a0e96dfd,Card,v1,sourceInfo,18,,LHMP_IA,LHMP_IA [test-meta-forms],internal,1441680,1441681,mitigat-ny-prod+test-meta-forms,,(not set),TRUE,Smart (fetch on change),TRUE,No,source LHMP_IA is not in the in-scope source list,(deferred),"None for now - deferred from the fetch-mode sweep because source LHMP_IA is not in the in-scope source list. Every component set to Force (always re-fetch) re-queries on every mount, so the sweep is deliberately limited. It keeps behaving as Smart (fetch on change).",Deferred - out of narrowed scope,Deferred,,,
T6-C129,T6-001,1300890,https://county_template.devmny.org/the_risk/natural_hazards,the_risk/natural_hazards,1300806,(untitled Spreadsheet),2413422,e46dad19-a64d-4521-9018-30b1abf58226,Spreadsheet,v2,externalSource,19,,AVAIL - Fusion Events V2,AVAIL - Fusion Events V2 [external],external,870,2401,hazmit_dama,,(not set),TRUE,Smart (fetch on change),TRUE,No,source AVAIL - Fusion Events V2 is not in the in-scope source list,(deferred),"None for now - deferred from the fetch-mode sweep because source AVAIL - Fusion Events V2 is not in the in-scope source list. Every component set to Force (always re-fetch) re-queries on every mount, so the sweep is deliberately limited. It keeps behaving as Smart (fetch on change).",Deferred - out of narrowed scope,Deferred,,,
T6-C672,T6-001,1300890,https://county_template.devmny.org/the_risk/natural_hazards,the_risk/natural_hazards,1300806,Other Hazard Events,2413423,5fa6903f-4fcc-46e3-aea7-3c52f54f6d2a,Card,v1,sourceInfo,20,,LHMP_IA,LHMP_IA [prod],internal,1441680,1441681,mitigat-ny-prod+prod,,(not set),TRUE,Smart (fetch on change),TRUE,No,source LHMP_IA is not in the in-scope source list,(deferred),"None for now - deferred from the fetch-mode sweep because source LHMP_IA is not in the in-scope source list. Every component set to Force (always re-fetch) re-queries on every mount, so the sweep is deliberately limited. It keeps behaving as Smart (fetch on change).",Deferred - out of narrowed scope,Deferred,,,
T6-C130,T6-001,1300890,https://county_template.devmny.org/the_risk/natural_hazards,the_risk/natural_hazards,1300806,(untitled Spreadsheet),2413424,607ecefd-0cb2-4ec3-b9a5-d875cd99502a,Spreadsheet,v2,externalSource,21,,AVAIL - NCEI Storm Events Enhanced,AVAIL - NCEI Storm Events Enhanced [external],external,198,1157,hazmit_dama,,(not set),TRUE,Smart (fetch on change),TRUE,No,source AVAIL - NCEI Storm Events Enhanced is not in the in-scope source list,(deferred),"None for now - deferred from the fetch-mode sweep because source AVAIL - NCEI Storm Events Enhanced is not in the in-scope source list. Every component set to Force (always re-fetch) re-queries on every mount, so the sweep is deliberately limited. It keeps behaving as Smart (fetch on change).",Deferred - out of narrowed scope,Deferred,,,
T6-C131,T6-001,1300890,https://county_template.devmny.org/the_risk/natural_hazards,the_risk/natural_hazards,1300806,Loss by Hazard Category,2413425,cd65a264-5435-471a-9a4b-95fec9c4a0e0,Spreadsheet,v2,externalSource,22,,AVAIL - Fusion Events V2,AVAIL - Fusion Events V2 [external],external,870,2401,hazmit_dama,,(not set),TRUE,Smart (fetch on change),TRUE,No,source AVAIL - Fusion Events V2 is not in the in-scope source list,(deferred),"None for now - deferred from the fetch-mode sweep because source AVAIL - Fusion Events V2 is not in the in-scope source list. Every component set to Force (always re-fetch) re-queries on every mount, so the sweep is deliberately limited. It keeps behaving as Smart (fetch on change).",Deferred - out of narrowed scope,Deferred,,,
T6-C673,T6-001,1300890,https://county_template.devmny.org/the_risk/natural_hazards,the_risk/natural_hazards,1300806,Historic Loss By Year And By Disaster Number,2413426,d121cbe1-9815-4623-9f8f-75ce009ae1f9,Card,v1,sourceInfo,23,,LHMP_IA,LHMP_IA [prod],internal,1441680,1441681,mitigat-ny-prod+prod,,(not set),TRUE,Smart (fetch on change),TRUE,No,source LHMP_IA is not in the in-scope source list,(deferred),"None for now - deferred from the fetch-mode sweep because source LHMP_IA is not in the in-scope source list. Every component set to Force (always re-fetch) re-queries on every mount, so the sweep is deliberately limited. It keeps behaving as Smart (fetch on change).",Deferred - out of narrowed scope,Deferred,,,
T6-C132,T6-001,1300890,https://county_template.devmny.org/the_risk/natural_hazards,the_risk/natural_hazards,1300806,(untitled Graph),2413427,bb4dbdeb-98ef-4826-80e5-462dfcbc5cd4,Graph,v2,externalSource,24,,AVAIL - Fusion Events V2,AVAIL - Fusion Events V2 [external],external,870,2401,hazmit_dama,,(not set),TRUE,Smart (fetch on change),TRUE,No,source AVAIL - Fusion Events V2 is not in the in-scope source list,(deferred),"None for now - deferred from the fetch-mode sweep because source AVAIL - Fusion Events V2 is not in the in-scope source list. Every component set to Force (always re-fetch) re-queries on every mount, so the sweep is deliberately limited. It keeps behaving as Smart (fetch on change).",Deferred - out of narrowed scope,Deferred,,,
T6-C674,T6-001,1300890,https://county_template.devmny.org/the_risk/natural_hazards,the_risk/natural_hazards,1300806,Historic Loss By Month,2413428,4a4a2321-277b-49ea-b0c6-b26b460d2d85,Card,v1,sourceInfo,25,,LHMP_IA,LHMP_IA [prod],internal,1441680,1441681,mitigat-ny-prod+prod,,(not set),TRUE,Smart (fetch on change),TRUE,No,source LHMP_IA is not in the in-scope source list,(deferred),"None for now - deferred from the fetch-mode sweep because source LHMP_IA is not in the in-scope source list. Every component set to Force (always re-fetch) re-queries on every mount, so the sweep is deliberately limited. It keeps behaving as Smart (fetch on change).",Deferred - out of narrowed scope,Deferred,,,
T6-C133,T6-001,1300890,https://county_template.devmny.org/the_risk/natural_hazards,the_risk/natural_hazards,1300806,(untitled Graph),2413429,745ebb7b-6858-4300-82d4-3175ea3740ab,Graph,v2,externalSource,26,,AVAIL - Fusion Events V2,AVAIL - Fusion Events V2 [external],external,870,2401,hazmit_dama,,(not set),TRUE,Smart (fetch on change),TRUE,No,source AVAIL - Fusion Events V2 is not in the in-scope source list,(deferred),"None for now - deferred from the fetch-mode sweep because source AVAIL - Fusion Events V2 is not in the in-scope source list. Every component set to Force (always re-fetch) re-queries on every mount, so the sweep is deliberately limited. It keeps behaving as Smart (fetch on change).",Deferred - out of narrowed scope,Deferred,,,
T6-C134,T6-001,1300890,https://county_template.devmny.org/the_risk/natural_hazards,the_risk/natural_hazards,1300806,The Last 5 Years - Events,2413430,f949c1eb-5dcc-49b4-a263-edcbb48fe215,Graph,v2,externalSource,27,,AVAIL - Fusion Events V2,AVAIL - Fusion Events V2 [external],external,870,2401,hazmit_dama,,Smart (fetch on change),FALSE,Smart (fetch on change),,No,source AVAIL - Fusion Events V2 is not in the in-scope source list,(deferred),"None for now - deferred from the fetch-mode sweep because source AVAIL - Fusion Events V2 is not in the in-scope source list. Every component set to Force (always re-fetch) re-queries on every mount, so the sweep is deliberately limited. It keeps behaving as Smart (fetch on change).",Deferred - out of narrowed scope,Deferred,,,Already correct at scan time.
T6-C135,T6-001,1300890,https://county_template.devmny.org/the_risk/natural_hazards,the_risk/natural_hazards,1300806,The Last 5 Years - Fusion Damage,2413431,1672af96-5224-4077-ac4e-755a02df99ee,Graph,v2,externalSource,28,,AVAIL - Fusion Events V2,AVAIL - Fusion Events V2 [external],external,870,2401,hazmit_dama,,Smart (fetch on change),FALSE,Smart (fetch on change),,No,source AVAIL - Fusion Events V2 is not in the in-scope source list,(deferred),"None for now - deferred from the fetch-mode sweep because source AVAIL - Fusion Events V2 is not in the in-scope source list. Every component set to Force (always re-fetch) re-queries on every mount, so the sweep is deliberately limited. It keeps behaving as Smart (fetch on change).",Deferred - out of narrowed scope,Deferred,,,Already correct at scan time.
T6-C136,T6-001,1300890,https://county_template.devmny.org/the_risk/natural_hazards/avalanche,the_risk/natural_hazards/avalanche,1544721,(untitled Card),2176930,e501e808-6217-486e-bd86-1ce7f435aa14,Card,v2,externalSource,1,,AVAIL - Fusion Events V2,AVAIL - Fusion Events V2 [external],external,870,1648,hazmit_dama,,(not set),TRUE,Smart (fetch on change),TRUE,No,source AVAIL - Fusion Events V2 is not in the in-scope source list,(deferred),"None for now - deferred from the fetch-mode sweep because source AVAIL - Fusion Events V2 is not in the in-scope source list. Every component set to Force (always re-fetch) re-queries on every mount, so the sweep is deliberately limited. It keeps behaving as Smart (fetch on change).",Deferred - out of narrowed scope,Deferred,,,
T6-C138,T6-001,1300890,https://county_template.devmny.org/the_risk/natural_hazards/avalanche,the_risk/natural_hazards/avalanche,1544721,(untitled Card),2176932,b5e7c5ed-0c3f-48ba-8102-b35508c6fa2f,Card,v2,externalSource,3,,NRI Counties - Hazard Normalized,NRI Counties - Hazard Normalized [external],external,1508,1982,hazmit_dama,,(not set),TRUE,Smart (fetch on change),TRUE,No,source NRI Counties - Hazard Normalized is not in the in-scope source list,(deferred),"None for now - deferred from the fetch-mode sweep because source NRI Counties - Hazard Normalized is not in the in-scope source list. Every component set to Force (always re-fetch) re-queries on every mount, so the sweep is deliberately limited. It keeps behaving as Smart (fetch on change).",Deferred - out of narrowed scope,Deferred,,,
T6-C139,T6-001,1300890,https://county_template.devmny.org/the_risk/natural_hazards/avalanche,the_risk/natural_hazards/avalanche,1544721,(untitled Card),2176933,5f88f7a5-19bf-4b85-b039-de50c4f2fb8a,Card,v2,externalSource,4,,AVAIL - Fusion Events V2,AVAIL - Fusion Events V2 [external],external,870,1648,hazmit_dama,,(not set),TRUE,Smart (fetch on change),TRUE,No,source AVAIL - Fusion Events V2 is not in the in-scope source list,(deferred),"None for now - deferred from the fetch-mode sweep because source AVAIL - Fusion Events V2 is not in the in-scope source list. Every component set to Force (always re-fetch) re-queries on every mount, so the sweep is deliberately limited. It keeps behaving as Smart (fetch on change).",Deferred - out of narrowed scope,Deferred,,,
T6-C140,T6-001,1300890,https://county_template.devmny.org/the_risk/natural_hazards/avalanche,the_risk/natural_hazards/avalanche,1544721,Overview,2416267,7c7e0398-9c88-4e5d-9788-b04c3febd498,Card,v2,externalSource,5,,LHMP_IA,LHMP_IA [test-meta-forms],internal,1441680,1441681,mitigat-ny-prod+test-meta-forms,,(not set),TRUE,Smart (fetch on change),TRUE,No,source LHMP_IA is not in the in-scope source list,(deferred),"None for now - deferred from the fetch-mode sweep because source LHMP_IA is not in the in-scope source list. Every component set to Force (always re-fetch) re-queries on every mount, so the sweep is deliberately limited. It keeps behaving as Smart (fetch on change).",Deferred - out of narrowed scope,Deferred,,,
T6-C141,T6-001,1300890,https://county_template.devmny.org/the_risk/natural_hazards/avalanche,the_risk/natural_hazards/avalanche,1544721,(untitled Card),2176935,edcd023e-c7de-41db-b683-9d4c9297599c,Card,v2,externalSource,7,,LHMP_IA,LHMP_IA [test_meta_forms],internal,1441680,1441681,mitigat-ny-prod+test_meta_forms,,(not set),TRUE,Smart (fetch on change),TRUE,No,source LHMP_IA is not in the in-scope source list,(deferred),"None for now - deferred from the fetch-mode sweep because source LHMP_IA is not in the in-scope source list. Every component set to Force (always re-fetch) re-queries on every mount, so the sweep is deliberately limited. It keeps behaving as Smart (fetch on change).",Deferred - out of narrowed scope,Deferred,,,
T6-C675,T6-001,1300890,https://county_template.devmny.org/the_risk/natural_hazards/avalanche,the_risk/natural_hazards/avalanche,1544721,General Vulnerability,2176938,b50f6b90-a250-43a9-a963-648dc7bac6aa,Card,v1,sourceInfo,10,,LHMP_IA,LHMP_IA [test-meta-forms],internal,1441680,1441681,mitigat-ny-prod+test-meta-forms,,(not set),TRUE,Smart (fetch on change),TRUE,No,source LHMP_IA is not in the in-scope source list,(deferred),"None for now - deferred from the fetch-mode sweep because source LHMP_IA is not in the in-scope source list. Every component set to Force (always re-fetch) re-queries on every mount, so the sweep is deliberately limited. It keeps behaving as Smart (fetch on change).",Deferred - out of narrowed scope,Deferred,,,
T6-C142,T6-001,1300890,https://county_template.devmny.org/the_risk/natural_hazards/avalanche,the_risk/natural_hazards/avalanche,1544721,(untitled Card),2176939,ed79611a-6b84-44d7-a646-b86d020b3e05,Card,v2,externalSource,11,,LHMP_IA,LHMP_IA [test_meta_forms],internal,1441680,1441681,mitigat-ny-prod+test_meta_forms,,(not set),TRUE,Smart (fetch on change),TRUE,No,source LHMP_IA is not in the in-scope source list,(deferred),"None for now - deferred from the fetch-mode sweep because source LHMP_IA is not in the in-scope source list. Every component set to Force (always re-fetch) re-queries on every mount, so the sweep is deliberately limited. It keeps behaving as Smart (fetch on change).",Deferred - out of narrowed scope,Deferred,,,
T6-C676,T6-001,1300890,https://county_template.devmny.org/the_risk/natural_hazards/avalanche,the_risk/natural_hazards/avalanche,1544721,Potential Impacts,2176940,51278763-8812-46ca-a31c-26b96abcde67,Card,v1,sourceInfo,12,,LHMP_IA,LHMP_IA [test-meta-forms],internal,1441680,1441681,mitigat-ny-prod+test-meta-forms,,(not set),TRUE,Smart (fetch on change),TRUE,No,source LHMP_IA is not in the in-scope source list,(deferred),"None for now - deferred from the fetch-mode sweep because source LHMP_IA is not in the in-scope source list. Every component set to Force (always re-fetch) re-queries on every mount, so the sweep is deliberately limited. It keeps behaving as Smart (fetch on change).",Deferred - out of narrowed scope,Deferred,,,
T6-C677,T6-001,1300890,https://county_template.devmny.org/the_risk/natural_hazards/avalanche,the_risk/natural_hazards/avalanche,1544721,(untitled Spreadsheet),2176941,6d5acff2-3136-4acc-ac54-60e1501b8e5e,Spreadsheet,v1,sourceInfo,13,,R_and_V_Matrix,R_and_V_Matrix [prod],internal,1068982,1160864,mitigat-ny-prod+prod,,(not set),TRUE,Smart (fetch on change),TRUE,No,source R_and_V_Matrix is not in the in-scope source list,(deferred),"None for now - deferred from the fetch-mode sweep because source R_and_V_Matrix is not in the in-scope source list. Every component set to Force (always re-fetch) re-queries on every mount, so the sweep is deliberately limited. It keeps behaving as Smart (fetch on change).",Deferred - out of narrowed scope,Deferred,,,
T6-C678,T6-001,1300890,https://county_template.devmny.org/the_risk/natural_hazards/avalanche,the_risk/natural_hazards/avalanche,1544721,Historic Occurrences,2176942,0700164d-e79b-487d-bcfb-30485def30ca,Card,v1,sourceInfo,14,,LHMP_IA,LHMP_IA [test-meta-forms],internal,1441680,1441681,mitigat-ny-prod+test-meta-forms,,(not set),TRUE,Smart (fetch on change),TRUE,No,source LHMP_IA is not in the in-scope source list,(deferred),"None for now - deferred from the fetch-mode sweep because source LHMP_IA is not in the in-scope source list. Every component set to Force (always re-fetch) re-queries on every mount, so the sweep is deliberately limited. It keeps behaving as Smart (fetch on change).",Deferred - out of narrowed scope,Deferred,,,
T6-C143,T6-001,1300890,https://county_template.devmny.org/the_risk/natural_hazards/avalanche,the_risk/natural_hazards/avalanche,1544721,(untitled Card),2176943,7cfa4cbb-ad41-49d0-b4a1-34e9a2011d45,Card,v2,externalSource,15,,LHMP_IA,LHMP_IA [test_meta_forms],internal,1441680,1441681,mitigat-ny-prod+test_meta_forms,,(not set),TRUE,Smart (fetch on change),TRUE,No,source LHMP_IA is not in the in-scope source list,(deferred),"None for now - deferred from the fetch-mode sweep because source LHMP_IA is not in the in-scope source list. Every component set to Force (always re-fetch) re-queries on every mount, so the sweep is deliberately limited. It keeps behaving as Smart (fetch on change).",Deferred - out of narrowed scope,Deferred,,,
T6-C679,T6-001,1300890,https://county_template.devmny.org/the_risk/natural_hazards/avalanche,the_risk/natural_hazards/avalanche,1544721,Total Events and Losses in $: Declared Disasters and Non-Declared Events,2176944,c5c78f29-4ec3-478e-bad2-2388e8a1f53d,Card,v1,sourceInfo,16,,LHMP_IA,LHMP_IA [test-meta-forms],internal,1441680,1441681,mitigat-ny-prod+test-meta-forms,,(not set),TRUE,Smart (fetch on change),TRUE,No,source LHMP_IA is not in the in-scope source list,(deferred),"None for now - deferred from the fetch-mode sweep because source LHMP_IA is not in the in-scope source list. Every component set to Force (always re-fetch) re-queries on every mount, so the sweep is deliberately limited. It keeps behaving as Smart (fetch on change).",Deferred - out of narrowed scope,Deferred,,,
T6-C680,T6-001,1300890,https://county_template.devmny.org/the_risk/natural_hazards/avalanche,the_risk/natural_hazards/avalanche,1544721,(untitled Graph),2176945,5d798134-5ead-487a-82c7-61552c16f0bd,Graph,v1,sourceInfo,17,,AVAIL - Fusion Events V2,AVAIL - Fusion Events V2 [external],external,870,1648,hazmit_dama,,(not set),TRUE,Smart (fetch on change),TRUE,No,source AVAIL - Fusion Events V2 is not in the in-scope source list,(deferred),"None for now - deferred from the fetch-mode sweep because source AVAIL - Fusion Events V2 is not in the in-scope source list. Every component set to Force (always re-fetch) re-queries on every mount, so the sweep is deliberately limited. It keeps behaving as Smart (fetch on change).",Deferred - out of narrowed scope,Deferred,,,
T6-C144,T6-001,1300890,https://county_template.devmny.org/the_risk/natural_hazards/avalanche,the_risk/natural_hazards/avalanche,1544721,(untitled Card),2176946,e0bd653d-ee80-4f64-9d0c-01f158f2d0b4,Card,v2,externalSource,18,,AVAIL - Fusion Events V2,AVAIL - Fusion Events V2 [external],external,870,2401,hazmit_dama,,(not set),TRUE,Smart (fetch on change),TRUE,No,source AVAIL - Fusion Events V2 is not in the in-scope source list,(deferred),"None for now - deferred from the fetch-mode sweep because source AVAIL - Fusion Events V2 is not in the in-scope source list. Every component set to Force (always re-fetch) re-queries on every mount, so the sweep is deliberately limited. It keeps behaving as Smart (fetch on change).",Deferred - out of narrowed scope,Deferred,,,
T6-C681,T6-001,1300890,https://county_template.devmny.org/the_risk/natural_hazards/avalanche,the_risk/natural_hazards/avalanche,1544721,Total Losses in $ by Year,2176949,d091c90d-202e-46e5-becb-1ef6c9fafb7f,Card,v1,sourceInfo,20,,LHMP_IA,LHMP_IA [test-meta-forms],internal,1441680,1441681,mitigat-ny-prod+test-meta-forms,,(not set),TRUE,Smart (fetch on change),TRUE,No,source LHMP_IA is not in the in-scope source list,(deferred),"None for now - deferred from the fetch-mode sweep because source LHMP_IA is not in the in-scope source list. Every component set to Force (always re-fetch) re-queries on every mount, so the sweep is deliberately limited. It keeps behaving as Smart (fetch on change).",Deferred - out of narrowed scope,Deferred,,,
T6-C145,T6-001,1300890,https://county_template.devmny.org/the_risk/natural_hazards/avalanche,the_risk/natural_hazards/avalanche,1544721,(untitled Graph),2176950,d757d20c-1538-4be1-8fea-0dd5e6417931,Graph,v2,externalSource,21,,AVAIL - Fusion Events V2,AVAIL - Fusion Events V2 [external],external,870,2401,hazmit_dama,,(not set),TRUE,Smart (fetch on change),TRUE,No,source AVAIL - Fusion Events V2 is not in the in-scope source list,(deferred),"None for now - deferred from the fetch-mode sweep because source AVAIL - Fusion Events V2 is not in the in-scope source list. Every component set to Force (always re-fetch) re-queries on every mount, so the sweep is deliberately limited. It keeps behaving as Smart (fetch on change).",Deferred - out of narrowed scope,Deferred,,,
T6-C682,T6-001,1300890,https://county_template.devmny.org/the_risk/natural_hazards/avalanche,the_risk/natural_hazards/avalanche,1544721,Total Losses in $ by Month,2176952,a40dbab4-6a2b-4c92-adab-ffaa966382c6,Card,v1,sourceInfo,22,,LHMP_IA,LHMP_IA [prod],internal,1441680,1441681,mitigat-ny-prod+prod,,(not set),TRUE,Smart (fetch on change),TRUE,No,source LHMP_IA is not in the in-scope source list,(deferred),"None for now - deferred from the fetch-mode sweep because source LHMP_IA is not in the in-scope source list. Every component set to Force (always re-fetch) re-queries on every mount, so the sweep is deliberately limited. It keeps behaving as Smart (fetch on change).",Deferred - out of narrowed scope,Deferred,,,
T6-C146,T6-001,1300890,https://county_template.devmny.org/the_risk/natural_hazards/avalanche,the_risk/natural_hazards/avalanche,1544721,(untitled Graph),2176953,ac560771-e09b-486b-adeb-d7d21dcc8894,Graph,v2,externalSource,23,,AVAIL - Fusion Events V2,AVAIL - Fusion Events V2 [external],external,870,2401,hazmit_dama,,(not set),TRUE,Smart (fetch on change),TRUE,No,source AVAIL - Fusion Events V2 is not in the in-scope source list,(deferred),"None for now - deferred from the fetch-mode sweep because source AVAIL - Fusion Events V2 is not in the in-scope source list. Every component set to Force (always re-fetch) re-queries on every mount, so the sweep is deliberately limited. It keeps behaving as Smart (fetch on change).",Deferred - out of narrowed scope,Deferred,,,
T6-C683,T6-001,1300890,https://county_template.devmny.org/the_risk/natural_hazards/avalanche,the_risk/natural_hazards/avalanche,1544721,Presidential Disaster Declarations,2176954,51278763-8812-46ca-a31c-26b96abcde67,Card,v1,sourceInfo,24,,LHMP_IA,LHMP_IA [test-meta-forms],internal,1441680,1441681,mitigat-ny-prod+test-meta-forms,,(not set),TRUE,Smart (fetch on change),TRUE,No,source LHMP_IA is not in the in-scope source list,(deferred),"None for now - deferred from the fetch-mode sweep because source LHMP_IA is not in the in-scope source list. Every component set to Force (always re-fetch) re-queries on every mount, so the sweep is deliberately limited. It keeps behaving as Smart (fetch on change).",Deferred - out of narrowed scope,Deferred,,,
T6-C147,T6-001,1300890,https://county_template.devmny.org/the_risk/natural_hazards/avalanche,the_risk/natural_hazards/avalanche,1544721,(untitled Card),2176955,14b5017c-884e-4e6c-9298-b357ba8fa9fb,Card,v2,externalSource,25,,LHMP_IA,LHMP_IA [test-meta-forms],internal,1441680,1441681,mitigat-ny-prod+test-meta-forms,,(not set),TRUE,Smart (fetch on change),TRUE,No,source LHMP_IA is not in the in-scope source list,(deferred),"None for now - deferred from the fetch-mode sweep because source LHMP_IA is not in the in-scope source list. Every component set to Force (always re-fetch) re-queries on every mount, so the sweep is deliberately limited. It keeps behaving as Smart (fetch on change).",Deferred - out of narrowed scope,Deferred,,,
T6-C684,T6-001,1300890,https://county_template.devmny.org/the_risk/natural_hazards/avalanche,the_risk/natural_hazards/avalanche,1544721,(untitled Spreadsheet),2176956,640f61a5-08a0-40e4-8324-d4d065bd6e03,Spreadsheet,v1,sourceInfo,26,,AVAIL - Fusion Events V2,AVAIL - Fusion Events V2 [external],external,870,1648,hazmit_dama,,(not set),TRUE,Smart (fetch on change),TRUE,No,source AVAIL - Fusion Events V2 is not in the in-scope source list,(deferred),"None for now - deferred from the fetch-mode sweep because source AVAIL - Fusion Events V2 is not in the in-scope source list. Every component set to Force (always re-fetch) re-queries on every mount, so the sweep is deliberately limited. It keeps behaving as Smart (fetch on change).",Deferred - out of narrowed scope,Deferred,,,
T6-C685,T6-001,1300890,https://county_template.devmny.org/the_risk/natural_hazards/avalanche,the_risk/natural_hazards/avalanche,1544721,Other Hazard Events,2176959,51278763-8812-46ca-a31c-26b96abcde67,Card,v1,sourceInfo,29,,LHMP_IA,LHMP_IA [test-meta-forms],internal,1441680,1441681,mitigat-ny-prod+test-meta-forms,,(not set),TRUE,Smart (fetch on change),TRUE,No,source LHMP_IA is not in the in-scope source list,(deferred),"None for now - deferred from the fetch-mode sweep because source LHMP_IA is not in the in-scope source list. Every component set to Force (always re-fetch) re-queries on every mount, so the sweep is deliberately limited. It keeps behaving as Smart (fetch on change).",Deferred - out of narrowed scope,Deferred,,,
T6-C148,T6-001,1300890,https://county_template.devmny.org/the_risk/natural_hazards/avalanche,the_risk/natural_hazards/avalanche,1544721,(untitled Card),2176960,f5392893-fc72-4005-b595-c9d92a1c5561,Card,v2,externalSource,30,,LHMP_IA,LHMP_IA [test_meta_forms],internal,1441680,1441681,mitigat-ny-prod+test_meta_forms,,(not set),TRUE,Smart (fetch on change),TRUE,No,source LHMP_IA is not in the in-scope source list,(deferred),"None for now - deferred from the fetch-mode sweep because source LHMP_IA is not in the in-scope source list. Every component set to Force (always re-fetch) re-queries on every mount, so the sweep is deliberately limited. It keeps behaving as Smart (fetch on change).",Deferred - out of narrowed scope,Deferred,,,
T6-C149,T6-001,1300890,https://county_template.devmny.org/the_risk/natural_hazards/avalanche,the_risk/natural_hazards/avalanche,1544721,(untitled Spreadsheet),2176961,f9007ce9-6ec1-4dc6-9341-61606e78e8bf,Spreadsheet,v2,externalSource,31,,AVAIL - Fusion Events V2,AVAIL - Fusion Events V2 [external],external,870,2401,hazmit_dama,,(not set),TRUE,Smart (fetch on change),TRUE,No,source AVAIL - Fusion Events V2 is not in the in-scope source list,(deferred),"None for now - deferred from the fetch-mode sweep because source AVAIL - Fusion Events V2 is not in the in-scope source list. Every component set to Force (always re-fetch) re-queries on every mount, so the sweep is deliberately limited. It keeps behaving as Smart (fetch on change).",Deferred - out of narrowed scope,Deferred,,,
T6-C150,T6-001,1300890,https://county_template.devmny.org/the_risk/natural_hazards/avalanche,the_risk/natural_hazards/avalanche,1544721,(untitled Card),2176967,cd53270c-448a-415d-9ac7-82da4e3b41b0,Card,v2,externalSource,37,TRUE,LHMP_IA,LHMP_IA [test_meta_forms],internal,1441680,1441681,mitigat-ny-prod+test_meta_forms,,(not set),TRUE,Smart (fetch on change),TRUE,No,source LHMP_IA is not in the in-scope source list,(deferred),"None for now - deferred from the fetch-mode sweep because source LHMP_IA is not in the in-scope source list. Every component set to Force (always re-fetch) re-queries on every mount, so the sweep is deliberately limited. It keeps behaving as Smart (fetch on change).",Deferred - out of narrowed scope,Deferred,,,"Hidden from view (data.hideInView), so it never renders and the setting has no runtime effect today - set it anyway for template consistency, or defer. Owner decision."
T6-C686,T6-001,1300890,https://county_template.devmny.org/the_risk/natural_hazards/avalanche,the_risk/natural_hazards/avalanche,1544721,Modeled Risk,2176971,0700164d-e79b-487d-bcfb-30485def30ca,Card,v1,sourceInfo,41,,LHMP_IA,LHMP_IA [test-meta-forms],internal,1441680,1441681,mitigat-ny-prod+test-meta-forms,,(not set),TRUE,Smart (fetch on change),TRUE,No,source LHMP_IA is not in the in-scope source list,(deferred),"None for now - deferred from the fetch-mode sweep because source LHMP_IA is not in the in-scope source list. Every component set to Force (always re-fetch) re-queries on every mount, so the sweep is deliberately limited. It keeps behaving as Smart (fetch on change).",Deferred - out of narrowed scope,Deferred,,,
T6-C687,T6-001,1300890,https://county_template.devmny.org/the_risk/natural_hazards/avalanche,the_risk/natural_hazards/avalanche,1544721,(untitled Card),2176972,b11239ee-eec3-4e89-ad22-7ecb42c7726b,Card,v1,sourceInfo,42,,NRI Counties - Hazard Normalized,NRI Counties - Hazard Normalized [external],external,1508,1982,hazmit_dama,,(not set),TRUE,Smart (fetch on change),TRUE,No,source NRI Counties - Hazard Normalized is not in the in-scope source list,(deferred),"None for now - deferred from the fetch-mode sweep because source NRI Counties - Hazard Normalized is not in the in-scope source list. Every component set to Force (always re-fetch) re-queries on every mount, so the sweep is deliberately limited. It keeps behaving as Smart (fetch on change).",Deferred - out of narrowed scope,Deferred,,,
T6-C688,T6-001,1300890,https://county_template.devmny.org/the_risk/natural_hazards/avalanche,the_risk/natural_hazards/avalanche,1544721,Built Environment,2176974,61d0ccfa-80c7-4060-ba76-68955e498e29,Card,v1,sourceInfo,44,,LHMP_IA,LHMP_IA [test-meta-forms],internal,1441680,1441681,mitigat-ny-prod+test-meta-forms,,(not set),TRUE,Smart (fetch on change),TRUE,No,source LHMP_IA is not in the in-scope source list,(deferred),"None for now - deferred from the fetch-mode sweep because source LHMP_IA is not in the in-scope source list. Every component set to Force (always re-fetch) re-queries on every mount, so the sweep is deliberately limited. It keeps behaving as Smart (fetch on change).",Deferred - out of narrowed scope,Deferred,,,
T6-C689,T6-001,1300890,https://county_template.devmny.org/the_risk/natural_hazards/avalanche,the_risk/natural_hazards/avalanche,1544721,People and Communities,2176977,3a0a2294-233d-4fe2-b55c-e3b9b3daa12c,Card,v1,sourceInfo,47,,LHMP_IA,LHMP_IA [test-meta-forms],internal,1441680,1441681,mitigat-ny-prod+test-meta-forms,,(not set),TRUE,Smart (fetch on change),TRUE,No,source LHMP_IA is not in the in-scope source list,(deferred),"None for now - deferred from the fetch-mode sweep because source LHMP_IA is not in the in-scope source list. Every component set to Force (always re-fetch) re-queries on every mount, so the sweep is deliberately limited. It keeps behaving as Smart (fetch on change).",Deferred - out of narrowed scope,Deferred,,,
T6-C690,T6-001,1300890,https://county_template.devmny.org/the_risk/natural_hazards/avalanche,the_risk/natural_hazards/avalanche,1544721,Natural Environment,2176980,ea09c597-9874-4421-9e43-66d97fb97913,Card,v1,sourceInfo,50,,LHMP_IA,LHMP_IA [test-meta-forms],internal,1441680,1441681,mitigat-ny-prod+test-meta-forms,,(not set),TRUE,Smart (fetch on change),TRUE,No,source LHMP_IA is not in the in-scope source list,(deferred),"None for now - deferred from the fetch-mode sweep because source LHMP_IA is not in the in-scope source list. Every component set to Force (always re-fetch) re-queries on every mount, so the sweep is deliberately limited. It keeps behaving as Smart (fetch on change).",Deferred - out of narrowed scope,Deferred,,,
T6-C691,T6-001,1300890,https://county_template.devmny.org/the_risk/natural_hazards/avalanche,the_risk/natural_hazards/avalanche,1544721,Strategies,2176984,0700164d-e79b-487d-bcfb-30485def30ca,Card,v1,sourceInfo,53,,LHMP_IA,LHMP_IA [test-meta-forms],internal,1441680,1441681,mitigat-ny-prod+test-meta-forms,,(not set),TRUE,Smart (fetch on change),TRUE,No,source LHMP_IA is not in the in-scope source list,(deferred),"None for now - deferred from the fetch-mode sweep because source LHMP_IA is not in the in-scope source list. Every component set to Force (always re-fetch) re-queries on every mount, so the sweep is deliberately limited. It keeps behaving as Smart (fetch on change).",Deferred - out of narrowed scope,Deferred,,,
T6-C692,T6-001,1300890,https://county_template.devmny.org/the_risk/natural_hazards/avalanche,the_risk/natural_hazards/avalanche,1544721,Measures Inventory,2176985,c8e666a4-8eb8-4e50-9d74-9cd2ec69c505,Spreadsheet,v2,externalSource,54,,Mitigation_Measures,Mitigation_Measures [test_meta_forms],internal,1068274,1155800,mitigat-ny-prod+test_meta_forms,,(not set),TRUE,Smart (fetch on change),TRUE,No,source Mitigation_Measures is not in the in-scope source list,(deferred),"None for now - deferred from the fetch-mode sweep because source Mitigation_Measures is not in the in-scope source list. Every component set to Force (always re-fetch) re-queries on every mount, so the sweep is deliberately limited. It keeps behaving as Smart (fetch on change).",Deferred - out of narrowed scope,Deferred,,,
T6-C693,T6-001,1300890,https://county_template.devmny.org/the_risk/natural_hazards/avalanche,the_risk/natural_hazards/avalanche,1544721,Capabilities,2176986,0700164d-e79b-487d-bcfb-30485def30ca,Card,v1,sourceInfo,55,,LHMP_IA,LHMP_IA [test-meta-forms],internal,1441680,1441681,mitigat-ny-prod+test-meta-forms,,(not set),TRUE,Smart (fetch on change),TRUE,No,source LHMP_IA is not in the in-scope source list,(deferred),"None for now - deferred from the fetch-mode sweep because source LHMP_IA is not in the in-scope source list. Every component set to Force (always re-fetch) re-queries on every mount, so the sweep is deliberately limited. It keeps behaving as Smart (fetch on change).",Deferred - out of narrowed scope,Deferred,,,
T6-C152,T6-001,1300890,https://county_template.devmny.org/the_risk/natural_hazards/avalanche,the_risk/natural_hazards/avalanche,1544721,(untitled Card),2176989,7b47cfb4-dbfd-4990-9a62-6003956bc2e2,Card,v2,externalSource,58,TRUE,LHMP_IA,LHMP_IA [test_meta_forms],internal,1441680,1441681,mitigat-ny-prod+test_meta_forms,,(not set),TRUE,Smart (fetch on change),TRUE,No,source LHMP_IA is not in the in-scope source list,(deferred),"None for now - deferred from the fetch-mode sweep because source LHMP_IA is not in the in-scope source list. Every component set to Force (always re-fetch) re-queries on every mount, so the sweep is deliberately limited. It keeps behaving as Smart (fetch on change).",Deferred - out of narrowed scope,Deferred,,,"Hidden from view (data.hideInView), so it never renders and the setting has no runtime effect today - set it anyway for template consistency, or defer. Owner decision."
T6-C694,T6-001,1300890,https://county_template.devmny.org/the_risk/natural_hazards/avalanche,the_risk/natural_hazards/avalanche,1544721,Actions,2176991,0700164d-e79b-487d-bcfb-30485def30ca,Card,v1,sourceInfo,60,,LHMP_IA,LHMP_IA [test-meta-forms],internal,1441680,1441681,mitigat-ny-prod+test-meta-forms,,(not set),TRUE,Smart (fetch on change),TRUE,No,source LHMP_IA is not in the in-scope source list,(deferred),"None for now - deferred from the fetch-mode sweep because source LHMP_IA is not in the in-scope source list. Every component set to Force (always re-fetch) re-queries on every mount, so the sweep is deliberately limited. It keeps behaving as Smart (fetch on change).",Deferred - out of narrowed scope,Deferred,,,
T6-C156,T6-001,1300890,https://county_template.devmny.org/the_risk/natural_hazards/avalanche,the_risk/natural_hazards/avalanche,1544721,(untitled Card),2176996,eaea3217-67c6-401c-aaf3-392b9173b5c7,Card,v2,externalSource,65,TRUE,LHMP_IA,LHMP_IA [test_meta_forms],internal,1441680,1441681,mitigat-ny-prod+test_meta_forms,,(not set),TRUE,Smart (fetch on change),TRUE,No,source LHMP_IA is not in the in-scope source list,(deferred),"None for now - deferred from the fetch-mode sweep because source LHMP_IA is not in the in-scope source list. Every component set to Force (always re-fetch) re-queries on every mount, so the sweep is deliberately limited. It keeps behaving as Smart (fetch on change).",Deferred - out of narrowed scope,Deferred,,,"Hidden from view (data.hideInView), so it never renders and the setting has no runtime effect today - set it anyway for template consistency, or defer. Owner decision."
T6-C157,T6-001,1300890,https://county_template.devmny.org/the_risk/natural_hazards/coastal_hazards,the_risk/natural_hazards/coastal_hazards,1544317,(untitled Card),1544196,e501e808-6217-486e-bd86-1ce7f435aa14,Card,v2,externalSource,1,,AVAIL - Fusion Events V2,AVAIL - Fusion Events V2 [external],external,870,1648,hazmit_dama,,(not set),TRUE,Smart (fetch on change),TRUE,No,source AVAIL - Fusion Events V2 is not in the in-scope source list,(deferred),"None for now - deferred from the fetch-mode sweep because source AVAIL - Fusion Events V2 is not in the in-scope source list. Every component set to Force (always re-fetch) re-queries on every mount, so the sweep is deliberately limited. It keeps behaving as Smart (fetch on change).",Deferred - out of narrowed scope,Deferred,,,
T6-C159,T6-001,1300890,https://county_template.devmny.org/the_risk/natural_hazards/coastal_hazards,the_risk/natural_hazards/coastal_hazards,1544317,(untitled Card),1544197,b5e7c5ed-0c3f-48ba-8102-b35508c6fa2f,Card,v2,externalSource,3,,NRI Counties - Hazard Normalized,NRI Counties - Hazard Normalized [external],external,1508,1982,hazmit_dama,,(not set),TRUE,Smart (fetch on change),TRUE,No,source NRI Counties - Hazard Normalized is not in the in-scope source list,(deferred),"None for now - deferred from the fetch-mode sweep because source NRI Counties - Hazard Normalized is not in the in-scope source list. Every component set to Force (always re-fetch) re-queries on every mount, so the sweep is deliberately limited. It keeps behaving as Smart (fetch on change).",Deferred - out of narrowed scope,Deferred,,,
T6-C160,T6-001,1300890,https://county_template.devmny.org/the_risk/natural_hazards/coastal_hazards,the_risk/natural_hazards/coastal_hazards,1544317,(untitled Card),1544198,5f88f7a5-19bf-4b85-b039-de50c4f2fb8a,Card,v2,externalSource,4,,AVAIL - Fusion Events V2,AVAIL - Fusion Events V2 [external],external,870,1648,hazmit_dama,,(not set),TRUE,Smart (fetch on change),TRUE,No,source AVAIL - Fusion Events V2 is not in the in-scope source list,(deferred),"None for now - deferred from the fetch-mode sweep because source AVAIL - Fusion Events V2 is not in the in-scope source list. Every component set to Force (always re-fetch) re-queries on every mount, so the sweep is deliberately limited. It keeps behaving as Smart (fetch on change).",Deferred - out of narrowed scope,Deferred,,,
T6-C695,T6-001,1300890,https://county_template.devmny.org/the_risk/natural_hazards/coastal_hazards,the_risk/natural_hazards/coastal_hazards,1544317,Overview,1544195,b50f6b90-a250-43a9-a963-648dc7bac6aa,Card,v2,externalSource,5,,LHMP_IA,LHMP_IA [test-meta-forms],internal,1441680,1441681,mitigat-ny-prod+test-meta-forms,,(not set),TRUE,Smart (fetch on change),TRUE,No,source LHMP_IA is not in the in-scope source list,(deferred),"None for now - deferred from the fetch-mode sweep because source LHMP_IA is not in the in-scope source list. Every component set to Force (always re-fetch) re-queries on every mount, so the sweep is deliberately limited. It keeps behaving as Smart (fetch on change).",Deferred - out of narrowed scope,Deferred,,,
T6-C161,T6-001,1300890,https://county_template.devmny.org/the_risk/natural_hazards/coastal_hazards,the_risk/natural_hazards/coastal_hazards,1544317,(untitled Card),1544200,edcd023e-c7de-41db-b683-9d4c9297599c,Card,v2,externalSource,7,,LHMP_IA,LHMP_IA [test_meta_forms],internal,1441680,1441681,mitigat-ny-prod+test_meta_forms,,(not set),TRUE,Smart (fetch on change),TRUE,No,source LHMP_IA is not in the in-scope source list,(deferred),"None for now - deferred from the fetch-mode sweep because source LHMP_IA is not in the in-scope source list. Every component set to Force (always re-fetch) re-queries on every mount, so the sweep is deliberately limited. It keeps behaving as Smart (fetch on change).",Deferred - out of narrowed scope,Deferred,,,
T6-C696,T6-001,1300890,https://county_template.devmny.org/the_risk/natural_hazards/coastal_hazards,the_risk/natural_hazards/coastal_hazards,1544317,General Vulnerability,1544202,b50f6b90-a250-43a9-a963-648dc7bac6aa,Card,v1,sourceInfo,10,,LHMP_IA,LHMP_IA [test-meta-forms],internal,1441680,1441681,mitigat-ny-prod+test-meta-forms,,(not set),TRUE,Smart (fetch on change),TRUE,No,source LHMP_IA is not in the in-scope source list,(deferred),"None for now - deferred from the fetch-mode sweep because source LHMP_IA is not in the in-scope source list. Every component set to Force (always re-fetch) re-queries on every mount, so the sweep is deliberately limited. It keeps behaving as Smart (fetch on change).",Deferred - out of narrowed scope,Deferred,,,
T6-C697,T6-001,1300890,https://county_template.devmny.org/the_risk/natural_hazards/coastal_hazards,the_risk/natural_hazards/coastal_hazards,1544317,(untitled Card),1544203,ed79611a-6b84-44d7-a646-b86d020b3e05,Card,v1,sourceInfo,11,,LHMP_IA,LHMP_IA [prod],internal,1441680,1441681,mitigat-ny-prod+prod,,(not set),TRUE,Smart (fetch on change),TRUE,No,source LHMP_IA is not in the in-scope source list,(deferred),"None for now - deferred from the fetch-mode sweep because source LHMP_IA is not in the in-scope source list. Every component set to Force (always re-fetch) re-queries on every mount, so the sweep is deliberately limited. It keeps behaving as Smart (fetch on change).",Deferred - out of narrowed scope,Deferred,,,
T6-C698,T6-001,1300890,https://county_template.devmny.org/the_risk/natural_hazards/coastal_hazards,the_risk/natural_hazards/coastal_hazards,1544317,Potential Impacts,1544204,51278763-8812-46ca-a31c-26b96abcde67,Card,v1,sourceInfo,12,,LHMP_IA,LHMP_IA [test-meta-forms],internal,1441680,1441681,mitigat-ny-prod+test-meta-forms,,(not set),TRUE,Smart (fetch on change),TRUE,No,source LHMP_IA is not in the in-scope source list,(deferred),"None for now - deferred from the fetch-mode sweep because source LHMP_IA is not in the in-scope source list. Every component set to Force (always re-fetch) re-queries on every mount, so the sweep is deliberately limited. It keeps behaving as Smart (fetch on change).",Deferred - out of narrowed scope,Deferred,,,
T6-C699,T6-001,1300890,https://county_template.devmny.org/the_risk/natural_hazards/coastal_hazards,the_risk/natural_hazards/coastal_hazards,1544317,(untitled Spreadsheet),1544205,6d5acff2-3136-4acc-ac54-60e1501b8e5e,Spreadsheet,v1,sourceInfo,13,,R_and_V_Matrix,R_and_V_Matrix [prod],internal,1068982,1160864,mitigat-ny-prod+prod,,(not set),TRUE,Smart (fetch on change),TRUE,No,source R_and_V_Matrix is not in the in-scope source list,(deferred),"None for now - deferred from the fetch-mode sweep because source R_and_V_Matrix is not in the in-scope source list. Every component set to Force (always re-fetch) re-queries on every mount, so the sweep is deliberately limited. It keeps behaving as Smart (fetch on change).",Deferred - out of narrowed scope,Deferred,,,
T6-C700,T6-001,1300890,https://county_template.devmny.org/the_risk/natural_hazards/coastal_hazards,the_risk/natural_hazards/coastal_hazards,1544317,Historic Occurrences,1544206,0700164d-e79b-487d-bcfb-30485def30ca,Card,v1,sourceInfo,14,,LHMP_IA,LHMP_IA [test-meta-forms],internal,1441680,1441681,mitigat-ny-prod+test-meta-forms,,(not set),TRUE,Smart (fetch on change),TRUE,No,source LHMP_IA is not in the in-scope source list,(deferred),"None for now - deferred from the fetch-mode sweep because source LHMP_IA is not in the in-scope source list. Every component set to Force (always re-fetch) re-queries on every mount, so the sweep is deliberately limited. It keeps behaving as Smart (fetch on change).",Deferred - out of narrowed scope,Deferred,,,
T6-C162,T6-001,1300890,https://county_template.devmny.org/the_risk/natural_hazards/coastal_hazards,the_risk/natural_hazards/coastal_hazards,1544317,(untitled Card),1544207,7cfa4cbb-ad41-49d0-b4a1-34e9a2011d45,Card,v2,externalSource,15,,LHMP_IA,LHMP_IA [test_meta_forms],internal,1441680,1441681,mitigat-ny-prod+test_meta_forms,,(not set),TRUE,Smart (fetch on change),TRUE,No,source LHMP_IA is not in the in-scope source list,(deferred),"None for now - deferred from the fetch-mode sweep because source LHMP_IA is not in the in-scope source list. Every component set to Force (always re-fetch) re-queries on every mount, so the sweep is deliberately limited. It keeps behaving as Smart (fetch on change).",Deferred - out of narrowed scope,Deferred,,,
T6-C701,T6-001,1300890,https://county_template.devmny.org/the_risk/natural_hazards/coastal_hazards,the_risk/natural_hazards/coastal_hazards,1544317,Total Events and Losses in $: Declared Disasters and Non-Declared Events,1544208,c5c78f29-4ec3-478e-bad2-2388e8a1f53d,Card,v1,sourceInfo,16,,LHMP_IA,LHMP_IA [test-meta-forms],internal,1441680,1441681,mitigat-ny-prod+test-meta-forms,,(not set),TRUE,Smart (fetch on change),TRUE,No,source LHMP_IA is not in the in-scope source list,(deferred),"None for now - deferred from the fetch-mode sweep because source LHMP_IA is not in the in-scope source list. Every component set to Force (always re-fetch) re-queries on every mount, so the sweep is deliberately limited. It keeps behaving as Smart (fetch on change).",Deferred - out of narrowed scope,Deferred,,,
T6-C702,T6-001,1300890,https://county_template.devmny.org/the_risk/natural_hazards/coastal_hazards,the_risk/natural_hazards/coastal_hazards,1544317,(untitled Graph),1544209,5d798134-5ead-487a-82c7-61552c16f0bd,Graph,v1,sourceInfo,17,,AVAIL - Fusion Events V2,AVAIL - Fusion Events V2 [external],external,870,1648,hazmit_dama,,(not set),TRUE,Smart (fetch on change),TRUE,No,source AVAIL - Fusion Events V2 is not in the in-scope source list,(deferred),"None for now - deferred from the fetch-mode sweep because source AVAIL - Fusion Events V2 is not in the in-scope source list. Every component set to Force (always re-fetch) re-queries on every mount, so the sweep is deliberately limited. It keeps behaving as Smart (fetch on change).",Deferred - out of narrowed scope,Deferred,,,
T6-C163,T6-001,1300890,https://county_template.devmny.org/the_risk/natural_hazards/coastal_hazards,the_risk/natural_hazards/coastal_hazards,1544317,(untitled Card),1544210,e0bd653d-ee80-4f64-9d0c-01f158f2d0b4,Card,v2,externalSource,18,,AVAIL - Fusion Events V2,AVAIL - Fusion Events V2 [external],external,870,2401,hazmit_dama,,(not set),TRUE,Smart (fetch on change),TRUE,No,source AVAIL - Fusion Events V2 is not in the in-scope source list,(deferred),"None for now - deferred from the fetch-mode sweep because source AVAIL - Fusion Events V2 is not in the in-scope source list. Every component set to Force (always re-fetch) re-queries on every mount, so the sweep is deliberately limited. It keeps behaving as Smart (fetch on change).",Deferred - out of narrowed scope,Deferred,,,
T6-C164,T6-001,1300890,https://county_template.devmny.org/the_risk/natural_hazards/coastal_hazards,the_risk/natural_hazards/coastal_hazards,1544317,(untitled Card),1544212,dd7b9f34-9244-4aee-8cf5-a55770b3c383,Card,v2,externalSource,20,,LHMP_IA,LHMP_IA [test_meta_forms],internal,1441680,1441681,mitigat-ny-prod+test_meta_forms,,(not set),TRUE,Smart (fetch on change),TRUE,No,source LHMP_IA is not in the in-scope source list,(deferred),"None for now - deferred from the fetch-mode sweep because source LHMP_IA is not in the in-scope source list. Every component set to Force (always re-fetch) re-queries on every mount, so the sweep is deliberately limited. It keeps behaving as Smart (fetch on change).",Deferred - out of narrowed scope,Deferred,,,
T6-C703,T6-001,1300890,https://county_template.devmny.org/the_risk/natural_hazards/coastal_hazards,the_risk/natural_hazards/coastal_hazards,1544317,Total Losses in $ by Year,1544214,d091c90d-202e-46e5-becb-1ef6c9fafb7f,Card,v1,sourceInfo,21,,LHMP_IA,LHMP_IA [test-meta-forms],internal,1441680,1441681,mitigat-ny-prod+test-meta-forms,,(not set),TRUE,Smart (fetch on change),TRUE,No,source LHMP_IA is not in the in-scope source list,(deferred),"None for now - deferred from the fetch-mode sweep because source LHMP_IA is not in the in-scope source list. Every component set to Force (always re-fetch) re-queries on every mount, so the sweep is deliberately limited. It keeps behaving as Smart (fetch on change).",Deferred - out of narrowed scope,Deferred,,,
T6-C165,T6-001,1300890,https://county_template.devmny.org/the_risk/natural_hazards/coastal_hazards,the_risk/natural_hazards/coastal_hazards,1544317,(untitled Graph),1544215,d757d20c-1538-4be1-8fea-0dd5e6417931,Graph,v2,externalSource,22,,AVAIL - Fusion Events V2,AVAIL - Fusion Events V2 [external],external,870,2401,hazmit_dama,,(not set),TRUE,Smart (fetch on change),TRUE,No,source AVAIL - Fusion Events V2 is not in the in-scope source list,(deferred),"None for now - deferred from the fetch-mode sweep because source AVAIL - Fusion Events V2 is not in the in-scope source list. Every component set to Force (always re-fetch) re-queries on every mount, so the sweep is deliberately limited. It keeps behaving as Smart (fetch on change).",Deferred - out of narrowed scope,Deferred,,,
T6-C704,T6-001,1300890,https://county_template.devmny.org/the_risk/natural_hazards/coastal_hazards,the_risk/natural_hazards/coastal_hazards,1544317,Total Losses in $ by Month,1544217,a40dbab4-6a2b-4c92-adab-ffaa966382c6,Card,v1,sourceInfo,23,,LHMP_IA,LHMP_IA [test-meta-forms],internal,1441680,1441681,mitigat-ny-prod+test-meta-forms,,(not set),TRUE,Smart (fetch on change),TRUE,No,source LHMP_IA is not in the in-scope source list,(deferred),"None for now - deferred from the fetch-mode sweep because source LHMP_IA is not in the in-scope source list. Every component set to Force (always re-fetch) re-queries on every mount, so the sweep is deliberately limited. It keeps behaving as Smart (fetch on change).",Deferred - out of narrowed scope,Deferred,,,
T6-C166,T6-001,1300890,https://county_template.devmny.org/the_risk/natural_hazards/coastal_hazards,the_risk/natural_hazards/coastal_hazards,1544317,(untitled Graph),1544218,ac560771-e09b-486b-adeb-d7d21dcc8894,Graph,v2,externalSource,24,,AVAIL - Fusion Events V2,AVAIL - Fusion Events V2 [external],external,870,1648,hazmit_dama,,(not set),TRUE,Smart (fetch on change),TRUE,No,source AVAIL - Fusion Events V2 is not in the in-scope source list,(deferred),"None for now - deferred from the fetch-mode sweep because source AVAIL - Fusion Events V2 is not in the in-scope source list. Every component set to Force (always re-fetch) re-queries on every mount, so the sweep is deliberately limited. It keeps behaving as Smart (fetch on change).",Deferred - out of narrowed scope,Deferred,,,
T6-C705,T6-001,1300890,https://county_template.devmny.org/the_risk/natural_hazards/coastal_hazards,the_risk/natural_hazards/coastal_hazards,1544317,Presidential Disaster Declarations,1544219,51278763-8812-46ca-a31c-26b96abcde67,Card,v1,sourceInfo,25,,LHMP_IA,LHMP_IA [test-meta-forms],internal,1441680,1441681,mitigat-ny-prod+test-meta-forms,,(not set),TRUE,Smart (fetch on change),TRUE,No,source LHMP_IA is not in the in-scope source list,(deferred),"None for now - deferred from the fetch-mode sweep because source LHMP_IA is not in the in-scope source list. Every component set to Force (always re-fetch) re-queries on every mount, so the sweep is deliberately limited. It keeps behaving as Smart (fetch on change).",Deferred - out of narrowed scope,Deferred,,,
T6-C706,T6-001,1300890,https://county_template.devmny.org/the_risk/natural_hazards/coastal_hazards,the_risk/natural_hazards/coastal_hazards,1544317,(untitled Card),1544220,e64cbc3b-5174-4f81-8a61-1eac390b2a09,Card,v1,sourceInfo,26,,LHMP_IA,LHMP_IA [test-meta-forms],internal,1441680,1441681,mitigat-ny-prod+test-meta-forms,,(not set),TRUE,Smart (fetch on change),TRUE,No,source LHMP_IA is not in the in-scope source list,(deferred),"None for now - deferred from the fetch-mode sweep because source LHMP_IA is not in the in-scope source list. Every component set to Force (always re-fetch) re-queries on every mount, so the sweep is deliberately limited. It keeps behaving as Smart (fetch on change).",Deferred - out of narrowed scope,Deferred,,,
T6-C707,T6-001,1300890,https://county_template.devmny.org/the_risk/natural_hazards/coastal_hazards,the_risk/natural_hazards/coastal_hazards,1544317,(untitled Spreadsheet),1544221,640f61a5-08a0-40e4-8324-d4d065bd6e03,Spreadsheet,v1,sourceInfo,27,,AVAIL - Fusion Events V2,AVAIL - Fusion Events V2 [external],external,870,1648,hazmit_dama,,(not set),TRUE,Smart (fetch on change),TRUE,No,source AVAIL - Fusion Events V2 is not in the in-scope source list,(deferred),"None for now - deferred from the fetch-mode sweep because source AVAIL - Fusion Events V2 is not in the in-scope source list. Every component set to Force (always re-fetch) re-queries on every mount, so the sweep is deliberately limited. It keeps behaving as Smart (fetch on change).",Deferred - out of narrowed scope,Deferred,,,
T6-C708,T6-001,1300890,https://county_template.devmny.org/the_risk/natural_hazards/coastal_hazards,the_risk/natural_hazards/coastal_hazards,1544317,Other Hazard Events,1544223,51278763-8812-46ca-a31c-26b96abcde67,Card,v1,sourceInfo,30,,LHMP_IA,LHMP_IA [test-meta-forms],internal,1441680,1441681,mitigat-ny-prod+test-meta-forms,,(not set),TRUE,Smart (fetch on change),TRUE,No,source LHMP_IA is not in the in-scope source list,(deferred),"None for now - deferred from the fetch-mode sweep because source LHMP_IA is not in the in-scope source list. Every component set to Force (always re-fetch) re-queries on every mount, so the sweep is deliberately limited. It keeps behaving as Smart (fetch on change).",Deferred - out of narrowed scope,Deferred,,,
T6-C167,T6-001,1300890,https://county_template.devmny.org/the_risk/natural_hazards/coastal_hazards,the_risk/natural_hazards/coastal_hazards,1544317,(untitled Card),1544224,f5392893-fc72-4005-b595-c9d92a1c5561,Card,v2,externalSource,31,,LHMP_IA,LHMP_IA [test_meta_forms],internal,1441680,1441681,mitigat-ny-prod+test_meta_forms,,(not set),TRUE,Smart (fetch on change),TRUE,No,source LHMP_IA is not in the in-scope source list,(deferred),"None for now - deferred from the fetch-mode sweep because source LHMP_IA is not in the in-scope source list. Every component set to Force (always re-fetch) re-queries on every mount, so the sweep is deliberately limited. It keeps behaving as Smart (fetch on change).",Deferred - out of narrowed scope,Deferred,,,
T6-C168,T6-001,1300890,https://county_template.devmny.org/the_risk/natural_hazards/coastal_hazards,the_risk/natural_hazards/coastal_hazards,1544317,(untitled Spreadsheet),1544225,f9007ce9-6ec1-4dc6-9341-61606e78e8bf,Spreadsheet,v2,externalSource,32,,AVAIL - Fusion Events V2,AVAIL - Fusion Events V2 [external],external,870,2401,hazmit_dama,,(not set),TRUE,Smart (fetch on change),TRUE,No,source AVAIL - Fusion Events V2 is not in the in-scope source list,(deferred),"None for now - deferred from the fetch-mode sweep because source AVAIL - Fusion Events V2 is not in the in-scope source list. Every component set to Force (always re-fetch) re-queries on every mount, so the sweep is deliberately limited. It keeps behaving as Smart (fetch on change).",Deferred - out of narrowed scope,Deferred,,,
T6-C169,T6-001,1300890,https://county_template.devmny.org/the_risk/natural_hazards/coastal_hazards,the_risk/natural_hazards/coastal_hazards,1544317,(untitled Card),1544229,cd53270c-448a-415d-9ac7-82da4e3b41b0,Card,v2,externalSource,38,TRUE,LHMP_IA,LHMP_IA [test_meta_forms],internal,1441680,1441681,mitigat-ny-prod+test_meta_forms,,(not set),TRUE,Smart (fetch on change),TRUE,No,source LHMP_IA is not in the in-scope source list,(deferred),"None for now - deferred from the fetch-mode sweep because source LHMP_IA is not in the in-scope source list. Every component set to Force (always re-fetch) re-queries on every mount, so the sweep is deliberately limited. It keeps behaving as Smart (fetch on change).",Deferred - out of narrowed scope,Deferred,,,"Hidden from view (data.hideInView), so it never renders and the setting has no runtime effect today - set it anyway for template consistency, or defer. Owner decision."
T6-C709,T6-001,1300890,https://county_template.devmny.org/the_risk/natural_hazards/coastal_hazards,the_risk/natural_hazards/coastal_hazards,1544317,Modeled Risk,1544232,0700164d-e79b-487d-bcfb-30485def30ca,Card,v1,sourceInfo,42,,LHMP_IA,LHMP_IA [test-meta-forms],internal,1441680,1441681,mitigat-ny-prod+test-meta-forms,,(not set),TRUE,Smart (fetch on change),TRUE,No,source LHMP_IA is not in the in-scope source list,(deferred),"None for now - deferred from the fetch-mode sweep because source LHMP_IA is not in the in-scope source list. Every component set to Force (always re-fetch) re-queries on every mount, so the sweep is deliberately limited. It keeps behaving as Smart (fetch on change).",Deferred - out of narrowed scope,Deferred,,,
T6-C710,T6-001,1300890,https://county_template.devmny.org/the_risk/natural_hazards/coastal_hazards,the_risk/natural_hazards/coastal_hazards,1544317,(untitled Card),1544233,b11239ee-eec3-4e89-ad22-7ecb42c7726b,Card,v1,sourceInfo,43,,NRI Counties - Hazard Normalized,NRI Counties - Hazard Normalized [external],external,1508,1982,hazmit_dama,,(not set),TRUE,Smart (fetch on change),TRUE,No,source NRI Counties - Hazard Normalized is not in the in-scope source list,(deferred),"None for now - deferred from the fetch-mode sweep because source NRI Counties - Hazard Normalized is not in the in-scope source list. Every component set to Force (always re-fetch) re-queries on every mount, so the sweep is deliberately limited. It keeps behaving as Smart (fetch on change).",Deferred - out of narrowed scope,Deferred,,,
T6-C711,T6-001,1300890,https://county_template.devmny.org/the_risk/natural_hazards/coastal_hazards,the_risk/natural_hazards/coastal_hazards,1544317,Built Environment,1544235,61d0ccfa-80c7-4060-ba76-68955e498e29,Card,v1,sourceInfo,45,,LHMP_IA,LHMP_IA [test-meta-forms],internal,1441680,1441681,mitigat-ny-prod+test-meta-forms,,(not set),TRUE,Smart (fetch on change),TRUE,No,source LHMP_IA is not in the in-scope source list,(deferred),"None for now - deferred from the fetch-mode sweep because source LHMP_IA is not in the in-scope source list. Every component set to Force (always re-fetch) re-queries on every mount, so the sweep is deliberately limited. It keeps behaving as Smart (fetch on change).",Deferred - out of narrowed scope,Deferred,,,
T6-C712,T6-001,1300890,https://county_template.devmny.org/the_risk/natural_hazards/coastal_hazards,the_risk/natural_hazards/coastal_hazards,1544317,People and Communities,1544244,3a0a2294-233d-4fe2-b55c-e3b9b3daa12c,Card,v1,sourceInfo,48,,LHMP_IA,LHMP_IA [test-meta-forms],internal,1441680,1441681,mitigat-ny-prod+test-meta-forms,,(not set),TRUE,Smart (fetch on change),TRUE,No,source LHMP_IA is not in the in-scope source list,(deferred),"None for now - deferred from the fetch-mode sweep because source LHMP_IA is not in the in-scope source list. Every component set to Force (always re-fetch) re-queries on every mount, so the sweep is deliberately limited. It keeps behaving as Smart (fetch on change).",Deferred - out of narrowed scope,Deferred,,,
T6-C713,T6-001,1300890,https://county_template.devmny.org/the_risk/natural_hazards/coastal_hazards,the_risk/natural_hazards/coastal_hazards,1544317,Natural Environment,1544250,ea09c597-9874-4421-9e43-66d97fb97913,Card,v1,sourceInfo,51,,LHMP_IA,LHMP_IA [test-meta-forms],internal,1441680,1441681,mitigat-ny-prod+test-meta-forms,,(not set),TRUE,Smart (fetch on change),TRUE,No,source LHMP_IA is not in the in-scope source list,(deferred),"None for now - deferred from the fetch-mode sweep because source LHMP_IA is not in the in-scope source list. Every component set to Force (always re-fetch) re-queries on every mount, so the sweep is deliberately limited. It keeps behaving as Smart (fetch on change).",Deferred - out of narrowed scope,Deferred,,,
T6-C714,T6-001,1300890,https://county_template.devmny.org/the_risk/natural_hazards/coastal_hazards,the_risk/natural_hazards/coastal_hazards,1544317,Strategies,1544260,0700164d-e79b-487d-bcfb-30485def30ca,Card,v1,sourceInfo,54,,LHMP_IA,LHMP_IA [test-meta-forms],internal,1441680,1441681,mitigat-ny-prod+test-meta-forms,,(not set),TRUE,Smart (fetch on change),TRUE,No,source LHMP_IA is not in the in-scope source list,(deferred),"None for now - deferred from the fetch-mode sweep because source LHMP_IA is not in the in-scope source list. Every component set to Force (always re-fetch) re-queries on every mount, so the sweep is deliberately limited. It keeps behaving as Smart (fetch on change).",Deferred - out of narrowed scope,Deferred,,,
T6-C715,T6-001,1300890,https://county_template.devmny.org/the_risk/natural_hazards/coastal_hazards,the_risk/natural_hazards/coastal_hazards,1544317,Measures Inventory,1544266,c8e666a4-8eb8-4e50-9d74-9cd2ec69c505,Spreadsheet,v2,externalSource,55,,Mitigation_Measures,Mitigation_Measures [test_meta_forms],internal,1068274,1155800,mitigat-ny-prod+test_meta_forms,,(not set),TRUE,Smart (fetch on change),TRUE,No,source Mitigation_Measures is not in the in-scope source list,(deferred),"None for now - deferred from the fetch-mode sweep because source Mitigation_Measures is not in the in-scope source list. Every component set to Force (always re-fetch) re-queries on every mount, so the sweep is deliberately limited. It keeps behaving as Smart (fetch on change).",Deferred - out of narrowed scope,Deferred,,,
T6-C716,T6-001,1300890,https://county_template.devmny.org/the_risk/natural_hazards/coastal_hazards,the_risk/natural_hazards/coastal_hazards,1544317,Capabilities,1544270,0700164d-e79b-487d-bcfb-30485def30ca,Card,v1,sourceInfo,56,,LHMP_IA,LHMP_IA [test-meta-forms],internal,1441680,1441681,mitigat-ny-prod+test-meta-forms,,(not set),TRUE,Smart (fetch on change),TRUE,No,source LHMP_IA is not in the in-scope source list,(deferred),"None for now - deferred from the fetch-mode sweep because source LHMP_IA is not in the in-scope source list. Every component set to Force (always re-fetch) re-queries on every mount, so the sweep is deliberately limited. It keeps behaving as Smart (fetch on change).",Deferred - out of narrowed scope,Deferred,,,
T6-C171,T6-001,1300890,https://county_template.devmny.org/the_risk/natural_hazards/coastal_hazards,the_risk/natural_hazards/coastal_hazards,1544317,(untitled Card),1544276,7b47cfb4-dbfd-4990-9a62-6003956bc2e2,Card,v2,externalSource,59,TRUE,LHMP_IA,LHMP_IA [test_meta_forms],internal,1441680,1441681,mitigat-ny-prod+test_meta_forms,,(not set),TRUE,Smart (fetch on change),TRUE,No,source LHMP_IA is not in the in-scope source list,(deferred),"None for now - deferred from the fetch-mode sweep because source LHMP_IA is not in the in-scope source list. Every component set to Force (always re-fetch) re-queries on every mount, so the sweep is deliberately limited. It keeps behaving as Smart (fetch on change).",Deferred - out of narrowed scope,Deferred,,,"Hidden from view (data.hideInView), so it never renders and the setting has no runtime effect today - set it anyway for template consistency, or defer. Owner decision."
T6-C717,T6-001,1300890,https://county_template.devmny.org/the_risk/natural_hazards/coastal_hazards,the_risk/natural_hazards/coastal_hazards,1544317,Actions,1544285,0700164d-e79b-487d-bcfb-30485def30ca,Card,v1,sourceInfo,61,,LHMP_IA,LHMP_IA [test-meta-forms],internal,1441680,1441681,mitigat-ny-prod+test-meta-forms,,(not set),TRUE,Smart (fetch on change),TRUE,No,source LHMP_IA is not in the in-scope source list,(deferred),"None for now - deferred from the fetch-mode sweep because source LHMP_IA is not in the in-scope source list. Every component set to Force (always re-fetch) re-queries on every mount, so the sweep is deliberately limited. It keeps behaving as Smart (fetch on change).",Deferred - out of narrowed scope,Deferred,,,
T6-C174,T6-001,1300890,https://county_template.devmny.org/the_risk/natural_hazards/coastal_hazards,the_risk/natural_hazards/coastal_hazards,1544317,(untitled Card),1978603,416e58df-d947-410f-a00d-213e1273dd23,Card,v2,externalSource,65,TRUE,LHMP_IA,LHMP_IA [test_meta_forms],internal,1441680,1441681,mitigat-ny-prod+test_meta_forms,,(not set),TRUE,Smart (fetch on change),TRUE,No,source LHMP_IA is not in the in-scope source list,(deferred),"None for now - deferred from the fetch-mode sweep because source LHMP_IA is not in the in-scope source list. Every component set to Force (always re-fetch) re-queries on every mount, so the sweep is deliberately limited. It keeps behaving as Smart (fetch on change).",Deferred - out of narrowed scope,Deferred,,,"Hidden from view (data.hideInView), so it never renders and the setting has no runtime effect today - set it anyway for template consistency, or defer. Owner decision."
T6-C176,T6-001,1300890,https://county_template.devmny.org/the_risk/natural_hazards/drought,the_risk/natural_hazards/drought,1545217,(untitled Card),1898194,e501e808-6217-486e-bd86-1ce7f435aa14,Card,v2,externalSource,1,,AVAIL - Fusion Events V2,AVAIL - Fusion Events V2 [external],external,870,1648,hazmit_dama,,(not set),TRUE,Smart (fetch on change),TRUE,No,source AVAIL - Fusion Events V2 is not in the in-scope source list,(deferred),"None for now - deferred from the fetch-mode sweep because source AVAIL - Fusion Events V2 is not in the in-scope source list. Every component set to Force (always re-fetch) re-queries on every mount, so the sweep is deliberately limited. It keeps behaving as Smart (fetch on change).",Deferred - out of narrowed scope,Deferred,,,
T6-C178,T6-001,1300890,https://county_template.devmny.org/the_risk/natural_hazards/drought,the_risk/natural_hazards/drought,1545217,(untitled Card),1898196,b5e7c5ed-0c3f-48ba-8102-b35508c6fa2f,Card,v2,externalSource,3,,NRI Counties - Hazard Normalized,NRI Counties - Hazard Normalized [external],external,1508,1982,hazmit_dama,,(not set),TRUE,Smart (fetch on change),TRUE,No,source NRI Counties - Hazard Normalized is not in the in-scope source list,(deferred),"None for now - deferred from the fetch-mode sweep because source NRI Counties - Hazard Normalized is not in the in-scope source list. Every component set to Force (always re-fetch) re-queries on every mount, so the sweep is deliberately limited. It keeps behaving as Smart (fetch on change).",Deferred - out of narrowed scope,Deferred,,,
T6-C179,T6-001,1300890,https://county_template.devmny.org/the_risk/natural_hazards/drought,the_risk/natural_hazards/drought,1545217,(untitled Card),1898197,5f88f7a5-19bf-4b85-b039-de50c4f2fb8a,Card,v2,externalSource,4,,AVAIL - Fusion Events V2,AVAIL - Fusion Events V2 [external],external,870,1648,hazmit_dama,,(not set),TRUE,Smart (fetch on change),TRUE,No,source AVAIL - Fusion Events V2 is not in the in-scope source list,(deferred),"None for now - deferred from the fetch-mode sweep because source AVAIL - Fusion Events V2 is not in the in-scope source list. Every component set to Force (always re-fetch) re-queries on every mount, so the sweep is deliberately limited. It keeps behaving as Smart (fetch on change).",Deferred - out of narrowed scope,Deferred,,,
T6-C180,T6-001,1300890,https://county_template.devmny.org/the_risk/natural_hazards/drought,the_risk/natural_hazards/drought,1545217,Overview,1898193,b50f6b90-a250-43a9-a963-648dc7bac6aa,Card,v2,externalSource,5,,LHMP_IA,LHMP_IA [test-meta-forms],internal,1441680,1441681,mitigat-ny-prod+test-meta-forms,,(not set),TRUE,Smart (fetch on change),TRUE,No,source LHMP_IA is not in the in-scope source list,(deferred),"None for now - deferred from the fetch-mode sweep because source LHMP_IA is not in the in-scope source list. Every component set to Force (always re-fetch) re-queries on every mount, so the sweep is deliberately limited. It keeps behaving as Smart (fetch on change).",Deferred - out of narrowed scope,Deferred,,,
T6-C181,T6-001,1300890,https://county_template.devmny.org/the_risk/natural_hazards/drought,the_risk/natural_hazards/drought,1545217,(untitled Card),1898199,edcd023e-c7de-41db-b683-9d4c9297599c,Card,v2,externalSource,7,,LHMP_IA,LHMP_IA [test_meta_forms],internal,1441680,1441681,mitigat-ny-prod+test_meta_forms,,(not set),TRUE,Smart (fetch on change),TRUE,No,source LHMP_IA is not in the in-scope source list,(deferred),"None for now - deferred from the fetch-mode sweep because source LHMP_IA is not in the in-scope source list. Every component set to Force (always re-fetch) re-queries on every mount, so the sweep is deliberately limited. It keeps behaving as Smart (fetch on change).",Deferred - out of narrowed scope,Deferred,,,
T6-C182,T6-001,1300890,https://county_template.devmny.org/the_risk/natural_hazards/drought,the_risk/natural_hazards/drought,1545217,General Vulnerability,1898201,b50f6b90-a250-43a9-a963-648dc7bac6aa,Card,v2,externalSource,10,,LHMP_IA,LHMP_IA [test-meta-forms],internal,1441680,1441681,mitigat-ny-prod+test-meta-forms,,(not set),TRUE,Smart (fetch on change),TRUE,No,source LHMP_IA is not in the in-scope source list,(deferred),"None for now - deferred from the fetch-mode sweep because source LHMP_IA is not in the in-scope source list. Every component set to Force (always re-fetch) re-queries on every mount, so the sweep is deliberately limited. It keeps behaving as Smart (fetch on change).",Deferred - out of narrowed scope,Deferred,,,
T6-C718,T6-001,1300890,https://county_template.devmny.org/the_risk/natural_hazards/drought,the_risk/natural_hazards/drought,1545217,(untitled Card),1898202,ed79611a-6b84-44d7-a646-b86d020b3e05,Card,v1,sourceInfo,11,,LHMP_IA,LHMP_IA [prod],internal,1441680,1441681,mitigat-ny-prod+prod,,(not set),TRUE,Smart (fetch on change),TRUE,No,source LHMP_IA is not in the in-scope source list,(deferred),"None for now - deferred from the fetch-mode sweep because source LHMP_IA is not in the in-scope source list. Every component set to Force (always re-fetch) re-queries on every mount, so the sweep is deliberately limited. It keeps behaving as Smart (fetch on change).",Deferred - out of narrowed scope,Deferred,,,
T6-C719,T6-001,1300890,https://county_template.devmny.org/the_risk/natural_hazards/drought,the_risk/natural_hazards/drought,1545217,Potential Impacts,1898203,51278763-8812-46ca-a31c-26b96abcde67,Card,v1,sourceInfo,12,,LHMP_IA,LHMP_IA [test-meta-forms],internal,1441680,1441681,mitigat-ny-prod+test-meta-forms,,(not set),TRUE,Smart (fetch on change),TRUE,No,source LHMP_IA is not in the in-scope source list,(deferred),"None for now - deferred from the fetch-mode sweep because source LHMP_IA is not in the in-scope source list. Every component set to Force (always re-fetch) re-queries on every mount, so the sweep is deliberately limited. It keeps behaving as Smart (fetch on change).",Deferred - out of narrowed scope,Deferred,,,
T6-C720,T6-001,1300890,https://county_template.devmny.org/the_risk/natural_hazards/drought,the_risk/natural_hazards/drought,1545217,(untitled Spreadsheet),1898204,6d5acff2-3136-4acc-ac54-60e1501b8e5e,Spreadsheet,v1,sourceInfo,13,,R_and_V_Matrix,R_and_V_Matrix [prod],internal,1068982,1160864,mitigat-ny-prod+prod,,(not set),TRUE,Smart (fetch on change),TRUE,No,source R_and_V_Matrix is not in the in-scope source list,(deferred),"None for now - deferred from the fetch-mode sweep because source R_and_V_Matrix is not in the in-scope source list. Every component set to Force (always re-fetch) re-queries on every mount, so the sweep is deliberately limited. It keeps behaving as Smart (fetch on change).",Deferred - out of narrowed scope,Deferred,,,
T6-C183,T6-001,1300890,https://county_template.devmny.org/the_risk/natural_hazards/drought,the_risk/natural_hazards/drought,1545217,Historic Occurrences,1898205,0700164d-e79b-487d-bcfb-30485def30ca,Card,v2,externalSource,14,,LHMP_IA,LHMP_IA [test-meta-forms],internal,1441680,1441681,mitigat-ny-prod+test-meta-forms,,(not set),TRUE,Smart (fetch on change),TRUE,No,source LHMP_IA is not in the in-scope source list,(deferred),"None for now - deferred from the fetch-mode sweep because source LHMP_IA is not in the in-scope source list. Every component set to Force (always re-fetch) re-queries on every mount, so the sweep is deliberately limited. It keeps behaving as Smart (fetch on change).",Deferred - out of narrowed scope,Deferred,,,
T6-C184,T6-001,1300890,https://county_template.devmny.org/the_risk/natural_hazards/drought,the_risk/natural_hazards/drought,1545217,(untitled Card),1898206,7cfa4cbb-ad41-49d0-b4a1-34e9a2011d45,Card,v2,externalSource,15,,LHMP_IA,LHMP_IA [test_meta_forms],internal,1441680,1441681,mitigat-ny-prod+test_meta_forms,,(not set),TRUE,Smart (fetch on change),TRUE,No,source LHMP_IA is not in the in-scope source list,(deferred),"None for now - deferred from the fetch-mode sweep because source LHMP_IA is not in the in-scope source list. Every component set to Force (always re-fetch) re-queries on every mount, so the sweep is deliberately limited. It keeps behaving as Smart (fetch on change).",Deferred - out of narrowed scope,Deferred,,,
T6-C721,T6-001,1300890,https://county_template.devmny.org/the_risk/natural_hazards/drought,the_risk/natural_hazards/drought,1545217,Total Events and Losses in $: Declared Disasters and Non-Declared Events,1898207,c5c78f29-4ec3-478e-bad2-2388e8a1f53d,Card,v1,sourceInfo,16,,LHMP_IA,LHMP_IA [test-meta-forms],internal,1441680,1441681,mitigat-ny-prod+test-meta-forms,,(not set),TRUE,Smart (fetch on change),TRUE,No,source LHMP_IA is not in the in-scope source list,(deferred),"None for now - deferred from the fetch-mode sweep because source LHMP_IA is not in the in-scope source list. Every component set to Force (always re-fetch) re-queries on every mount, so the sweep is deliberately limited. It keeps behaving as Smart (fetch on change).",Deferred - out of narrowed scope,Deferred,,,
T6-C722,T6-001,1300890,https://county_template.devmny.org/the_risk/natural_hazards/drought,the_risk/natural_hazards/drought,1545217,(untitled Graph),1898208,5d798134-5ead-487a-82c7-61552c16f0bd,Graph,v1,sourceInfo,17,,AVAIL - Fusion Events V2,AVAIL - Fusion Events V2 [external],external,870,1648,hazmit_dama,,(not set),TRUE,Smart (fetch on change),TRUE,No,source AVAIL - Fusion Events V2 is not in the in-scope source list,(deferred),"None for now - deferred from the fetch-mode sweep because source AVAIL - Fusion Events V2 is not in the in-scope source list. Every component set to Force (always re-fetch) re-queries on every mount, so the sweep is deliberately limited. It keeps behaving as Smart (fetch on change).",Deferred - out of narrowed scope,Deferred,,,
T6-C185,T6-001,1300890,https://county_template.devmny.org/the_risk/natural_hazards/drought,the_risk/natural_hazards/drought,1545217,(untitled Card),1898209,e0bd653d-ee80-4f64-9d0c-01f158f2d0b4,Card,v2,externalSource,18,,AVAIL - Fusion Events V2,AVAIL - Fusion Events V2 [external],external,870,2401,hazmit_dama,,(not set),TRUE,Smart (fetch on change),TRUE,No,source AVAIL - Fusion Events V2 is not in the in-scope source list,(deferred),"None for now - deferred from the fetch-mode sweep because source AVAIL - Fusion Events V2 is not in the in-scope source list. Every component set to Force (always re-fetch) re-queries on every mount, so the sweep is deliberately limited. It keeps behaving as Smart (fetch on change).",Deferred - out of narrowed scope,Deferred,,,
T6-C723,T6-001,1300890,https://county_template.devmny.org/the_risk/natural_hazards/drought,the_risk/natural_hazards/drought,1545217,Total Losses in $ by Year,1898212,d091c90d-202e-46e5-becb-1ef6c9fafb7f,Card,v1,sourceInfo,20,,LHMP_IA,LHMP_IA [test-meta-forms],internal,1441680,1441681,mitigat-ny-prod+test-meta-forms,,(not set),TRUE,Smart (fetch on change),TRUE,No,source LHMP_IA is not in the in-scope source list,(deferred),"None for now - deferred from the fetch-mode sweep because source LHMP_IA is not in the in-scope source list. Every component set to Force (always re-fetch) re-queries on every mount, so the sweep is deliberately limited. It keeps behaving as Smart (fetch on change).",Deferred - out of narrowed scope,Deferred,,,
T6-C186,T6-001,1300890,https://county_template.devmny.org/the_risk/natural_hazards/drought,the_risk/natural_hazards/drought,1545217,(untitled Graph),1898213,d757d20c-1538-4be1-8fea-0dd5e6417931,Graph,v2,externalSource,21,,AVAIL - Fusion Events V2,AVAIL - Fusion Events V2 [external],external,870,2401,hazmit_dama,,(not set),TRUE,Smart (fetch on change),TRUE,No,source AVAIL - Fusion Events V2 is not in the in-scope source list,(deferred),"None for now - deferred from the fetch-mode sweep because source AVAIL - Fusion Events V2 is not in the in-scope source list. Every component set to Force (always re-fetch) re-queries on every mount, so the sweep is deliberately limited. It keeps behaving as Smart (fetch on change).",Deferred - out of narrowed scope,Deferred,,,
T6-C724,T6-001,1300890,https://county_template.devmny.org/the_risk/natural_hazards/drought,the_risk/natural_hazards/drought,1545217,Total Losses in $ by Month,1898215,a40dbab4-6a2b-4c92-adab-ffaa966382c6,Card,v1,sourceInfo,22,,LHMP_IA,LHMP_IA [test-meta-forms],internal,1441680,1441681,mitigat-ny-prod+test-meta-forms,,(not set),TRUE,Smart (fetch on change),TRUE,No,source LHMP_IA is not in the in-scope source list,(deferred),"None for now - deferred from the fetch-mode sweep because source LHMP_IA is not in the in-scope source list. Every component set to Force (always re-fetch) re-queries on every mount, so the sweep is deliberately limited. It keeps behaving as Smart (fetch on change).",Deferred - out of narrowed scope,Deferred,,,
T6-C187,T6-001,1300890,https://county_template.devmny.org/the_risk/natural_hazards/drought,the_risk/natural_hazards/drought,1545217,(untitled Graph),1898216,ac560771-e09b-486b-adeb-d7d21dcc8894,Graph,v2,externalSource,23,,AVAIL - Fusion Events V2,AVAIL - Fusion Events V2 [external],external,870,2401,hazmit_dama,,(not set),TRUE,Smart (fetch on change),TRUE,No,source AVAIL - Fusion Events V2 is not in the in-scope source list,(deferred),"None for now - deferred from the fetch-mode sweep because source AVAIL - Fusion Events V2 is not in the in-scope source list. Every component set to Force (always re-fetch) re-queries on every mount, so the sweep is deliberately limited. It keeps behaving as Smart (fetch on change).",Deferred - out of narrowed scope,Deferred,,,
T6-C725,T6-001,1300890,https://county_template.devmny.org/the_risk/natural_hazards/drought,the_risk/natural_hazards/drought,1545217,Presidential Disaster Declarations,1898217,51278763-8812-46ca-a31c-26b96abcde67,Card,v1,sourceInfo,24,,LHMP_IA,LHMP_IA [test-meta-forms],internal,1441680,1441681,mitigat-ny-prod+test-meta-forms,,(not set),TRUE,Smart (fetch on change),TRUE,No,source LHMP_IA is not in the in-scope source list,(deferred),"None for now - deferred from the fetch-mode sweep because source LHMP_IA is not in the in-scope source list. Every component set to Force (always re-fetch) re-queries on every mount, so the sweep is deliberately limited. It keeps behaving as Smart (fetch on change).",Deferred - out of narrowed scope,Deferred,,,
T6-C726,T6-001,1300890,https://county_template.devmny.org/the_risk/natural_hazards/drought,the_risk/natural_hazards/drought,1545217,(untitled Card),1977384,d586c9e6-4107-46fe-a039-4430a0f13750,Card,v1,sourceInfo,25,,LHMP_IA,LHMP_IA [test-meta-forms],internal,1441680,1441681,mitigat-ny-prod+test-meta-forms,,(not set),TRUE,Smart (fetch on change),TRUE,No,source LHMP_IA is not in the in-scope source list,(deferred),"None for now - deferred from the fetch-mode sweep because source LHMP_IA is not in the in-scope source list. Every component set to Force (always re-fetch) re-queries on every mount, so the sweep is deliberately limited. It keeps behaving as Smart (fetch on change).",Deferred - out of narrowed scope,Deferred,,,
T6-C727,T6-001,1300890,https://county_template.devmny.org/the_risk/natural_hazards/drought,the_risk/natural_hazards/drought,1545217,(untitled Spreadsheet),1898219,640f61a5-08a0-40e4-8324-d4d065bd6e03,Spreadsheet,v1,sourceInfo,26,,AVAIL - Fusion Events V2,AVAIL - Fusion Events V2 [external],external,870,1648,hazmit_dama,,(not set),TRUE,Smart (fetch on change),TRUE,No,source AVAIL - Fusion Events V2 is not in the in-scope source list,(deferred),"None for now - deferred from the fetch-mode sweep because source AVAIL - Fusion Events V2 is not in the in-scope source list. Every component set to Force (always re-fetch) re-queries on every mount, so the sweep is deliberately limited. It keeps behaving as Smart (fetch on change).",Deferred - out of narrowed scope,Deferred,,,
T6-C728,T6-001,1300890,https://county_template.devmny.org/the_risk/natural_hazards/drought,the_risk/natural_hazards/drought,1545217,Other Hazard Events,1898222,51278763-8812-46ca-a31c-26b96abcde67,Card,v1,sourceInfo,29,,LHMP_IA,LHMP_IA [test-meta-forms],internal,1441680,1441681,mitigat-ny-prod+test-meta-forms,,(not set),TRUE,Smart (fetch on change),TRUE,No,source LHMP_IA is not in the in-scope source list,(deferred),"None for now - deferred from the fetch-mode sweep because source LHMP_IA is not in the in-scope source list. Every component set to Force (always re-fetch) re-queries on every mount, so the sweep is deliberately limited. It keeps behaving as Smart (fetch on change).",Deferred - out of narrowed scope,Deferred,,,
T6-C188,T6-001,1300890,https://county_template.devmny.org/the_risk/natural_hazards/drought,the_risk/natural_hazards/drought,1545217,(untitled Card),1898223,f5392893-fc72-4005-b595-c9d92a1c5561,Card,v2,externalSource,30,,LHMP_IA,LHMP_IA [test_meta_forms],internal,1441680,1441681,mitigat-ny-prod+test_meta_forms,,(not set),TRUE,Smart (fetch on change),TRUE,No,source LHMP_IA is not in the in-scope source list,(deferred),"None for now - deferred from the fetch-mode sweep because source LHMP_IA is not in the in-scope source list. Every component set to Force (always re-fetch) re-queries on every mount, so the sweep is deliberately limited. It keeps behaving as Smart (fetch on change).",Deferred - out of narrowed scope,Deferred,,,
T6-C189,T6-001,1300890,https://county_template.devmny.org/the_risk/natural_hazards/drought,the_risk/natural_hazards/drought,1545217,(untitled Spreadsheet),1898224,f9007ce9-6ec1-4dc6-9341-61606e78e8bf,Spreadsheet,v2,externalSource,31,,AVAIL - Fusion Events V2,AVAIL - Fusion Events V2 [external],external,870,2401,hazmit_dama,,(not set),TRUE,Smart (fetch on change),TRUE,No,source AVAIL - Fusion Events V2 is not in the in-scope source list,(deferred),"None for now - deferred from the fetch-mode sweep because source AVAIL - Fusion Events V2 is not in the in-scope source list. Every component set to Force (always re-fetch) re-queries on every mount, so the sweep is deliberately limited. It keeps behaving as Smart (fetch on change).",Deferred - out of narrowed scope,Deferred,,,
T6-C190,T6-001,1300890,https://county_template.devmny.org/the_risk/natural_hazards/drought,the_risk/natural_hazards/drought,1545217,(untitled Card),1898230,cd53270c-448a-415d-9ac7-82da4e3b41b0,Card,v2,externalSource,37,TRUE,LHMP_IA,LHMP_IA [test_meta_forms],internal,1441680,1441681,mitigat-ny-prod+test_meta_forms,,(not set),TRUE,Smart (fetch on change),TRUE,No,source LHMP_IA is not in the in-scope source list,(deferred),"None for now - deferred from the fetch-mode sweep because source LHMP_IA is not in the in-scope source list. Every component set to Force (always re-fetch) re-queries on every mount, so the sweep is deliberately limited. It keeps behaving as Smart (fetch on change).",Deferred - out of narrowed scope,Deferred,,,"Hidden from view (data.hideInView), so it never renders and the setting has no runtime effect today - set it anyway for template consistency, or defer. Owner decision."
T6-C192,T6-001,1300890,https://county_template.devmny.org/the_risk/natural_hazards/drought,the_risk/natural_hazards/drought,1545217,Modeled Risk,1898234,0700164d-e79b-487d-bcfb-30485def30ca,Card,v2,externalSource,41,,LHMP_IA,LHMP_IA [test-meta-forms],internal,1441680,1441681,mitigat-ny-prod+test-meta-forms,,(not set),TRUE,Smart (fetch on change),TRUE,No,source LHMP_IA is not in the in-scope source list,(deferred),"None for now - deferred from the fetch-mode sweep because source LHMP_IA is not in the in-scope source list. Every component set to Force (always re-fetch) re-queries on every mount, so the sweep is deliberately limited. It keeps behaving as Smart (fetch on change).",Deferred - out of narrowed scope,Deferred,,,
T6-C729,T6-001,1300890,https://county_template.devmny.org/the_risk/natural_hazards/drought,the_risk/natural_hazards/drought,1545217,(untitled Card),1898235,b11239ee-eec3-4e89-ad22-7ecb42c7726b,Card,v1,sourceInfo,42,,NRI Counties - Hazard Normalized,NRI Counties - Hazard Normalized [external],external,1508,1982,hazmit_dama,,(not set),TRUE,Smart (fetch on change),TRUE,No,source NRI Counties - Hazard Normalized is not in the in-scope source list,(deferred),"None for now - deferred from the fetch-mode sweep because source NRI Counties - Hazard Normalized is not in the in-scope source list. Every component set to Force (always re-fetch) re-queries on every mount, so the sweep is deliberately limited. It keeps behaving as Smart (fetch on change).",Deferred - out of narrowed scope,Deferred,,,
T6-C193,T6-001,1300890,https://county_template.devmny.org/the_risk/natural_hazards/drought,the_risk/natural_hazards/drought,1545217,Built Environment,1898237,61d0ccfa-80c7-4060-ba76-68955e498e29,Card,v2,externalSource,44,,LHMP_IA,LHMP_IA [test-meta-forms],internal,1441680,1441681,mitigat-ny-prod+test-meta-forms,,(not set),TRUE,Smart (fetch on change),TRUE,No,source LHMP_IA is not in the in-scope source list,(deferred),"None for now - deferred from the fetch-mode sweep because source LHMP_IA is not in the in-scope source list. Every component set to Force (always re-fetch) re-queries on every mount, so the sweep is deliberately limited. It keeps behaving as Smart (fetch on change).",Deferred - out of narrowed scope,Deferred,,,
T6-C194,T6-001,1300890,https://county_template.devmny.org/the_risk/natural_hazards/drought,the_risk/natural_hazards/drought,1545217,People and Communities,1898240,3a0a2294-233d-4fe2-b55c-e3b9b3daa12c,Card,v2,externalSource,47,,LHMP_IA,LHMP_IA [test-meta-forms],internal,1441680,1441681,mitigat-ny-prod+test-meta-forms,,(not set),TRUE,Smart (fetch on change),TRUE,No,source LHMP_IA is not in the in-scope source list,(deferred),"None for now - deferred from the fetch-mode sweep because source LHMP_IA is not in the in-scope source list. Every component set to Force (always re-fetch) re-queries on every mount, so the sweep is deliberately limited. It keeps behaving as Smart (fetch on change).",Deferred - out of narrowed scope,Deferred,,,
T6-C195,T6-001,1300890,https://county_template.devmny.org/the_risk/natural_hazards/drought,the_risk/natural_hazards/drought,1545217,Natural Environment,1898243,ea09c597-9874-4421-9e43-66d97fb97913,Card,v2,externalSource,50,,LHMP_IA,LHMP_IA [test-meta-forms],internal,1441680,1441681,mitigat-ny-prod+test-meta-forms,,(not set),TRUE,Smart (fetch on change),TRUE,No,source LHMP_IA is not in the in-scope source list,(deferred),"None for now - deferred from the fetch-mode sweep because source LHMP_IA is not in the in-scope source list. Every component set to Force (always re-fetch) re-queries on every mount, so the sweep is deliberately limited. It keeps behaving as Smart (fetch on change).",Deferred - out of narrowed scope,Deferred,,,
T6-C730,T6-001,1300890,https://county_template.devmny.org/the_risk/natural_hazards/drought,the_risk/natural_hazards/drought,1545217,Strategies,1898247,0700164d-e79b-487d-bcfb-30485def30ca,Card,v1,sourceInfo,53,,LHMP_IA,LHMP_IA [test-meta-forms],internal,1441680,1441681,mitigat-ny-prod+test-meta-forms,,(not set),TRUE,Smart (fetch on change),TRUE,No,source LHMP_IA is not in the in-scope source list,(deferred),"None for now - deferred from the fetch-mode sweep because source LHMP_IA is not in the in-scope source list. Every component set to Force (always re-fetch) re-queries on every mount, so the sweep is deliberately limited. It keeps behaving as Smart (fetch on change).",Deferred - out of narrowed scope,Deferred,,,
T6-C731,T6-001,1300890,https://county_template.devmny.org/the_risk/natural_hazards/drought,the_risk/natural_hazards/drought,1545217,Measures Inventory,1898248,c8e666a4-8eb8-4e50-9d74-9cd2ec69c505,Spreadsheet,v2,externalSource,54,,Mitigation_Measures,Mitigation_Measures [test_meta_forms],internal,1068274,1155800,mitigat-ny-prod+test_meta_forms,,(not set),TRUE,Smart (fetch on change),TRUE,No,source Mitigation_Measures is not in the in-scope source list,(deferred),"None for now - deferred from the fetch-mode sweep because source Mitigation_Measures is not in the in-scope source list. Every component set to Force (always re-fetch) re-queries on every mount, so the sweep is deliberately limited. It keeps behaving as Smart (fetch on change).",Deferred - out of narrowed scope,Deferred,,,
T6-C732,T6-001,1300890,https://county_template.devmny.org/the_risk/natural_hazards/drought,the_risk/natural_hazards/drought,1545217,Capabilities,1898249,0700164d-e79b-487d-bcfb-30485def30ca,Card,v1,sourceInfo,55,,LHMP_IA,LHMP_IA [test-meta-forms],internal,1441680,1441681,mitigat-ny-prod+test-meta-forms,,(not set),TRUE,Smart (fetch on change),TRUE,No,source LHMP_IA is not in the in-scope source list,(deferred),"None for now - deferred from the fetch-mode sweep because source LHMP_IA is not in the in-scope source list. Every component set to Force (always re-fetch) re-queries on every mount, so the sweep is deliberately limited. It keeps behaving as Smart (fetch on change).",Deferred - out of narrowed scope,Deferred,,,
T6-C196,T6-001,1300890,https://county_template.devmny.org/the_risk/natural_hazards/drought,the_risk/natural_hazards/drought,1545217,(untitled Card),1898252,7b47cfb4-dbfd-4990-9a62-6003956bc2e2,Card,v2,externalSource,58,TRUE,LHMP_IA,LHMP_IA [test_meta_forms],internal,1441680,1441681,mitigat-ny-prod+test_meta_forms,,(not set),TRUE,Smart (fetch on change),TRUE,No,source LHMP_IA is not in the in-scope source list,(deferred),"None for now - deferred from the fetch-mode sweep because source LHMP_IA is not in the in-scope source list. Every component set to Force (always re-fetch) re-queries on every mount, so the sweep is deliberately limited. It keeps behaving as Smart (fetch on change).",Deferred - out of narrowed scope,Deferred,,,"Hidden from view (data.hideInView), so it never renders and the setting has no runtime effect today - set it anyway for template consistency, or defer. Owner decision."
T6-C733,T6-001,1300890,https://county_template.devmny.org/the_risk/natural_hazards/drought,the_risk/natural_hazards/drought,1545217,Actions,1898254,0700164d-e79b-487d-bcfb-30485def30ca,Card,v1,sourceInfo,60,,LHMP_IA,LHMP_IA [prod],internal,1441680,1441681,mitigat-ny-prod+prod,,(not set),TRUE,Smart (fetch on change),TRUE,No,source LHMP_IA is not in the in-scope source list,(deferred),"None for now - deferred from the fetch-mode sweep because source LHMP_IA is not in the in-scope source list. Every component set to Force (always re-fetch) re-queries on every mount, so the sweep is deliberately limited. It keeps behaving as Smart (fetch on change).",Deferred - out of narrowed scope,Deferred,,,
T6-C200,T6-001,1300890,https://county_template.devmny.org/the_risk/natural_hazards/earthquake,the_risk/natural_hazards/earthquake,1544597,(untitled Card),1544537,e501e808-6217-486e-bd86-1ce7f435aa14,Card,v2,externalSource,1,,AVAIL - Fusion Events V2,AVAIL - Fusion Events V2 [external],external,870,1648,hazmit_dama,,(not set),TRUE,Smart (fetch on change),TRUE,No,source AVAIL - Fusion Events V2 is not in the in-scope source list,(deferred),"None for now - deferred from the fetch-mode sweep because source AVAIL - Fusion Events V2 is not in the in-scope source list. Every component set to Force (always re-fetch) re-queries on every mount, so the sweep is deliberately limited. It keeps behaving as Smart (fetch on change).",Deferred - out of narrowed scope,Deferred,,,
T6-C202,T6-001,1300890,https://county_template.devmny.org/the_risk/natural_hazards/earthquake,the_risk/natural_hazards/earthquake,1544597,(untitled Card),1544538,b5e7c5ed-0c3f-48ba-8102-b35508c6fa2f,Card,v2,externalSource,3,,NRI Counties - Hazard Normalized,NRI Counties - Hazard Normalized [external],external,1508,1982,hazmit_dama,,(not set),TRUE,Smart (fetch on change),TRUE,No,source NRI Counties - Hazard Normalized is not in the in-scope source list,(deferred),"None for now - deferred from the fetch-mode sweep because source NRI Counties - Hazard Normalized is not in the in-scope source list. Every component set to Force (always re-fetch) re-queries on every mount, so the sweep is deliberately limited. It keeps behaving as Smart (fetch on change).",Deferred - out of narrowed scope,Deferred,,,
T6-C203,T6-001,1300890,https://county_template.devmny.org/the_risk/natural_hazards/earthquake,the_risk/natural_hazards/earthquake,1544597,(untitled Card),1544539,5f88f7a5-19bf-4b85-b039-de50c4f2fb8a,Card,v2,externalSource,4,,AVAIL - Fusion Events V2,AVAIL - Fusion Events V2 [external],external,870,1648,hazmit_dama,,(not set),TRUE,Smart (fetch on change),TRUE,No,source AVAIL - Fusion Events V2 is not in the in-scope source list,(deferred),"None for now - deferred from the fetch-mode sweep because source AVAIL - Fusion Events V2 is not in the in-scope source list. Every component set to Force (always re-fetch) re-queries on every mount, so the sweep is deliberately limited. It keeps behaving as Smart (fetch on change).",Deferred - out of narrowed scope,Deferred,,,
T6-C734,T6-001,1300890,https://county_template.devmny.org/the_risk/natural_hazards/earthquake,the_risk/natural_hazards/earthquake,1544597,Overview,1544536,b50f6b90-a250-43a9-a963-648dc7bac6aa,Card,v2,externalSource,5,,LHMP_IA,LHMP_IA [test-meta-forms],internal,1441680,1441681,mitigat-ny-prod+test-meta-forms,,(not set),TRUE,Smart (fetch on change),TRUE,No,source LHMP_IA is not in the in-scope source list,(deferred),"None for now - deferred from the fetch-mode sweep because source LHMP_IA is not in the in-scope source list. Every component set to Force (always re-fetch) re-queries on every mount, so the sweep is deliberately limited. It keeps behaving as Smart (fetch on change).",Deferred - out of narrowed scope,Deferred,,,
T6-C204,T6-001,1300890,https://county_template.devmny.org/the_risk/natural_hazards/earthquake,the_risk/natural_hazards/earthquake,1544597,(untitled Card),1544541,edcd023e-c7de-41db-b683-9d4c9297599c,Card,v2,externalSource,7,,LHMP_IA,LHMP_IA [test_meta_forms],internal,1441680,1441681,mitigat-ny-prod+test_meta_forms,,(not set),TRUE,Smart (fetch on change),TRUE,No,source LHMP_IA is not in the in-scope source list,(deferred),"None for now - deferred from the fetch-mode sweep because source LHMP_IA is not in the in-scope source list. Every component set to Force (always re-fetch) re-queries on every mount, so the sweep is deliberately limited. It keeps behaving as Smart (fetch on change).",Deferred - out of narrowed scope,Deferred,,,
T6-C735,T6-001,1300890,https://county_template.devmny.org/the_risk/natural_hazards/earthquake,the_risk/natural_hazards/earthquake,1544597,General Vulnerability,1544543,b50f6b90-a250-43a9-a963-648dc7bac6aa,Card,v1,sourceInfo,10,,LHMP_IA,LHMP_IA [test-meta-forms],internal,1441680,1441681,mitigat-ny-prod+test-meta-forms,,(not set),TRUE,Smart (fetch on change),TRUE,No,source LHMP_IA is not in the in-scope source list,(deferred),"None for now - deferred from the fetch-mode sweep because source LHMP_IA is not in the in-scope source list. Every component set to Force (always re-fetch) re-queries on every mount, so the sweep is deliberately limited. It keeps behaving as Smart (fetch on change).",Deferred - out of narrowed scope,Deferred,,,
T6-C736,T6-001,1300890,https://county_template.devmny.org/the_risk/natural_hazards/earthquake,the_risk/natural_hazards/earthquake,1544597,(untitled Card),1544544,ed79611a-6b84-44d7-a646-b86d020b3e05,Card,v1,sourceInfo,11,,LHMP_IA,LHMP_IA [prod],internal,1441680,1441681,mitigat-ny-prod+prod,,(not set),TRUE,Smart (fetch on change),TRUE,No,source LHMP_IA is not in the in-scope source list,(deferred),"None for now - deferred from the fetch-mode sweep because source LHMP_IA is not in the in-scope source list. Every component set to Force (always re-fetch) re-queries on every mount, so the sweep is deliberately limited. It keeps behaving as Smart (fetch on change).",Deferred - out of narrowed scope,Deferred,,,
T6-C737,T6-001,1300890,https://county_template.devmny.org/the_risk/natural_hazards/earthquake,the_risk/natural_hazards/earthquake,1544597,Potential Impacts,1544545,51278763-8812-46ca-a31c-26b96abcde67,Card,v1,sourceInfo,12,,LHMP_IA,LHMP_IA [test-meta-forms],internal,1441680,1441681,mitigat-ny-prod+test-meta-forms,,(not set),TRUE,Smart (fetch on change),TRUE,No,source LHMP_IA is not in the in-scope source list,(deferred),"None for now - deferred from the fetch-mode sweep because source LHMP_IA is not in the in-scope source list. Every component set to Force (always re-fetch) re-queries on every mount, so the sweep is deliberately limited. It keeps behaving as Smart (fetch on change).",Deferred - out of narrowed scope,Deferred,,,
T6-C738,T6-001,1300890,https://county_template.devmny.org/the_risk/natural_hazards/earthquake,the_risk/natural_hazards/earthquake,1544597,(untitled Spreadsheet),1544546,6d5acff2-3136-4acc-ac54-60e1501b8e5e,Spreadsheet,v1,sourceInfo,13,,R_and_V_Matrix,R_and_V_Matrix [prod],internal,1068982,1160864,mitigat-ny-prod+prod,,(not set),TRUE,Smart (fetch on change),TRUE,No,source R_and_V_Matrix is not in the in-scope source list,(deferred),"None for now - deferred from the fetch-mode sweep because source R_and_V_Matrix is not in the in-scope source list. Every component set to Force (always re-fetch) re-queries on every mount, so the sweep is deliberately limited. It keeps behaving as Smart (fetch on change).",Deferred - out of narrowed scope,Deferred,,,
T6-C739,T6-001,1300890,https://county_template.devmny.org/the_risk/natural_hazards/earthquake,the_risk/natural_hazards/earthquake,1544597,Historic Occurrences,1544547,0700164d-e79b-487d-bcfb-30485def30ca,Card,v1,sourceInfo,14,,LHMP_IA,LHMP_IA [test-meta-forms],internal,1441680,1441681,mitigat-ny-prod+test-meta-forms,,(not set),TRUE,Smart (fetch on change),TRUE,No,source LHMP_IA is not in the in-scope source list,(deferred),"None for now - deferred from the fetch-mode sweep because source LHMP_IA is not in the in-scope source list. Every component set to Force (always re-fetch) re-queries on every mount, so the sweep is deliberately limited. It keeps behaving as Smart (fetch on change).",Deferred - out of narrowed scope,Deferred,,,
T6-C205,T6-001,1300890,https://county_template.devmny.org/the_risk/natural_hazards/earthquake,the_risk/natural_hazards/earthquake,1544597,(untitled Card),1544548,7cfa4cbb-ad41-49d0-b4a1-34e9a2011d45,Card,v2,externalSource,15,,LHMP_IA,LHMP_IA [test_meta_forms],internal,1441680,1441681,mitigat-ny-prod+test_meta_forms,,(not set),TRUE,Smart (fetch on change),TRUE,No,source LHMP_IA is not in the in-scope source list,(deferred),"None for now - deferred from the fetch-mode sweep because source LHMP_IA is not in the in-scope source list. Every component set to Force (always re-fetch) re-queries on every mount, so the sweep is deliberately limited. It keeps behaving as Smart (fetch on change).",Deferred - out of narrowed scope,Deferred,,,
T6-C740,T6-001,1300890,https://county_template.devmny.org/the_risk/natural_hazards/earthquake,the_risk/natural_hazards/earthquake,1544597,Total Events and Losses in $: Declared Disasters and Non-Declared Events,1544549,c5c78f29-4ec3-478e-bad2-2388e8a1f53d,Card,v1,sourceInfo,16,,LHMP_IA,LHMP_IA [test-meta-forms],internal,1441680,1441681,mitigat-ny-prod+test-meta-forms,,(not set),TRUE,Smart (fetch on change),TRUE,No,source LHMP_IA is not in the in-scope source list,(deferred),"None for now - deferred from the fetch-mode sweep because source LHMP_IA is not in the in-scope source list. Every component set to Force (always re-fetch) re-queries on every mount, so the sweep is deliberately limited. It keeps behaving as Smart (fetch on change).",Deferred - out of narrowed scope,Deferred,,,
T6-C741,T6-001,1300890,https://county_template.devmny.org/the_risk/natural_hazards/earthquake,the_risk/natural_hazards/earthquake,1544597,(untitled Graph),1544550,5d798134-5ead-487a-82c7-61552c16f0bd,Graph,v1,sourceInfo,17,,AVAIL - Fusion Events V2,AVAIL - Fusion Events V2 [external],external,870,1648,hazmit_dama,,(not set),TRUE,Smart (fetch on change),TRUE,No,source AVAIL - Fusion Events V2 is not in the in-scope source list,(deferred),"None for now - deferred from the fetch-mode sweep because source AVAIL - Fusion Events V2 is not in the in-scope source list. Every component set to Force (always re-fetch) re-queries on every mount, so the sweep is deliberately limited. It keeps behaving as Smart (fetch on change).",Deferred - out of narrowed scope,Deferred,,,
T6-C206,T6-001,1300890,https://county_template.devmny.org/the_risk/natural_hazards/earthquake,the_risk/natural_hazards/earthquake,1544597,(untitled Card),1544551,e0bd653d-ee80-4f64-9d0c-01f158f2d0b4,Card,v2,externalSource,18,,AVAIL - Fusion Events V2,AVAIL - Fusion Events V2 [external],external,870,2401,hazmit_dama,,(not set),TRUE,Smart (fetch on change),TRUE,No,source AVAIL - Fusion Events V2 is not in the in-scope source list,(deferred),"None for now - deferred from the fetch-mode sweep because source AVAIL - Fusion Events V2 is not in the in-scope source list. Every component set to Force (always re-fetch) re-queries on every mount, so the sweep is deliberately limited. It keeps behaving as Smart (fetch on change).",Deferred - out of narrowed scope,Deferred,,,
T6-C742,T6-001,1300890,https://county_template.devmny.org/the_risk/natural_hazards/earthquake,the_risk/natural_hazards/earthquake,1544597,Total Losses in $ by Year,1544555,d091c90d-202e-46e5-becb-1ef6c9fafb7f,Card,v1,sourceInfo,20,,LHMP_IA,LHMP_IA [test-meta-forms],internal,1441680,1441681,mitigat-ny-prod+test-meta-forms,,(not set),TRUE,Smart (fetch on change),TRUE,No,source LHMP_IA is not in the in-scope source list,(deferred),"None for now - deferred from the fetch-mode sweep because source LHMP_IA is not in the in-scope source list. Every component set to Force (always re-fetch) re-queries on every mount, so the sweep is deliberately limited. It keeps behaving as Smart (fetch on change).",Deferred - out of narrowed scope,Deferred,,,
T6-C207,T6-001,1300890,https://county_template.devmny.org/the_risk/natural_hazards/earthquake,the_risk/natural_hazards/earthquake,1544597,(untitled Graph),1544556,d757d20c-1538-4be1-8fea-0dd5e6417931,Graph,v2,externalSource,21,,AVAIL - Fusion Events V2,AVAIL - Fusion Events V2 [external],external,870,2401,hazmit_dama,,(not set),TRUE,Smart (fetch on change),TRUE,No,source AVAIL - Fusion Events V2 is not in the in-scope source list,(deferred),"None for now - deferred from the fetch-mode sweep because source AVAIL - Fusion Events V2 is not in the in-scope source list. Every component set to Force (always re-fetch) re-queries on every mount, so the sweep is deliberately limited. It keeps behaving as Smart (fetch on change).",Deferred - out of narrowed scope,Deferred,,,
T6-C743,T6-001,1300890,https://county_template.devmny.org/the_risk/natural_hazards/earthquake,the_risk/natural_hazards/earthquake,1544597,Total Losses in $ by Month,1544558,a40dbab4-6a2b-4c92-adab-ffaa966382c6,Card,v1,sourceInfo,22,,LHMP_IA,LHMP_IA [test-meta-forms],internal,1441680,1441681,mitigat-ny-prod+test-meta-forms,,(not set),TRUE,Smart (fetch on change),TRUE,No,source LHMP_IA is not in the in-scope source list,(deferred),"None for now - deferred from the fetch-mode sweep because source LHMP_IA is not in the in-scope source list. Every component set to Force (always re-fetch) re-queries on every mount, so the sweep is deliberately limited. It keeps behaving as Smart (fetch on change).",Deferred - out of narrowed scope,Deferred,,,
T6-C208,T6-001,1300890,https://county_template.devmny.org/the_risk/natural_hazards/earthquake,the_risk/natural_hazards/earthquake,1544597,(untitled Graph),1544559,ac560771-e09b-486b-adeb-d7d21dcc8894,Graph,v2,externalSource,23,,AVAIL - Fusion Events V2,AVAIL - Fusion Events V2 [external],external,870,2401,hazmit_dama,,(not set),TRUE,Smart (fetch on change),TRUE,No,source AVAIL - Fusion Events V2 is not in the in-scope source list,(deferred),"None for now - deferred from the fetch-mode sweep because source AVAIL - Fusion Events V2 is not in the in-scope source list. Every component set to Force (always re-fetch) re-queries on every mount, so the sweep is deliberately limited. It keeps behaving as Smart (fetch on change).",Deferred - out of narrowed scope,Deferred,,,
T6-C744,T6-001,1300890,https://county_template.devmny.org/the_risk/natural_hazards/earthquake,the_risk/natural_hazards/earthquake,1544597,Presidential Disaster Declarations,1544560,51278763-8812-46ca-a31c-26b96abcde67,Card,v1,sourceInfo,24,,LHMP_IA,LHMP_IA [test-meta-forms],internal,1441680,1441681,mitigat-ny-prod+test-meta-forms,,(not set),TRUE,Smart (fetch on change),TRUE,No,source LHMP_IA is not in the in-scope source list,(deferred),"None for now - deferred from the fetch-mode sweep because source LHMP_IA is not in the in-scope source list. Every component set to Force (always re-fetch) re-queries on every mount, so the sweep is deliberately limited. It keeps behaving as Smart (fetch on change).",Deferred - out of narrowed scope,Deferred,,,
T6-C745,T6-001,1300890,https://county_template.devmny.org/the_risk/natural_hazards/earthquake,the_risk/natural_hazards/earthquake,1544597,(untitled Card),1978316,553e8ed1-5e87-4027-8f95-3a3128b729fa,Card,v1,sourceInfo,25,,LHMP_IA,LHMP_IA [test-meta-forms],internal,1441680,1441681,mitigat-ny-prod+test-meta-forms,,(not set),TRUE,Smart (fetch on change),TRUE,No,source LHMP_IA is not in the in-scope source list,(deferred),"None for now - deferred from the fetch-mode sweep because source LHMP_IA is not in the in-scope source list. Every component set to Force (always re-fetch) re-queries on every mount, so the sweep is deliberately limited. It keeps behaving as Smart (fetch on change).",Deferred - out of narrowed scope,Deferred,,,
T6-C746,T6-001,1300890,https://county_template.devmny.org/the_risk/natural_hazards/earthquake,the_risk/natural_hazards/earthquake,1544597,(untitled Spreadsheet),1544562,640f61a5-08a0-40e4-8324-d4d065bd6e03,Spreadsheet,v1,sourceInfo,26,,AVAIL - Fusion Events V2,AVAIL - Fusion Events V2 [external],external,870,1648,hazmit_dama,,(not set),TRUE,Smart (fetch on change),TRUE,No,source AVAIL - Fusion Events V2 is not in the in-scope source list,(deferred),"None for now - deferred from the fetch-mode sweep because source AVAIL - Fusion Events V2 is not in the in-scope source list. Every component set to Force (always re-fetch) re-queries on every mount, so the sweep is deliberately limited. It keeps behaving as Smart (fetch on change).",Deferred - out of narrowed scope,Deferred,,,
T6-C747,T6-001,1300890,https://county_template.devmny.org/the_risk/natural_hazards/earthquake,the_risk/natural_hazards/earthquake,1544597,Other Hazard Events,1544564,51278763-8812-46ca-a31c-26b96abcde67,Card,v1,sourceInfo,29,,LHMP_IA,LHMP_IA [test-meta-forms],internal,1441680,1441681,mitigat-ny-prod+test-meta-forms,,(not set),TRUE,Smart (fetch on change),TRUE,No,source LHMP_IA is not in the in-scope source list,(deferred),"None for now - deferred from the fetch-mode sweep because source LHMP_IA is not in the in-scope source list. Every component set to Force (always re-fetch) re-queries on every mount, so the sweep is deliberately limited. It keeps behaving as Smart (fetch on change).",Deferred - out of narrowed scope,Deferred,,,
T6-C209,T6-001,1300890,https://county_template.devmny.org/the_risk/natural_hazards/earthquake,the_risk/natural_hazards/earthquake,1544597,(untitled Card),1544565,f5392893-fc72-4005-b595-c9d92a1c5561,Card,v2,externalSource,30,,LHMP_IA,LHMP_IA [test_meta_forms],internal,1441680,1441681,mitigat-ny-prod+test_meta_forms,,(not set),TRUE,Smart (fetch on change),TRUE,No,source LHMP_IA is not in the in-scope source list,(deferred),"None for now - deferred from the fetch-mode sweep because source LHMP_IA is not in the in-scope source list. Every component set to Force (always re-fetch) re-queries on every mount, so the sweep is deliberately limited. It keeps behaving as Smart (fetch on change).",Deferred - out of narrowed scope,Deferred,,,
T6-C210,T6-001,1300890,https://county_template.devmny.org/the_risk/natural_hazards/earthquake,the_risk/natural_hazards/earthquake,1544597,(untitled Spreadsheet),1544566,f9007ce9-6ec1-4dc6-9341-61606e78e8bf,Spreadsheet,v2,externalSource,31,,AVAIL - Fusion Events V2,AVAIL - Fusion Events V2 [external],external,870,2401,hazmit_dama,,(not set),TRUE,Smart (fetch on change),TRUE,No,source AVAIL - Fusion Events V2 is not in the in-scope source list,(deferred),"None for now - deferred from the fetch-mode sweep because source AVAIL - Fusion Events V2 is not in the in-scope source list. Every component set to Force (always re-fetch) re-queries on every mount, so the sweep is deliberately limited. It keeps behaving as Smart (fetch on change).",Deferred - out of narrowed scope,Deferred,,,
T6-C211,T6-001,1300890,https://county_template.devmny.org/the_risk/natural_hazards/earthquake,the_risk/natural_hazards/earthquake,1544597,(untitled Card),1544570,cd53270c-448a-415d-9ac7-82da4e3b41b0,Card,v2,externalSource,37,TRUE,LHMP_IA,LHMP_IA [test_meta_forms],internal,1441680,1441681,mitigat-ny-prod+test_meta_forms,,(not set),TRUE,Smart (fetch on change),TRUE,No,source LHMP_IA is not in the in-scope source list,(deferred),"None for now - deferred from the fetch-mode sweep because source LHMP_IA is not in the in-scope source list. Every component set to Force (always re-fetch) re-queries on every mount, so the sweep is deliberately limited. It keeps behaving as Smart (fetch on change).",Deferred - out of narrowed scope,Deferred,,,"Hidden from view (data.hideInView), so it never renders and the setting has no runtime effect today - set it anyway for template consistency, or defer. Owner decision."
T6-C748,T6-001,1300890,https://county_template.devmny.org/the_risk/natural_hazards/earthquake,the_risk/natural_hazards/earthquake,1544597,Modeled Risk,1544573,0700164d-e79b-487d-bcfb-30485def30ca,Card,v1,sourceInfo,41,,LHMP_IA,LHMP_IA [test-meta-forms],internal,1441680,1441681,mitigat-ny-prod+test-meta-forms,,(not set),TRUE,Smart (fetch on change),TRUE,No,source LHMP_IA is not in the in-scope source list,(deferred),"None for now - deferred from the fetch-mode sweep because source LHMP_IA is not in the in-scope source list. Every component set to Force (always re-fetch) re-queries on every mount, so the sweep is deliberately limited. It keeps behaving as Smart (fetch on change).",Deferred - out of narrowed scope,Deferred,,,
T6-C749,T6-001,1300890,https://county_template.devmny.org/the_risk/natural_hazards/earthquake,the_risk/natural_hazards/earthquake,1544597,(untitled Card),1544574,b11239ee-eec3-4e89-ad22-7ecb42c7726b,Card,v1,sourceInfo,42,,NRI Counties - Hazard Normalized,NRI Counties - Hazard Normalized [external],external,1508,1982,hazmit_dama,,(not set),TRUE,Smart (fetch on change),TRUE,No,source NRI Counties - Hazard Normalized is not in the in-scope source list,(deferred),"None for now - deferred from the fetch-mode sweep because source NRI Counties - Hazard Normalized is not in the in-scope source list. Every component set to Force (always re-fetch) re-queries on every mount, so the sweep is deliberately limited. It keeps behaving as Smart (fetch on change).",Deferred - out of narrowed scope,Deferred,,,
T6-C750,T6-001,1300890,https://county_template.devmny.org/the_risk/natural_hazards/earthquake,the_risk/natural_hazards/earthquake,1544597,Built Environment,1544576,61d0ccfa-80c7-4060-ba76-68955e498e29,Card,v1,sourceInfo,44,,LHMP_IA,LHMP_IA [test-meta-forms],internal,1441680,1441681,mitigat-ny-prod+test-meta-forms,,(not set),TRUE,Smart (fetch on change),TRUE,No,source LHMP_IA is not in the in-scope source list,(deferred),"None for now - deferred from the fetch-mode sweep because source LHMP_IA is not in the in-scope source list. Every component set to Force (always re-fetch) re-queries on every mount, so the sweep is deliberately limited. It keeps behaving as Smart (fetch on change).",Deferred - out of narrowed scope,Deferred,,,
T6-C751,T6-001,1300890,https://county_template.devmny.org/the_risk/natural_hazards/earthquake,the_risk/natural_hazards/earthquake,1544597,People and Communities,1544578,3a0a2294-233d-4fe2-b55c-e3b9b3daa12c,Card,v1,sourceInfo,47,,LHMP_IA,LHMP_IA [test-meta-forms],internal,1441680,1441681,mitigat-ny-prod+test-meta-forms,,(not set),TRUE,Smart (fetch on change),TRUE,No,source LHMP_IA is not in the in-scope source list,(deferred),"None for now - deferred from the fetch-mode sweep because source LHMP_IA is not in the in-scope source list. Every component set to Force (always re-fetch) re-queries on every mount, so the sweep is deliberately limited. It keeps behaving as Smart (fetch on change).",Deferred - out of narrowed scope,Deferred,,,
T6-C752,T6-001,1300890,https://county_template.devmny.org/the_risk/natural_hazards/earthquake,the_risk/natural_hazards/earthquake,1544597,Natural Environment,1544580,ea09c597-9874-4421-9e43-66d97fb97913,Card,v1,sourceInfo,50,,LHMP_IA,LHMP_IA [test-meta-forms],internal,1441680,1441681,mitigat-ny-prod+test-meta-forms,,(not set),TRUE,Smart (fetch on change),TRUE,No,source LHMP_IA is not in the in-scope source list,(deferred),"None for now - deferred from the fetch-mode sweep because source LHMP_IA is not in the in-scope source list. Every component set to Force (always re-fetch) re-queries on every mount, so the sweep is deliberately limited. It keeps behaving as Smart (fetch on change).",Deferred - out of narrowed scope,Deferred,,,
T6-C753,T6-001,1300890,https://county_template.devmny.org/the_risk/natural_hazards/earthquake,the_risk/natural_hazards/earthquake,1544597,Strategies,1544583,0700164d-e79b-487d-bcfb-30485def30ca,Card,v1,sourceInfo,53,,LHMP_IA,LHMP_IA [test-meta-forms],internal,1441680,1441681,mitigat-ny-prod+test-meta-forms,,(not set),TRUE,Smart (fetch on change),TRUE,No,source LHMP_IA is not in the in-scope source list,(deferred),"None for now - deferred from the fetch-mode sweep because source LHMP_IA is not in the in-scope source list. Every component set to Force (always re-fetch) re-queries on every mount, so the sweep is deliberately limited. It keeps behaving as Smart (fetch on change).",Deferred - out of narrowed scope,Deferred,,,
T6-C754,T6-001,1300890,https://county_template.devmny.org/the_risk/natural_hazards/earthquake,the_risk/natural_hazards/earthquake,1544597,Measures Inventory,1544584,c8e666a4-8eb8-4e50-9d74-9cd2ec69c505,Spreadsheet,v2,externalSource,54,,Mitigation_Measures,Mitigation_Measures [test_meta_forms],internal,1068274,1155800,mitigat-ny-prod+test_meta_forms,,(not set),TRUE,Smart (fetch on change),TRUE,No,source Mitigation_Measures is not in the in-scope source list,(deferred),"None for now - deferred from the fetch-mode sweep because source Mitigation_Measures is not in the in-scope source list. Every component set to Force (always re-fetch) re-queries on every mount, so the sweep is deliberately limited. It keeps behaving as Smart (fetch on change).",Deferred - out of narrowed scope,Deferred,,,
T6-C755,T6-001,1300890,https://county_template.devmny.org/the_risk/natural_hazards/earthquake,the_risk/natural_hazards/earthquake,1544597,Capabilities,1544585,0700164d-e79b-487d-bcfb-30485def30ca,Card,v1,sourceInfo,55,,LHMP_IA,LHMP_IA [test-meta-forms],internal,1441680,1441681,mitigat-ny-prod+test-meta-forms,,(not set),TRUE,Smart (fetch on change),TRUE,No,source LHMP_IA is not in the in-scope source list,(deferred),"None for now - deferred from the fetch-mode sweep because source LHMP_IA is not in the in-scope source list. Every component set to Force (always re-fetch) re-queries on every mount, so the sweep is deliberately limited. It keeps behaving as Smart (fetch on change).",Deferred - out of narrowed scope,Deferred,,,
T6-C213,T6-001,1300890,https://county_template.devmny.org/the_risk/natural_hazards/earthquake,the_risk/natural_hazards/earthquake,1544597,(untitled Card),1544587,7b47cfb4-dbfd-4990-9a62-6003956bc2e2,Card,v2,externalSource,58,TRUE,LHMP_IA,LHMP_IA [test_meta_forms],internal,1441680,1441681,mitigat-ny-prod+test_meta_forms,,(not set),TRUE,Smart (fetch on change),TRUE,No,source LHMP_IA is not in the in-scope source list,(deferred),"None for now - deferred from the fetch-mode sweep because source LHMP_IA is not in the in-scope source list. Every component set to Force (always re-fetch) re-queries on every mount, so the sweep is deliberately limited. It keeps behaving as Smart (fetch on change).",Deferred - out of narrowed scope,Deferred,,,"Hidden from view (data.hideInView), so it never renders and the setting has no runtime effect today - set it anyway for template consistency, or defer. Owner decision."
T6-C756,T6-001,1300890,https://county_template.devmny.org/the_risk/natural_hazards/earthquake,the_risk/natural_hazards/earthquake,1544597,Actions,1544589,0700164d-e79b-487d-bcfb-30485def30ca,Card,v1,sourceInfo,60,,LHMP_IA,LHMP_IA [test-meta-forms],internal,1441680,1441681,mitigat-ny-prod+test-meta-forms,,(not set),TRUE,Smart (fetch on change),TRUE,No,source LHMP_IA is not in the in-scope source list,(deferred),"None for now - deferred from the fetch-mode sweep because source LHMP_IA is not in the in-scope source list. Every component set to Force (always re-fetch) re-queries on every mount, so the sweep is deliberately limited. It keeps behaving as Smart (fetch on change).",Deferred - out of narrowed scope,Deferred,,,
T6-C216,T6-001,1300890,https://county_template.devmny.org/the_risk/natural_hazards/earthquake,the_risk/natural_hazards/earthquake,1544597,(untitled Card),1544593,eaea3217-67c6-401c-aaf3-392b9173b5c7,Card,v2,externalSource,64,TRUE,LHMP_IA,LHMP_IA [test_meta_forms],internal,1441680,1441681,mitigat-ny-prod+test_meta_forms,,(not set),TRUE,Smart (fetch on change),TRUE,No,source LHMP_IA is not in the in-scope source list,(deferred),"None for now - deferred from the fetch-mode sweep because source LHMP_IA is not in the in-scope source list. Every component set to Force (always re-fetch) re-queries on every mount, so the sweep is deliberately limited. It keeps behaving as Smart (fetch on change).",Deferred - out of narrowed scope,Deferred,,,"Hidden from view (data.hideInView), so it never renders and the setting has no runtime effect today - set it anyway for template consistency, or defer. Owner decision."
T6-C218,T6-001,1300890,https://county_template.devmny.org/the_risk/natural_hazards/extreme_cold,the_risk/natural_hazards/extreme_cold,1544845,(untitled Card),1544785,e501e808-6217-486e-bd86-1ce7f435aa14,Card,v2,externalSource,1,,AVAIL - Fusion Events V2,AVAIL - Fusion Events V2 [external],external,870,1648,hazmit_dama,,(not set),TRUE,Smart (fetch on change),TRUE,No,source AVAIL - Fusion Events V2 is not in the in-scope source list,(deferred),"None for now - deferred from the fetch-mode sweep because source AVAIL - Fusion Events V2 is not in the in-scope source list. Every component set to Force (always re-fetch) re-queries on every mount, so the sweep is deliberately limited. It keeps behaving as Smart (fetch on change).",Deferred - out of narrowed scope,Deferred,,,
T6-C220,T6-001,1300890,https://county_template.devmny.org/the_risk/natural_hazards/extreme_cold,the_risk/natural_hazards/extreme_cold,1544845,(untitled Card),1544786,b5e7c5ed-0c3f-48ba-8102-b35508c6fa2f,Card,v2,externalSource,3,,NRI Counties - Hazard Normalized,NRI Counties - Hazard Normalized [external],external,1508,1982,hazmit_dama,,(not set),TRUE,Smart (fetch on change),TRUE,No,source NRI Counties - Hazard Normalized is not in the in-scope source list,(deferred),"None for now - deferred from the fetch-mode sweep because source NRI Counties - Hazard Normalized is not in the in-scope source list. Every component set to Force (always re-fetch) re-queries on every mount, so the sweep is deliberately limited. It keeps behaving as Smart (fetch on change).",Deferred - out of narrowed scope,Deferred,,,
T6-C221,T6-001,1300890,https://county_template.devmny.org/the_risk/natural_hazards/extreme_cold,the_risk/natural_hazards/extreme_cold,1544845,(untitled Card),1544787,5f88f7a5-19bf-4b85-b039-de50c4f2fb8a,Card,v2,externalSource,4,,AVAIL - Fusion Events V2,AVAIL - Fusion Events V2 [external],external,870,1648,hazmit_dama,,(not set),TRUE,Smart (fetch on change),TRUE,No,source AVAIL - Fusion Events V2 is not in the in-scope source list,(deferred),"None for now - deferred from the fetch-mode sweep because source AVAIL - Fusion Events V2 is not in the in-scope source list. Every component set to Force (always re-fetch) re-queries on every mount, so the sweep is deliberately limited. It keeps behaving as Smart (fetch on change).",Deferred - out of narrowed scope,Deferred,,,
T6-C757,T6-001,1300890,https://county_template.devmny.org/the_risk/natural_hazards/extreme_cold,the_risk/natural_hazards/extreme_cold,1544845,Overview,1544784,b50f6b90-a250-43a9-a963-648dc7bac6aa,Card,v2,externalSource,5,,LHMP_IA,LHMP_IA [test-meta-forms],internal,1441680,1441681,mitigat-ny-prod+test-meta-forms,,(not set),TRUE,Smart (fetch on change),TRUE,No,source LHMP_IA is not in the in-scope source list,(deferred),"None for now - deferred from the fetch-mode sweep because source LHMP_IA is not in the in-scope source list. Every component set to Force (always re-fetch) re-queries on every mount, so the sweep is deliberately limited. It keeps behaving as Smart (fetch on change).",Deferred - out of narrowed scope,Deferred,,,
T6-C222,T6-001,1300890,https://county_template.devmny.org/the_risk/natural_hazards/extreme_cold,the_risk/natural_hazards/extreme_cold,1544845,(untitled Card),1544789,edcd023e-c7de-41db-b683-9d4c9297599c,Card,v2,externalSource,7,,LHMP_IA,LHMP_IA [test_meta_forms],internal,1441680,1441681,mitigat-ny-prod+test_meta_forms,,(not set),TRUE,Smart (fetch on change),TRUE,No,source LHMP_IA is not in the in-scope source list,(deferred),"None for now - deferred from the fetch-mode sweep because source LHMP_IA is not in the in-scope source list. Every component set to Force (always re-fetch) re-queries on every mount, so the sweep is deliberately limited. It keeps behaving as Smart (fetch on change).",Deferred - out of narrowed scope,Deferred,,,
T6-C758,T6-001,1300890,https://county_template.devmny.org/the_risk/natural_hazards/extreme_cold,the_risk/natural_hazards/extreme_cold,1544845,General Vulnerability,1544791,b50f6b90-a250-43a9-a963-648dc7bac6aa,Card,v1,sourceInfo,10,,LHMP_IA,LHMP_IA [test-meta-forms],internal,1441680,1441681,mitigat-ny-prod+test-meta-forms,,(not set),TRUE,Smart (fetch on change),TRUE,No,source LHMP_IA is not in the in-scope source list,(deferred),"None for now - deferred from the fetch-mode sweep because source LHMP_IA is not in the in-scope source list. Every component set to Force (always re-fetch) re-queries on every mount, so the sweep is deliberately limited. It keeps behaving as Smart (fetch on change).",Deferred - out of narrowed scope,Deferred,,,
T6-C759,T6-001,1300890,https://county_template.devmny.org/the_risk/natural_hazards/extreme_cold,the_risk/natural_hazards/extreme_cold,1544845,(untitled Card),1544792,ed79611a-6b84-44d7-a646-b86d020b3e05,Card,v1,sourceInfo,11,,LHMP_IA,LHMP_IA [prod],internal,1441680,1441681,mitigat-ny-prod+prod,,(not set),TRUE,Smart (fetch on change),TRUE,No,source LHMP_IA is not in the in-scope source list,(deferred),"None for now - deferred from the fetch-mode sweep because source LHMP_IA is not in the in-scope source list. Every component set to Force (always re-fetch) re-queries on every mount, so the sweep is deliberately limited. It keeps behaving as Smart (fetch on change).",Deferred - out of narrowed scope,Deferred,,,
T6-C760,T6-001,1300890,https://county_template.devmny.org/the_risk/natural_hazards/extreme_cold,the_risk/natural_hazards/extreme_cold,1544845,Potential Impacts,1544793,51278763-8812-46ca-a31c-26b96abcde67,Card,v1,sourceInfo,12,,LHMP_IA,LHMP_IA [test-meta-forms],internal,1441680,1441681,mitigat-ny-prod+test-meta-forms,,(not set),TRUE,Smart (fetch on change),TRUE,No,source LHMP_IA is not in the in-scope source list,(deferred),"None for now - deferred from the fetch-mode sweep because source LHMP_IA is not in the in-scope source list. Every component set to Force (always re-fetch) re-queries on every mount, so the sweep is deliberately limited. It keeps behaving as Smart (fetch on change).",Deferred - out of narrowed scope,Deferred,,,
T6-C761,T6-001,1300890,https://county_template.devmny.org/the_risk/natural_hazards/extreme_cold,the_risk/natural_hazards/extreme_cold,1544845,(untitled Spreadsheet),1544794,6d5acff2-3136-4acc-ac54-60e1501b8e5e,Spreadsheet,v1,sourceInfo,13,,R_and_V_Matrix,R_and_V_Matrix [prod],internal,1068982,1160864,mitigat-ny-prod+prod,,(not set),TRUE,Smart (fetch on change),TRUE,No,source R_and_V_Matrix is not in the in-scope source list,(deferred),"None for now - deferred from the fetch-mode sweep because source R_and_V_Matrix is not in the in-scope source list. Every component set to Force (always re-fetch) re-queries on every mount, so the sweep is deliberately limited. It keeps behaving as Smart (fetch on change).",Deferred - out of narrowed scope,Deferred,,,
T6-C762,T6-001,1300890,https://county_template.devmny.org/the_risk/natural_hazards/extreme_cold,the_risk/natural_hazards/extreme_cold,1544845,Historic Occurrences,1544795,0700164d-e79b-487d-bcfb-30485def30ca,Card,v1,sourceInfo,14,,LHMP_IA,LHMP_IA [test-meta-forms],internal,1441680,1441681,mitigat-ny-prod+test-meta-forms,,(not set),TRUE,Smart (fetch on change),TRUE,No,source LHMP_IA is not in the in-scope source list,(deferred),"None for now - deferred from the fetch-mode sweep because source LHMP_IA is not in the in-scope source list. Every component set to Force (always re-fetch) re-queries on every mount, so the sweep is deliberately limited. It keeps behaving as Smart (fetch on change).",Deferred - out of narrowed scope,Deferred,,,
T6-C223,T6-001,1300890,https://county_template.devmny.org/the_risk/natural_hazards/extreme_cold,the_risk/natural_hazards/extreme_cold,1544845,(untitled Card),1544796,7cfa4cbb-ad41-49d0-b4a1-34e9a2011d45,Card,v2,externalSource,15,,LHMP_IA,LHMP_IA [test_meta_forms],internal,1441680,1441681,mitigat-ny-prod+test_meta_forms,,(not set),TRUE,Smart (fetch on change),TRUE,No,source LHMP_IA is not in the in-scope source list,(deferred),"None for now - deferred from the fetch-mode sweep because source LHMP_IA is not in the in-scope source list. Every component set to Force (always re-fetch) re-queries on every mount, so the sweep is deliberately limited. It keeps behaving as Smart (fetch on change).",Deferred - out of narrowed scope,Deferred,,,
T6-C763,T6-001,1300890,https://county_template.devmny.org/the_risk/natural_hazards/extreme_cold,the_risk/natural_hazards/extreme_cold,1544845,Total Events and Losses in $: Declared Disasters and Non-Declared Events,1544797,c5c78f29-4ec3-478e-bad2-2388e8a1f53d,Card,v1,sourceInfo,16,,LHMP_IA,LHMP_IA [test-meta-forms],internal,1441680,1441681,mitigat-ny-prod+test-meta-forms,,(not set),TRUE,Smart (fetch on change),TRUE,No,source LHMP_IA is not in the in-scope source list,(deferred),"None for now - deferred from the fetch-mode sweep because source LHMP_IA is not in the in-scope source list. Every component set to Force (always re-fetch) re-queries on every mount, so the sweep is deliberately limited. It keeps behaving as Smart (fetch on change).",Deferred - out of narrowed scope,Deferred,,,
T6-C764,T6-001,1300890,https://county_template.devmny.org/the_risk/natural_hazards/extreme_cold,the_risk/natural_hazards/extreme_cold,1544845,(untitled Graph),1544798,5d798134-5ead-487a-82c7-61552c16f0bd,Graph,v1,sourceInfo,17,,AVAIL - Fusion Events V2,AVAIL - Fusion Events V2 [external],external,870,1648,hazmit_dama,,(not set),TRUE,Smart (fetch on change),TRUE,No,source AVAIL - Fusion Events V2 is not in the in-scope source list,(deferred),"None for now - deferred from the fetch-mode sweep because source AVAIL - Fusion Events V2 is not in the in-scope source list. Every component set to Force (always re-fetch) re-queries on every mount, so the sweep is deliberately limited. It keeps behaving as Smart (fetch on change).",Deferred - out of narrowed scope,Deferred,,,
T6-C224,T6-001,1300890,https://county_template.devmny.org/the_risk/natural_hazards/extreme_cold,the_risk/natural_hazards/extreme_cold,1544845,(untitled Card),1544799,e0bd653d-ee80-4f64-9d0c-01f158f2d0b4,Card,v2,externalSource,18,,AVAIL - Fusion Events V2,AVAIL - Fusion Events V2 [external],external,870,2401,hazmit_dama,,(not set),TRUE,Smart (fetch on change),TRUE,No,source AVAIL - Fusion Events V2 is not in the in-scope source list,(deferred),"None for now - deferred from the fetch-mode sweep because source AVAIL - Fusion Events V2 is not in the in-scope source list. Every component set to Force (always re-fetch) re-queries on every mount, so the sweep is deliberately limited. It keeps behaving as Smart (fetch on change).",Deferred - out of narrowed scope,Deferred,,,
T6-C765,T6-001,1300890,https://county_template.devmny.org/the_risk/natural_hazards/extreme_cold,the_risk/natural_hazards/extreme_cold,1544845,Total Losses in $ by Year,1544803,d091c90d-202e-46e5-becb-1ef6c9fafb7f,Card,v1,sourceInfo,20,,LHMP_IA,LHMP_IA [test-meta-forms],internal,1441680,1441681,mitigat-ny-prod+test-meta-forms,,(not set),TRUE,Smart (fetch on change),TRUE,No,source LHMP_IA is not in the in-scope source list,(deferred),"None for now - deferred from the fetch-mode sweep because source LHMP_IA is not in the in-scope source list. Every component set to Force (always re-fetch) re-queries on every mount, so the sweep is deliberately limited. It keeps behaving as Smart (fetch on change).",Deferred - out of narrowed scope,Deferred,,,
T6-C225,T6-001,1300890,https://county_template.devmny.org/the_risk/natural_hazards/extreme_cold,the_risk/natural_hazards/extreme_cold,1544845,(untitled Graph),1544804,d757d20c-1538-4be1-8fea-0dd5e6417931,Graph,v2,externalSource,21,,AVAIL - Fusion Events V2,AVAIL - Fusion Events V2 [external],external,870,2401,hazmit_dama,,(not set),TRUE,Smart (fetch on change),TRUE,No,source AVAIL - Fusion Events V2 is not in the in-scope source list,(deferred),"None for now - deferred from the fetch-mode sweep because source AVAIL - Fusion Events V2 is not in the in-scope source list. Every component set to Force (always re-fetch) re-queries on every mount, so the sweep is deliberately limited. It keeps behaving as Smart (fetch on change).",Deferred - out of narrowed scope,Deferred,,,
T6-C766,T6-001,1300890,https://county_template.devmny.org/the_risk/natural_hazards/extreme_cold,the_risk/natural_hazards/extreme_cold,1544845,Total Losses in $ by Month,1544806,a40dbab4-6a2b-4c92-adab-ffaa966382c6,Card,v1,sourceInfo,22,,LHMP_IA,LHMP_IA [test-meta-forms],internal,1441680,1441681,mitigat-ny-prod+test-meta-forms,,(not set),TRUE,Smart (fetch on change),TRUE,No,source LHMP_IA is not in the in-scope source list,(deferred),"None for now - deferred from the fetch-mode sweep because source LHMP_IA is not in the in-scope source list. Every component set to Force (always re-fetch) re-queries on every mount, so the sweep is deliberately limited. It keeps behaving as Smart (fetch on change).",Deferred - out of narrowed scope,Deferred,,,
T6-C226,T6-001,1300890,https://county_template.devmny.org/the_risk/natural_hazards/extreme_cold,the_risk/natural_hazards/extreme_cold,1544845,(untitled Graph),1544807,ac560771-e09b-486b-adeb-d7d21dcc8894,Graph,v2,externalSource,23,,AVAIL - Fusion Events V2,AVAIL - Fusion Events V2 [external],external,870,2401,hazmit_dama,,(not set),TRUE,Smart (fetch on change),TRUE,No,source AVAIL - Fusion Events V2 is not in the in-scope source list,(deferred),"None for now - deferred from the fetch-mode sweep because source AVAIL - Fusion Events V2 is not in the in-scope source list. Every component set to Force (always re-fetch) re-queries on every mount, so the sweep is deliberately limited. It keeps behaving as Smart (fetch on change).",Deferred - out of narrowed scope,Deferred,,,
T6-C767,T6-001,1300890,https://county_template.devmny.org/the_risk/natural_hazards/extreme_cold,the_risk/natural_hazards/extreme_cold,1544845,Presidential Disaster Declarations,1544808,51278763-8812-46ca-a31c-26b96abcde67,Card,v1,sourceInfo,24,,LHMP_IA,LHMP_IA [test-meta-forms],internal,1441680,1441681,mitigat-ny-prod+test-meta-forms,,(not set),TRUE,Smart (fetch on change),TRUE,No,source LHMP_IA is not in the in-scope source list,(deferred),"None for now - deferred from the fetch-mode sweep because source LHMP_IA is not in the in-scope source list. Every component set to Force (always re-fetch) re-queries on every mount, so the sweep is deliberately limited. It keeps behaving as Smart (fetch on change).",Deferred - out of narrowed scope,Deferred,,,
T6-C768,T6-001,1300890,https://county_template.devmny.org/the_risk/natural_hazards/extreme_cold,the_risk/natural_hazards/extreme_cold,1544845,(untitled Card),1979289,eac9f864-dbf8-4bbb-8d42-95941251d1e0,Card,v1,sourceInfo,25,,LHMP_IA,LHMP_IA [test-meta-forms],internal,1441680,1441681,mitigat-ny-prod+test-meta-forms,,(not set),TRUE,Smart (fetch on change),TRUE,No,source LHMP_IA is not in the in-scope source list,(deferred),"None for now - deferred from the fetch-mode sweep because source LHMP_IA is not in the in-scope source list. Every component set to Force (always re-fetch) re-queries on every mount, so the sweep is deliberately limited. It keeps behaving as Smart (fetch on change).",Deferred - out of narrowed scope,Deferred,,,
T6-C769,T6-001,1300890,https://county_template.devmny.org/the_risk/natural_hazards/extreme_cold,the_risk/natural_hazards/extreme_cold,1544845,(untitled Spreadsheet),1544810,640f61a5-08a0-40e4-8324-d4d065bd6e03,Spreadsheet,v1,sourceInfo,26,,AVAIL - Fusion Events V2,AVAIL - Fusion Events V2 [external],external,870,1648,hazmit_dama,,(not set),TRUE,Smart (fetch on change),TRUE,No,source AVAIL - Fusion Events V2 is not in the in-scope source list,(deferred),"None for now - deferred from the fetch-mode sweep because source AVAIL - Fusion Events V2 is not in the in-scope source list. Every component set to Force (always re-fetch) re-queries on every mount, so the sweep is deliberately limited. It keeps behaving as Smart (fetch on change).",Deferred - out of narrowed scope,Deferred,,,
T6-C770,T6-001,1300890,https://county_template.devmny.org/the_risk/natural_hazards/extreme_cold,the_risk/natural_hazards/extreme_cold,1544845,Other Hazard Events,1544812,51278763-8812-46ca-a31c-26b96abcde67,Card,v1,sourceInfo,29,,LHMP_IA,LHMP_IA [test-meta-forms],internal,1441680,1441681,mitigat-ny-prod+test-meta-forms,,(not set),TRUE,Smart (fetch on change),TRUE,No,source LHMP_IA is not in the in-scope source list,(deferred),"None for now - deferred from the fetch-mode sweep because source LHMP_IA is not in the in-scope source list. Every component set to Force (always re-fetch) re-queries on every mount, so the sweep is deliberately limited. It keeps behaving as Smart (fetch on change).",Deferred - out of narrowed scope,Deferred,,,
T6-C227,T6-001,1300890,https://county_template.devmny.org/the_risk/natural_hazards/extreme_cold,the_risk/natural_hazards/extreme_cold,1544845,(untitled Card),1544813,f5392893-fc72-4005-b595-c9d92a1c5561,Card,v2,externalSource,30,,LHMP_IA,LHMP_IA [test_meta_forms],internal,1441680,1441681,mitigat-ny-prod+test_meta_forms,,(not set),TRUE,Smart (fetch on change),TRUE,No,source LHMP_IA is not in the in-scope source list,(deferred),"None for now - deferred from the fetch-mode sweep because source LHMP_IA is not in the in-scope source list. Every component set to Force (always re-fetch) re-queries on every mount, so the sweep is deliberately limited. It keeps behaving as Smart (fetch on change).",Deferred - out of narrowed scope,Deferred,,,
T6-C228,T6-001,1300890,https://county_template.devmny.org/the_risk/natural_hazards/extreme_cold,the_risk/natural_hazards/extreme_cold,1544845,(untitled Spreadsheet),1544814,f9007ce9-6ec1-4dc6-9341-61606e78e8bf,Spreadsheet,v2,externalSource,31,,AVAIL - Fusion Events V2,AVAIL - Fusion Events V2 [external],external,870,2401,hazmit_dama,,(not set),TRUE,Smart (fetch on change),TRUE,No,source AVAIL - Fusion Events V2 is not in the in-scope source list,(deferred),"None for now - deferred from the fetch-mode sweep because source AVAIL - Fusion Events V2 is not in the in-scope source list. Every component set to Force (always re-fetch) re-queries on every mount, so the sweep is deliberately limited. It keeps behaving as Smart (fetch on change).",Deferred - out of narrowed scope,Deferred,,,
T6-C229,T6-001,1300890,https://county_template.devmny.org/the_risk/natural_hazards/extreme_cold,the_risk/natural_hazards/extreme_cold,1544845,(untitled Card),1544818,cd53270c-448a-415d-9ac7-82da4e3b41b0,Card,v2,externalSource,37,TRUE,LHMP_IA,LHMP_IA [test_meta_forms],internal,1441680,1441681,mitigat-ny-prod+test_meta_forms,,(not set),TRUE,Smart (fetch on change),TRUE,No,source LHMP_IA is not in the in-scope source list,(deferred),"None for now - deferred from the fetch-mode sweep because source LHMP_IA is not in the in-scope source list. Every component set to Force (always re-fetch) re-queries on every mount, so the sweep is deliberately limited. It keeps behaving as Smart (fetch on change).",Deferred - out of narrowed scope,Deferred,,,"Hidden from view (data.hideInView), so it never renders and the setting has no runtime effect today - set it anyway for template consistency, or defer. Owner decision."
T6-C771,T6-001,1300890,https://county_template.devmny.org/the_risk/natural_hazards/extreme_cold,the_risk/natural_hazards/extreme_cold,1544845,Modeled Risk,1544821,0700164d-e79b-487d-bcfb-30485def30ca,Card,v1,sourceInfo,41,,LHMP_IA,LHMP_IA [test-meta-forms],internal,1441680,1441681,mitigat-ny-prod+test-meta-forms,,(not set),TRUE,Smart (fetch on change),TRUE,No,source LHMP_IA is not in the in-scope source list,(deferred),"None for now - deferred from the fetch-mode sweep because source LHMP_IA is not in the in-scope source list. Every component set to Force (always re-fetch) re-queries on every mount, so the sweep is deliberately limited. It keeps behaving as Smart (fetch on change).",Deferred - out of narrowed scope,Deferred,,,
T6-C772,T6-001,1300890,https://county_template.devmny.org/the_risk/natural_hazards/extreme_cold,the_risk/natural_hazards/extreme_cold,1544845,(untitled Card),1544822,b11239ee-eec3-4e89-ad22-7ecb42c7726b,Card,v1,sourceInfo,42,,NRI Counties - Hazard Normalized,NRI Counties - Hazard Normalized [external],external,1508,1982,hazmit_dama,,(not set),TRUE,Smart (fetch on change),TRUE,No,source NRI Counties - Hazard Normalized is not in the in-scope source list,(deferred),"None for now - deferred from the fetch-mode sweep because source NRI Counties - Hazard Normalized is not in the in-scope source list. Every component set to Force (always re-fetch) re-queries on every mount, so the sweep is deliberately limited. It keeps behaving as Smart (fetch on change).",Deferred - out of narrowed scope,Deferred,,,
T6-C773,T6-001,1300890,https://county_template.devmny.org/the_risk/natural_hazards/extreme_cold,the_risk/natural_hazards/extreme_cold,1544845,Built Environment,1544824,61d0ccfa-80c7-4060-ba76-68955e498e29,Card,v1,sourceInfo,44,,LHMP_IA,LHMP_IA [test-meta-forms],internal,1441680,1441681,mitigat-ny-prod+test-meta-forms,,(not set),TRUE,Smart (fetch on change),TRUE,No,source LHMP_IA is not in the in-scope source list,(deferred),"None for now - deferred from the fetch-mode sweep because source LHMP_IA is not in the in-scope source list. Every component set to Force (always re-fetch) re-queries on every mount, so the sweep is deliberately limited. It keeps behaving as Smart (fetch on change).",Deferred - out of narrowed scope,Deferred,,,
T6-C774,T6-001,1300890,https://county_template.devmny.org/the_risk/natural_hazards/extreme_cold,the_risk/natural_hazards/extreme_cold,1544845,People and Communities,1544826,3a0a2294-233d-4fe2-b55c-e3b9b3daa12c,Card,v1,sourceInfo,47,,LHMP_IA,LHMP_IA [test-meta-forms],internal,1441680,1441681,mitigat-ny-prod+test-meta-forms,,(not set),TRUE,Smart (fetch on change),TRUE,No,source LHMP_IA is not in the in-scope source list,(deferred),"None for now - deferred from the fetch-mode sweep because source LHMP_IA is not in the in-scope source list. Every component set to Force (always re-fetch) re-queries on every mount, so the sweep is deliberately limited. It keeps behaving as Smart (fetch on change).",Deferred - out of narrowed scope,Deferred,,,
T6-C775,T6-001,1300890,https://county_template.devmny.org/the_risk/natural_hazards/extreme_cold,the_risk/natural_hazards/extreme_cold,1544845,Natural Environment,1544828,ea09c597-9874-4421-9e43-66d97fb97913,Card,v1,sourceInfo,50,,LHMP_IA,LHMP_IA [test-meta-forms],internal,1441680,1441681,mitigat-ny-prod+test-meta-forms,,(not set),TRUE,Smart (fetch on change),TRUE,No,source LHMP_IA is not in the in-scope source list,(deferred),"None for now - deferred from the fetch-mode sweep because source LHMP_IA is not in the in-scope source list. Every component set to Force (always re-fetch) re-queries on every mount, so the sweep is deliberately limited. It keeps behaving as Smart (fetch on change).",Deferred - out of narrowed scope,Deferred,,,
T6-C776,T6-001,1300890,https://county_template.devmny.org/the_risk/natural_hazards/extreme_cold,the_risk/natural_hazards/extreme_cold,1544845,Strategies,1544831,0700164d-e79b-487d-bcfb-30485def30ca,Card,v1,sourceInfo,53,,LHMP_IA,LHMP_IA [test-meta-forms],internal,1441680,1441681,mitigat-ny-prod+test-meta-forms,,(not set),TRUE,Smart (fetch on change),TRUE,No,source LHMP_IA is not in the in-scope source list,(deferred),"None for now - deferred from the fetch-mode sweep because source LHMP_IA is not in the in-scope source list. Every component set to Force (always re-fetch) re-queries on every mount, so the sweep is deliberately limited. It keeps behaving as Smart (fetch on change).",Deferred - out of narrowed scope,Deferred,,,
T6-C777,T6-001,1300890,https://county_template.devmny.org/the_risk/natural_hazards/extreme_cold,the_risk/natural_hazards/extreme_cold,1544845,Measures Inventory,1544832,c8e666a4-8eb8-4e50-9d74-9cd2ec69c505,Spreadsheet,v2,externalSource,54,,Mitigation_Measures,Mitigation_Measures [test_meta_forms],internal,1068274,1155800,mitigat-ny-prod+test_meta_forms,,(not set),TRUE,Smart (fetch on change),TRUE,No,source Mitigation_Measures is not in the in-scope source list,(deferred),"None for now - deferred from the fetch-mode sweep because source Mitigation_Measures is not in the in-scope source list. Every component set to Force (always re-fetch) re-queries on every mount, so the sweep is deliberately limited. It keeps behaving as Smart (fetch on change).",Deferred - out of narrowed scope,Deferred,,,
T6-C778,T6-001,1300890,https://county_template.devmny.org/the_risk/natural_hazards/extreme_cold,the_risk/natural_hazards/extreme_cold,1544845,Capabilities,1544833,0700164d-e79b-487d-bcfb-30485def30ca,Card,v1,sourceInfo,55,,LHMP_IA,LHMP_IA [test-meta-forms],internal,1441680,1441681,mitigat-ny-prod+test-meta-forms,,(not set),TRUE,Smart (fetch on change),TRUE,No,source LHMP_IA is not in the in-scope source list,(deferred),"None for now - deferred from the fetch-mode sweep because source LHMP_IA is not in the in-scope source list. Every component set to Force (always re-fetch) re-queries on every mount, so the sweep is deliberately limited. It keeps behaving as Smart (fetch on change).",Deferred - out of narrowed scope,Deferred,,,
T6-C231,T6-001,1300890,https://county_template.devmny.org/the_risk/natural_hazards/extreme_cold,the_risk/natural_hazards/extreme_cold,1544845,(untitled Card),1544835,7b47cfb4-dbfd-4990-9a62-6003956bc2e2,Card,v2,externalSource,58,TRUE,LHMP_IA,LHMP_IA [test_meta_forms],internal,1441680,1441681,mitigat-ny-prod+test_meta_forms,,(not set),TRUE,Smart (fetch on change),TRUE,No,source LHMP_IA is not in the in-scope source list,(deferred),"None for now - deferred from the fetch-mode sweep because source LHMP_IA is not in the in-scope source list. Every component set to Force (always re-fetch) re-queries on every mount, so the sweep is deliberately limited. It keeps behaving as Smart (fetch on change).",Deferred - out of narrowed scope,Deferred,,,"Hidden from view (data.hideInView), so it never renders and the setting has no runtime effect today - set it anyway for template consistency, or defer. Owner decision."
T6-C779,T6-001,1300890,https://county_template.devmny.org/the_risk/natural_hazards/extreme_cold,the_risk/natural_hazards/extreme_cold,1544845,Actions,1544837,0700164d-e79b-487d-bcfb-30485def30ca,Card,v1,sourceInfo,60,,LHMP_IA,LHMP_IA [test-meta-forms],internal,1441680,1441681,mitigat-ny-prod+test-meta-forms,,(not set),TRUE,Smart (fetch on change),TRUE,No,source LHMP_IA is not in the in-scope source list,(deferred),"None for now - deferred from the fetch-mode sweep because source LHMP_IA is not in the in-scope source list. Every component set to Force (always re-fetch) re-queries on every mount, so the sweep is deliberately limited. It keeps behaving as Smart (fetch on change).",Deferred - out of narrowed scope,Deferred,,,
T6-C235,T6-001,1300890,https://county_template.devmny.org/the_risk/natural_hazards/extreme_cold,the_risk/natural_hazards/extreme_cold,1544845,(untitled Card),1544841,eaea3217-67c6-401c-aaf3-392b9173b5c7,Card,v2,externalSource,64,TRUE,LHMP_IA,LHMP_IA [test_meta_forms],internal,1441680,1441681,mitigat-ny-prod+test_meta_forms,,(not set),TRUE,Smart (fetch on change),TRUE,No,source LHMP_IA is not in the in-scope source list,(deferred),"None for now - deferred from the fetch-mode sweep because source LHMP_IA is not in the in-scope source list. Every component set to Force (always re-fetch) re-queries on every mount, so the sweep is deliberately limited. It keeps behaving as Smart (fetch on change).",Deferred - out of narrowed scope,Deferred,,,"Hidden from view (data.hideInView), so it never renders and the setting has no runtime effect today - set it anyway for template consistency, or defer. Owner decision."
T6-C236,T6-001,1300890,https://county_template.devmny.org/the_risk/natural_hazards/extreme_heat,the_risk/natural_hazards/extreme_heat,1544969,(untitled Card),1544909,e501e808-6217-486e-bd86-1ce7f435aa14,Card,v2,externalSource,1,,AVAIL - Fusion Events V2,AVAIL - Fusion Events V2 [external],external,870,1648,hazmit_dama,,(not set),TRUE,Smart (fetch on change),TRUE,No,source AVAIL - Fusion Events V2 is not in the in-scope source list,(deferred),"None for now - deferred from the fetch-mode sweep because source AVAIL - Fusion Events V2 is not in the in-scope source list. Every component set to Force (always re-fetch) re-queries on every mount, so the sweep is deliberately limited. It keeps behaving as Smart (fetch on change).",Deferred - out of narrowed scope,Deferred,,,
T6-C238,T6-001,1300890,https://county_template.devmny.org/the_risk/natural_hazards/extreme_heat,the_risk/natural_hazards/extreme_heat,1544969,(untitled Card),1544910,b5e7c5ed-0c3f-48ba-8102-b35508c6fa2f,Card,v2,externalSource,3,,NRI Counties - Hazard Normalized,NRI Counties - Hazard Normalized [external],external,1508,1982,hazmit_dama,,(not set),TRUE,Smart (fetch on change),TRUE,No,source NRI Counties - Hazard Normalized is not in the in-scope source list,(deferred),"None for now - deferred from the fetch-mode sweep because source NRI Counties - Hazard Normalized is not in the in-scope source list. Every component set to Force (always re-fetch) re-queries on every mount, so the sweep is deliberately limited. It keeps behaving as Smart (fetch on change).",Deferred - out of narrowed scope,Deferred,,,
T6-C239,T6-001,1300890,https://county_template.devmny.org/the_risk/natural_hazards/extreme_heat,the_risk/natural_hazards/extreme_heat,1544969,(untitled Card),1544911,5f88f7a5-19bf-4b85-b039-de50c4f2fb8a,Card,v2,externalSource,4,,AVAIL - Fusion Events V2,AVAIL - Fusion Events V2 [external],external,870,1648,hazmit_dama,,(not set),TRUE,Smart (fetch on change),TRUE,No,source AVAIL - Fusion Events V2 is not in the in-scope source list,(deferred),"None for now - deferred from the fetch-mode sweep because source AVAIL - Fusion Events V2 is not in the in-scope source list. Every component set to Force (always re-fetch) re-queries on every mount, so the sweep is deliberately limited. It keeps behaving as Smart (fetch on change).",Deferred - out of narrowed scope,Deferred,,,
T6-C780,T6-001,1300890,https://county_template.devmny.org/the_risk/natural_hazards/extreme_heat,the_risk/natural_hazards/extreme_heat,1544969,Overview,1544908,b50f6b90-a250-43a9-a963-648dc7bac6aa,Card,v2,externalSource,5,,LHMP_IA,LHMP_IA [test-meta-forms],internal,1441680,1441681,mitigat-ny-prod+test-meta-forms,,(not set),TRUE,Smart (fetch on change),TRUE,No,source LHMP_IA is not in the in-scope source list,(deferred),"None for now - deferred from the fetch-mode sweep because source LHMP_IA is not in the in-scope source list. Every component set to Force (always re-fetch) re-queries on every mount, so the sweep is deliberately limited. It keeps behaving as Smart (fetch on change).",Deferred - out of narrowed scope,Deferred,,,
T6-C240,T6-001,1300890,https://county_template.devmny.org/the_risk/natural_hazards/extreme_heat,the_risk/natural_hazards/extreme_heat,1544969,(untitled Card),1544913,edcd023e-c7de-41db-b683-9d4c9297599c,Card,v2,externalSource,7,,LHMP_IA,LHMP_IA [test_meta_forms],internal,1441680,1441681,mitigat-ny-prod+test_meta_forms,,(not set),TRUE,Smart (fetch on change),TRUE,No,source LHMP_IA is not in the in-scope source list,(deferred),"None for now - deferred from the fetch-mode sweep because source LHMP_IA is not in the in-scope source list. Every component set to Force (always re-fetch) re-queries on every mount, so the sweep is deliberately limited. It keeps behaving as Smart (fetch on change).",Deferred - out of narrowed scope,Deferred,,,
T6-C781,T6-001,1300890,https://county_template.devmny.org/the_risk/natural_hazards/extreme_heat,the_risk/natural_hazards/extreme_heat,1544969,General Vulnerability,1544915,b50f6b90-a250-43a9-a963-648dc7bac6aa,Card,v1,sourceInfo,10,,LHMP_IA,LHMP_IA [test-meta-forms],internal,1441680,1441681,mitigat-ny-prod+test-meta-forms,,(not set),TRUE,Smart (fetch on change),TRUE,No,source LHMP_IA is not in the in-scope source list,(deferred),"None for now - deferred from the fetch-mode sweep because source LHMP_IA is not in the in-scope source list. Every component set to Force (always re-fetch) re-queries on every mount, so the sweep is deliberately limited. It keeps behaving as Smart (fetch on change).",Deferred - out of narrowed scope,Deferred,,,
T6-C782,T6-001,1300890,https://county_template.devmny.org/the_risk/natural_hazards/extreme_heat,the_risk/natural_hazards/extreme_heat,1544969,(untitled Card),1544916,ed79611a-6b84-44d7-a646-b86d020b3e05,Card,v1,sourceInfo,11,,LHMP_IA,LHMP_IA [prod],internal,1441680,1441681,mitigat-ny-prod+prod,,(not set),TRUE,Smart (fetch on change),TRUE,No,source LHMP_IA is not in the in-scope source list,(deferred),"None for now - deferred from the fetch-mode sweep because source LHMP_IA is not in the in-scope source list. Every component set to Force (always re-fetch) re-queries on every mount, so the sweep is deliberately limited. It keeps behaving as Smart (fetch on change).",Deferred - out of narrowed scope,Deferred,,,
T6-C783,T6-001,1300890,https://county_template.devmny.org/the_risk/natural_hazards/extreme_heat,the_risk/natural_hazards/extreme_heat,1544969,Potential Impacts,1544917,51278763-8812-46ca-a31c-26b96abcde67,Card,v1,sourceInfo,12,,LHMP_IA,LHMP_IA [test-meta-forms],internal,1441680,1441681,mitigat-ny-prod+test-meta-forms,,(not set),TRUE,Smart (fetch on change),TRUE,No,source LHMP_IA is not in the in-scope source list,(deferred),"None for now - deferred from the fetch-mode sweep because source LHMP_IA is not in the in-scope source list. Every component set to Force (always re-fetch) re-queries on every mount, so the sweep is deliberately limited. It keeps behaving as Smart (fetch on change).",Deferred - out of narrowed scope,Deferred,,,
T6-C784,T6-001,1300890,https://county_template.devmny.org/the_risk/natural_hazards/extreme_heat,the_risk/natural_hazards/extreme_heat,1544969,(untitled Spreadsheet),1544918,6d5acff2-3136-4acc-ac54-60e1501b8e5e,Spreadsheet,v1,sourceInfo,13,,R_and_V_Matrix,R_and_V_Matrix [prod],internal,1068982,1160864,mitigat-ny-prod+prod,,(not set),TRUE,Smart (fetch on change),TRUE,No,source R_and_V_Matrix is not in the in-scope source list,(deferred),"None for now - deferred from the fetch-mode sweep because source R_and_V_Matrix is not in the in-scope source list. Every component set to Force (always re-fetch) re-queries on every mount, so the sweep is deliberately limited. It keeps behaving as Smart (fetch on change).",Deferred - out of narrowed scope,Deferred,,,
T6-C785,T6-001,1300890,https://county_template.devmny.org/the_risk/natural_hazards/extreme_heat,the_risk/natural_hazards/extreme_heat,1544969,Historic Occurrences,1544919,0700164d-e79b-487d-bcfb-30485def30ca,Card,v1,sourceInfo,14,,LHMP_IA,LHMP_IA [test-meta-forms],internal,1441680,1441681,mitigat-ny-prod+test-meta-forms,,(not set),TRUE,Smart (fetch on change),TRUE,No,source LHMP_IA is not in the in-scope source list,(deferred),"None for now - deferred from the fetch-mode sweep because source LHMP_IA is not in the in-scope source list. Every component set to Force (always re-fetch) re-queries on every mount, so the sweep is deliberately limited. It keeps behaving as Smart (fetch on change).",Deferred - out of narrowed scope,Deferred,,,
T6-C241,T6-001,1300890,https://county_template.devmny.org/the_risk/natural_hazards/extreme_heat,the_risk/natural_hazards/extreme_heat,1544969,(untitled Card),1544920,7cfa4cbb-ad41-49d0-b4a1-34e9a2011d45,Card,v2,externalSource,15,,LHMP_IA,LHMP_IA [test_meta_forms],internal,1441680,1441681,mitigat-ny-prod+test_meta_forms,,(not set),TRUE,Smart (fetch on change),TRUE,No,source LHMP_IA is not in the in-scope source list,(deferred),"None for now - deferred from the fetch-mode sweep because source LHMP_IA is not in the in-scope source list. Every component set to Force (always re-fetch) re-queries on every mount, so the sweep is deliberately limited. It keeps behaving as Smart (fetch on change).",Deferred - out of narrowed scope,Deferred,,,
T6-C786,T6-001,1300890,https://county_template.devmny.org/the_risk/natural_hazards/extreme_heat,the_risk/natural_hazards/extreme_heat,1544969,Total Events and Losses in $: Declared Disasters and Non-Declared Events,1544921,c5c78f29-4ec3-478e-bad2-2388e8a1f53d,Card,v1,sourceInfo,16,,LHMP_IA,LHMP_IA [test-meta-forms],internal,1441680,1441681,mitigat-ny-prod+test-meta-forms,,(not set),TRUE,Smart (fetch on change),TRUE,No,source LHMP_IA is not in the in-scope source list,(deferred),"None for now - deferred from the fetch-mode sweep because source LHMP_IA is not in the in-scope source list. Every component set to Force (always re-fetch) re-queries on every mount, so the sweep is deliberately limited. It keeps behaving as Smart (fetch on change).",Deferred - out of narrowed scope,Deferred,,,
T6-C787,T6-001,1300890,https://county_template.devmny.org/the_risk/natural_hazards/extreme_heat,the_risk/natural_hazards/extreme_heat,1544969,(untitled Graph),1544922,5d798134-5ead-487a-82c7-61552c16f0bd,Graph,v1,sourceInfo,17,,AVAIL - Fusion Events V2,AVAIL - Fusion Events V2 [external],external,870,1648,hazmit_dama,,(not set),TRUE,Smart (fetch on change),TRUE,No,source AVAIL - Fusion Events V2 is not in the in-scope source list,(deferred),"None for now - deferred from the fetch-mode sweep because source AVAIL - Fusion Events V2 is not in the in-scope source list. Every component set to Force (always re-fetch) re-queries on every mount, so the sweep is deliberately limited. It keeps behaving as Smart (fetch on change).",Deferred - out of narrowed scope,Deferred,,,
T6-C242,T6-001,1300890,https://county_template.devmny.org/the_risk/natural_hazards/extreme_heat,the_risk/natural_hazards/extreme_heat,1544969,(untitled Card),1544923,e0bd653d-ee80-4f64-9d0c-01f158f2d0b4,Card,v2,externalSource,18,,AVAIL - Fusion Events V2,AVAIL - Fusion Events V2 [external],external,870,2401,hazmit_dama,,(not set),TRUE,Smart (fetch on change),TRUE,No,source AVAIL - Fusion Events V2 is not in the in-scope source list,(deferred),"None for now - deferred from the fetch-mode sweep because source AVAIL - Fusion Events V2 is not in the in-scope source list. Every component set to Force (always re-fetch) re-queries on every mount, so the sweep is deliberately limited. It keeps behaving as Smart (fetch on change).",Deferred - out of narrowed scope,Deferred,,,
T6-C788,T6-001,1300890,https://county_template.devmny.org/the_risk/natural_hazards/extreme_heat,the_risk/natural_hazards/extreme_heat,1544969,Total Losses in $ by Year,1544927,d091c90d-202e-46e5-becb-1ef6c9fafb7f,Card,v1,sourceInfo,20,,LHMP_IA,LHMP_IA [test-meta-forms],internal,1441680,1441681,mitigat-ny-prod+test-meta-forms,,(not set),TRUE,Smart (fetch on change),TRUE,No,source LHMP_IA is not in the in-scope source list,(deferred),"None for now - deferred from the fetch-mode sweep because source LHMP_IA is not in the in-scope source list. Every component set to Force (always re-fetch) re-queries on every mount, so the sweep is deliberately limited. It keeps behaving as Smart (fetch on change).",Deferred - out of narrowed scope,Deferred,,,
T6-C243,T6-001,1300890,https://county_template.devmny.org/the_risk/natural_hazards/extreme_heat,the_risk/natural_hazards/extreme_heat,1544969,(untitled Graph),1544928,d757d20c-1538-4be1-8fea-0dd5e6417931,Graph,v2,externalSource,21,,AVAIL - Fusion Events V2,AVAIL - Fusion Events V2 [external],external,870,2401,hazmit_dama,,(not set),TRUE,Smart (fetch on change),TRUE,No,source AVAIL - Fusion Events V2 is not in the in-scope source list,(deferred),"None for now - deferred from the fetch-mode sweep because source AVAIL - Fusion Events V2 is not in the in-scope source list. Every component set to Force (always re-fetch) re-queries on every mount, so the sweep is deliberately limited. It keeps behaving as Smart (fetch on change).",Deferred - out of narrowed scope,Deferred,,,
T6-C789,T6-001,1300890,https://county_template.devmny.org/the_risk/natural_hazards/extreme_heat,the_risk/natural_hazards/extreme_heat,1544969,Total Losses in $ by Month,1544930,a40dbab4-6a2b-4c92-adab-ffaa966382c6,Card,v1,sourceInfo,22,,LHMP_IA,LHMP_IA [test-meta-forms],internal,1441680,1441681,mitigat-ny-prod+test-meta-forms,,(not set),TRUE,Smart (fetch on change),TRUE,No,source LHMP_IA is not in the in-scope source list,(deferred),"None for now - deferred from the fetch-mode sweep because source LHMP_IA is not in the in-scope source list. Every component set to Force (always re-fetch) re-queries on every mount, so the sweep is deliberately limited. It keeps behaving as Smart (fetch on change).",Deferred - out of narrowed scope,Deferred,,,
T6-C244,T6-001,1300890,https://county_template.devmny.org/the_risk/natural_hazards/extreme_heat,the_risk/natural_hazards/extreme_heat,1544969,(untitled Graph),1544931,ac560771-e09b-486b-adeb-d7d21dcc8894,Graph,v2,externalSource,23,,AVAIL - Fusion Events V2,AVAIL - Fusion Events V2 [external],external,870,2401,hazmit_dama,,(not set),TRUE,Smart (fetch on change),TRUE,No,source AVAIL - Fusion Events V2 is not in the in-scope source list,(deferred),"None for now - deferred from the fetch-mode sweep because source AVAIL - Fusion Events V2 is not in the in-scope source list. Every component set to Force (always re-fetch) re-queries on every mount, so the sweep is deliberately limited. It keeps behaving as Smart (fetch on change).",Deferred - out of narrowed scope,Deferred,,,
T6-C790,T6-001,1300890,https://county_template.devmny.org/the_risk/natural_hazards/extreme_heat,the_risk/natural_hazards/extreme_heat,1544969,Presidential Disaster Declarations,1544932,51278763-8812-46ca-a31c-26b96abcde67,Card,v1,sourceInfo,24,,LHMP_IA,LHMP_IA [test-meta-forms],internal,1441680,1441681,mitigat-ny-prod+test-meta-forms,,(not set),TRUE,Smart (fetch on change),TRUE,No,source LHMP_IA is not in the in-scope source list,(deferred),"None for now - deferred from the fetch-mode sweep because source LHMP_IA is not in the in-scope source list. Every component set to Force (always re-fetch) re-queries on every mount, so the sweep is deliberately limited. It keeps behaving as Smart (fetch on change).",Deferred - out of narrowed scope,Deferred,,,
T6-C791,T6-001,1300890,https://county_template.devmny.org/the_risk/natural_hazards/extreme_heat,the_risk/natural_hazards/extreme_heat,1544969,(untitled Card),1980363,4226c10b-ddf1-43ba-bd05-8d95bc338d7e,Card,v1,sourceInfo,25,,LHMP_IA,LHMP_IA [test-meta-forms],internal,1441680,1441681,mitigat-ny-prod+test-meta-forms,,(not set),TRUE,Smart (fetch on change),TRUE,No,source LHMP_IA is not in the in-scope source list,(deferred),"None for now - deferred from the fetch-mode sweep because source LHMP_IA is not in the in-scope source list. Every component set to Force (always re-fetch) re-queries on every mount, so the sweep is deliberately limited. It keeps behaving as Smart (fetch on change).",Deferred - out of narrowed scope,Deferred,,,
T6-C792,T6-001,1300890,https://county_template.devmny.org/the_risk/natural_hazards/extreme_heat,the_risk/natural_hazards/extreme_heat,1544969,(untitled Spreadsheet),1544934,640f61a5-08a0-40e4-8324-d4d065bd6e03,Spreadsheet,v1,sourceInfo,26,,AVAIL - Fusion Events V2,AVAIL - Fusion Events V2 [external],external,870,1648,hazmit_dama,,(not set),TRUE,Smart (fetch on change),TRUE,No,source AVAIL - Fusion Events V2 is not in the in-scope source list,(deferred),"None for now - deferred from the fetch-mode sweep because source AVAIL - Fusion Events V2 is not in the in-scope source list. Every component set to Force (always re-fetch) re-queries on every mount, so the sweep is deliberately limited. It keeps behaving as Smart (fetch on change).",Deferred - out of narrowed scope,Deferred,,,
T6-C793,T6-001,1300890,https://county_template.devmny.org/the_risk/natural_hazards/extreme_heat,the_risk/natural_hazards/extreme_heat,1544969,Other Hazard Events,1544936,51278763-8812-46ca-a31c-26b96abcde67,Card,v1,sourceInfo,29,,LHMP_IA,LHMP_IA [test-meta-forms],internal,1441680,1441681,mitigat-ny-prod+test-meta-forms,,(not set),TRUE,Smart (fetch on change),TRUE,No,source LHMP_IA is not in the in-scope source list,(deferred),"None for now - deferred from the fetch-mode sweep because source LHMP_IA is not in the in-scope source list. Every component set to Force (always re-fetch) re-queries on every mount, so the sweep is deliberately limited. It keeps behaving as Smart (fetch on change).",Deferred - out of narrowed scope,Deferred,,,
T6-C245,T6-001,1300890,https://county_template.devmny.org/the_risk/natural_hazards/extreme_heat,the_risk/natural_hazards/extreme_heat,1544969,(untitled Card),1544937,f5392893-fc72-4005-b595-c9d92a1c5561,Card,v2,externalSource,30,,LHMP_IA,LHMP_IA [test_meta_forms],internal,1441680,1441681,mitigat-ny-prod+test_meta_forms,,(not set),TRUE,Smart (fetch on change),TRUE,No,source LHMP_IA is not in the in-scope source list,(deferred),"None for now - deferred from the fetch-mode sweep because source LHMP_IA is not in the in-scope source list. Every component set to Force (always re-fetch) re-queries on every mount, so the sweep is deliberately limited. It keeps behaving as Smart (fetch on change).",Deferred - out of narrowed scope,Deferred,,,
T6-C246,T6-001,1300890,https://county_template.devmny.org/the_risk/natural_hazards/extreme_heat,the_risk/natural_hazards/extreme_heat,1544969,(untitled Spreadsheet),1544938,f9007ce9-6ec1-4dc6-9341-61606e78e8bf,Spreadsheet,v2,externalSource,31,,AVAIL - Fusion Events V2,AVAIL - Fusion Events V2 [external],external,870,2401,hazmit_dama,,(not set),TRUE,Smart (fetch on change),TRUE,No,source AVAIL - Fusion Events V2 is not in the in-scope source list,(deferred),"None for now - deferred from the fetch-mode sweep because source AVAIL - Fusion Events V2 is not in the in-scope source list. Every component set to Force (always re-fetch) re-queries on every mount, so the sweep is deliberately limited. It keeps behaving as Smart (fetch on change).",Deferred - out of narrowed scope,Deferred,,,
T6-C247,T6-001,1300890,https://county_template.devmny.org/the_risk/natural_hazards/extreme_heat,the_risk/natural_hazards/extreme_heat,1544969,(untitled Card),1544942,cd53270c-448a-415d-9ac7-82da4e3b41b0,Card,v2,externalSource,37,TRUE,LHMP_IA,LHMP_IA [test_meta_forms],internal,1441680,1441681,mitigat-ny-prod+test_meta_forms,,(not set),TRUE,Smart (fetch on change),TRUE,No,source LHMP_IA is not in the in-scope source list,(deferred),"None for now - deferred from the fetch-mode sweep because source LHMP_IA is not in the in-scope source list. Every component set to Force (always re-fetch) re-queries on every mount, so the sweep is deliberately limited. It keeps behaving as Smart (fetch on change).",Deferred - out of narrowed scope,Deferred,,,"Hidden from view (data.hideInView), so it never renders and the setting has no runtime effect today - set it anyway for template consistency, or defer. Owner decision."
T6-C794,T6-001,1300890,https://county_template.devmny.org/the_risk/natural_hazards/extreme_heat,the_risk/natural_hazards/extreme_heat,1544969,Modeled Risk,1544945,0700164d-e79b-487d-bcfb-30485def30ca,Card,v1,sourceInfo,41,,LHMP_IA,LHMP_IA [test-meta-forms],internal,1441680,1441681,mitigat-ny-prod+test-meta-forms,,(not set),TRUE,Smart (fetch on change),TRUE,No,source LHMP_IA is not in the in-scope source list,(deferred),"None for now - deferred from the fetch-mode sweep because source LHMP_IA is not in the in-scope source list. Every component set to Force (always re-fetch) re-queries on every mount, so the sweep is deliberately limited. It keeps behaving as Smart (fetch on change).",Deferred - out of narrowed scope,Deferred,,,
T6-C795,T6-001,1300890,https://county_template.devmny.org/the_risk/natural_hazards/extreme_heat,the_risk/natural_hazards/extreme_heat,1544969,(untitled Card),1544946,b11239ee-eec3-4e89-ad22-7ecb42c7726b,Card,v1,sourceInfo,42,,NRI Counties - Hazard Normalized,NRI Counties - Hazard Normalized [external],external,1508,1982,hazmit_dama,,(not set),TRUE,Smart (fetch on change),TRUE,No,source NRI Counties - Hazard Normalized is not in the in-scope source list,(deferred),"None for now - deferred from the fetch-mode sweep because source NRI Counties - Hazard Normalized is not in the in-scope source list. Every component set to Force (always re-fetch) re-queries on every mount, so the sweep is deliberately limited. It keeps behaving as Smart (fetch on change).",Deferred - out of narrowed scope,Deferred,,,
T6-C796,T6-001,1300890,https://county_template.devmny.org/the_risk/natural_hazards/extreme_heat,the_risk/natural_hazards/extreme_heat,1544969,Built Environment,1544948,61d0ccfa-80c7-4060-ba76-68955e498e29,Card,v1,sourceInfo,44,,LHMP_IA,LHMP_IA [test-meta-forms],internal,1441680,1441681,mitigat-ny-prod+test-meta-forms,,(not set),TRUE,Smart (fetch on change),TRUE,No,source LHMP_IA is not in the in-scope source list,(deferred),"None for now - deferred from the fetch-mode sweep because source LHMP_IA is not in the in-scope source list. Every component set to Force (always re-fetch) re-queries on every mount, so the sweep is deliberately limited. It keeps behaving as Smart (fetch on change).",Deferred - out of narrowed scope,Deferred,,,
T6-C797,T6-001,1300890,https://county_template.devmny.org/the_risk/natural_hazards/extreme_heat,the_risk/natural_hazards/extreme_heat,1544969,People and Communities,1544950,3a0a2294-233d-4fe2-b55c-e3b9b3daa12c,Card,v1,sourceInfo,47,,LHMP_IA,LHMP_IA [test-meta-forms],internal,1441680,1441681,mitigat-ny-prod+test-meta-forms,,(not set),TRUE,Smart (fetch on change),TRUE,No,source LHMP_IA is not in the in-scope source list,(deferred),"None for now - deferred from the fetch-mode sweep because source LHMP_IA is not in the in-scope source list. Every component set to Force (always re-fetch) re-queries on every mount, so the sweep is deliberately limited. It keeps behaving as Smart (fetch on change).",Deferred - out of narrowed scope,Deferred,,,
T6-C798,T6-001,1300890,https://county_template.devmny.org/the_risk/natural_hazards/extreme_heat,the_risk/natural_hazards/extreme_heat,1544969,Natural Environment,1544952,ea09c597-9874-4421-9e43-66d97fb97913,Card,v1,sourceInfo,50,,LHMP_IA,LHMP_IA [test-meta-forms],internal,1441680,1441681,mitigat-ny-prod+test-meta-forms,,(not set),TRUE,Smart (fetch on change),TRUE,No,source LHMP_IA is not in the in-scope source list,(deferred),"None for now - deferred from the fetch-mode sweep because source LHMP_IA is not in the in-scope source list. Every component set to Force (always re-fetch) re-queries on every mount, so the sweep is deliberately limited. It keeps behaving as Smart (fetch on change).",Deferred - out of narrowed scope,Deferred,,,
T6-C799,T6-001,1300890,https://county_template.devmny.org/the_risk/natural_hazards/extreme_heat,the_risk/natural_hazards/extreme_heat,1544969,Strategies,1544955,0700164d-e79b-487d-bcfb-30485def30ca,Card,v1,sourceInfo,53,,LHMP_IA,LHMP_IA [test-meta-forms],internal,1441680,1441681,mitigat-ny-prod+test-meta-forms,,(not set),TRUE,Smart (fetch on change),TRUE,No,source LHMP_IA is not in the in-scope source list,(deferred),"None for now - deferred from the fetch-mode sweep because source LHMP_IA is not in the in-scope source list. Every component set to Force (always re-fetch) re-queries on every mount, so the sweep is deliberately limited. It keeps behaving as Smart (fetch on change).",Deferred - out of narrowed scope,Deferred,,,
T6-C800,T6-001,1300890,https://county_template.devmny.org/the_risk/natural_hazards/extreme_heat,the_risk/natural_hazards/extreme_heat,1544969,Measures Inventory,1544956,c8e666a4-8eb8-4e50-9d74-9cd2ec69c505,Spreadsheet,v2,externalSource,54,,Mitigation_Measures,Mitigation_Measures [test_meta_forms],internal,1068274,1155800,mitigat-ny-prod+test_meta_forms,,(not set),TRUE,Smart (fetch on change),TRUE,No,source Mitigation_Measures is not in the in-scope source list,(deferred),"None for now - deferred from the fetch-mode sweep because source Mitigation_Measures is not in the in-scope source list. Every component set to Force (always re-fetch) re-queries on every mount, so the sweep is deliberately limited. It keeps behaving as Smart (fetch on change).",Deferred - out of narrowed scope,Deferred,,,
T6-C801,T6-001,1300890,https://county_template.devmny.org/the_risk/natural_hazards/extreme_heat,the_risk/natural_hazards/extreme_heat,1544969,Capabilities,1544957,0700164d-e79b-487d-bcfb-30485def30ca,Card,v1,sourceInfo,55,,LHMP_IA,LHMP_IA [test-meta-forms],internal,1441680,1441681,mitigat-ny-prod+test-meta-forms,,(not set),TRUE,Smart (fetch on change),TRUE,No,source LHMP_IA is not in the in-scope source list,(deferred),"None for now - deferred from the fetch-mode sweep because source LHMP_IA is not in the in-scope source list. Every component set to Force (always re-fetch) re-queries on every mount, so the sweep is deliberately limited. It keeps behaving as Smart (fetch on change).",Deferred - out of narrowed scope,Deferred,,,
T6-C249,T6-001,1300890,https://county_template.devmny.org/the_risk/natural_hazards/extreme_heat,the_risk/natural_hazards/extreme_heat,1544969,(untitled Card),1544959,7b47cfb4-dbfd-4990-9a62-6003956bc2e2,Card,v2,externalSource,58,TRUE,LHMP_IA,LHMP_IA [test_meta_forms],internal,1441680,1441681,mitigat-ny-prod+test_meta_forms,,(not set),TRUE,Smart (fetch on change),TRUE,No,source LHMP_IA is not in the in-scope source list,(deferred),"None for now - deferred from the fetch-mode sweep because source LHMP_IA is not in the in-scope source list. Every component set to Force (always re-fetch) re-queries on every mount, so the sweep is deliberately limited. It keeps behaving as Smart (fetch on change).",Deferred - out of narrowed scope,Deferred,,,"Hidden from view (data.hideInView), so it never renders and the setting has no runtime effect today - set it anyway for template consistency, or defer. Owner decision."
T6-C802,T6-001,1300890,https://county_template.devmny.org/the_risk/natural_hazards/extreme_heat,the_risk/natural_hazards/extreme_heat,1544969,Actions,1544961,0700164d-e79b-487d-bcfb-30485def30ca,Card,v1,sourceInfo,60,,LHMP_IA,LHMP_IA [test-meta-forms],internal,1441680,1441681,mitigat-ny-prod+test-meta-forms,,(not set),TRUE,Smart (fetch on change),TRUE,No,source LHMP_IA is not in the in-scope source list,(deferred),"None for now - deferred from the fetch-mode sweep because source LHMP_IA is not in the in-scope source list. Every component set to Force (always re-fetch) re-queries on every mount, so the sweep is deliberately limited. It keeps behaving as Smart (fetch on change).",Deferred - out of narrowed scope,Deferred,,,
T6-C253,T6-001,1300890,https://county_template.devmny.org/the_risk/natural_hazards/flooding,the_risk/natural_hazards/flooding,1450290,(untitled Card),1682899,e501e808-6217-486e-bd86-1ce7f435aa14,Card,v2,externalSource,1,,AVAIL - Fusion Events V2,AVAIL - Fusion Events V2 [external],external,870,1648,hazmit_dama,,(not set),TRUE,Smart (fetch on change),TRUE,No,source AVAIL - Fusion Events V2 is not in the in-scope source list,(deferred),"None for now - deferred from the fetch-mode sweep because source AVAIL - Fusion Events V2 is not in the in-scope source list. Every component set to Force (always re-fetch) re-queries on every mount, so the sweep is deliberately limited. It keeps behaving as Smart (fetch on change).",Deferred - out of narrowed scope,Deferred,,,
T6-C255,T6-001,1300890,https://county_template.devmny.org/the_risk/natural_hazards/flooding,the_risk/natural_hazards/flooding,1450290,(untitled Card),1682904,b5e7c5ed-0c3f-48ba-8102-b35508c6fa2f,Card,v2,externalSource,3,,NRI Counties - Hazard Normalized,NRI Counties - Hazard Normalized [external],external,1508,1982,hazmit_dama,,(not set),TRUE,Smart (fetch on change),TRUE,No,source NRI Counties - Hazard Normalized is not in the in-scope source list,(deferred),"None for now - deferred from the fetch-mode sweep because source NRI Counties - Hazard Normalized is not in the in-scope source list. Every component set to Force (always re-fetch) re-queries on every mount, so the sweep is deliberately limited. It keeps behaving as Smart (fetch on change).",Deferred - out of narrowed scope,Deferred,,,
T6-C256,T6-001,1300890,https://county_template.devmny.org/the_risk/natural_hazards/flooding,the_risk/natural_hazards/flooding,1450290,(untitled Card),1682906,5f88f7a5-19bf-4b85-b039-de50c4f2fb8a,Card,v2,externalSource,4,,AVAIL - Fusion Events V2,AVAIL - Fusion Events V2 [external],external,870,1648,hazmit_dama,,(not set),TRUE,Smart (fetch on change),TRUE,No,source AVAIL - Fusion Events V2 is not in the in-scope source list,(deferred),"None for now - deferred from the fetch-mode sweep because source AVAIL - Fusion Events V2 is not in the in-scope source list. Every component set to Force (always re-fetch) re-queries on every mount, so the sweep is deliberately limited. It keeps behaving as Smart (fetch on change).",Deferred - out of narrowed scope,Deferred,,,
T6-C803,T6-001,1300890,https://county_template.devmny.org/the_risk/natural_hazards/flooding,the_risk/natural_hazards/flooding,1450290,Overview,1682897,b50f6b90-a250-43a9-a963-648dc7bac6aa,Card,v1,sourceInfo,5,,LHMP_IA,LHMP_IA [test-meta-forms],internal,1441680,1441681,mitigat-ny-prod+test-meta-forms,,(not set),TRUE,Smart (fetch on change),TRUE,No,source LHMP_IA is not in the in-scope source list,(deferred),"None for now - deferred from the fetch-mode sweep because source LHMP_IA is not in the in-scope source list. Every component set to Force (always re-fetch) re-queries on every mount, so the sweep is deliberately limited. It keeps behaving as Smart (fetch on change).",Deferred - out of narrowed scope,Deferred,,,
T6-C257,T6-001,1300890,https://county_template.devmny.org/the_risk/natural_hazards/flooding,the_risk/natural_hazards/flooding,1450290,(untitled Card),1682909,edcd023e-c7de-41db-b683-9d4c9297599c,Card,v2,externalSource,7,,LHMP_IA,LHMP_IA [test_meta_forms],internal,1441680,1441681,mitigat-ny-prod+test_meta_forms,,(not set),TRUE,Smart (fetch on change),TRUE,No,source LHMP_IA is not in the in-scope source list,(deferred),"None for now - deferred from the fetch-mode sweep because source LHMP_IA is not in the in-scope source list. Every component set to Force (always re-fetch) re-queries on every mount, so the sweep is deliberately limited. It keeps behaving as Smart (fetch on change).",Deferred - out of narrowed scope,Deferred,,,
T6-C804,T6-001,1300890,https://county_template.devmny.org/the_risk/natural_hazards/flooding,the_risk/natural_hazards/flooding,1450290,General Vulnerability,1682911,b50f6b90-a250-43a9-a963-648dc7bac6aa,Card,v1,sourceInfo,10,,LHMP_IA,LHMP_IA [test-meta-forms],internal,1441680,1441681,mitigat-ny-prod+test-meta-forms,,(not set),TRUE,Smart (fetch on change),TRUE,No,source LHMP_IA is not in the in-scope source list,(deferred),"None for now - deferred from the fetch-mode sweep because source LHMP_IA is not in the in-scope source list. Every component set to Force (always re-fetch) re-queries on every mount, so the sweep is deliberately limited. It keeps behaving as Smart (fetch on change).",Deferred - out of narrowed scope,Deferred,,,
T6-C805,T6-001,1300890,https://county_template.devmny.org/the_risk/natural_hazards/flooding,the_risk/natural_hazards/flooding,1450290,(untitled Card),1682912,ed79611a-6b84-44d7-a646-b86d020b3e05,Card,v1,sourceInfo,11,,LHMP_IA,LHMP_IA [prod],internal,1441680,1441681,mitigat-ny-prod+prod,,(not set),TRUE,Smart (fetch on change),TRUE,No,source LHMP_IA is not in the in-scope source list,(deferred),"None for now - deferred from the fetch-mode sweep because source LHMP_IA is not in the in-scope source list. Every component set to Force (always re-fetch) re-queries on every mount, so the sweep is deliberately limited. It keeps behaving as Smart (fetch on change).",Deferred - out of narrowed scope,Deferred,,,
T6-C806,T6-001,1300890,https://county_template.devmny.org/the_risk/natural_hazards/flooding,the_risk/natural_hazards/flooding,1450290,Potential Impacts,1682913,51278763-8812-46ca-a31c-26b96abcde67,Card,v1,sourceInfo,12,,LHMP_IA,LHMP_IA [test-meta-forms],internal,1441680,1441681,mitigat-ny-prod+test-meta-forms,,(not set),TRUE,Smart (fetch on change),TRUE,No,source LHMP_IA is not in the in-scope source list,(deferred),"None for now - deferred from the fetch-mode sweep because source LHMP_IA is not in the in-scope source list. Every component set to Force (always re-fetch) re-queries on every mount, so the sweep is deliberately limited. It keeps behaving as Smart (fetch on change).",Deferred - out of narrowed scope,Deferred,,,
T6-C807,T6-001,1300890,https://county_template.devmny.org/the_risk/natural_hazards/flooding,the_risk/natural_hazards/flooding,1450290,(untitled Spreadsheet),1682915,6d5acff2-3136-4acc-ac54-60e1501b8e5e,Spreadsheet,v1,sourceInfo,13,,R_and_V_Matrix,R_and_V_Matrix [prod],internal,1068982,1160864,mitigat-ny-prod+prod,,(not set),TRUE,Smart (fetch on change),TRUE,No,source R_and_V_Matrix is not in the in-scope source list,(deferred),"None for now - deferred from the fetch-mode sweep because source R_and_V_Matrix is not in the in-scope source list. Every component set to Force (always re-fetch) re-queries on every mount, so the sweep is deliberately limited. It keeps behaving as Smart (fetch on change).",Deferred - out of narrowed scope,Deferred,,,
T6-C808,T6-001,1300890,https://county_template.devmny.org/the_risk/natural_hazards/flooding,the_risk/natural_hazards/flooding,1450290,Historic Occurrences,1682917,0700164d-e79b-487d-bcfb-30485def30ca,Card,v1,sourceInfo,14,,LHMP_IA,LHMP_IA [test-meta-forms],internal,1441680,1441681,mitigat-ny-prod+test-meta-forms,,(not set),TRUE,Smart (fetch on change),TRUE,No,source LHMP_IA is not in the in-scope source list,(deferred),"None for now - deferred from the fetch-mode sweep because source LHMP_IA is not in the in-scope source list. Every component set to Force (always re-fetch) re-queries on every mount, so the sweep is deliberately limited. It keeps behaving as Smart (fetch on change).",Deferred - out of narrowed scope,Deferred,,,
T6-C258,T6-001,1300890,https://county_template.devmny.org/the_risk/natural_hazards/flooding,the_risk/natural_hazards/flooding,1450290,(untitled Card),1682918,7cfa4cbb-ad41-49d0-b4a1-34e9a2011d45,Card,v2,externalSource,15,,LHMP_IA,LHMP_IA [test_meta_forms],internal,1441680,1441681,mitigat-ny-prod+test_meta_forms,,(not set),TRUE,Smart (fetch on change),TRUE,No,source LHMP_IA is not in the in-scope source list,(deferred),"None for now - deferred from the fetch-mode sweep because source LHMP_IA is not in the in-scope source list. Every component set to Force (always re-fetch) re-queries on every mount, so the sweep is deliberately limited. It keeps behaving as Smart (fetch on change).",Deferred - out of narrowed scope,Deferred,,,
T6-C809,T6-001,1300890,https://county_template.devmny.org/the_risk/natural_hazards/flooding,the_risk/natural_hazards/flooding,1450290,Total Events and Losses in $: Declared Disasters and Non-Declared Events,1682921,c5c78f29-4ec3-478e-bad2-2388e8a1f53d,Card,v1,sourceInfo,16,,LHMP_IA,LHMP_IA [test-meta-forms],internal,1441680,1441681,mitigat-ny-prod+test-meta-forms,,(not set),TRUE,Smart (fetch on change),TRUE,No,source LHMP_IA is not in the in-scope source list,(deferred),"None for now - deferred from the fetch-mode sweep because source LHMP_IA is not in the in-scope source list. Every component set to Force (always re-fetch) re-queries on every mount, so the sweep is deliberately limited. It keeps behaving as Smart (fetch on change).",Deferred - out of narrowed scope,Deferred,,,
T6-C810,T6-001,1300890,https://county_template.devmny.org/the_risk/natural_hazards/flooding,the_risk/natural_hazards/flooding,1450290,(untitled Graph),1682858,5d798134-5ead-487a-82c7-61552c16f0bd,Graph,v1,sourceInfo,17,,AVAIL - Fusion Events V2,AVAIL - Fusion Events V2 [external],external,870,1648,hazmit_dama,,(not set),TRUE,Smart (fetch on change),TRUE,No,source AVAIL - Fusion Events V2 is not in the in-scope source list,(deferred),"None for now - deferred from the fetch-mode sweep because source AVAIL - Fusion Events V2 is not in the in-scope source list. Every component set to Force (always re-fetch) re-queries on every mount, so the sweep is deliberately limited. It keeps behaving as Smart (fetch on change).",Deferred - out of narrowed scope,Deferred,,,
T6-C259,T6-001,1300890,https://county_template.devmny.org/the_risk/natural_hazards/flooding,the_risk/natural_hazards/flooding,1450290,(untitled Card),1682925,e0bd653d-ee80-4f64-9d0c-01f158f2d0b4,Card,v2,externalSource,18,,AVAIL - Fusion Events V2,AVAIL - Fusion Events V2 [external],external,870,2401,hazmit_dama,,(not set),TRUE,Smart (fetch on change),TRUE,No,source AVAIL - Fusion Events V2 is not in the in-scope source list,(deferred),"None for now - deferred from the fetch-mode sweep because source AVAIL - Fusion Events V2 is not in the in-scope source list. Every component set to Force (always re-fetch) re-queries on every mount, so the sweep is deliberately limited. It keeps behaving as Smart (fetch on change).",Deferred - out of narrowed scope,Deferred,,,
T6-C260,T6-001,1300890,https://county_template.devmny.org/the_risk/natural_hazards/flooding,the_risk/natural_hazards/flooding,1450290,(untitled Card),1682929,dd7b9f34-9244-4aee-8cf5-a55770b3c383,Card,v2,externalSource,20,,LHMP_IA,LHMP_IA [test_meta_forms],internal,1441680,1441681,mitigat-ny-prod+test_meta_forms,,(not set),TRUE,Smart (fetch on change),TRUE,No,source LHMP_IA is not in the in-scope source list,(deferred),"None for now - deferred from the fetch-mode sweep because source LHMP_IA is not in the in-scope source list. Every component set to Force (always re-fetch) re-queries on every mount, so the sweep is deliberately limited. It keeps behaving as Smart (fetch on change).",Deferred - out of narrowed scope,Deferred,,,
T6-C811,T6-001,1300890,https://county_template.devmny.org/the_risk/natural_hazards/flooding,the_risk/natural_hazards/flooding,1450290,Total Losses in $ by Year,1682931,d091c90d-202e-46e5-becb-1ef6c9fafb7f,Card,v1,sourceInfo,21,,LHMP_IA,LHMP_IA [test-meta-forms],internal,1441680,1441681,mitigat-ny-prod+test-meta-forms,,(not set),TRUE,Smart (fetch on change),TRUE,No,source LHMP_IA is not in the in-scope source list,(deferred),"None for now - deferred from the fetch-mode sweep because source LHMP_IA is not in the in-scope source list. Every component set to Force (always re-fetch) re-queries on every mount, so the sweep is deliberately limited. It keeps behaving as Smart (fetch on change).",Deferred - out of narrowed scope,Deferred,,,
T6-C261,T6-001,1300890,https://county_template.devmny.org/the_risk/natural_hazards/flooding,the_risk/natural_hazards/flooding,1450290,(untitled Graph),1682933,d757d20c-1538-4be1-8fea-0dd5e6417931,Graph,v2,externalSource,22,,AVAIL - Fusion Events V2,AVAIL - Fusion Events V2 [external],external,870,2401,hazmit_dama,,(not set),TRUE,Smart (fetch on change),TRUE,No,source AVAIL - Fusion Events V2 is not in the in-scope source list,(deferred),"None for now - deferred from the fetch-mode sweep because source AVAIL - Fusion Events V2 is not in the in-scope source list. Every component set to Force (always re-fetch) re-queries on every mount, so the sweep is deliberately limited. It keeps behaving as Smart (fetch on change).",Deferred - out of narrowed scope,Deferred,,,
T6-C812,T6-001,1300890,https://county_template.devmny.org/the_risk/natural_hazards/flooding,the_risk/natural_hazards/flooding,1450290,Total Losses in $ by Month,1682937,a40dbab4-6a2b-4c92-adab-ffaa966382c6,Card,v1,sourceInfo,23,,LHMP_IA,LHMP_IA [test-meta-forms],internal,1441680,1441681,mitigat-ny-prod+test-meta-forms,,(not set),TRUE,Smart (fetch on change),TRUE,No,source LHMP_IA is not in the in-scope source list,(deferred),"None for now - deferred from the fetch-mode sweep because source LHMP_IA is not in the in-scope source list. Every component set to Force (always re-fetch) re-queries on every mount, so the sweep is deliberately limited. It keeps behaving as Smart (fetch on change).",Deferred - out of narrowed scope,Deferred,,,
T6-C262,T6-001,1300890,https://county_template.devmny.org/the_risk/natural_hazards/flooding,the_risk/natural_hazards/flooding,1450290,(untitled Graph),1682939,ac560771-e09b-486b-adeb-d7d21dcc8894,Graph,v2,externalSource,24,,AVAIL - Fusion Events V2,AVAIL - Fusion Events V2 [external],external,870,2401,hazmit_dama,,(not set),TRUE,Smart (fetch on change),TRUE,No,source AVAIL - Fusion Events V2 is not in the in-scope source list,(deferred),"None for now - deferred from the fetch-mode sweep because source AVAIL - Fusion Events V2 is not in the in-scope source list. Every component set to Force (always re-fetch) re-queries on every mount, so the sweep is deliberately limited. It keeps behaving as Smart (fetch on change).",Deferred - out of narrowed scope,Deferred,,,
T6-C813,T6-001,1300890,https://county_template.devmny.org/the_risk/natural_hazards/flooding,the_risk/natural_hazards/flooding,1450290,Presidential Disaster Declarations,1682941,51278763-8812-46ca-a31c-26b96abcde67,Card,v1,sourceInfo,25,,LHMP_IA,LHMP_IA [test-meta-forms],internal,1441680,1441681,mitigat-ny-prod+test-meta-forms,,(not set),TRUE,Smart (fetch on change),TRUE,No,source LHMP_IA is not in the in-scope source list,(deferred),"None for now - deferred from the fetch-mode sweep because source LHMP_IA is not in the in-scope source list. Every component set to Force (always re-fetch) re-queries on every mount, so the sweep is deliberately limited. It keeps behaving as Smart (fetch on change).",Deferred - out of narrowed scope,Deferred,,,
T6-C814,T6-001,1300890,https://county_template.devmny.org/the_risk/natural_hazards/flooding,the_risk/natural_hazards/flooding,1450290,(untitled Card),1980833,47a33803-5609-41a3-b2b7-90a6a7a9cca8,Card,v1,sourceInfo,26,,LHMP_IA,LHMP_IA [test-meta-forms],internal,1441680,1441681,mitigat-ny-prod+test-meta-forms,,(not set),TRUE,Smart (fetch on change),TRUE,No,source LHMP_IA is not in the in-scope source list,(deferred),"None for now - deferred from the fetch-mode sweep because source LHMP_IA is not in the in-scope source list. Every component set to Force (always re-fetch) re-queries on every mount, so the sweep is deliberately limited. It keeps behaving as Smart (fetch on change).",Deferred - out of narrowed scope,Deferred,,,
T6-C815,T6-001,1300890,https://county_template.devmny.org/the_risk/natural_hazards/flooding,the_risk/natural_hazards/flooding,1450290,(untitled Spreadsheet),1682943,640f61a5-08a0-40e4-8324-d4d065bd6e03,Spreadsheet,v1,sourceInfo,27,,AVAIL - Fusion Events V2,AVAIL - Fusion Events V2 [external],external,870,1648,hazmit_dama,,(not set),TRUE,Smart (fetch on change),TRUE,No,source AVAIL - Fusion Events V2 is not in the in-scope source list,(deferred),"None for now - deferred from the fetch-mode sweep because source AVAIL - Fusion Events V2 is not in the in-scope source list. Every component set to Force (always re-fetch) re-queries on every mount, so the sweep is deliberately limited. It keeps behaving as Smart (fetch on change).",Deferred - out of narrowed scope,Deferred,,,
T6-C816,T6-001,1300890,https://county_template.devmny.org/the_risk/natural_hazards/flooding,the_risk/natural_hazards/flooding,1450290,Other Hazard Events,1682946,51278763-8812-46ca-a31c-26b96abcde67,Card,v1,sourceInfo,30,,LHMP_IA,LHMP_IA [test-meta-forms],internal,1441680,1441681,mitigat-ny-prod+test-meta-forms,,(not set),TRUE,Smart (fetch on change),TRUE,No,source LHMP_IA is not in the in-scope source list,(deferred),"None for now - deferred from the fetch-mode sweep because source LHMP_IA is not in the in-scope source list. Every component set to Force (always re-fetch) re-queries on every mount, so the sweep is deliberately limited. It keeps behaving as Smart (fetch on change).",Deferred - out of narrowed scope,Deferred,,,
T6-C263,T6-001,1300890,https://county_template.devmny.org/the_risk/natural_hazards/flooding,the_risk/natural_hazards/flooding,1450290,(untitled Card),1682947,f5392893-fc72-4005-b595-c9d92a1c5561,Card,v2,externalSource,31,,LHMP_IA,LHMP_IA [test_meta_forms],internal,1441680,1441681,mitigat-ny-prod+test_meta_forms,,(not set),TRUE,Smart (fetch on change),TRUE,No,source LHMP_IA is not in the in-scope source list,(deferred),"None for now - deferred from the fetch-mode sweep because source LHMP_IA is not in the in-scope source list. Every component set to Force (always re-fetch) re-queries on every mount, so the sweep is deliberately limited. It keeps behaving as Smart (fetch on change).",Deferred - out of narrowed scope,Deferred,,,
T6-C264,T6-001,1300890,https://county_template.devmny.org/the_risk/natural_hazards/flooding,the_risk/natural_hazards/flooding,1450290,(untitled Spreadsheet),1682948,f9007ce9-6ec1-4dc6-9341-61606e78e8bf,Spreadsheet,v2,externalSource,32,,AVAIL - Fusion Events V2,AVAIL - Fusion Events V2 [external],external,870,2401,hazmit_dama,,(not set),TRUE,Smart (fetch on change),TRUE,No,source AVAIL - Fusion Events V2 is not in the in-scope source list,(deferred),"None for now - deferred from the fetch-mode sweep because source AVAIL - Fusion Events V2 is not in the in-scope source list. Every component set to Force (always re-fetch) re-queries on every mount, so the sweep is deliberately limited. It keeps behaving as Smart (fetch on change).",Deferred - out of narrowed scope,Deferred,,,
T6-C265,T6-001,1300890,https://county_template.devmny.org/the_risk/natural_hazards/flooding,the_risk/natural_hazards/flooding,1450290,(untitled Card),1682954,cd53270c-448a-415d-9ac7-82da4e3b41b0,Card,v2,externalSource,38,TRUE,LHMP_IA,LHMP_IA [test_meta_forms],internal,1441680,1441681,mitigat-ny-prod+test_meta_forms,,(not set),TRUE,Smart (fetch on change),TRUE,No,source LHMP_IA is not in the in-scope source list,(deferred),"None for now - deferred from the fetch-mode sweep because source LHMP_IA is not in the in-scope source list. Every component set to Force (always re-fetch) re-queries on every mount, so the sweep is deliberately limited. It keeps behaving as Smart (fetch on change).",Deferred - out of narrowed scope,Deferred,,,"Hidden from view (data.hideInView), so it never renders and the setting has no runtime effect today - set it anyway for template consistency, or defer. Owner decision."
T6-C817,T6-001,1300890,https://county_template.devmny.org/the_risk/natural_hazards/flooding,the_risk/natural_hazards/flooding,1450290,Modeled Risk,1682958,0700164d-e79b-487d-bcfb-30485def30ca,Card,v1,sourceInfo,42,,LHMP_IA,LHMP_IA [test-meta-forms],internal,1441680,1441681,mitigat-ny-prod+test-meta-forms,,(not set),TRUE,Smart (fetch on change),TRUE,No,source LHMP_IA is not in the in-scope source list,(deferred),"None for now - deferred from the fetch-mode sweep because source LHMP_IA is not in the in-scope source list. Every component set to Force (always re-fetch) re-queries on every mount, so the sweep is deliberately limited. It keeps behaving as Smart (fetch on change).",Deferred - out of narrowed scope,Deferred,,,
T6-C818,T6-001,1300890,https://county_template.devmny.org/the_risk/natural_hazards/flooding,the_risk/natural_hazards/flooding,1450290,(untitled Card),1682959,b11239ee-eec3-4e89-ad22-7ecb42c7726b,Card,v1,sourceInfo,43,,NRI Counties - Hazard Normalized,NRI Counties - Hazard Normalized [external],external,1508,1982,hazmit_dama,,(not set),TRUE,Smart (fetch on change),TRUE,No,source NRI Counties - Hazard Normalized is not in the in-scope source list,(deferred),"None for now - deferred from the fetch-mode sweep because source NRI Counties - Hazard Normalized is not in the in-scope source list. Every component set to Force (always re-fetch) re-queries on every mount, so the sweep is deliberately limited. It keeps behaving as Smart (fetch on change).",Deferred - out of narrowed scope,Deferred,,,
T6-C819,T6-001,1300890,https://county_template.devmny.org/the_risk/natural_hazards/flooding,the_risk/natural_hazards/flooding,1450290,Built Environment,1682966,61d0ccfa-80c7-4060-ba76-68955e498e29,Card,v1,sourceInfo,45,,LHMP_IA,LHMP_IA [test-meta-forms],internal,1441680,1441681,mitigat-ny-prod+test-meta-forms,,(not set),TRUE,Smart (fetch on change),TRUE,No,source LHMP_IA is not in the in-scope source list,(deferred),"None for now - deferred from the fetch-mode sweep because source LHMP_IA is not in the in-scope source list. Every component set to Force (always re-fetch) re-queries on every mount, so the sweep is deliberately limited. It keeps behaving as Smart (fetch on change).",Deferred - out of narrowed scope,Deferred,,,
T6-C820,T6-001,1300890,https://county_template.devmny.org/the_risk/natural_hazards/flooding,the_risk/natural_hazards/flooding,1450290,(untitled Spreadsheet),1682973,08da261d-2ea8-4e2a-9b50-ab3339d3d789,Spreadsheet,v1,sourceInfo,49,,AVAIL BILD 2023 Parcels as Points,AVAIL BILD 2023 Parcels as Points [external],external,1505,1978,hazmit_dama,,(not set),TRUE,Smart (fetch on change),TRUE,No,source AVAIL BILD 2023 Parcels as Points is not in the in-scope source list,(deferred),"None for now - deferred from the fetch-mode sweep because source AVAIL BILD 2023 Parcels as Points is not in the in-scope source list. Every component set to Force (always re-fetch) re-queries on every mount, so the sweep is deliberately limited. It keeps behaving as Smart (fetch on change).",Deferred - out of narrowed scope,Deferred,,,
T6-C821,T6-001,1300890,https://county_template.devmny.org/the_risk/natural_hazards/flooding,the_risk/natural_hazards/flooding,1450290,People and Communities,1682983,3a0a2294-233d-4fe2-b55c-e3b9b3daa12c,Card,v1,sourceInfo,52,,LHMP_IA,LHMP_IA [test-meta-forms],internal,1441680,1441681,mitigat-ny-prod+test-meta-forms,,(not set),TRUE,Smart (fetch on change),TRUE,No,source LHMP_IA is not in the in-scope source list,(deferred),"None for now - deferred from the fetch-mode sweep because source LHMP_IA is not in the in-scope source list. Every component set to Force (always re-fetch) re-queries on every mount, so the sweep is deliberately limited. It keeps behaving as Smart (fetch on change).",Deferred - out of narrowed scope,Deferred,,,
T6-C822,T6-001,1300890,https://county_template.devmny.org/the_risk/natural_hazards/flooding,the_risk/natural_hazards/flooding,1450290,Natural Environment,1682985,ea09c597-9874-4421-9e43-66d97fb97913,Card,v1,sourceInfo,55,,LHMP_IA,LHMP_IA [test-meta-forms],internal,1441680,1441681,mitigat-ny-prod+test-meta-forms,,(not set),TRUE,Smart (fetch on change),TRUE,No,source LHMP_IA is not in the in-scope source list,(deferred),"None for now - deferred from the fetch-mode sweep because source LHMP_IA is not in the in-scope source list. Every component set to Force (always re-fetch) re-queries on every mount, so the sweep is deliberately limited. It keeps behaving as Smart (fetch on change).",Deferred - out of narrowed scope,Deferred,,,
T6-C823,T6-001,1300890,https://county_template.devmny.org/the_risk/natural_hazards/flooding,the_risk/natural_hazards/flooding,1450290,Strategies,1682988,0700164d-e79b-487d-bcfb-30485def30ca,Card,v1,sourceInfo,58,,LHMP_IA,LHMP_IA [test-meta-forms],internal,1441680,1441681,mitigat-ny-prod+test-meta-forms,,(not set),TRUE,Smart (fetch on change),TRUE,No,source LHMP_IA is not in the in-scope source list,(deferred),"None for now - deferred from the fetch-mode sweep because source LHMP_IA is not in the in-scope source list. Every component set to Force (always re-fetch) re-queries on every mount, so the sweep is deliberately limited. It keeps behaving as Smart (fetch on change).",Deferred - out of narrowed scope,Deferred,,,
T6-C824,T6-001,1300890,https://county_template.devmny.org/the_risk/natural_hazards/flooding,the_risk/natural_hazards/flooding,1450290,Measures Inventory,1682989,c8e666a4-8eb8-4e50-9d74-9cd2ec69c505,Spreadsheet,v2,externalSource,59,,Mitigation_Measures,Mitigation_Measures [test_meta_forms],internal,1068274,1155800,mitigat-ny-prod+test_meta_forms,,(not set),TRUE,Smart (fetch on change),TRUE,No,source Mitigation_Measures is not in the in-scope source list,(deferred),"None for now - deferred from the fetch-mode sweep because source Mitigation_Measures is not in the in-scope source list. Every component set to Force (always re-fetch) re-queries on every mount, so the sweep is deliberately limited. It keeps behaving as Smart (fetch on change).",Deferred - out of narrowed scope,Deferred,,,
T6-C825,T6-001,1300890,https://county_template.devmny.org/the_risk/natural_hazards/flooding,the_risk/natural_hazards/flooding,1450290,Capabilities,1682990,0700164d-e79b-487d-bcfb-30485def30ca,Card,v1,sourceInfo,60,,LHMP_IA,LHMP_IA [test-meta-forms],internal,1441680,1441681,mitigat-ny-prod+test-meta-forms,,(not set),TRUE,Smart (fetch on change),TRUE,No,source LHMP_IA is not in the in-scope source list,(deferred),"None for now - deferred from the fetch-mode sweep because source LHMP_IA is not in the in-scope source list. Every component set to Force (always re-fetch) re-queries on every mount, so the sweep is deliberately limited. It keeps behaving as Smart (fetch on change).",Deferred - out of narrowed scope,Deferred,,,
T6-C267,T6-001,1300890,https://county_template.devmny.org/the_risk/natural_hazards/flooding,the_risk/natural_hazards/flooding,1450290,(untitled Card),1682992,7b47cfb4-dbfd-4990-9a62-6003956bc2e2,Card,v2,externalSource,63,TRUE,LHMP_IA,LHMP_IA [test_meta_forms],internal,1441680,1441681,mitigat-ny-prod+test_meta_forms,,(not set),TRUE,Smart (fetch on change),TRUE,No,source LHMP_IA is not in the in-scope source list,(deferred),"None for now - deferred from the fetch-mode sweep because source LHMP_IA is not in the in-scope source list. Every component set to Force (always re-fetch) re-queries on every mount, so the sweep is deliberately limited. It keeps behaving as Smart (fetch on change).",Deferred - out of narrowed scope,Deferred,,,"Hidden from view (data.hideInView), so it never renders and the setting has no runtime effect today - set it anyway for template consistency, or defer. Owner decision."
T6-C826,T6-001,1300890,https://county_template.devmny.org/the_risk/natural_hazards/flooding,the_risk/natural_hazards/flooding,1450290,Actions,1682994,0700164d-e79b-487d-bcfb-30485def30ca,Card,v1,sourceInfo,65,,LHMP_IA,LHMP_IA [test-meta-forms],internal,1441680,1441681,mitigat-ny-prod+test-meta-forms,,(not set),TRUE,Smart (fetch on change),TRUE,No,source LHMP_IA is not in the in-scope source list,(deferred),"None for now - deferred from the fetch-mode sweep because source LHMP_IA is not in the in-scope source list. Every component set to Force (always re-fetch) re-queries on every mount, so the sweep is deliberately limited. It keeps behaving as Smart (fetch on change).",Deferred - out of narrowed scope,Deferred,,,
T6-C271,T6-001,1300890,https://county_template.devmny.org/the_risk/natural_hazards/hail,the_risk/natural_hazards/hail,1545093,(untitled Card),1545033,e501e808-6217-486e-bd86-1ce7f435aa14,Card,v2,externalSource,1,,AVAIL - Fusion Events V2,AVAIL - Fusion Events V2 [external],external,870,1648,hazmit_dama,,(not set),TRUE,Smart (fetch on change),TRUE,No,source AVAIL - Fusion Events V2 is not in the in-scope source list,(deferred),"None for now - deferred from the fetch-mode sweep because source AVAIL - Fusion Events V2 is not in the in-scope source list. Every component set to Force (always re-fetch) re-queries on every mount, so the sweep is deliberately limited. It keeps behaving as Smart (fetch on change).",Deferred - out of narrowed scope,Deferred,,,
T6-C273,T6-001,1300890,https://county_template.devmny.org/the_risk/natural_hazards/hail,the_risk/natural_hazards/hail,1545093,(untitled Card),1545034,b5e7c5ed-0c3f-48ba-8102-b35508c6fa2f,Card,v2,externalSource,3,,NRI Counties - Hazard Normalized,NRI Counties - Hazard Normalized [external],external,1508,1982,hazmit_dama,,(not set),TRUE,Smart (fetch on change),TRUE,No,source NRI Counties - Hazard Normalized is not in the in-scope source list,(deferred),"None for now - deferred from the fetch-mode sweep because source NRI Counties - Hazard Normalized is not in the in-scope source list. Every component set to Force (always re-fetch) re-queries on every mount, so the sweep is deliberately limited. It keeps behaving as Smart (fetch on change).",Deferred - out of narrowed scope,Deferred,,,
T6-C274,T6-001,1300890,https://county_template.devmny.org/the_risk/natural_hazards/hail,the_risk/natural_hazards/hail,1545093,(untitled Card),1545035,5f88f7a5-19bf-4b85-b039-de50c4f2fb8a,Card,v2,externalSource,4,,AVAIL - Fusion Events V2,AVAIL - Fusion Events V2 [external],external,870,1648,hazmit_dama,,(not set),TRUE,Smart (fetch on change),TRUE,No,source AVAIL - Fusion Events V2 is not in the in-scope source list,(deferred),"None for now - deferred from the fetch-mode sweep because source AVAIL - Fusion Events V2 is not in the in-scope source list. Every component set to Force (always re-fetch) re-queries on every mount, so the sweep is deliberately limited. It keeps behaving as Smart (fetch on change).",Deferred - out of narrowed scope,Deferred,,,
T6-C827,T6-001,1300890,https://county_template.devmny.org/the_risk/natural_hazards/hail,the_risk/natural_hazards/hail,1545093,Overview,1545032,b50f6b90-a250-43a9-a963-648dc7bac6aa,Card,v2,externalSource,5,,LHMP_IA,LHMP_IA [test-meta-forms],internal,1441680,1441681,mitigat-ny-prod+test-meta-forms,,(not set),TRUE,Smart (fetch on change),TRUE,No,source LHMP_IA is not in the in-scope source list,(deferred),"None for now - deferred from the fetch-mode sweep because source LHMP_IA is not in the in-scope source list. Every component set to Force (always re-fetch) re-queries on every mount, so the sweep is deliberately limited. It keeps behaving as Smart (fetch on change).",Deferred - out of narrowed scope,Deferred,,,
T6-C275,T6-001,1300890,https://county_template.devmny.org/the_risk/natural_hazards/hail,the_risk/natural_hazards/hail,1545093,(untitled Card),1545037,edcd023e-c7de-41db-b683-9d4c9297599c,Card,v2,externalSource,7,,LHMP_IA,LHMP_IA [test_meta_forms],internal,1441680,1441681,mitigat-ny-prod+test_meta_forms,,(not set),TRUE,Smart (fetch on change),TRUE,No,source LHMP_IA is not in the in-scope source list,(deferred),"None for now - deferred from the fetch-mode sweep because source LHMP_IA is not in the in-scope source list. Every component set to Force (always re-fetch) re-queries on every mount, so the sweep is deliberately limited. It keeps behaving as Smart (fetch on change).",Deferred - out of narrowed scope,Deferred,,,
T6-C828,T6-001,1300890,https://county_template.devmny.org/the_risk/natural_hazards/hail,the_risk/natural_hazards/hail,1545093,General Vulnerability,1545039,b50f6b90-a250-43a9-a963-648dc7bac6aa,Card,v1,sourceInfo,10,,LHMP_IA,LHMP_IA [test-meta-forms],internal,1441680,1441681,mitigat-ny-prod+test-meta-forms,,(not set),TRUE,Smart (fetch on change),TRUE,No,source LHMP_IA is not in the in-scope source list,(deferred),"None for now - deferred from the fetch-mode sweep because source LHMP_IA is not in the in-scope source list. Every component set to Force (always re-fetch) re-queries on every mount, so the sweep is deliberately limited. It keeps behaving as Smart (fetch on change).",Deferred - out of narrowed scope,Deferred,,,
T6-C829,T6-001,1300890,https://county_template.devmny.org/the_risk/natural_hazards/hail,the_risk/natural_hazards/hail,1545093,(untitled Card),1545040,ed79611a-6b84-44d7-a646-b86d020b3e05,Card,v1,sourceInfo,11,,LHMP_IA,LHMP_IA [prod],internal,1441680,1441681,mitigat-ny-prod+prod,,(not set),TRUE,Smart (fetch on change),TRUE,No,source LHMP_IA is not in the in-scope source list,(deferred),"None for now - deferred from the fetch-mode sweep because source LHMP_IA is not in the in-scope source list. Every component set to Force (always re-fetch) re-queries on every mount, so the sweep is deliberately limited. It keeps behaving as Smart (fetch on change).",Deferred - out of narrowed scope,Deferred,,,
T6-C830,T6-001,1300890,https://county_template.devmny.org/the_risk/natural_hazards/hail,the_risk/natural_hazards/hail,1545093,Potential Impacts,1545041,51278763-8812-46ca-a31c-26b96abcde67,Card,v1,sourceInfo,12,,LHMP_IA,LHMP_IA [test-meta-forms],internal,1441680,1441681,mitigat-ny-prod+test-meta-forms,,(not set),TRUE,Smart (fetch on change),TRUE,No,source LHMP_IA is not in the in-scope source list,(deferred),"None for now - deferred from the fetch-mode sweep because source LHMP_IA is not in the in-scope source list. Every component set to Force (always re-fetch) re-queries on every mount, so the sweep is deliberately limited. It keeps behaving as Smart (fetch on change).",Deferred - out of narrowed scope,Deferred,,,
T6-C831,T6-001,1300890,https://county_template.devmny.org/the_risk/natural_hazards/hail,the_risk/natural_hazards/hail,1545093,(untitled Spreadsheet),1545042,6d5acff2-3136-4acc-ac54-60e1501b8e5e,Spreadsheet,v1,sourceInfo,13,,R_and_V_Matrix,R_and_V_Matrix [prod],internal,1068982,1160864,mitigat-ny-prod+prod,,(not set),TRUE,Smart (fetch on change),TRUE,No,source R_and_V_Matrix is not in the in-scope source list,(deferred),"None for now - deferred from the fetch-mode sweep because source R_and_V_Matrix is not in the in-scope source list. Every component set to Force (always re-fetch) re-queries on every mount, so the sweep is deliberately limited. It keeps behaving as Smart (fetch on change).",Deferred - out of narrowed scope,Deferred,,,
T6-C832,T6-001,1300890,https://county_template.devmny.org/the_risk/natural_hazards/hail,the_risk/natural_hazards/hail,1545093,Historic Occurrences,1545043,0700164d-e79b-487d-bcfb-30485def30ca,Card,v1,sourceInfo,14,,LHMP_IA,LHMP_IA [test-meta-forms],internal,1441680,1441681,mitigat-ny-prod+test-meta-forms,,(not set),TRUE,Smart (fetch on change),TRUE,No,source LHMP_IA is not in the in-scope source list,(deferred),"None for now - deferred from the fetch-mode sweep because source LHMP_IA is not in the in-scope source list. Every component set to Force (always re-fetch) re-queries on every mount, so the sweep is deliberately limited. It keeps behaving as Smart (fetch on change).",Deferred - out of narrowed scope,Deferred,,,
T6-C276,T6-001,1300890,https://county_template.devmny.org/the_risk/natural_hazards/hail,the_risk/natural_hazards/hail,1545093,(untitled Card),1545044,7cfa4cbb-ad41-49d0-b4a1-34e9a2011d45,Card,v2,externalSource,15,,LHMP_IA,LHMP_IA [test_meta_forms],internal,1441680,1441681,mitigat-ny-prod+test_meta_forms,,(not set),TRUE,Smart (fetch on change),TRUE,No,source LHMP_IA is not in the in-scope source list,(deferred),"None for now - deferred from the fetch-mode sweep because source LHMP_IA is not in the in-scope source list. Every component set to Force (always re-fetch) re-queries on every mount, so the sweep is deliberately limited. It keeps behaving as Smart (fetch on change).",Deferred - out of narrowed scope,Deferred,,,
T6-C833,T6-001,1300890,https://county_template.devmny.org/the_risk/natural_hazards/hail,the_risk/natural_hazards/hail,1545093,Total Events and Losses in $: Declared Disasters and Non-Declared Events,1545045,c5c78f29-4ec3-478e-bad2-2388e8a1f53d,Card,v1,sourceInfo,16,,LHMP_IA,LHMP_IA [test-meta-forms],internal,1441680,1441681,mitigat-ny-prod+test-meta-forms,,(not set),TRUE,Smart (fetch on change),TRUE,No,source LHMP_IA is not in the in-scope source list,(deferred),"None for now - deferred from the fetch-mode sweep because source LHMP_IA is not in the in-scope source list. Every component set to Force (always re-fetch) re-queries on every mount, so the sweep is deliberately limited. It keeps behaving as Smart (fetch on change).",Deferred - out of narrowed scope,Deferred,,,
T6-C834,T6-001,1300890,https://county_template.devmny.org/the_risk/natural_hazards/hail,the_risk/natural_hazards/hail,1545093,(untitled Graph),1545046,5d798134-5ead-487a-82c7-61552c16f0bd,Graph,v1,sourceInfo,17,,AVAIL - Fusion Events V2,AVAIL - Fusion Events V2 [external],external,870,1648,hazmit_dama,,(not set),TRUE,Smart (fetch on change),TRUE,No,source AVAIL - Fusion Events V2 is not in the in-scope source list,(deferred),"None for now - deferred from the fetch-mode sweep because source AVAIL - Fusion Events V2 is not in the in-scope source list. Every component set to Force (always re-fetch) re-queries on every mount, so the sweep is deliberately limited. It keeps behaving as Smart (fetch on change).",Deferred - out of narrowed scope,Deferred,,,
T6-C277,T6-001,1300890,https://county_template.devmny.org/the_risk/natural_hazards/hail,the_risk/natural_hazards/hail,1545093,(untitled Card),1545047,e0bd653d-ee80-4f64-9d0c-01f158f2d0b4,Card,v2,externalSource,18,,AVAIL - Fusion Events V2,AVAIL - Fusion Events V2 [external],external,870,2401,hazmit_dama,,(not set),TRUE,Smart (fetch on change),TRUE,No,source AVAIL - Fusion Events V2 is not in the in-scope source list,(deferred),"None for now - deferred from the fetch-mode sweep because source AVAIL - Fusion Events V2 is not in the in-scope source list. Every component set to Force (always re-fetch) re-queries on every mount, so the sweep is deliberately limited. It keeps behaving as Smart (fetch on change).",Deferred - out of narrowed scope,Deferred,,,
T6-C835,T6-001,1300890,https://county_template.devmny.org/the_risk/natural_hazards/hail,the_risk/natural_hazards/hail,1545093,Total Losses in $ by Year,1545051,d091c90d-202e-46e5-becb-1ef6c9fafb7f,Card,v1,sourceInfo,20,,LHMP_IA,LHMP_IA [test-meta-forms],internal,1441680,1441681,mitigat-ny-prod+test-meta-forms,,(not set),TRUE,Smart (fetch on change),TRUE,No,source LHMP_IA is not in the in-scope source list,(deferred),"None for now - deferred from the fetch-mode sweep because source LHMP_IA is not in the in-scope source list. Every component set to Force (always re-fetch) re-queries on every mount, so the sweep is deliberately limited. It keeps behaving as Smart (fetch on change).",Deferred - out of narrowed scope,Deferred,,,
T6-C278,T6-001,1300890,https://county_template.devmny.org/the_risk/natural_hazards/hail,the_risk/natural_hazards/hail,1545093,(untitled Graph),1545052,d757d20c-1538-4be1-8fea-0dd5e6417931,Graph,v2,externalSource,21,,AVAIL - Fusion Events V2,AVAIL - Fusion Events V2 [external],external,870,2401,hazmit_dama,,(not set),TRUE,Smart (fetch on change),TRUE,No,source AVAIL - Fusion Events V2 is not in the in-scope source list,(deferred),"None for now - deferred from the fetch-mode sweep because source AVAIL - Fusion Events V2 is not in the in-scope source list. Every component set to Force (always re-fetch) re-queries on every mount, so the sweep is deliberately limited. It keeps behaving as Smart (fetch on change).",Deferred - out of narrowed scope,Deferred,,,
T6-C836,T6-001,1300890,https://county_template.devmny.org/the_risk/natural_hazards/hail,the_risk/natural_hazards/hail,1545093,Total Losses in $ by Month,1545054,a40dbab4-6a2b-4c92-adab-ffaa966382c6,Card,v1,sourceInfo,22,,LHMP_IA,LHMP_IA [test-meta-forms],internal,1441680,1441681,mitigat-ny-prod+test-meta-forms,,(not set),TRUE,Smart (fetch on change),TRUE,No,source LHMP_IA is not in the in-scope source list,(deferred),"None for now - deferred from the fetch-mode sweep because source LHMP_IA is not in the in-scope source list. Every component set to Force (always re-fetch) re-queries on every mount, so the sweep is deliberately limited. It keeps behaving as Smart (fetch on change).",Deferred - out of narrowed scope,Deferred,,,
T6-C279,T6-001,1300890,https://county_template.devmny.org/the_risk/natural_hazards/hail,the_risk/natural_hazards/hail,1545093,(untitled Graph),1545055,ac560771-e09b-486b-adeb-d7d21dcc8894,Graph,v2,externalSource,23,,AVAIL - Fusion Events V2,AVAIL - Fusion Events V2 [external],external,870,2401,hazmit_dama,,(not set),TRUE,Smart (fetch on change),TRUE,No,source AVAIL - Fusion Events V2 is not in the in-scope source list,(deferred),"None for now - deferred from the fetch-mode sweep because source AVAIL - Fusion Events V2 is not in the in-scope source list. Every component set to Force (always re-fetch) re-queries on every mount, so the sweep is deliberately limited. It keeps behaving as Smart (fetch on change).",Deferred - out of narrowed scope,Deferred,,,
T6-C837,T6-001,1300890,https://county_template.devmny.org/the_risk/natural_hazards/hail,the_risk/natural_hazards/hail,1545093,Presidential Disaster Declarations,1545056,51278763-8812-46ca-a31c-26b96abcde67,Card,v1,sourceInfo,24,,LHMP_IA,LHMP_IA [test-meta-forms],internal,1441680,1441681,mitigat-ny-prod+test-meta-forms,,(not set),TRUE,Smart (fetch on change),TRUE,No,source LHMP_IA is not in the in-scope source list,(deferred),"None for now - deferred from the fetch-mode sweep because source LHMP_IA is not in the in-scope source list. Every component set to Force (always re-fetch) re-queries on every mount, so the sweep is deliberately limited. It keeps behaving as Smart (fetch on change).",Deferred - out of narrowed scope,Deferred,,,
T6-C838,T6-001,1300890,https://county_template.devmny.org/the_risk/natural_hazards/hail,the_risk/natural_hazards/hail,1545093,(untitled Card),1996080,9d1d529a-0bb5-4a2d-9dd7-93dd465c18eb,Card,v1,sourceInfo,25,,LHMP_IA,LHMP_IA [test-meta-forms],internal,1441680,1441681,mitigat-ny-prod+test-meta-forms,,(not set),TRUE,Smart (fetch on change),TRUE,No,source LHMP_IA is not in the in-scope source list,(deferred),"None for now - deferred from the fetch-mode sweep because source LHMP_IA is not in the in-scope source list. Every component set to Force (always re-fetch) re-queries on every mount, so the sweep is deliberately limited. It keeps behaving as Smart (fetch on change).",Deferred - out of narrowed scope,Deferred,,,
T6-C839,T6-001,1300890,https://county_template.devmny.org/the_risk/natural_hazards/hail,the_risk/natural_hazards/hail,1545093,(untitled Spreadsheet),1545058,640f61a5-08a0-40e4-8324-d4d065bd6e03,Spreadsheet,v1,sourceInfo,26,,AVAIL - Fusion Events V2,AVAIL - Fusion Events V2 [external],external,870,1648,hazmit_dama,,(not set),TRUE,Smart (fetch on change),TRUE,No,source AVAIL - Fusion Events V2 is not in the in-scope source list,(deferred),"None for now - deferred from the fetch-mode sweep because source AVAIL - Fusion Events V2 is not in the in-scope source list. Every component set to Force (always re-fetch) re-queries on every mount, so the sweep is deliberately limited. It keeps behaving as Smart (fetch on change).",Deferred - out of narrowed scope,Deferred,,,
T6-C840,T6-001,1300890,https://county_template.devmny.org/the_risk/natural_hazards/hail,the_risk/natural_hazards/hail,1545093,Other Hazard Events,1545060,51278763-8812-46ca-a31c-26b96abcde67,Card,v1,sourceInfo,29,,LHMP_IA,LHMP_IA [test-meta-forms],internal,1441680,1441681,mitigat-ny-prod+test-meta-forms,,(not set),TRUE,Smart (fetch on change),TRUE,No,source LHMP_IA is not in the in-scope source list,(deferred),"None for now - deferred from the fetch-mode sweep because source LHMP_IA is not in the in-scope source list. Every component set to Force (always re-fetch) re-queries on every mount, so the sweep is deliberately limited. It keeps behaving as Smart (fetch on change).",Deferred - out of narrowed scope,Deferred,,,
T6-C280,T6-001,1300890,https://county_template.devmny.org/the_risk/natural_hazards/hail,the_risk/natural_hazards/hail,1545093,(untitled Card),1545061,f5392893-fc72-4005-b595-c9d92a1c5561,Card,v2,externalSource,30,,LHMP_IA,LHMP_IA [test_meta_forms],internal,1441680,1441681,mitigat-ny-prod+test_meta_forms,,(not set),TRUE,Smart (fetch on change),TRUE,No,source LHMP_IA is not in the in-scope source list,(deferred),"None for now - deferred from the fetch-mode sweep because source LHMP_IA is not in the in-scope source list. Every component set to Force (always re-fetch) re-queries on every mount, so the sweep is deliberately limited. It keeps behaving as Smart (fetch on change).",Deferred - out of narrowed scope,Deferred,,,
T6-C281,T6-001,1300890,https://county_template.devmny.org/the_risk/natural_hazards/hail,the_risk/natural_hazards/hail,1545093,(untitled Spreadsheet),1545062,f9007ce9-6ec1-4dc6-9341-61606e78e8bf,Spreadsheet,v2,externalSource,31,,AVAIL - Fusion Events V2,AVAIL - Fusion Events V2 [external],external,870,2401,hazmit_dama,,(not set),TRUE,Smart (fetch on change),TRUE,No,source AVAIL - Fusion Events V2 is not in the in-scope source list,(deferred),"None for now - deferred from the fetch-mode sweep because source AVAIL - Fusion Events V2 is not in the in-scope source list. Every component set to Force (always re-fetch) re-queries on every mount, so the sweep is deliberately limited. It keeps behaving as Smart (fetch on change).",Deferred - out of narrowed scope,Deferred,,,
T6-C282,T6-001,1300890,https://county_template.devmny.org/the_risk/natural_hazards/hail,the_risk/natural_hazards/hail,1545093,(untitled Card),1545066,cd53270c-448a-415d-9ac7-82da4e3b41b0,Card,v2,externalSource,37,TRUE,LHMP_IA,LHMP_IA [test_meta_forms],internal,1441680,1441681,mitigat-ny-prod+test_meta_forms,,(not set),TRUE,Smart (fetch on change),TRUE,No,source LHMP_IA is not in the in-scope source list,(deferred),"None for now - deferred from the fetch-mode sweep because source LHMP_IA is not in the in-scope source list. Every component set to Force (always re-fetch) re-queries on every mount, so the sweep is deliberately limited. It keeps behaving as Smart (fetch on change).",Deferred - out of narrowed scope,Deferred,,,"Hidden from view (data.hideInView), so it never renders and the setting has no runtime effect today - set it anyway for template consistency, or defer. Owner decision."
T6-C841,T6-001,1300890,https://county_template.devmny.org/the_risk/natural_hazards/hail,the_risk/natural_hazards/hail,1545093,Modeled Risk,1545069,0700164d-e79b-487d-bcfb-30485def30ca,Card,v1,sourceInfo,41,,LHMP_IA,LHMP_IA [test-meta-forms],internal,1441680,1441681,mitigat-ny-prod+test-meta-forms,,(not set),TRUE,Smart (fetch on change),TRUE,No,source LHMP_IA is not in the in-scope source list,(deferred),"None for now - deferred from the fetch-mode sweep because source LHMP_IA is not in the in-scope source list. Every component set to Force (always re-fetch) re-queries on every mount, so the sweep is deliberately limited. It keeps behaving as Smart (fetch on change).",Deferred - out of narrowed scope,Deferred,,,
T6-C842,T6-001,1300890,https://county_template.devmny.org/the_risk/natural_hazards/hail,the_risk/natural_hazards/hail,1545093,(untitled Card),1545070,b11239ee-eec3-4e89-ad22-7ecb42c7726b,Card,v1,sourceInfo,42,,NRI Counties - Hazard Normalized,NRI Counties - Hazard Normalized [external],external,1508,1982,hazmit_dama,,(not set),TRUE,Smart (fetch on change),TRUE,No,source NRI Counties - Hazard Normalized is not in the in-scope source list,(deferred),"None for now - deferred from the fetch-mode sweep because source NRI Counties - Hazard Normalized is not in the in-scope source list. Every component set to Force (always re-fetch) re-queries on every mount, so the sweep is deliberately limited. It keeps behaving as Smart (fetch on change).",Deferred - out of narrowed scope,Deferred,,,
T6-C843,T6-001,1300890,https://county_template.devmny.org/the_risk/natural_hazards/hail,the_risk/natural_hazards/hail,1545093,Built Environment,1545072,61d0ccfa-80c7-4060-ba76-68955e498e29,Card,v1,sourceInfo,44,,LHMP_IA,LHMP_IA [test-meta-forms],internal,1441680,1441681,mitigat-ny-prod+test-meta-forms,,(not set),TRUE,Smart (fetch on change),TRUE,No,source LHMP_IA is not in the in-scope source list,(deferred),"None for now - deferred from the fetch-mode sweep because source LHMP_IA is not in the in-scope source list. Every component set to Force (always re-fetch) re-queries on every mount, so the sweep is deliberately limited. It keeps behaving as Smart (fetch on change).",Deferred - out of narrowed scope,Deferred,,,
T6-C844,T6-001,1300890,https://county_template.devmny.org/the_risk/natural_hazards/hail,the_risk/natural_hazards/hail,1545093,People and Communities,1545074,3a0a2294-233d-4fe2-b55c-e3b9b3daa12c,Card,v1,sourceInfo,47,,LHMP_IA,LHMP_IA [test-meta-forms],internal,1441680,1441681,mitigat-ny-prod+test-meta-forms,,(not set),TRUE,Smart (fetch on change),TRUE,No,source LHMP_IA is not in the in-scope source list,(deferred),"None for now - deferred from the fetch-mode sweep because source LHMP_IA is not in the in-scope source list. Every component set to Force (always re-fetch) re-queries on every mount, so the sweep is deliberately limited. It keeps behaving as Smart (fetch on change).",Deferred - out of narrowed scope,Deferred,,,
T6-C845,T6-001,1300890,https://county_template.devmny.org/the_risk/natural_hazards/hail,the_risk/natural_hazards/hail,1545093,Natural Environment,1545076,ea09c597-9874-4421-9e43-66d97fb97913,Card,v1,sourceInfo,50,,LHMP_IA,LHMP_IA [test-meta-forms],internal,1441680,1441681,mitigat-ny-prod+test-meta-forms,,(not set),TRUE,Smart (fetch on change),TRUE,No,source LHMP_IA is not in the in-scope source list,(deferred),"None for now - deferred from the fetch-mode sweep because source LHMP_IA is not in the in-scope source list. Every component set to Force (always re-fetch) re-queries on every mount, so the sweep is deliberately limited. It keeps behaving as Smart (fetch on change).",Deferred - out of narrowed scope,Deferred,,,
T6-C846,T6-001,1300890,https://county_template.devmny.org/the_risk/natural_hazards/hail,the_risk/natural_hazards/hail,1545093,Strategies,1545079,0700164d-e79b-487d-bcfb-30485def30ca,Card,v1,sourceInfo,53,,LHMP_IA,LHMP_IA [test-meta-forms],internal,1441680,1441681,mitigat-ny-prod+test-meta-forms,,(not set),TRUE,Smart (fetch on change),TRUE,No,source LHMP_IA is not in the in-scope source list,(deferred),"None for now - deferred from the fetch-mode sweep because source LHMP_IA is not in the in-scope source list. Every component set to Force (always re-fetch) re-queries on every mount, so the sweep is deliberately limited. It keeps behaving as Smart (fetch on change).",Deferred - out of narrowed scope,Deferred,,,
T6-C847,T6-001,1300890,https://county_template.devmny.org/the_risk/natural_hazards/hail,the_risk/natural_hazards/hail,1545093,Measures Inventory,1545080,c8e666a4-8eb8-4e50-9d74-9cd2ec69c505,Spreadsheet,v2,externalSource,54,,Mitigation_Measures,Mitigation_Measures [test_meta_forms],internal,1068274,1155800,mitigat-ny-prod+test_meta_forms,,(not set),TRUE,Smart (fetch on change),TRUE,No,source Mitigation_Measures is not in the in-scope source list,(deferred),"None for now - deferred from the fetch-mode sweep because source Mitigation_Measures is not in the in-scope source list. Every component set to Force (always re-fetch) re-queries on every mount, so the sweep is deliberately limited. It keeps behaving as Smart (fetch on change).",Deferred - out of narrowed scope,Deferred,,,
T6-C848,T6-001,1300890,https://county_template.devmny.org/the_risk/natural_hazards/hail,the_risk/natural_hazards/hail,1545093,Capabilities,1545081,0700164d-e79b-487d-bcfb-30485def30ca,Card,v1,sourceInfo,55,,LHMP_IA,LHMP_IA [test-meta-forms],internal,1441680,1441681,mitigat-ny-prod+test-meta-forms,,(not set),TRUE,Smart (fetch on change),TRUE,No,source LHMP_IA is not in the in-scope source list,(deferred),"None for now - deferred from the fetch-mode sweep because source LHMP_IA is not in the in-scope source list. Every component set to Force (always re-fetch) re-queries on every mount, so the sweep is deliberately limited. It keeps behaving as Smart (fetch on change).",Deferred - out of narrowed scope,Deferred,,,
T6-C284,T6-001,1300890,https://county_template.devmny.org/the_risk/natural_hazards/hail,the_risk/natural_hazards/hail,1545093,(untitled Card),1545083,7b47cfb4-dbfd-4990-9a62-6003956bc2e2,Card,v2,externalSource,58,TRUE,LHMP_IA,LHMP_IA [test_meta_forms],internal,1441680,1441681,mitigat-ny-prod+test_meta_forms,,(not set),TRUE,Smart (fetch on change),TRUE,No,source LHMP_IA is not in the in-scope source list,(deferred),"None for now - deferred from the fetch-mode sweep because source LHMP_IA is not in the in-scope source list. Every component set to Force (always re-fetch) re-queries on every mount, so the sweep is deliberately limited. It keeps behaving as Smart (fetch on change).",Deferred - out of narrowed scope,Deferred,,,"Hidden from view (data.hideInView), so it never renders and the setting has no runtime effect today - set it anyway for template consistency, or defer. Owner decision."
T6-C849,T6-001,1300890,https://county_template.devmny.org/the_risk/natural_hazards/hail,the_risk/natural_hazards/hail,1545093,Actions,1545085,0700164d-e79b-487d-bcfb-30485def30ca,Card,v1,sourceInfo,60,,LHMP_IA,LHMP_IA [test-meta-forms],internal,1441680,1441681,mitigat-ny-prod+test-meta-forms,,(not set),TRUE,Smart (fetch on change),TRUE,No,source LHMP_IA is not in the in-scope source list,(deferred),"None for now - deferred from the fetch-mode sweep because source LHMP_IA is not in the in-scope source list. Every component set to Force (always re-fetch) re-queries on every mount, so the sweep is deliberately limited. It keeps behaving as Smart (fetch on change).",Deferred - out of narrowed scope,Deferred,,,
T6-C288,T6-001,1300890,https://county_template.devmny.org/the_risk/natural_hazards/hurricane,the_risk/natural_hazards/hurricane,1545403,(untitled Card),2416262,351d2764-fa2b-4d0c-8ffa-a620f953b598,Card,v2,externalSource,1,,AVAIL - Fusion Events V2,AVAIL - Fusion Events V2 [external],external,870,1648,hazmit_dama,,(not set),TRUE,Smart (fetch on change),TRUE,No,source AVAIL - Fusion Events V2 is not in the in-scope source list,(deferred),"None for now - deferred from the fetch-mode sweep because source AVAIL - Fusion Events V2 is not in the in-scope source list. Every component set to Force (always re-fetch) re-queries on every mount, so the sweep is deliberately limited. It keeps behaving as Smart (fetch on change).",Deferred - out of narrowed scope,Deferred,,,
T6-C290,T6-001,1300890,https://county_template.devmny.org/the_risk/natural_hazards/hurricane,the_risk/natural_hazards/hurricane,1545403,(untitled Card),2416266,b398bd26-c463-42c3-bad3-a61326fda72c,Card,v2,externalSource,3,,NRI Counties - Hazard Normalized,NRI Counties - Hazard Normalized [external],external,1508,1982,hazmit_dama,,(not set),TRUE,Smart (fetch on change),TRUE,No,source NRI Counties - Hazard Normalized is not in the in-scope source list,(deferred),"None for now - deferred from the fetch-mode sweep because source NRI Counties - Hazard Normalized is not in the in-scope source list. Every component set to Force (always re-fetch) re-queries on every mount, so the sweep is deliberately limited. It keeps behaving as Smart (fetch on change).",Deferred - out of narrowed scope,Deferred,,,
T6-C291,T6-001,1300890,https://county_template.devmny.org/the_risk/natural_hazards/hurricane,the_risk/natural_hazards/hurricane,1545403,(untitled Card),2416265,ab544a52-6269-4c28-96ef-022cab755692,Card,v2,externalSource,4,,AVAIL - Fusion Events V2,AVAIL - Fusion Events V2 [external],external,870,1648,hazmit_dama,,(not set),TRUE,Smart (fetch on change),TRUE,No,source AVAIL - Fusion Events V2 is not in the in-scope source list,(deferred),"None for now - deferred from the fetch-mode sweep because source AVAIL - Fusion Events V2 is not in the in-scope source list. Every component set to Force (always re-fetch) re-queries on every mount, so the sweep is deliberately limited. It keeps behaving as Smart (fetch on change).",Deferred - out of narrowed scope,Deferred,,,
T6-C292,T6-001,1300890,https://county_template.devmny.org/the_risk/natural_hazards/hurricane,the_risk/natural_hazards/hurricane,1545403,Overview,1992558,b50f6b90-a250-43a9-a963-648dc7bac6aa,Card,v2,externalSource,5,,LHMP_IA,LHMP_IA [test-meta-forms],internal,1441680,1441681,mitigat-ny-prod+test-meta-forms,,(not set),TRUE,Smart (fetch on change),TRUE,No,source LHMP_IA is not in the in-scope source list,(deferred),"None for now - deferred from the fetch-mode sweep because source LHMP_IA is not in the in-scope source list. Every component set to Force (always re-fetch) re-queries on every mount, so the sweep is deliberately limited. It keeps behaving as Smart (fetch on change).",Deferred - out of narrowed scope,Deferred,,,
T6-C293,T6-001,1300890,https://county_template.devmny.org/the_risk/natural_hazards/hurricane,the_risk/natural_hazards/hurricane,1545403,(untitled Card),1992564,edcd023e-c7de-41db-b683-9d4c9297599c,Card,v2,externalSource,7,,LHMP_IA,LHMP_IA [test-meta-forms],internal,1441680,1441681,mitigat-ny-prod+test-meta-forms,,(not set),TRUE,Smart (fetch on change),TRUE,No,source LHMP_IA is not in the in-scope source list,(deferred),"None for now - deferred from the fetch-mode sweep because source LHMP_IA is not in the in-scope source list. Every component set to Force (always re-fetch) re-queries on every mount, so the sweep is deliberately limited. It keeps behaving as Smart (fetch on change).",Deferred - out of narrowed scope,Deferred,,,
T6-C850,T6-001,1300890,https://county_template.devmny.org/the_risk/natural_hazards/hurricane,the_risk/natural_hazards/hurricane,1545403,General Vulnerability,1992566,b50f6b90-a250-43a9-a963-648dc7bac6aa,Card,v1,sourceInfo,10,,LHMP_IA,LHMP_IA [test-meta-forms],internal,1441680,1441681,mitigat-ny-prod+test-meta-forms,,(not set),TRUE,Smart (fetch on change),TRUE,No,source LHMP_IA is not in the in-scope source list,(deferred),"None for now - deferred from the fetch-mode sweep because source LHMP_IA is not in the in-scope source list. Every component set to Force (always re-fetch) re-queries on every mount, so the sweep is deliberately limited. It keeps behaving as Smart (fetch on change).",Deferred - out of narrowed scope,Deferred,,,
T6-C851,T6-001,1300890,https://county_template.devmny.org/the_risk/natural_hazards/hurricane,the_risk/natural_hazards/hurricane,1545403,(untitled Card),1992567,ed79611a-6b84-44d7-a646-b86d020b3e05,Card,v1,sourceInfo,11,,LHMP_IA,LHMP_IA [test-meta-forms],internal,1441680,1441681,mitigat-ny-prod+test-meta-forms,,(not set),TRUE,Smart (fetch on change),TRUE,No,source LHMP_IA is not in the in-scope source list,(deferred),"None for now - deferred from the fetch-mode sweep because source LHMP_IA is not in the in-scope source list. Every component set to Force (always re-fetch) re-queries on every mount, so the sweep is deliberately limited. It keeps behaving as Smart (fetch on change).",Deferred - out of narrowed scope,Deferred,,,
T6-C487,T6-001,1300890,https://county_template.devmny.org/the_risk/natural_hazards/hurricane,the_risk/natural_hazards/hurricane,1545403,Potential Impacts,1992568,51278763-8812-46ca-a31c-26b96abcde67,Card,v2,externalSource,12,,LHMP_IA,LHMP_IA [test-meta-forms],internal,1441680,1441681,mitigat-ny-prod+test-meta-forms,,(not set),TRUE,Smart (fetch on change),TRUE,No,source LHMP_IA is not in the in-scope source list,(deferred),"None for now - deferred from the fetch-mode sweep because source LHMP_IA is not in the in-scope source list. Every component set to Force (always re-fetch) re-queries on every mount, so the sweep is deliberately limited. It keeps behaving as Smart (fetch on change).",Deferred - out of narrowed scope,Deferred,,,
T6-C488,T6-001,1300890,https://county_template.devmny.org/the_risk/natural_hazards/hurricane,the_risk/natural_hazards/hurricane,1545403,(untitled Spreadsheet),1992569,6d5acff2-3136-4acc-ac54-60e1501b8e5e,Spreadsheet,v2,externalSource,13,,R_and_V_Matrix,R_and_V_Matrix [prod],internal,1068982,1160864,mitigat-ny-prod+prod,,(not set),TRUE,Smart (fetch on change),TRUE,No,source R_and_V_Matrix is not in the in-scope source list,(deferred),"None for now - deferred from the fetch-mode sweep because source R_and_V_Matrix is not in the in-scope source list. Every component set to Force (always re-fetch) re-queries on every mount, so the sweep is deliberately limited. It keeps behaving as Smart (fetch on change).",Deferred - out of narrowed scope,Deferred,,,
T6-C852,T6-001,1300890,https://county_template.devmny.org/the_risk/natural_hazards/hurricane,the_risk/natural_hazards/hurricane,1545403,Historic Occurrences,1992570,0700164d-e79b-487d-bcfb-30485def30ca,Card,v1,sourceInfo,14,,LHMP_IA,LHMP_IA [test-meta-forms],internal,1441680,1441681,mitigat-ny-prod+test-meta-forms,,(not set),TRUE,Smart (fetch on change),TRUE,No,source LHMP_IA is not in the in-scope source list,(deferred),"None for now - deferred from the fetch-mode sweep because source LHMP_IA is not in the in-scope source list. Every component set to Force (always re-fetch) re-queries on every mount, so the sweep is deliberately limited. It keeps behaving as Smart (fetch on change).",Deferred - out of narrowed scope,Deferred,,,
T6-C294,T6-001,1300890,https://county_template.devmny.org/the_risk/natural_hazards/hurricane,the_risk/natural_hazards/hurricane,1545403,(untitled Card),1992571,7cfa4cbb-ad41-49d0-b4a1-34e9a2011d45,Card,v2,externalSource,15,,LHMP_IA,LHMP_IA [test-meta-forms],internal,1441680,1441681,mitigat-ny-prod+test-meta-forms,,(not set),TRUE,Smart (fetch on change),TRUE,No,source LHMP_IA is not in the in-scope source list,(deferred),"None for now - deferred from the fetch-mode sweep because source LHMP_IA is not in the in-scope source list. Every component set to Force (always re-fetch) re-queries on every mount, so the sweep is deliberately limited. It keeps behaving as Smart (fetch on change).",Deferred - out of narrowed scope,Deferred,,,
T6-C853,T6-001,1300890,https://county_template.devmny.org/the_risk/natural_hazards/hurricane,the_risk/natural_hazards/hurricane,1545403,Total Events and Losses in $: Declared Disasters and Non-Declared Events,1992572,c5c78f29-4ec3-478e-bad2-2388e8a1f53d,Card,v1,sourceInfo,16,,LHMP_IA,LHMP_IA [test-meta-forms],internal,1441680,1441681,mitigat-ny-prod+test-meta-forms,,(not set),TRUE,Smart (fetch on change),TRUE,No,source LHMP_IA is not in the in-scope source list,(deferred),"None for now - deferred from the fetch-mode sweep because source LHMP_IA is not in the in-scope source list. Every component set to Force (always re-fetch) re-queries on every mount, so the sweep is deliberately limited. It keeps behaving as Smart (fetch on change).",Deferred - out of narrowed scope,Deferred,,,
T6-C854,T6-001,1300890,https://county_template.devmny.org/the_risk/natural_hazards/hurricane,the_risk/natural_hazards/hurricane,1545403,(untitled Graph),1992573,5d798134-5ead-487a-82c7-61552c16f0bd,Graph,v1,sourceInfo,17,,AVAIL - Fusion Events V2,AVAIL - Fusion Events V2 [external],external,870,1648,hazmit_dama,,(not set),TRUE,Smart (fetch on change),TRUE,No,source AVAIL - Fusion Events V2 is not in the in-scope source list,(deferred),"None for now - deferred from the fetch-mode sweep because source AVAIL - Fusion Events V2 is not in the in-scope source list. Every component set to Force (always re-fetch) re-queries on every mount, so the sweep is deliberately limited. It keeps behaving as Smart (fetch on change).",Deferred - out of narrowed scope,Deferred,,,
T6-C295,T6-001,1300890,https://county_template.devmny.org/the_risk/natural_hazards/hurricane,the_risk/natural_hazards/hurricane,1545403,(untitled Card),1992574,e0bd653d-ee80-4f64-9d0c-01f158f2d0b4,Card,v2,externalSource,18,,AVAIL - Fusion Events V2,AVAIL - Fusion Events V2 [external],external,870,2401,hazmit_dama,,(not set),TRUE,Smart (fetch on change),TRUE,No,source AVAIL - Fusion Events V2 is not in the in-scope source list,(deferred),"None for now - deferred from the fetch-mode sweep because source AVAIL - Fusion Events V2 is not in the in-scope source list. Every component set to Force (always re-fetch) re-queries on every mount, so the sweep is deliberately limited. It keeps behaving as Smart (fetch on change).",Deferred - out of narrowed scope,Deferred,,,
T6-C296,T6-001,1300890,https://county_template.devmny.org/the_risk/natural_hazards/hurricane,the_risk/natural_hazards/hurricane,1545403,(untitled Card),1992576,dd7b9f34-9244-4aee-8cf5-a55770b3c383,Card,v2,externalSource,20,,LHMP_IA,LHMP_IA [test-meta-forms],internal,1441680,1441681,mitigat-ny-prod+test-meta-forms,,(not set),TRUE,Smart (fetch on change),TRUE,No,source LHMP_IA is not in the in-scope source list,(deferred),"None for now - deferred from the fetch-mode sweep because source LHMP_IA is not in the in-scope source list. Every component set to Force (always re-fetch) re-queries on every mount, so the sweep is deliberately limited. It keeps behaving as Smart (fetch on change).",Deferred - out of narrowed scope,Deferred,,,
T6-C855,T6-001,1300890,https://county_template.devmny.org/the_risk/natural_hazards/hurricane,the_risk/natural_hazards/hurricane,1545403,Total Losses in $ by Year,1992578,d091c90d-202e-46e5-becb-1ef6c9fafb7f,Card,v1,sourceInfo,21,,LHMP_IA,LHMP_IA [test-meta-forms],internal,1441680,1441681,mitigat-ny-prod+test-meta-forms,,(not set),TRUE,Smart (fetch on change),TRUE,No,source LHMP_IA is not in the in-scope source list,(deferred),"None for now - deferred from the fetch-mode sweep because source LHMP_IA is not in the in-scope source list. Every component set to Force (always re-fetch) re-queries on every mount, so the sweep is deliberately limited. It keeps behaving as Smart (fetch on change).",Deferred - out of narrowed scope,Deferred,,,
T6-C297,T6-001,1300890,https://county_template.devmny.org/the_risk/natural_hazards/hurricane,the_risk/natural_hazards/hurricane,1545403,(untitled Graph),1992579,d757d20c-1538-4be1-8fea-0dd5e6417931,Graph,v2,externalSource,22,,AVAIL - Fusion Events V2,AVAIL - Fusion Events V2 [external],external,870,2401,hazmit_dama,,(not set),TRUE,Smart (fetch on change),TRUE,No,source AVAIL - Fusion Events V2 is not in the in-scope source list,(deferred),"None for now - deferred from the fetch-mode sweep because source AVAIL - Fusion Events V2 is not in the in-scope source list. Every component set to Force (always re-fetch) re-queries on every mount, so the sweep is deliberately limited. It keeps behaving as Smart (fetch on change).",Deferred - out of narrowed scope,Deferred,,,
T6-C856,T6-001,1300890,https://county_template.devmny.org/the_risk/natural_hazards/hurricane,the_risk/natural_hazards/hurricane,1545403,Total Losses in $ by Month,1992581,a40dbab4-6a2b-4c92-adab-ffaa966382c6,Card,v1,sourceInfo,23,,LHMP_IA,LHMP_IA [test-meta-forms],internal,1441680,1441681,mitigat-ny-prod+test-meta-forms,,(not set),TRUE,Smart (fetch on change),TRUE,No,source LHMP_IA is not in the in-scope source list,(deferred),"None for now - deferred from the fetch-mode sweep because source LHMP_IA is not in the in-scope source list. Every component set to Force (always re-fetch) re-queries on every mount, so the sweep is deliberately limited. It keeps behaving as Smart (fetch on change).",Deferred - out of narrowed scope,Deferred,,,
T6-C298,T6-001,1300890,https://county_template.devmny.org/the_risk/natural_hazards/hurricane,the_risk/natural_hazards/hurricane,1545403,(untitled Graph),1992582,ac560771-e09b-486b-adeb-d7d21dcc8894,Graph,v2,externalSource,24,,AVAIL - Fusion Events V2,AVAIL - Fusion Events V2 [external],external,870,2401,hazmit_dama,,(not set),TRUE,Smart (fetch on change),TRUE,No,source AVAIL - Fusion Events V2 is not in the in-scope source list,(deferred),"None for now - deferred from the fetch-mode sweep because source AVAIL - Fusion Events V2 is not in the in-scope source list. Every component set to Force (always re-fetch) re-queries on every mount, so the sweep is deliberately limited. It keeps behaving as Smart (fetch on change).",Deferred - out of narrowed scope,Deferred,,,
T6-C857,T6-001,1300890,https://county_template.devmny.org/the_risk/natural_hazards/hurricane,the_risk/natural_hazards/hurricane,1545403,Presidential Disaster Declarations,1992583,51278763-8812-46ca-a31c-26b96abcde67,Card,v1,sourceInfo,25,,LHMP_IA,LHMP_IA [test-meta-forms],internal,1441680,1441681,mitigat-ny-prod+test-meta-forms,,(not set),TRUE,Smart (fetch on change),TRUE,No,source LHMP_IA is not in the in-scope source list,(deferred),"None for now - deferred from the fetch-mode sweep because source LHMP_IA is not in the in-scope source list. Every component set to Force (always re-fetch) re-queries on every mount, so the sweep is deliberately limited. It keeps behaving as Smart (fetch on change).",Deferred - out of narrowed scope,Deferred,,,
T6-C858,T6-001,1300890,https://county_template.devmny.org/the_risk/natural_hazards/hurricane,the_risk/natural_hazards/hurricane,1545403,(untitled Card),1996317,bf9465b0-d6fb-4efe-a97a-93f0c7f87e9f,Card,v1,sourceInfo,26,,LHMP_IA,LHMP_IA [test-meta-forms],internal,1441680,1441681,mitigat-ny-prod+test-meta-forms,,(not set),TRUE,Smart (fetch on change),TRUE,No,source LHMP_IA is not in the in-scope source list,(deferred),"None for now - deferred from the fetch-mode sweep because source LHMP_IA is not in the in-scope source list. Every component set to Force (always re-fetch) re-queries on every mount, so the sweep is deliberately limited. It keeps behaving as Smart (fetch on change).",Deferred - out of narrowed scope,Deferred,,,
T6-C859,T6-001,1300890,https://county_template.devmny.org/the_risk/natural_hazards/hurricane,the_risk/natural_hazards/hurricane,1545403,(untitled Spreadsheet),1992585,640f61a5-08a0-40e4-8324-d4d065bd6e03,Spreadsheet,v1,sourceInfo,27,,AVAIL - Fusion Events V2,AVAIL - Fusion Events V2 [external],external,870,1648,hazmit_dama,,(not set),TRUE,Smart (fetch on change),TRUE,No,source AVAIL - Fusion Events V2 is not in the in-scope source list,(deferred),"None for now - deferred from the fetch-mode sweep because source AVAIL - Fusion Events V2 is not in the in-scope source list. Every component set to Force (always re-fetch) re-queries on every mount, so the sweep is deliberately limited. It keeps behaving as Smart (fetch on change).",Deferred - out of narrowed scope,Deferred,,,
T6-C860,T6-001,1300890,https://county_template.devmny.org/the_risk/natural_hazards/hurricane,the_risk/natural_hazards/hurricane,1545403,Other Hazard Events,1992588,51278763-8812-46ca-a31c-26b96abcde67,Card,v1,sourceInfo,30,,LHMP_IA,LHMP_IA [test-meta-forms],internal,1441680,1441681,mitigat-ny-prod+test-meta-forms,,(not set),TRUE,Smart (fetch on change),TRUE,No,source LHMP_IA is not in the in-scope source list,(deferred),"None for now - deferred from the fetch-mode sweep because source LHMP_IA is not in the in-scope source list. Every component set to Force (always re-fetch) re-queries on every mount, so the sweep is deliberately limited. It keeps behaving as Smart (fetch on change).",Deferred - out of narrowed scope,Deferred,,,
T6-C299,T6-001,1300890,https://county_template.devmny.org/the_risk/natural_hazards/hurricane,the_risk/natural_hazards/hurricane,1545403,(untitled Card),1992589,f5392893-fc72-4005-b595-c9d92a1c5561,Card,v2,externalSource,31,,LHMP_IA,LHMP_IA [test_meta_forms],internal,1441680,1441681,mitigat-ny-prod+test_meta_forms,,(not set),TRUE,Smart (fetch on change),TRUE,No,source LHMP_IA is not in the in-scope source list,(deferred),"None for now - deferred from the fetch-mode sweep because source LHMP_IA is not in the in-scope source list. Every component set to Force (always re-fetch) re-queries on every mount, so the sweep is deliberately limited. It keeps behaving as Smart (fetch on change).",Deferred - out of narrowed scope,Deferred,,,
T6-C300,T6-001,1300890,https://county_template.devmny.org/the_risk/natural_hazards/hurricane,the_risk/natural_hazards/hurricane,1545403,(untitled Spreadsheet),1992590,f9007ce9-6ec1-4dc6-9341-61606e78e8bf,Spreadsheet,v2,externalSource,32,,AVAIL - Fusion Events V2,AVAIL - Fusion Events V2 [external],external,870,2401,hazmit_dama,,(not set),TRUE,Smart (fetch on change),TRUE,No,source AVAIL - Fusion Events V2 is not in the in-scope source list,(deferred),"None for now - deferred from the fetch-mode sweep because source AVAIL - Fusion Events V2 is not in the in-scope source list. Every component set to Force (always re-fetch) re-queries on every mount, so the sweep is deliberately limited. It keeps behaving as Smart (fetch on change).",Deferred - out of narrowed scope,Deferred,,,
T6-C301,T6-001,1300890,https://county_template.devmny.org/the_risk/natural_hazards/hurricane,the_risk/natural_hazards/hurricane,1545403,(untitled Card),1992596,cd53270c-448a-415d-9ac7-82da4e3b41b0,Card,v2,externalSource,38,TRUE,LHMP_IA,LHMP_IA [test_meta_forms],internal,1441680,1441681,mitigat-ny-prod+test_meta_forms,,(not set),TRUE,Smart (fetch on change),TRUE,No,source LHMP_IA is not in the in-scope source list,(deferred),"None for now - deferred from the fetch-mode sweep because source LHMP_IA is not in the in-scope source list. Every component set to Force (always re-fetch) re-queries on every mount, so the sweep is deliberately limited. It keeps behaving as Smart (fetch on change).",Deferred - out of narrowed scope,Deferred,,,"Hidden from view (data.hideInView), so it never renders and the setting has no runtime effect today - set it anyway for template consistency, or defer. Owner decision."
T6-C862,T6-001,1300890,https://county_template.devmny.org/the_risk/natural_hazards/hurricane,the_risk/natural_hazards/hurricane,1545403,Modeled Risk,1992600,0700164d-e79b-487d-bcfb-30485def30ca,Card,v1,sourceInfo,42,,LHMP_IA,LHMP_IA [test-meta-forms],internal,1441680,1441681,mitigat-ny-prod+test-meta-forms,,(not set),TRUE,Smart (fetch on change),TRUE,No,source LHMP_IA is not in the in-scope source list,(deferred),"None for now - deferred from the fetch-mode sweep because source LHMP_IA is not in the in-scope source list. Every component set to Force (always re-fetch) re-queries on every mount, so the sweep is deliberately limited. It keeps behaving as Smart (fetch on change).",Deferred - out of narrowed scope,Deferred,,,
T6-C863,T6-001,1300890,https://county_template.devmny.org/the_risk/natural_hazards/hurricane,the_risk/natural_hazards/hurricane,1545403,(untitled Card),1992601,b11239ee-eec3-4e89-ad22-7ecb42c7726b,Card,v1,sourceInfo,43,,NRI Counties - Hazard Normalized,NRI Counties - Hazard Normalized [external],external,1508,1982,hazmit_dama,,(not set),TRUE,Smart (fetch on change),TRUE,No,source NRI Counties - Hazard Normalized is not in the in-scope source list,(deferred),"None for now - deferred from the fetch-mode sweep because source NRI Counties - Hazard Normalized is not in the in-scope source list. Every component set to Force (always re-fetch) re-queries on every mount, so the sweep is deliberately limited. It keeps behaving as Smart (fetch on change).",Deferred - out of narrowed scope,Deferred,,,
T6-C864,T6-001,1300890,https://county_template.devmny.org/the_risk/natural_hazards/hurricane,the_risk/natural_hazards/hurricane,1545403,Built Environment,1992603,61d0ccfa-80c7-4060-ba76-68955e498e29,Card,v1,sourceInfo,45,,LHMP_IA,LHMP_IA [test-meta-forms],internal,1441680,1441681,mitigat-ny-prod+test-meta-forms,,(not set),TRUE,Smart (fetch on change),TRUE,No,source LHMP_IA is not in the in-scope source list,(deferred),"None for now - deferred from the fetch-mode sweep because source LHMP_IA is not in the in-scope source list. Every component set to Force (always re-fetch) re-queries on every mount, so the sweep is deliberately limited. It keeps behaving as Smart (fetch on change).",Deferred - out of narrowed scope,Deferred,,,
T6-C865,T6-001,1300890,https://county_template.devmny.org/the_risk/natural_hazards/hurricane,the_risk/natural_hazards/hurricane,1545403,People and Communities,1992606,3a0a2294-233d-4fe2-b55c-e3b9b3daa12c,Card,v1,sourceInfo,48,,LHMP_IA,LHMP_IA [test-meta-forms],internal,1441680,1441681,mitigat-ny-prod+test-meta-forms,,(not set),TRUE,Smart (fetch on change),TRUE,No,source LHMP_IA is not in the in-scope source list,(deferred),"None for now - deferred from the fetch-mode sweep because source LHMP_IA is not in the in-scope source list. Every component set to Force (always re-fetch) re-queries on every mount, so the sweep is deliberately limited. It keeps behaving as Smart (fetch on change).",Deferred - out of narrowed scope,Deferred,,,
T6-C866,T6-001,1300890,https://county_template.devmny.org/the_risk/natural_hazards/hurricane,the_risk/natural_hazards/hurricane,1545403,Natural Environment,1992609,ea09c597-9874-4421-9e43-66d97fb97913,Card,v1,sourceInfo,51,,LHMP_IA,LHMP_IA [test-meta-forms],internal,1441680,1441681,mitigat-ny-prod+test-meta-forms,,(not set),TRUE,Smart (fetch on change),TRUE,No,source LHMP_IA is not in the in-scope source list,(deferred),"None for now - deferred from the fetch-mode sweep because source LHMP_IA is not in the in-scope source list. Every component set to Force (always re-fetch) re-queries on every mount, so the sweep is deliberately limited. It keeps behaving as Smart (fetch on change).",Deferred - out of narrowed scope,Deferred,,,
T6-C867,T6-001,1300890,https://county_template.devmny.org/the_risk/natural_hazards/hurricane,the_risk/natural_hazards/hurricane,1545403,Strategies,1992613,0700164d-e79b-487d-bcfb-30485def30ca,Card,v1,sourceInfo,54,,LHMP_IA,LHMP_IA [test-meta-forms],internal,1441680,1441681,mitigat-ny-prod+test-meta-forms,,(not set),TRUE,Smart (fetch on change),TRUE,No,source LHMP_IA is not in the in-scope source list,(deferred),"None for now - deferred from the fetch-mode sweep because source LHMP_IA is not in the in-scope source list. Every component set to Force (always re-fetch) re-queries on every mount, so the sweep is deliberately limited. It keeps behaving as Smart (fetch on change).",Deferred - out of narrowed scope,Deferred,,,
T6-C868,T6-001,1300890,https://county_template.devmny.org/the_risk/natural_hazards/hurricane,the_risk/natural_hazards/hurricane,1545403,Measures Inventory,1992614,c8e666a4-8eb8-4e50-9d74-9cd2ec69c505,Spreadsheet,v2,externalSource,55,,Mitigation_Measures,Mitigation_Measures [test_meta_forms],internal,1068274,1155800,mitigat-ny-prod+test_meta_forms,,(not set),TRUE,Smart (fetch on change),TRUE,No,source Mitigation_Measures is not in the in-scope source list,(deferred),"None for now - deferred from the fetch-mode sweep because source Mitigation_Measures is not in the in-scope source list. Every component set to Force (always re-fetch) re-queries on every mount, so the sweep is deliberately limited. It keeps behaving as Smart (fetch on change).",Deferred - out of narrowed scope,Deferred,,,
T6-C869,T6-001,1300890,https://county_template.devmny.org/the_risk/natural_hazards/hurricane,the_risk/natural_hazards/hurricane,1545403,Capabilities,1992615,0700164d-e79b-487d-bcfb-30485def30ca,Card,v1,sourceInfo,56,,LHMP_IA,LHMP_IA [test-meta-forms],internal,1441680,1441681,mitigat-ny-prod+test-meta-forms,,(not set),TRUE,Smart (fetch on change),TRUE,No,source LHMP_IA is not in the in-scope source list,(deferred),"None for now - deferred from the fetch-mode sweep because source LHMP_IA is not in the in-scope source list. Every component set to Force (always re-fetch) re-queries on every mount, so the sweep is deliberately limited. It keeps behaving as Smart (fetch on change).",Deferred - out of narrowed scope,Deferred,,,
T6-C302,T6-001,1300890,https://county_template.devmny.org/the_risk/natural_hazards/hurricane,the_risk/natural_hazards/hurricane,1545403,(untitled Card),1992618,7b47cfb4-dbfd-4990-9a62-6003956bc2e2,Card,v2,externalSource,59,TRUE,LHMP_IA,LHMP_IA [test_meta_forms],internal,1441680,1441681,mitigat-ny-prod+test_meta_forms,,(not set),TRUE,Smart (fetch on change),TRUE,No,source LHMP_IA is not in the in-scope source list,(deferred),"None for now - deferred from the fetch-mode sweep because source LHMP_IA is not in the in-scope source list. Every component set to Force (always re-fetch) re-queries on every mount, so the sweep is deliberately limited. It keeps behaving as Smart (fetch on change).",Deferred - out of narrowed scope,Deferred,,,"Hidden from view (data.hideInView), so it never renders and the setting has no runtime effect today - set it anyway for template consistency, or defer. Owner decision."
T6-C870,T6-001,1300890,https://county_template.devmny.org/the_risk/natural_hazards/hurricane,the_risk/natural_hazards/hurricane,1545403,Actions,1992620,0700164d-e79b-487d-bcfb-30485def30ca,Card,v1,sourceInfo,61,,LHMP_IA,LHMP_IA [test-meta-forms],internal,1441680,1441681,mitigat-ny-prod+test-meta-forms,,(not set),TRUE,Smart (fetch on change),TRUE,No,source LHMP_IA is not in the in-scope source list,(deferred),"None for now - deferred from the fetch-mode sweep because source LHMP_IA is not in the in-scope source list. Every component set to Force (always re-fetch) re-queries on every mount, so the sweep is deliberately limited. It keeps behaving as Smart (fetch on change).",Deferred - out of narrowed scope,Deferred,,,
T6-C306,T6-001,1300890,https://county_template.devmny.org/the_risk/natural_hazards/ice_storm,the_risk/natural_hazards/ice_storm,1545527,(untitled Card),1602160,e501e808-6217-486e-bd86-1ce7f435aa14,Card,v2,externalSource,1,,AVAIL - Fusion Events V2,AVAIL - Fusion Events V2 [external],external,870,1648,hazmit_dama,,(not set),TRUE,Smart (fetch on change),TRUE,No,source AVAIL - Fusion Events V2 is not in the in-scope source list,(deferred),"None for now - deferred from the fetch-mode sweep because source AVAIL - Fusion Events V2 is not in the in-scope source list. Every component set to Force (always re-fetch) re-queries on every mount, so the sweep is deliberately limited. It keeps behaving as Smart (fetch on change).",Deferred - out of narrowed scope,Deferred,,,
T6-C308,T6-001,1300890,https://county_template.devmny.org/the_risk/natural_hazards/ice_storm,the_risk/natural_hazards/ice_storm,1545527,(untitled Card),1602161,b5e7c5ed-0c3f-48ba-8102-b35508c6fa2f,Card,v2,externalSource,3,,NRI Counties - Hazard Normalized,NRI Counties - Hazard Normalized [external],external,1508,1982,hazmit_dama,,(not set),TRUE,Smart (fetch on change),TRUE,No,source NRI Counties - Hazard Normalized is not in the in-scope source list,(deferred),"None for now - deferred from the fetch-mode sweep because source NRI Counties - Hazard Normalized is not in the in-scope source list. Every component set to Force (always re-fetch) re-queries on every mount, so the sweep is deliberately limited. It keeps behaving as Smart (fetch on change).",Deferred - out of narrowed scope,Deferred,,,
T6-C309,T6-001,1300890,https://county_template.devmny.org/the_risk/natural_hazards/ice_storm,the_risk/natural_hazards/ice_storm,1545527,(untitled Card),1602162,5f88f7a5-19bf-4b85-b039-de50c4f2fb8a,Card,v2,externalSource,4,,AVAIL - Fusion Events V2,AVAIL - Fusion Events V2 [external],external,870,1648,hazmit_dama,,(not set),TRUE,Smart (fetch on change),TRUE,No,source AVAIL - Fusion Events V2 is not in the in-scope source list,(deferred),"None for now - deferred from the fetch-mode sweep because source AVAIL - Fusion Events V2 is not in the in-scope source list. Every component set to Force (always re-fetch) re-queries on every mount, so the sweep is deliberately limited. It keeps behaving as Smart (fetch on change).",Deferred - out of narrowed scope,Deferred,,,
T6-C892,T6-001,1300890,https://county_template.devmny.org/the_risk/natural_hazards/ice_storm,the_risk/natural_hazards/ice_storm,1545527,Overview,1602159,b50f6b90-a250-43a9-a963-648dc7bac6aa,Card,v2,externalSource,5,,LHMP_IA,LHMP_IA [test-meta-forms],internal,1441680,1441681,mitigat-ny-prod+test-meta-forms,,(not set),TRUE,Smart (fetch on change),TRUE,No,source LHMP_IA is not in the in-scope source list,(deferred),"None for now - deferred from the fetch-mode sweep because source LHMP_IA is not in the in-scope source list. Every component set to Force (always re-fetch) re-queries on every mount, so the sweep is deliberately limited. It keeps behaving as Smart (fetch on change).",Deferred - out of narrowed scope,Deferred,,,
T6-C310,T6-001,1300890,https://county_template.devmny.org/the_risk/natural_hazards/ice_storm,the_risk/natural_hazards/ice_storm,1545527,(untitled Card),1602164,edcd023e-c7de-41db-b683-9d4c9297599c,Card,v2,externalSource,7,,LHMP_IA,LHMP_IA [test-meta-forms],internal,1441680,1441681,mitigat-ny-prod+test-meta-forms,,(not set),TRUE,Smart (fetch on change),TRUE,No,source LHMP_IA is not in the in-scope source list,(deferred),"None for now - deferred from the fetch-mode sweep because source LHMP_IA is not in the in-scope source list. Every component set to Force (always re-fetch) re-queries on every mount, so the sweep is deliberately limited. It keeps behaving as Smart (fetch on change).",Deferred - out of narrowed scope,Deferred,,,
T6-C893,T6-001,1300890,https://county_template.devmny.org/the_risk/natural_hazards/ice_storm,the_risk/natural_hazards/ice_storm,1545527,General Vulnerability,1602166,b50f6b90-a250-43a9-a963-648dc7bac6aa,Card,v1,sourceInfo,10,,LHMP_IA,LHMP_IA [test-meta-forms],internal,1441680,1441681,mitigat-ny-prod+test-meta-forms,,(not set),TRUE,Smart (fetch on change),TRUE,No,source LHMP_IA is not in the in-scope source list,(deferred),"None for now - deferred from the fetch-mode sweep because source LHMP_IA is not in the in-scope source list. Every component set to Force (always re-fetch) re-queries on every mount, so the sweep is deliberately limited. It keeps behaving as Smart (fetch on change).",Deferred - out of narrowed scope,Deferred,,,
T6-C311,T6-001,1300890,https://county_template.devmny.org/the_risk/natural_hazards/ice_storm,the_risk/natural_hazards/ice_storm,1545527,(untitled Card),1602167,ed79611a-6b84-44d7-a646-b86d020b3e05,Card,v2,externalSource,11,,LHMP_IA,LHMP_IA [test_meta_forms],internal,1441680,1441681,mitigat-ny-prod+test_meta_forms,,(not set),TRUE,Smart (fetch on change),TRUE,No,source LHMP_IA is not in the in-scope source list,(deferred),"None for now - deferred from the fetch-mode sweep because source LHMP_IA is not in the in-scope source list. Every component set to Force (always re-fetch) re-queries on every mount, so the sweep is deliberately limited. It keeps behaving as Smart (fetch on change).",Deferred - out of narrowed scope,Deferred,,,
T6-C894,T6-001,1300890,https://county_template.devmny.org/the_risk/natural_hazards/ice_storm,the_risk/natural_hazards/ice_storm,1545527,Potential Impacts,1602168,51278763-8812-46ca-a31c-26b96abcde67,Card,v1,sourceInfo,12,,LHMP_IA,LHMP_IA [test-meta-forms],internal,1441680,1441681,mitigat-ny-prod+test-meta-forms,,(not set),TRUE,Smart (fetch on change),TRUE,No,source LHMP_IA is not in the in-scope source list,(deferred),"None for now - deferred from the fetch-mode sweep because source LHMP_IA is not in the in-scope source list. Every component set to Force (always re-fetch) re-queries on every mount, so the sweep is deliberately limited. It keeps behaving as Smart (fetch on change).",Deferred - out of narrowed scope,Deferred,,,
T6-C895,T6-001,1300890,https://county_template.devmny.org/the_risk/natural_hazards/ice_storm,the_risk/natural_hazards/ice_storm,1545527,(untitled Spreadsheet),1602169,6d5acff2-3136-4acc-ac54-60e1501b8e5e,Spreadsheet,v1,sourceInfo,13,,R_and_V_Matrix,R_and_V_Matrix [prod],internal,1068982,1160864,mitigat-ny-prod+prod,,(not set),TRUE,Smart (fetch on change),TRUE,No,source R_and_V_Matrix is not in the in-scope source list,(deferred),"None for now - deferred from the fetch-mode sweep because source R_and_V_Matrix is not in the in-scope source list. Every component set to Force (always re-fetch) re-queries on every mount, so the sweep is deliberately limited. It keeps behaving as Smart (fetch on change).",Deferred - out of narrowed scope,Deferred,,,
T6-C896,T6-001,1300890,https://county_template.devmny.org/the_risk/natural_hazards/ice_storm,the_risk/natural_hazards/ice_storm,1545527,Historic Occurrences,1602170,0700164d-e79b-487d-bcfb-30485def30ca,Card,v1,sourceInfo,14,,LHMP_IA,LHMP_IA [test-meta-forms],internal,1441680,1441681,mitigat-ny-prod+test-meta-forms,,(not set),TRUE,Smart (fetch on change),TRUE,No,source LHMP_IA is not in the in-scope source list,(deferred),"None for now - deferred from the fetch-mode sweep because source LHMP_IA is not in the in-scope source list. Every component set to Force (always re-fetch) re-queries on every mount, so the sweep is deliberately limited. It keeps behaving as Smart (fetch on change).",Deferred - out of narrowed scope,Deferred,,,
T6-C312,T6-001,1300890,https://county_template.devmny.org/the_risk/natural_hazards/ice_storm,the_risk/natural_hazards/ice_storm,1545527,(untitled Card),1602171,7cfa4cbb-ad41-49d0-b4a1-34e9a2011d45,Card,v2,externalSource,15,,LHMP_IA,LHMP_IA [test-meta-forms],internal,1441680,1441681,mitigat-ny-prod+test-meta-forms,,(not set),TRUE,Smart (fetch on change),TRUE,No,source LHMP_IA is not in the in-scope source list,(deferred),"None for now - deferred from the fetch-mode sweep because source LHMP_IA is not in the in-scope source list. Every component set to Force (always re-fetch) re-queries on every mount, so the sweep is deliberately limited. It keeps behaving as Smart (fetch on change).",Deferred - out of narrowed scope,Deferred,,,
T6-C897,T6-001,1300890,https://county_template.devmny.org/the_risk/natural_hazards/ice_storm,the_risk/natural_hazards/ice_storm,1545527,Total Events and Losses in $: Declared Disasters and Non-Declared Events,1602172,c5c78f29-4ec3-478e-bad2-2388e8a1f53d,Card,v1,sourceInfo,16,,LHMP_IA,LHMP_IA [test-meta-forms],internal,1441680,1441681,mitigat-ny-prod+test-meta-forms,,(not set),TRUE,Smart (fetch on change),TRUE,No,source LHMP_IA is not in the in-scope source list,(deferred),"None for now - deferred from the fetch-mode sweep because source LHMP_IA is not in the in-scope source list. Every component set to Force (always re-fetch) re-queries on every mount, so the sweep is deliberately limited. It keeps behaving as Smart (fetch on change).",Deferred - out of narrowed scope,Deferred,,,
T6-C898,T6-001,1300890,https://county_template.devmny.org/the_risk/natural_hazards/ice_storm,the_risk/natural_hazards/ice_storm,1545527,(untitled Graph),1602173,5d798134-5ead-487a-82c7-61552c16f0bd,Graph,v1,sourceInfo,17,,AVAIL - Fusion Events V2,AVAIL - Fusion Events V2 [external],external,870,1648,hazmit_dama,,(not set),TRUE,Smart (fetch on change),TRUE,No,source AVAIL - Fusion Events V2 is not in the in-scope source list,(deferred),"None for now - deferred from the fetch-mode sweep because source AVAIL - Fusion Events V2 is not in the in-scope source list. Every component set to Force (always re-fetch) re-queries on every mount, so the sweep is deliberately limited. It keeps behaving as Smart (fetch on change).",Deferred - out of narrowed scope,Deferred,,,
T6-C313,T6-001,1300890,https://county_template.devmny.org/the_risk/natural_hazards/ice_storm,the_risk/natural_hazards/ice_storm,1545527,(untitled Card),1602174,e0bd653d-ee80-4f64-9d0c-01f158f2d0b4,Card,v2,externalSource,18,,AVAIL - Fusion Events V2,AVAIL - Fusion Events V2 [external],external,870,2401,hazmit_dama,,(not set),TRUE,Smart (fetch on change),TRUE,No,source AVAIL - Fusion Events V2 is not in the in-scope source list,(deferred),"None for now - deferred from the fetch-mode sweep because source AVAIL - Fusion Events V2 is not in the in-scope source list. Every component set to Force (always re-fetch) re-queries on every mount, so the sweep is deliberately limited. It keeps behaving as Smart (fetch on change).",Deferred - out of narrowed scope,Deferred,,,
T6-C899,T6-001,1300890,https://county_template.devmny.org/the_risk/natural_hazards/ice_storm,the_risk/natural_hazards/ice_storm,1545527,Total Losses in $ by Year,1602177,d091c90d-202e-46e5-becb-1ef6c9fafb7f,Card,v1,sourceInfo,20,,LHMP_IA,LHMP_IA [test-meta-forms],internal,1441680,1441681,mitigat-ny-prod+test-meta-forms,,(not set),TRUE,Smart (fetch on change),TRUE,No,source LHMP_IA is not in the in-scope source list,(deferred),"None for now - deferred from the fetch-mode sweep because source LHMP_IA is not in the in-scope source list. Every component set to Force (always re-fetch) re-queries on every mount, so the sweep is deliberately limited. It keeps behaving as Smart (fetch on change).",Deferred - out of narrowed scope,Deferred,,,
T6-C314,T6-001,1300890,https://county_template.devmny.org/the_risk/natural_hazards/ice_storm,the_risk/natural_hazards/ice_storm,1545527,(untitled Graph),1602178,d757d20c-1538-4be1-8fea-0dd5e6417931,Graph,v2,externalSource,21,,AVAIL - Fusion Events V2,AVAIL - Fusion Events V2 [external],external,870,2401,hazmit_dama,,(not set),TRUE,Smart (fetch on change),TRUE,No,source AVAIL - Fusion Events V2 is not in the in-scope source list,(deferred),"None for now - deferred from the fetch-mode sweep because source AVAIL - Fusion Events V2 is not in the in-scope source list. Every component set to Force (always re-fetch) re-queries on every mount, so the sweep is deliberately limited. It keeps behaving as Smart (fetch on change).",Deferred - out of narrowed scope,Deferred,,,
T6-C900,T6-001,1300890,https://county_template.devmny.org/the_risk/natural_hazards/ice_storm,the_risk/natural_hazards/ice_storm,1545527,Total Losses in $ by Month,1602180,a40dbab4-6a2b-4c92-adab-ffaa966382c6,Card,v1,sourceInfo,22,,LHMP_IA,LHMP_IA [test-meta-forms],internal,1441680,1441681,mitigat-ny-prod+test-meta-forms,,(not set),TRUE,Smart (fetch on change),TRUE,No,source LHMP_IA is not in the in-scope source list,(deferred),"None for now - deferred from the fetch-mode sweep because source LHMP_IA is not in the in-scope source list. Every component set to Force (always re-fetch) re-queries on every mount, so the sweep is deliberately limited. It keeps behaving as Smart (fetch on change).",Deferred - out of narrowed scope,Deferred,,,
T6-C315,T6-001,1300890,https://county_template.devmny.org/the_risk/natural_hazards/ice_storm,the_risk/natural_hazards/ice_storm,1545527,(untitled Graph),1602181,ac560771-e09b-486b-adeb-d7d21dcc8894,Graph,v2,externalSource,23,,AVAIL - Fusion Events V2,AVAIL - Fusion Events V2 [external],external,870,2401,hazmit_dama,,(not set),TRUE,Smart (fetch on change),TRUE,No,source AVAIL - Fusion Events V2 is not in the in-scope source list,(deferred),"None for now - deferred from the fetch-mode sweep because source AVAIL - Fusion Events V2 is not in the in-scope source list. Every component set to Force (always re-fetch) re-queries on every mount, so the sweep is deliberately limited. It keeps behaving as Smart (fetch on change).",Deferred - out of narrowed scope,Deferred,,,
T6-C901,T6-001,1300890,https://county_template.devmny.org/the_risk/natural_hazards/ice_storm,the_risk/natural_hazards/ice_storm,1545527,Presidential Disaster Declarations,1602182,51278763-8812-46ca-a31c-26b96abcde67,Card,v1,sourceInfo,24,,LHMP_IA,LHMP_IA [test-meta-forms],internal,1441680,1441681,mitigat-ny-prod+test-meta-forms,,(not set),TRUE,Smart (fetch on change),TRUE,No,source LHMP_IA is not in the in-scope source list,(deferred),"None for now - deferred from the fetch-mode sweep because source LHMP_IA is not in the in-scope source list. Every component set to Force (always re-fetch) re-queries on every mount, so the sweep is deliberately limited. It keeps behaving as Smart (fetch on change).",Deferred - out of narrowed scope,Deferred,,,
T6-C902,T6-001,1300890,https://county_template.devmny.org/the_risk/natural_hazards/ice_storm,the_risk/natural_hazards/ice_storm,1545527,(untitled Card),1996405,9b85a582-cb81-4663-9f28-e8f019228843,Card,v1,sourceInfo,25,,LHMP_IA,LHMP_IA [test-meta-forms],internal,1441680,1441681,mitigat-ny-prod+test-meta-forms,,(not set),TRUE,Smart (fetch on change),TRUE,No,source LHMP_IA is not in the in-scope source list,(deferred),"None for now - deferred from the fetch-mode sweep because source LHMP_IA is not in the in-scope source list. Every component set to Force (always re-fetch) re-queries on every mount, so the sweep is deliberately limited. It keeps behaving as Smart (fetch on change).",Deferred - out of narrowed scope,Deferred,,,
T6-C903,T6-001,1300890,https://county_template.devmny.org/the_risk/natural_hazards/ice_storm,the_risk/natural_hazards/ice_storm,1545527,(untitled Spreadsheet),1602184,640f61a5-08a0-40e4-8324-d4d065bd6e03,Spreadsheet,v1,sourceInfo,26,,AVAIL - Fusion Events V2,AVAIL - Fusion Events V2 [external],external,870,1648,hazmit_dama,,(not set),TRUE,Smart (fetch on change),TRUE,No,source AVAIL - Fusion Events V2 is not in the in-scope source list,(deferred),"None for now - deferred from the fetch-mode sweep because source AVAIL - Fusion Events V2 is not in the in-scope source list. Every component set to Force (always re-fetch) re-queries on every mount, so the sweep is deliberately limited. It keeps behaving as Smart (fetch on change).",Deferred - out of narrowed scope,Deferred,,,
T6-C904,T6-001,1300890,https://county_template.devmny.org/the_risk/natural_hazards/ice_storm,the_risk/natural_hazards/ice_storm,1545527,Other Hazard Events,1602186,51278763-8812-46ca-a31c-26b96abcde67,Card,v1,sourceInfo,29,,LHMP_IA,LHMP_IA [test-meta-forms],internal,1441680,1441681,mitigat-ny-prod+test-meta-forms,,(not set),TRUE,Smart (fetch on change),TRUE,No,source LHMP_IA is not in the in-scope source list,(deferred),"None for now - deferred from the fetch-mode sweep because source LHMP_IA is not in the in-scope source list. Every component set to Force (always re-fetch) re-queries on every mount, so the sweep is deliberately limited. It keeps behaving as Smart (fetch on change).",Deferred - out of narrowed scope,Deferred,,,
T6-C316,T6-001,1300890,https://county_template.devmny.org/the_risk/natural_hazards/ice_storm,the_risk/natural_hazards/ice_storm,1545527,(untitled Card),1602187,f5392893-fc72-4005-b595-c9d92a1c5561,Card,v2,externalSource,30,,LHMP_IA,LHMP_IA [test-meta-forms],internal,1441680,1441681,mitigat-ny-prod+test-meta-forms,,(not set),TRUE,Smart (fetch on change),TRUE,No,source LHMP_IA is not in the in-scope source list,(deferred),"None for now - deferred from the fetch-mode sweep because source LHMP_IA is not in the in-scope source list. Every component set to Force (always re-fetch) re-queries on every mount, so the sweep is deliberately limited. It keeps behaving as Smart (fetch on change).",Deferred - out of narrowed scope,Deferred,,,
T6-C317,T6-001,1300890,https://county_template.devmny.org/the_risk/natural_hazards/ice_storm,the_risk/natural_hazards/ice_storm,1545527,(untitled Spreadsheet),1602188,f9007ce9-6ec1-4dc6-9341-61606e78e8bf,Spreadsheet,v2,externalSource,31,,AVAIL - Fusion Events V2,AVAIL - Fusion Events V2 [external],external,870,2401,hazmit_dama,,(not set),TRUE,Smart (fetch on change),TRUE,No,source AVAIL - Fusion Events V2 is not in the in-scope source list,(deferred),"None for now - deferred from the fetch-mode sweep because source AVAIL - Fusion Events V2 is not in the in-scope source list. Every component set to Force (always re-fetch) re-queries on every mount, so the sweep is deliberately limited. It keeps behaving as Smart (fetch on change).",Deferred - out of narrowed scope,Deferred,,,
T6-C318,T6-001,1300890,https://county_template.devmny.org/the_risk/natural_hazards/ice_storm,the_risk/natural_hazards/ice_storm,1545527,(untitled Card),1602192,cd53270c-448a-415d-9ac7-82da4e3b41b0,Card,v2,externalSource,37,TRUE,LHMP_IA,LHMP_IA [test_meta_forms],internal,1441680,1441681,mitigat-ny-prod+test_meta_forms,,(not set),TRUE,Smart (fetch on change),TRUE,No,source LHMP_IA is not in the in-scope source list,(deferred),"None for now - deferred from the fetch-mode sweep because source LHMP_IA is not in the in-scope source list. Every component set to Force (always re-fetch) re-queries on every mount, so the sweep is deliberately limited. It keeps behaving as Smart (fetch on change).",Deferred - out of narrowed scope,Deferred,,,"Hidden from view (data.hideInView), so it never renders and the setting has no runtime effect today - set it anyway for template consistency, or defer. Owner decision."
T6-C905,T6-001,1300890,https://county_template.devmny.org/the_risk/natural_hazards/ice_storm,the_risk/natural_hazards/ice_storm,1545527,Modeled Risk,1602195,0700164d-e79b-487d-bcfb-30485def30ca,Card,v1,sourceInfo,41,,LHMP_IA,LHMP_IA [test-meta-forms],internal,1441680,1441681,mitigat-ny-prod+test-meta-forms,,(not set),TRUE,Smart (fetch on change),TRUE,No,source LHMP_IA is not in the in-scope source list,(deferred),"None for now - deferred from the fetch-mode sweep because source LHMP_IA is not in the in-scope source list. Every component set to Force (always re-fetch) re-queries on every mount, so the sweep is deliberately limited. It keeps behaving as Smart (fetch on change).",Deferred - out of narrowed scope,Deferred,,,
T6-C906,T6-001,1300890,https://county_template.devmny.org/the_risk/natural_hazards/ice_storm,the_risk/natural_hazards/ice_storm,1545527,(untitled Card),1602196,b11239ee-eec3-4e89-ad22-7ecb42c7726b,Card,v1,sourceInfo,42,,NRI Counties - Hazard Normalized,NRI Counties - Hazard Normalized [external],external,1508,1982,hazmit_dama,,(not set),TRUE,Smart (fetch on change),TRUE,No,source NRI Counties - Hazard Normalized is not in the in-scope source list,(deferred),"None for now - deferred from the fetch-mode sweep because source NRI Counties - Hazard Normalized is not in the in-scope source list. Every component set to Force (always re-fetch) re-queries on every mount, so the sweep is deliberately limited. It keeps behaving as Smart (fetch on change).",Deferred - out of narrowed scope,Deferred,,,
T6-C907,T6-001,1300890,https://county_template.devmny.org/the_risk/natural_hazards/ice_storm,the_risk/natural_hazards/ice_storm,1545527,Built Environment,1602198,61d0ccfa-80c7-4060-ba76-68955e498e29,Card,v1,sourceInfo,44,,LHMP_IA,LHMP_IA [test-meta-forms],internal,1441680,1441681,mitigat-ny-prod+test-meta-forms,,(not set),TRUE,Smart (fetch on change),TRUE,No,source LHMP_IA is not in the in-scope source list,(deferred),"None for now - deferred from the fetch-mode sweep because source LHMP_IA is not in the in-scope source list. Every component set to Force (always re-fetch) re-queries on every mount, so the sweep is deliberately limited. It keeps behaving as Smart (fetch on change).",Deferred - out of narrowed scope,Deferred,,,
T6-C908,T6-001,1300890,https://county_template.devmny.org/the_risk/natural_hazards/ice_storm,the_risk/natural_hazards/ice_storm,1545527,People and Communities,1602200,3a0a2294-233d-4fe2-b55c-e3b9b3daa12c,Card,v1,sourceInfo,47,,LHMP_IA,LHMP_IA [test-meta-forms],internal,1441680,1441681,mitigat-ny-prod+test-meta-forms,,(not set),TRUE,Smart (fetch on change),TRUE,No,source LHMP_IA is not in the in-scope source list,(deferred),"None for now - deferred from the fetch-mode sweep because source LHMP_IA is not in the in-scope source list. Every component set to Force (always re-fetch) re-queries on every mount, so the sweep is deliberately limited. It keeps behaving as Smart (fetch on change).",Deferred - out of narrowed scope,Deferred,,,
T6-C909,T6-001,1300890,https://county_template.devmny.org/the_risk/natural_hazards/ice_storm,the_risk/natural_hazards/ice_storm,1545527,Natural Environment,1602202,ea09c597-9874-4421-9e43-66d97fb97913,Card,v1,sourceInfo,50,,LHMP_IA,LHMP_IA [test-meta-forms],internal,1441680,1441681,mitigat-ny-prod+test-meta-forms,,(not set),TRUE,Smart (fetch on change),TRUE,No,source LHMP_IA is not in the in-scope source list,(deferred),"None for now - deferred from the fetch-mode sweep because source LHMP_IA is not in the in-scope source list. Every component set to Force (always re-fetch) re-queries on every mount, so the sweep is deliberately limited. It keeps behaving as Smart (fetch on change).",Deferred - out of narrowed scope,Deferred,,,
T6-C910,T6-001,1300890,https://county_template.devmny.org/the_risk/natural_hazards/ice_storm,the_risk/natural_hazards/ice_storm,1545527,Strategies,1602205,0700164d-e79b-487d-bcfb-30485def30ca,Card,v1,sourceInfo,53,,LHMP_IA,LHMP_IA [test-meta-forms],internal,1441680,1441681,mitigat-ny-prod+test-meta-forms,,(not set),TRUE,Smart (fetch on change),TRUE,No,source LHMP_IA is not in the in-scope source list,(deferred),"None for now - deferred from the fetch-mode sweep because source LHMP_IA is not in the in-scope source list. Every component set to Force (always re-fetch) re-queries on every mount, so the sweep is deliberately limited. It keeps behaving as Smart (fetch on change).",Deferred - out of narrowed scope,Deferred,,,
T6-C911,T6-001,1300890,https://county_template.devmny.org/the_risk/natural_hazards/ice_storm,the_risk/natural_hazards/ice_storm,1545527,Measures Inventory,1602206,c8e666a4-8eb8-4e50-9d74-9cd2ec69c505,Spreadsheet,v2,externalSource,54,,Mitigation_Measures,Mitigation_Measures [test_meta_forms],internal,1068274,1155800,mitigat-ny-prod+test_meta_forms,,(not set),TRUE,Smart (fetch on change),TRUE,No,source Mitigation_Measures is not in the in-scope source list,(deferred),"None for now - deferred from the fetch-mode sweep because source Mitigation_Measures is not in the in-scope source list. Every component set to Force (always re-fetch) re-queries on every mount, so the sweep is deliberately limited. It keeps behaving as Smart (fetch on change).",Deferred - out of narrowed scope,Deferred,,,
T6-C912,T6-001,1300890,https://county_template.devmny.org/the_risk/natural_hazards/ice_storm,the_risk/natural_hazards/ice_storm,1545527,Capabilities,1602207,0700164d-e79b-487d-bcfb-30485def30ca,Card,v1,sourceInfo,55,,LHMP_IA,LHMP_IA [test-meta-forms],internal,1441680,1441681,mitigat-ny-prod+test-meta-forms,,(not set),TRUE,Smart (fetch on change),TRUE,No,source LHMP_IA is not in the in-scope source list,(deferred),"None for now - deferred from the fetch-mode sweep because source LHMP_IA is not in the in-scope source list. Every component set to Force (always re-fetch) re-queries on every mount, so the sweep is deliberately limited. It keeps behaving as Smart (fetch on change).",Deferred - out of narrowed scope,Deferred,,,
T6-C320,T6-001,1300890,https://county_template.devmny.org/the_risk/natural_hazards/ice_storm,the_risk/natural_hazards/ice_storm,1545527,(untitled Card),1602209,7b47cfb4-dbfd-4990-9a62-6003956bc2e2,Card,v2,externalSource,58,TRUE,LHMP_IA,LHMP_IA [test_meta_forms],internal,1441680,1441681,mitigat-ny-prod+test_meta_forms,,(not set),TRUE,Smart (fetch on change),TRUE,No,source LHMP_IA is not in the in-scope source list,(deferred),"None for now - deferred from the fetch-mode sweep because source LHMP_IA is not in the in-scope source list. Every component set to Force (always re-fetch) re-queries on every mount, so the sweep is deliberately limited. It keeps behaving as Smart (fetch on change).",Deferred - out of narrowed scope,Deferred,,,"Hidden from view (data.hideInView), so it never renders and the setting has no runtime effect today - set it anyway for template consistency, or defer. Owner decision."
T6-C913,T6-001,1300890,https://county_template.devmny.org/the_risk/natural_hazards/ice_storm,the_risk/natural_hazards/ice_storm,1545527,Actions,1602211,0700164d-e79b-487d-bcfb-30485def30ca,Card,v1,sourceInfo,60,,LHMP_IA,LHMP_IA [test-meta-forms],internal,1441680,1441681,mitigat-ny-prod+test-meta-forms,,(not set),TRUE,Smart (fetch on change),TRUE,No,source LHMP_IA is not in the in-scope source list,(deferred),"None for now - deferred from the fetch-mode sweep because source LHMP_IA is not in the in-scope source list. Every component set to Force (always re-fetch) re-queries on every mount, so the sweep is deliberately limited. It keeps behaving as Smart (fetch on change).",Deferred - out of narrowed scope,Deferred,,,
T6-C324,T6-001,1300890,https://county_template.devmny.org/the_risk/natural_hazards/ice_storm,the_risk/natural_hazards/ice_storm,1545527,(untitled Card),1602215,eaea3217-67c6-401c-aaf3-392b9173b5c7,Card,v2,externalSource,65,TRUE,LHMP_IA,LHMP_IA [test_meta_forms],internal,1441680,1441681,mitigat-ny-prod+test_meta_forms,,(not set),TRUE,Smart (fetch on change),TRUE,No,source LHMP_IA is not in the in-scope source list,(deferred),"None for now - deferred from the fetch-mode sweep because source LHMP_IA is not in the in-scope source list. Every component set to Force (always re-fetch) re-queries on every mount, so the sweep is deliberately limited. It keeps behaving as Smart (fetch on change).",Deferred - out of narrowed scope,Deferred,,,"Hidden from view (data.hideInView), so it never renders and the setting has no runtime effect today - set it anyway for template consistency, or defer. Owner decision."
T6-C325,T6-001,1300890,https://county_template.devmny.org/the_risk/natural_hazards/landslide,the_risk/natural_hazards/landslide,1545651,(untitled Card),1545591,e501e808-6217-486e-bd86-1ce7f435aa14,Card,v2,externalSource,1,,AVAIL - Fusion Events V2,AVAIL - Fusion Events V2 [external],external,870,1648,hazmit_dama,,(not set),TRUE,Smart (fetch on change),TRUE,No,source AVAIL - Fusion Events V2 is not in the in-scope source list,(deferred),"None for now - deferred from the fetch-mode sweep because source AVAIL - Fusion Events V2 is not in the in-scope source list. Every component set to Force (always re-fetch) re-queries on every mount, so the sweep is deliberately limited. It keeps behaving as Smart (fetch on change).",Deferred - out of narrowed scope,Deferred,,,
T6-C327,T6-001,1300890,https://county_template.devmny.org/the_risk/natural_hazards/landslide,the_risk/natural_hazards/landslide,1545651,(untitled Card),1545592,b5e7c5ed-0c3f-48ba-8102-b35508c6fa2f,Card,v2,externalSource,3,,NRI Counties - Hazard Normalized,NRI Counties - Hazard Normalized [external],external,1508,1982,hazmit_dama,,(not set),TRUE,Smart (fetch on change),TRUE,No,source NRI Counties - Hazard Normalized is not in the in-scope source list,(deferred),"None for now - deferred from the fetch-mode sweep because source NRI Counties - Hazard Normalized is not in the in-scope source list. Every component set to Force (always re-fetch) re-queries on every mount, so the sweep is deliberately limited. It keeps behaving as Smart (fetch on change).",Deferred - out of narrowed scope,Deferred,,,
T6-C328,T6-001,1300890,https://county_template.devmny.org/the_risk/natural_hazards/landslide,the_risk/natural_hazards/landslide,1545651,(untitled Card),1545593,5f88f7a5-19bf-4b85-b039-de50c4f2fb8a,Card,v2,externalSource,4,,AVAIL - Fusion Events V2,AVAIL - Fusion Events V2 [external],external,870,1648,hazmit_dama,,(not set),TRUE,Smart (fetch on change),TRUE,No,source AVAIL - Fusion Events V2 is not in the in-scope source list,(deferred),"None for now - deferred from the fetch-mode sweep because source AVAIL - Fusion Events V2 is not in the in-scope source list. Every component set to Force (always re-fetch) re-queries on every mount, so the sweep is deliberately limited. It keeps behaving as Smart (fetch on change).",Deferred - out of narrowed scope,Deferred,,,
T6-C329,T6-001,1300890,https://county_template.devmny.org/the_risk/natural_hazards/landslide,the_risk/natural_hazards/landslide,1545651,Overview,1545590,b50f6b90-a250-43a9-a963-648dc7bac6aa,Card,v2,externalSource,5,,LHMP_IA,LHMP_IA [test-meta-forms],internal,1441680,1441681,mitigat-ny-prod+test-meta-forms,,(not set),TRUE,Smart (fetch on change),TRUE,No,source LHMP_IA is not in the in-scope source list,(deferred),"None for now - deferred from the fetch-mode sweep because source LHMP_IA is not in the in-scope source list. Every component set to Force (always re-fetch) re-queries on every mount, so the sweep is deliberately limited. It keeps behaving as Smart (fetch on change).",Deferred - out of narrowed scope,Deferred,,,
T6-C330,T6-001,1300890,https://county_template.devmny.org/the_risk/natural_hazards/landslide,the_risk/natural_hazards/landslide,1545651,(untitled Card),1545595,edcd023e-c7de-41db-b683-9d4c9297599c,Card,v2,externalSource,7,,LHMP_IA,LHMP_IA [test-meta-forms],internal,1441680,1441681,mitigat-ny-prod+test-meta-forms,,(not set),TRUE,Smart (fetch on change),TRUE,No,source LHMP_IA is not in the in-scope source list,(deferred),"None for now - deferred from the fetch-mode sweep because source LHMP_IA is not in the in-scope source list. Every component set to Force (always re-fetch) re-queries on every mount, so the sweep is deliberately limited. It keeps behaving as Smart (fetch on change).",Deferred - out of narrowed scope,Deferred,,,
T6-C914,T6-001,1300890,https://county_template.devmny.org/the_risk/natural_hazards/landslide,the_risk/natural_hazards/landslide,1545651,General Vulnerability,1545597,b50f6b90-a250-43a9-a963-648dc7bac6aa,Card,v1,sourceInfo,10,,LHMP_IA,LHMP_IA [test-meta-forms],internal,1441680,1441681,mitigat-ny-prod+test-meta-forms,,(not set),TRUE,Smart (fetch on change),TRUE,No,source LHMP_IA is not in the in-scope source list,(deferred),"None for now - deferred from the fetch-mode sweep because source LHMP_IA is not in the in-scope source list. Every component set to Force (always re-fetch) re-queries on every mount, so the sweep is deliberately limited. It keeps behaving as Smart (fetch on change).",Deferred - out of narrowed scope,Deferred,,,
T6-C915,T6-001,1300890,https://county_template.devmny.org/the_risk/natural_hazards/landslide,the_risk/natural_hazards/landslide,1545651,(untitled Card),1545598,ed79611a-6b84-44d7-a646-b86d020b3e05,Card,v1,sourceInfo,11,,LHMP_IA,LHMP_IA [test-meta-forms],internal,1441680,1441681,mitigat-ny-prod+test-meta-forms,,(not set),TRUE,Smart (fetch on change),TRUE,No,source LHMP_IA is not in the in-scope source list,(deferred),"None for now - deferred from the fetch-mode sweep because source LHMP_IA is not in the in-scope source list. Every component set to Force (always re-fetch) re-queries on every mount, so the sweep is deliberately limited. It keeps behaving as Smart (fetch on change).",Deferred - out of narrowed scope,Deferred,,,
T6-C916,T6-001,1300890,https://county_template.devmny.org/the_risk/natural_hazards/landslide,the_risk/natural_hazards/landslide,1545651,Potential Impacts,1545599,51278763-8812-46ca-a31c-26b96abcde67,Card,v1,sourceInfo,12,,LHMP_IA,LHMP_IA [test-meta-forms],internal,1441680,1441681,mitigat-ny-prod+test-meta-forms,,(not set),TRUE,Smart (fetch on change),TRUE,No,source LHMP_IA is not in the in-scope source list,(deferred),"None for now - deferred from the fetch-mode sweep because source LHMP_IA is not in the in-scope source list. Every component set to Force (always re-fetch) re-queries on every mount, so the sweep is deliberately limited. It keeps behaving as Smart (fetch on change).",Deferred - out of narrowed scope,Deferred,,,
T6-C917,T6-001,1300890,https://county_template.devmny.org/the_risk/natural_hazards/landslide,the_risk/natural_hazards/landslide,1545651,(untitled Spreadsheet),1545600,6d5acff2-3136-4acc-ac54-60e1501b8e5e,Spreadsheet,v1,sourceInfo,13,,R_and_V_Matrix,R_and_V_Matrix [prod],internal,1068982,1160864,mitigat-ny-prod+prod,,(not set),TRUE,Smart (fetch on change),TRUE,No,source R_and_V_Matrix is not in the in-scope source list,(deferred),"None for now - deferred from the fetch-mode sweep because source R_and_V_Matrix is not in the in-scope source list. Every component set to Force (always re-fetch) re-queries on every mount, so the sweep is deliberately limited. It keeps behaving as Smart (fetch on change).",Deferred - out of narrowed scope,Deferred,,,
T6-C918,T6-001,1300890,https://county_template.devmny.org/the_risk/natural_hazards/landslide,the_risk/natural_hazards/landslide,1545651,Historic Occurrences,1545601,0700164d-e79b-487d-bcfb-30485def30ca,Card,v1,sourceInfo,14,,LHMP_IA,LHMP_IA [test-meta-forms],internal,1441680,1441681,mitigat-ny-prod+test-meta-forms,,(not set),TRUE,Smart (fetch on change),TRUE,No,source LHMP_IA is not in the in-scope source list,(deferred),"None for now - deferred from the fetch-mode sweep because source LHMP_IA is not in the in-scope source list. Every component set to Force (always re-fetch) re-queries on every mount, so the sweep is deliberately limited. It keeps behaving as Smart (fetch on change).",Deferred - out of narrowed scope,Deferred,,,
T6-C331,T6-001,1300890,https://county_template.devmny.org/the_risk/natural_hazards/landslide,the_risk/natural_hazards/landslide,1545651,(untitled Card),1545602,7cfa4cbb-ad41-49d0-b4a1-34e9a2011d45,Card,v2,externalSource,15,,LHMP_IA,LHMP_IA [test-meta-forms],internal,1441680,1441681,mitigat-ny-prod+test-meta-forms,,(not set),TRUE,Smart (fetch on change),TRUE,No,source LHMP_IA is not in the in-scope source list,(deferred),"None for now - deferred from the fetch-mode sweep because source LHMP_IA is not in the in-scope source list. Every component set to Force (always re-fetch) re-queries on every mount, so the sweep is deliberately limited. It keeps behaving as Smart (fetch on change).",Deferred - out of narrowed scope,Deferred,,,
T6-C919,T6-001,1300890,https://county_template.devmny.org/the_risk/natural_hazards/landslide,the_risk/natural_hazards/landslide,1545651,Total Events and Losses in $: Declared Disasters and Non-Declared Events,1545603,c5c78f29-4ec3-478e-bad2-2388e8a1f53d,Card,v1,sourceInfo,16,,LHMP_IA,LHMP_IA [test-meta-forms],internal,1441680,1441681,mitigat-ny-prod+test-meta-forms,,(not set),TRUE,Smart (fetch on change),TRUE,No,source LHMP_IA is not in the in-scope source list,(deferred),"None for now - deferred from the fetch-mode sweep because source LHMP_IA is not in the in-scope source list. Every component set to Force (always re-fetch) re-queries on every mount, so the sweep is deliberately limited. It keeps behaving as Smart (fetch on change).",Deferred - out of narrowed scope,Deferred,,,
T6-C920,T6-001,1300890,https://county_template.devmny.org/the_risk/natural_hazards/landslide,the_risk/natural_hazards/landslide,1545651,(untitled Graph),1545604,5d798134-5ead-487a-82c7-61552c16f0bd,Graph,v1,sourceInfo,17,,AVAIL - Fusion Events V2,AVAIL - Fusion Events V2 [external],external,870,1648,hazmit_dama,,(not set),TRUE,Smart (fetch on change),TRUE,No,source AVAIL - Fusion Events V2 is not in the in-scope source list,(deferred),"None for now - deferred from the fetch-mode sweep because source AVAIL - Fusion Events V2 is not in the in-scope source list. Every component set to Force (always re-fetch) re-queries on every mount, so the sweep is deliberately limited. It keeps behaving as Smart (fetch on change).",Deferred - out of narrowed scope,Deferred,,,
T6-C332,T6-001,1300890,https://county_template.devmny.org/the_risk/natural_hazards/landslide,the_risk/natural_hazards/landslide,1545651,(untitled Card),1545605,e0bd653d-ee80-4f64-9d0c-01f158f2d0b4,Card,v2,externalSource,18,,AVAIL - Fusion Events V2,AVAIL - Fusion Events V2 [external],external,870,2401,hazmit_dama,,(not set),TRUE,Smart (fetch on change),TRUE,No,source AVAIL - Fusion Events V2 is not in the in-scope source list,(deferred),"None for now - deferred from the fetch-mode sweep because source AVAIL - Fusion Events V2 is not in the in-scope source list. Every component set to Force (always re-fetch) re-queries on every mount, so the sweep is deliberately limited. It keeps behaving as Smart (fetch on change).",Deferred - out of narrowed scope,Deferred,,,
T6-C921,T6-001,1300890,https://county_template.devmny.org/the_risk/natural_hazards/landslide,the_risk/natural_hazards/landslide,1545651,Total Losses in $ by Year,1545609,d091c90d-202e-46e5-becb-1ef6c9fafb7f,Card,v1,sourceInfo,20,,LHMP_IA,LHMP_IA [test-meta-forms],internal,1441680,1441681,mitigat-ny-prod+test-meta-forms,,(not set),TRUE,Smart (fetch on change),TRUE,No,source LHMP_IA is not in the in-scope source list,(deferred),"None for now - deferred from the fetch-mode sweep because source LHMP_IA is not in the in-scope source list. Every component set to Force (always re-fetch) re-queries on every mount, so the sweep is deliberately limited. It keeps behaving as Smart (fetch on change).",Deferred - out of narrowed scope,Deferred,,,
T6-C333,T6-001,1300890,https://county_template.devmny.org/the_risk/natural_hazards/landslide,the_risk/natural_hazards/landslide,1545651,(untitled Graph),1545610,d757d20c-1538-4be1-8fea-0dd5e6417931,Graph,v2,externalSource,21,,AVAIL - Fusion Events V2,AVAIL - Fusion Events V2 [external],external,870,2401,hazmit_dama,,(not set),TRUE,Smart (fetch on change),TRUE,No,source AVAIL - Fusion Events V2 is not in the in-scope source list,(deferred),"None for now - deferred from the fetch-mode sweep because source AVAIL - Fusion Events V2 is not in the in-scope source list. Every component set to Force (always re-fetch) re-queries on every mount, so the sweep is deliberately limited. It keeps behaving as Smart (fetch on change).",Deferred - out of narrowed scope,Deferred,,,
T6-C922,T6-001,1300890,https://county_template.devmny.org/the_risk/natural_hazards/landslide,the_risk/natural_hazards/landslide,1545651,Total Losses in $ by Month,1545612,a40dbab4-6a2b-4c92-adab-ffaa966382c6,Card,v1,sourceInfo,22,,LHMP_IA,LHMP_IA [test-meta-forms],internal,1441680,1441681,mitigat-ny-prod+test-meta-forms,,(not set),TRUE,Smart (fetch on change),TRUE,No,source LHMP_IA is not in the in-scope source list,(deferred),"None for now - deferred from the fetch-mode sweep because source LHMP_IA is not in the in-scope source list. Every component set to Force (always re-fetch) re-queries on every mount, so the sweep is deliberately limited. It keeps behaving as Smart (fetch on change).",Deferred - out of narrowed scope,Deferred,,,
T6-C334,T6-001,1300890,https://county_template.devmny.org/the_risk/natural_hazards/landslide,the_risk/natural_hazards/landslide,1545651,(untitled Graph),1545613,ac560771-e09b-486b-adeb-d7d21dcc8894,Graph,v2,externalSource,23,,AVAIL - Fusion Events V2,AVAIL - Fusion Events V2 [external],external,870,2401,hazmit_dama,,(not set),TRUE,Smart (fetch on change),TRUE,No,source AVAIL - Fusion Events V2 is not in the in-scope source list,(deferred),"None for now - deferred from the fetch-mode sweep because source AVAIL - Fusion Events V2 is not in the in-scope source list. Every component set to Force (always re-fetch) re-queries on every mount, so the sweep is deliberately limited. It keeps behaving as Smart (fetch on change).",Deferred - out of narrowed scope,Deferred,,,
T6-C923,T6-001,1300890,https://county_template.devmny.org/the_risk/natural_hazards/landslide,the_risk/natural_hazards/landslide,1545651,Presidential Disaster Declarations,1545614,51278763-8812-46ca-a31c-26b96abcde67,Card,v1,sourceInfo,24,,LHMP_IA,LHMP_IA [test-meta-forms],internal,1441680,1441681,mitigat-ny-prod+test-meta-forms,,(not set),TRUE,Smart (fetch on change),TRUE,No,source LHMP_IA is not in the in-scope source list,(deferred),"None for now - deferred from the fetch-mode sweep because source LHMP_IA is not in the in-scope source list. Every component set to Force (always re-fetch) re-queries on every mount, so the sweep is deliberately limited. It keeps behaving as Smart (fetch on change).",Deferred - out of narrowed scope,Deferred,,,
T6-C924,T6-001,1300890,https://county_template.devmny.org/the_risk/natural_hazards/landslide,the_risk/natural_hazards/landslide,1545651,(untitled Card),1996596,74c6181c-8179-4f30-b972-90c8d77a7810,Card,v1,sourceInfo,25,,LHMP_IA,LHMP_IA [test-meta-forms],internal,1441680,1441681,mitigat-ny-prod+test-meta-forms,,(not set),TRUE,Smart (fetch on change),TRUE,No,source LHMP_IA is not in the in-scope source list,(deferred),"None for now - deferred from the fetch-mode sweep because source LHMP_IA is not in the in-scope source list. Every component set to Force (always re-fetch) re-queries on every mount, so the sweep is deliberately limited. It keeps behaving as Smart (fetch on change).",Deferred - out of narrowed scope,Deferred,,,
T6-C925,T6-001,1300890,https://county_template.devmny.org/the_risk/natural_hazards/landslide,the_risk/natural_hazards/landslide,1545651,(untitled Spreadsheet),1545616,640f61a5-08a0-40e4-8324-d4d065bd6e03,Spreadsheet,v1,sourceInfo,26,,AVAIL - Fusion Events V2,AVAIL - Fusion Events V2 [external],external,870,1648,hazmit_dama,,(not set),TRUE,Smart (fetch on change),TRUE,No,source AVAIL - Fusion Events V2 is not in the in-scope source list,(deferred),"None for now - deferred from the fetch-mode sweep because source AVAIL - Fusion Events V2 is not in the in-scope source list. Every component set to Force (always re-fetch) re-queries on every mount, so the sweep is deliberately limited. It keeps behaving as Smart (fetch on change).",Deferred - out of narrowed scope,Deferred,,,
T6-C926,T6-001,1300890,https://county_template.devmny.org/the_risk/natural_hazards/landslide,the_risk/natural_hazards/landslide,1545651,Other Hazard Events,1545618,51278763-8812-46ca-a31c-26b96abcde67,Card,v1,sourceInfo,29,,LHMP_IA,LHMP_IA [test-meta-forms],internal,1441680,1441681,mitigat-ny-prod+test-meta-forms,,(not set),TRUE,Smart (fetch on change),TRUE,No,source LHMP_IA is not in the in-scope source list,(deferred),"None for now - deferred from the fetch-mode sweep because source LHMP_IA is not in the in-scope source list. Every component set to Force (always re-fetch) re-queries on every mount, so the sweep is deliberately limited. It keeps behaving as Smart (fetch on change).",Deferred - out of narrowed scope,Deferred,,,
T6-C335,T6-001,1300890,https://county_template.devmny.org/the_risk/natural_hazards/landslide,the_risk/natural_hazards/landslide,1545651,(untitled Card),1545619,f5392893-fc72-4005-b595-c9d92a1c5561,Card,v2,externalSource,30,,LHMP_IA,LHMP_IA [test-meta-forms],internal,1441680,1441681,mitigat-ny-prod+test-meta-forms,,(not set),TRUE,Smart (fetch on change),TRUE,No,source LHMP_IA is not in the in-scope source list,(deferred),"None for now - deferred from the fetch-mode sweep because source LHMP_IA is not in the in-scope source list. Every component set to Force (always re-fetch) re-queries on every mount, so the sweep is deliberately limited. It keeps behaving as Smart (fetch on change).",Deferred - out of narrowed scope,Deferred,,,
T6-C336,T6-001,1300890,https://county_template.devmny.org/the_risk/natural_hazards/landslide,the_risk/natural_hazards/landslide,1545651,(untitled Spreadsheet),1545620,f9007ce9-6ec1-4dc6-9341-61606e78e8bf,Spreadsheet,v2,externalSource,31,,AVAIL - Fusion Events V2,AVAIL - Fusion Events V2 [external],external,870,2401,hazmit_dama,,(not set),TRUE,Smart (fetch on change),TRUE,No,source AVAIL - Fusion Events V2 is not in the in-scope source list,(deferred),"None for now - deferred from the fetch-mode sweep because source AVAIL - Fusion Events V2 is not in the in-scope source list. Every component set to Force (always re-fetch) re-queries on every mount, so the sweep is deliberately limited. It keeps behaving as Smart (fetch on change).",Deferred - out of narrowed scope,Deferred,,,
T6-C337,T6-001,1300890,https://county_template.devmny.org/the_risk/natural_hazards/landslide,the_risk/natural_hazards/landslide,1545651,(untitled Card),1545624,cd53270c-448a-415d-9ac7-82da4e3b41b0,Card,v2,externalSource,37,TRUE,LHMP_IA,LHMP_IA [test_meta_forms],internal,1441680,1441681,mitigat-ny-prod+test_meta_forms,,(not set),TRUE,Smart (fetch on change),TRUE,No,source LHMP_IA is not in the in-scope source list,(deferred),"None for now - deferred from the fetch-mode sweep because source LHMP_IA is not in the in-scope source list. Every component set to Force (always re-fetch) re-queries on every mount, so the sweep is deliberately limited. It keeps behaving as Smart (fetch on change).",Deferred - out of narrowed scope,Deferred,,,"Hidden from view (data.hideInView), so it never renders and the setting has no runtime effect today - set it anyway for template consistency, or defer. Owner decision."
T6-C927,T6-001,1300890,https://county_template.devmny.org/the_risk/natural_hazards/landslide,the_risk/natural_hazards/landslide,1545651,Modeled Risk,1545627,0700164d-e79b-487d-bcfb-30485def30ca,Card,v1,sourceInfo,41,,LHMP_IA,LHMP_IA [test-meta-forms],internal,1441680,1441681,mitigat-ny-prod+test-meta-forms,,(not set),TRUE,Smart (fetch on change),TRUE,No,source LHMP_IA is not in the in-scope source list,(deferred),"None for now - deferred from the fetch-mode sweep because source LHMP_IA is not in the in-scope source list. Every component set to Force (always re-fetch) re-queries on every mount, so the sweep is deliberately limited. It keeps behaving as Smart (fetch on change).",Deferred - out of narrowed scope,Deferred,,,
T6-C928,T6-001,1300890,https://county_template.devmny.org/the_risk/natural_hazards/landslide,the_risk/natural_hazards/landslide,1545651,(untitled Card),1545628,b11239ee-eec3-4e89-ad22-7ecb42c7726b,Card,v1,sourceInfo,42,,NRI Counties - Hazard Normalized,NRI Counties - Hazard Normalized [external],external,1508,1982,hazmit_dama,,(not set),TRUE,Smart (fetch on change),TRUE,No,source NRI Counties - Hazard Normalized is not in the in-scope source list,(deferred),"None for now - deferred from the fetch-mode sweep because source NRI Counties - Hazard Normalized is not in the in-scope source list. Every component set to Force (always re-fetch) re-queries on every mount, so the sweep is deliberately limited. It keeps behaving as Smart (fetch on change).",Deferred - out of narrowed scope,Deferred,,,
T6-C929,T6-001,1300890,https://county_template.devmny.org/the_risk/natural_hazards/landslide,the_risk/natural_hazards/landslide,1545651,Built Environment,1545630,61d0ccfa-80c7-4060-ba76-68955e498e29,Card,v1,sourceInfo,44,,LHMP_IA,LHMP_IA [test-meta-forms],internal,1441680,1441681,mitigat-ny-prod+test-meta-forms,,(not set),TRUE,Smart (fetch on change),TRUE,No,source LHMP_IA is not in the in-scope source list,(deferred),"None for now - deferred from the fetch-mode sweep because source LHMP_IA is not in the in-scope source list. Every component set to Force (always re-fetch) re-queries on every mount, so the sweep is deliberately limited. It keeps behaving as Smart (fetch on change).",Deferred - out of narrowed scope,Deferred,,,
T6-C930,T6-001,1300890,https://county_template.devmny.org/the_risk/natural_hazards/landslide,the_risk/natural_hazards/landslide,1545651,People and Communities,1545632,3a0a2294-233d-4fe2-b55c-e3b9b3daa12c,Card,v1,sourceInfo,47,,LHMP_IA,LHMP_IA [test-meta-forms],internal,1441680,1441681,mitigat-ny-prod+test-meta-forms,,(not set),TRUE,Smart (fetch on change),TRUE,No,source LHMP_IA is not in the in-scope source list,(deferred),"None for now - deferred from the fetch-mode sweep because source LHMP_IA is not in the in-scope source list. Every component set to Force (always re-fetch) re-queries on every mount, so the sweep is deliberately limited. It keeps behaving as Smart (fetch on change).",Deferred - out of narrowed scope,Deferred,,,
T6-C931,T6-001,1300890,https://county_template.devmny.org/the_risk/natural_hazards/landslide,the_risk/natural_hazards/landslide,1545651,Natural Environment,1545634,ea09c597-9874-4421-9e43-66d97fb97913,Card,v1,sourceInfo,50,,LHMP_IA,LHMP_IA [test-meta-forms],internal,1441680,1441681,mitigat-ny-prod+test-meta-forms,,(not set),TRUE,Smart (fetch on change),TRUE,No,source LHMP_IA is not in the in-scope source list,(deferred),"None for now - deferred from the fetch-mode sweep because source LHMP_IA is not in the in-scope source list. Every component set to Force (always re-fetch) re-queries on every mount, so the sweep is deliberately limited. It keeps behaving as Smart (fetch on change).",Deferred - out of narrowed scope,Deferred,,,
T6-C932,T6-001,1300890,https://county_template.devmny.org/the_risk/natural_hazards/landslide,the_risk/natural_hazards/landslide,1545651,Strategies,1545637,0700164d-e79b-487d-bcfb-30485def30ca,Card,v1,sourceInfo,53,,LHMP_IA,LHMP_IA [test-meta-forms],internal,1441680,1441681,mitigat-ny-prod+test-meta-forms,,(not set),TRUE,Smart (fetch on change),TRUE,No,source LHMP_IA is not in the in-scope source list,(deferred),"None for now - deferred from the fetch-mode sweep because source LHMP_IA is not in the in-scope source list. Every component set to Force (always re-fetch) re-queries on every mount, so the sweep is deliberately limited. It keeps behaving as Smart (fetch on change).",Deferred - out of narrowed scope,Deferred,,,
T6-C933,T6-001,1300890,https://county_template.devmny.org/the_risk/natural_hazards/landslide,the_risk/natural_hazards/landslide,1545651,Measures Inventory,1545638,c8e666a4-8eb8-4e50-9d74-9cd2ec69c505,Spreadsheet,v2,externalSource,54,,Mitigation_Measures,Mitigation_Measures [test_meta_forms],internal,1068274,1155800,mitigat-ny-prod+test_meta_forms,,(not set),TRUE,Smart (fetch on change),TRUE,No,source Mitigation_Measures is not in the in-scope source list,(deferred),"None for now - deferred from the fetch-mode sweep because source Mitigation_Measures is not in the in-scope source list. Every component set to Force (always re-fetch) re-queries on every mount, so the sweep is deliberately limited. It keeps behaving as Smart (fetch on change).",Deferred - out of narrowed scope,Deferred,,,
T6-C934,T6-001,1300890,https://county_template.devmny.org/the_risk/natural_hazards/landslide,the_risk/natural_hazards/landslide,1545651,Capabilities,1545639,0700164d-e79b-487d-bcfb-30485def30ca,Card,v1,sourceInfo,55,,LHMP_IA,LHMP_IA [test-meta-forms],internal,1441680,1441681,mitigat-ny-prod+test-meta-forms,,(not set),TRUE,Smart (fetch on change),TRUE,No,source LHMP_IA is not in the in-scope source list,(deferred),"None for now - deferred from the fetch-mode sweep because source LHMP_IA is not in the in-scope source list. Every component set to Force (always re-fetch) re-queries on every mount, so the sweep is deliberately limited. It keeps behaving as Smart (fetch on change).",Deferred - out of narrowed scope,Deferred,,,
T6-C339,T6-001,1300890,https://county_template.devmny.org/the_risk/natural_hazards/landslide,the_risk/natural_hazards/landslide,1545651,(untitled Card),1545641,7b47cfb4-dbfd-4990-9a62-6003956bc2e2,Card,v2,externalSource,58,TRUE,LHMP_IA,LHMP_IA [test_meta_forms],internal,1441680,1441681,mitigat-ny-prod+test_meta_forms,,(not set),TRUE,Smart (fetch on change),TRUE,No,source LHMP_IA is not in the in-scope source list,(deferred),"None for now - deferred from the fetch-mode sweep because source LHMP_IA is not in the in-scope source list. Every component set to Force (always re-fetch) re-queries on every mount, so the sweep is deliberately limited. It keeps behaving as Smart (fetch on change).",Deferred - out of narrowed scope,Deferred,,,"Hidden from view (data.hideInView), so it never renders and the setting has no runtime effect today - set it anyway for template consistency, or defer. Owner decision."
T6-C935,T6-001,1300890,https://county_template.devmny.org/the_risk/natural_hazards/landslide,the_risk/natural_hazards/landslide,1545651,Actions,1545643,0700164d-e79b-487d-bcfb-30485def30ca,Card,v1,sourceInfo,60,,LHMP_IA,LHMP_IA [test-meta-forms],internal,1441680,1441681,mitigat-ny-prod+test-meta-forms,,(not set),TRUE,Smart (fetch on change),TRUE,No,source LHMP_IA is not in the in-scope source list,(deferred),"None for now - deferred from the fetch-mode sweep because source LHMP_IA is not in the in-scope source list. Every component set to Force (always re-fetch) re-queries on every mount, so the sweep is deliberately limited. It keeps behaving as Smart (fetch on change).",Deferred - out of narrowed scope,Deferred,,,
T6-C343,T6-001,1300890,https://county_template.devmny.org/the_risk/natural_hazards/landslide,the_risk/natural_hazards/landslide,1545651,(untitled Card),1545647,eaea3217-67c6-401c-aaf3-392b9173b5c7,Card,v2,externalSource,65,TRUE,LHMP_IA,LHMP_IA [test_meta_forms],internal,1441680,1441681,mitigat-ny-prod+test_meta_forms,,(not set),TRUE,Smart (fetch on change),TRUE,No,source LHMP_IA is not in the in-scope source list,(deferred),"None for now - deferred from the fetch-mode sweep because source LHMP_IA is not in the in-scope source list. Every component set to Force (always re-fetch) re-queries on every mount, so the sweep is deliberately limited. It keeps behaving as Smart (fetch on change).",Deferred - out of narrowed scope,Deferred,,,"Hidden from view (data.hideInView), so it never renders and the setting has no runtime effect today - set it anyway for template consistency, or defer. Owner decision."
T6-C344,T6-001,1300890,https://county_template.devmny.org/the_risk/natural_hazards/lightning,the_risk/natural_hazards/lightning,1545775,(untitled Card),1545715,e501e808-6217-486e-bd86-1ce7f435aa14,Card,v2,externalSource,1,,AVAIL - Fusion Events V2,AVAIL - Fusion Events V2 [external],external,870,1648,hazmit_dama,,(not set),TRUE,Smart (fetch on change),TRUE,No,source AVAIL - Fusion Events V2 is not in the in-scope source list,(deferred),"None for now - deferred from the fetch-mode sweep because source AVAIL - Fusion Events V2 is not in the in-scope source list. Every component set to Force (always re-fetch) re-queries on every mount, so the sweep is deliberately limited. It keeps behaving as Smart (fetch on change).",Deferred - out of narrowed scope,Deferred,,,
T6-C346,T6-001,1300890,https://county_template.devmny.org/the_risk/natural_hazards/lightning,the_risk/natural_hazards/lightning,1545775,(untitled Card),1545716,b5e7c5ed-0c3f-48ba-8102-b35508c6fa2f,Card,v2,externalSource,3,,NRI Counties - Hazard Normalized,NRI Counties - Hazard Normalized [external],external,1508,1982,hazmit_dama,,(not set),TRUE,Smart (fetch on change),TRUE,No,source NRI Counties - Hazard Normalized is not in the in-scope source list,(deferred),"None for now - deferred from the fetch-mode sweep because source NRI Counties - Hazard Normalized is not in the in-scope source list. Every component set to Force (always re-fetch) re-queries on every mount, so the sweep is deliberately limited. It keeps behaving as Smart (fetch on change).",Deferred - out of narrowed scope,Deferred,,,
T6-C347,T6-001,1300890,https://county_template.devmny.org/the_risk/natural_hazards/lightning,the_risk/natural_hazards/lightning,1545775,(untitled Card),1545717,5f88f7a5-19bf-4b85-b039-de50c4f2fb8a,Card,v2,externalSource,4,,AVAIL - Fusion Events V2,AVAIL - Fusion Events V2 [external],external,870,1648,hazmit_dama,,(not set),TRUE,Smart (fetch on change),TRUE,No,source AVAIL - Fusion Events V2 is not in the in-scope source list,(deferred),"None for now - deferred from the fetch-mode sweep because source AVAIL - Fusion Events V2 is not in the in-scope source list. Every component set to Force (always re-fetch) re-queries on every mount, so the sweep is deliberately limited. It keeps behaving as Smart (fetch on change).",Deferred - out of narrowed scope,Deferred,,,
T6-C936,T6-001,1300890,https://county_template.devmny.org/the_risk/natural_hazards/lightning,the_risk/natural_hazards/lightning,1545775,Overview,1545714,b50f6b90-a250-43a9-a963-648dc7bac6aa,Card,v2,externalSource,5,,LHMP_IA,LHMP_IA [test-meta-forms],internal,1441680,1441681,mitigat-ny-prod+test-meta-forms,,(not set),TRUE,Smart (fetch on change),TRUE,No,source LHMP_IA is not in the in-scope source list,(deferred),"None for now - deferred from the fetch-mode sweep because source LHMP_IA is not in the in-scope source list. Every component set to Force (always re-fetch) re-queries on every mount, so the sweep is deliberately limited. It keeps behaving as Smart (fetch on change).",Deferred - out of narrowed scope,Deferred,,,
T6-C348,T6-001,1300890,https://county_template.devmny.org/the_risk/natural_hazards/lightning,the_risk/natural_hazards/lightning,1545775,(untitled Card),1545719,edcd023e-c7de-41db-b683-9d4c9297599c,Card,v2,externalSource,7,,LHMP_IA,LHMP_IA [test-meta-forms],internal,1441680,1441681,mitigat-ny-prod+test-meta-forms,,(not set),TRUE,Smart (fetch on change),TRUE,No,source LHMP_IA is not in the in-scope source list,(deferred),"None for now - deferred from the fetch-mode sweep because source LHMP_IA is not in the in-scope source list. Every component set to Force (always re-fetch) re-queries on every mount, so the sweep is deliberately limited. It keeps behaving as Smart (fetch on change).",Deferred - out of narrowed scope,Deferred,,,
T6-C937,T6-001,1300890,https://county_template.devmny.org/the_risk/natural_hazards/lightning,the_risk/natural_hazards/lightning,1545775,General Vulnerability,1545721,b50f6b90-a250-43a9-a963-648dc7bac6aa,Card,v1,sourceInfo,10,,LHMP_IA,LHMP_IA [test-meta-forms],internal,1441680,1441681,mitigat-ny-prod+test-meta-forms,,(not set),TRUE,Smart (fetch on change),TRUE,No,source LHMP_IA is not in the in-scope source list,(deferred),"None for now - deferred from the fetch-mode sweep because source LHMP_IA is not in the in-scope source list. Every component set to Force (always re-fetch) re-queries on every mount, so the sweep is deliberately limited. It keeps behaving as Smart (fetch on change).",Deferred - out of narrowed scope,Deferred,,,
T6-C938,T6-001,1300890,https://county_template.devmny.org/the_risk/natural_hazards/lightning,the_risk/natural_hazards/lightning,1545775,(untitled Card),1545722,ed79611a-6b84-44d7-a646-b86d020b3e05,Card,v1,sourceInfo,11,,LHMP_IA,LHMP_IA [test-meta-forms],internal,1441680,1441681,mitigat-ny-prod+test-meta-forms,,(not set),TRUE,Smart (fetch on change),TRUE,No,source LHMP_IA is not in the in-scope source list,(deferred),"None for now - deferred from the fetch-mode sweep because source LHMP_IA is not in the in-scope source list. Every component set to Force (always re-fetch) re-queries on every mount, so the sweep is deliberately limited. It keeps behaving as Smart (fetch on change).",Deferred - out of narrowed scope,Deferred,,,
T6-C939,T6-001,1300890,https://county_template.devmny.org/the_risk/natural_hazards/lightning,the_risk/natural_hazards/lightning,1545775,Potential Impacts,1545723,51278763-8812-46ca-a31c-26b96abcde67,Card,v1,sourceInfo,12,,LHMP_IA,LHMP_IA [test-meta-forms],internal,1441680,1441681,mitigat-ny-prod+test-meta-forms,,(not set),TRUE,Smart (fetch on change),TRUE,No,source LHMP_IA is not in the in-scope source list,(deferred),"None for now - deferred from the fetch-mode sweep because source LHMP_IA is not in the in-scope source list. Every component set to Force (always re-fetch) re-queries on every mount, so the sweep is deliberately limited. It keeps behaving as Smart (fetch on change).",Deferred - out of narrowed scope,Deferred,,,
T6-C940,T6-001,1300890,https://county_template.devmny.org/the_risk/natural_hazards/lightning,the_risk/natural_hazards/lightning,1545775,(untitled Spreadsheet),1545724,6d5acff2-3136-4acc-ac54-60e1501b8e5e,Spreadsheet,v1,sourceInfo,13,,R_and_V_Matrix,R_and_V_Matrix [prod],internal,1068982,1160864,mitigat-ny-prod+prod,,(not set),TRUE,Smart (fetch on change),TRUE,No,source R_and_V_Matrix is not in the in-scope source list,(deferred),"None for now - deferred from the fetch-mode sweep because source R_and_V_Matrix is not in the in-scope source list. Every component set to Force (always re-fetch) re-queries on every mount, so the sweep is deliberately limited. It keeps behaving as Smart (fetch on change).",Deferred - out of narrowed scope,Deferred,,,
T6-C349,T6-001,1300890,https://county_template.devmny.org/the_risk/natural_hazards/lightning,the_risk/natural_hazards/lightning,1545775,Historic Occurrences,1545725,0700164d-e79b-487d-bcfb-30485def30ca,Card,v2,externalSource,14,,LHMP_IA,LHMP_IA [test-meta-forms],internal,1441680,1441681,mitigat-ny-prod+test-meta-forms,,(not set),TRUE,Smart (fetch on change),TRUE,No,source LHMP_IA is not in the in-scope source list,(deferred),"None for now - deferred from the fetch-mode sweep because source LHMP_IA is not in the in-scope source list. Every component set to Force (always re-fetch) re-queries on every mount, so the sweep is deliberately limited. It keeps behaving as Smart (fetch on change).",Deferred - out of narrowed scope,Deferred,,,
T6-C350,T6-001,1300890,https://county_template.devmny.org/the_risk/natural_hazards/lightning,the_risk/natural_hazards/lightning,1545775,(untitled Card),1545726,7cfa4cbb-ad41-49d0-b4a1-34e9a2011d45,Card,v2,externalSource,15,,LHMP_IA,LHMP_IA [test-meta-forms],internal,1441680,1441681,mitigat-ny-prod+test-meta-forms,,(not set),TRUE,Smart (fetch on change),TRUE,No,source LHMP_IA is not in the in-scope source list,(deferred),"None for now - deferred from the fetch-mode sweep because source LHMP_IA is not in the in-scope source list. Every component set to Force (always re-fetch) re-queries on every mount, so the sweep is deliberately limited. It keeps behaving as Smart (fetch on change).",Deferred - out of narrowed scope,Deferred,,,
T6-C941,T6-001,1300890,https://county_template.devmny.org/the_risk/natural_hazards/lightning,the_risk/natural_hazards/lightning,1545775,Total Events and Losses in $: Declared Disasters and Non-Declared Events,1545727,c5c78f29-4ec3-478e-bad2-2388e8a1f53d,Card,v1,sourceInfo,16,,LHMP_IA,LHMP_IA [test-meta-forms],internal,1441680,1441681,mitigat-ny-prod+test-meta-forms,,(not set),TRUE,Smart (fetch on change),TRUE,No,source LHMP_IA is not in the in-scope source list,(deferred),"None for now - deferred from the fetch-mode sweep because source LHMP_IA is not in the in-scope source list. Every component set to Force (always re-fetch) re-queries on every mount, so the sweep is deliberately limited. It keeps behaving as Smart (fetch on change).",Deferred - out of narrowed scope,Deferred,,,
T6-C942,T6-001,1300890,https://county_template.devmny.org/the_risk/natural_hazards/lightning,the_risk/natural_hazards/lightning,1545775,(untitled Graph),1545728,5d798134-5ead-487a-82c7-61552c16f0bd,Graph,v1,sourceInfo,17,,AVAIL - Fusion Events V2,AVAIL - Fusion Events V2 [external],external,870,1648,hazmit_dama,,(not set),TRUE,Smart (fetch on change),TRUE,No,source AVAIL - Fusion Events V2 is not in the in-scope source list,(deferred),"None for now - deferred from the fetch-mode sweep because source AVAIL - Fusion Events V2 is not in the in-scope source list. Every component set to Force (always re-fetch) re-queries on every mount, so the sweep is deliberately limited. It keeps behaving as Smart (fetch on change).",Deferred - out of narrowed scope,Deferred,,,
T6-C423,T6-001,1300890,https://county_template.devmny.org/the_risk/natural_hazards/lightning,the_risk/natural_hazards/lightning,1545775,(untitled Card),1545729,e0bd653d-ee80-4f64-9d0c-01f158f2d0b4,Card,v2,externalSource,18,,AVAIL - Fusion Events V2,AVAIL - Fusion Events V2 [external],external,870,2401,hazmit_dama,,(not set),TRUE,Smart (fetch on change),TRUE,No,source AVAIL - Fusion Events V2 is not in the in-scope source list,(deferred),"None for now - deferred from the fetch-mode sweep because source AVAIL - Fusion Events V2 is not in the in-scope source list. Every component set to Force (always re-fetch) re-queries on every mount, so the sweep is deliberately limited. It keeps behaving as Smart (fetch on change).",Deferred - out of narrowed scope,Deferred,,,
T6-C943,T6-001,1300890,https://county_template.devmny.org/the_risk/natural_hazards/lightning,the_risk/natural_hazards/lightning,1545775,Total Losses in $ by Year,1545733,d091c90d-202e-46e5-becb-1ef6c9fafb7f,Card,v1,sourceInfo,20,,LHMP_IA,LHMP_IA [test-meta-forms],internal,1441680,1441681,mitigat-ny-prod+test-meta-forms,,(not set),TRUE,Smart (fetch on change),TRUE,No,source LHMP_IA is not in the in-scope source list,(deferred),"None for now - deferred from the fetch-mode sweep because source LHMP_IA is not in the in-scope source list. Every component set to Force (always re-fetch) re-queries on every mount, so the sweep is deliberately limited. It keeps behaving as Smart (fetch on change).",Deferred - out of narrowed scope,Deferred,,,
T6-C425,T6-001,1300890,https://county_template.devmny.org/the_risk/natural_hazards/lightning,the_risk/natural_hazards/lightning,1545775,(untitled Graph),1545734,d757d20c-1538-4be1-8fea-0dd5e6417931,Graph,v2,externalSource,21,,AVAIL - Fusion Events V2,AVAIL - Fusion Events V2 [external],external,870,2401,hazmit_dama,,(not set),TRUE,Smart (fetch on change),TRUE,No,source AVAIL - Fusion Events V2 is not in the in-scope source list,(deferred),"None for now - deferred from the fetch-mode sweep because source AVAIL - Fusion Events V2 is not in the in-scope source list. Every component set to Force (always re-fetch) re-queries on every mount, so the sweep is deliberately limited. It keeps behaving as Smart (fetch on change).",Deferred - out of narrowed scope,Deferred,,,
T6-C944,T6-001,1300890,https://county_template.devmny.org/the_risk/natural_hazards/lightning,the_risk/natural_hazards/lightning,1545775,Total Losses in $ by Month,1545736,a40dbab4-6a2b-4c92-adab-ffaa966382c6,Card,v1,sourceInfo,22,,LHMP_IA,LHMP_IA [test-meta-forms],internal,1441680,1441681,mitigat-ny-prod+test-meta-forms,,(not set),TRUE,Smart (fetch on change),TRUE,No,source LHMP_IA is not in the in-scope source list,(deferred),"None for now - deferred from the fetch-mode sweep because source LHMP_IA is not in the in-scope source list. Every component set to Force (always re-fetch) re-queries on every mount, so the sweep is deliberately limited. It keeps behaving as Smart (fetch on change).",Deferred - out of narrowed scope,Deferred,,,
T6-C426,T6-001,1300890,https://county_template.devmny.org/the_risk/natural_hazards/lightning,the_risk/natural_hazards/lightning,1545775,(untitled Graph),1545737,ac560771-e09b-486b-adeb-d7d21dcc8894,Graph,v2,externalSource,23,,AVAIL - Fusion Events V2,AVAIL - Fusion Events V2 [external],external,870,2401,hazmit_dama,,(not set),TRUE,Smart (fetch on change),TRUE,No,source AVAIL - Fusion Events V2 is not in the in-scope source list,(deferred),"None for now - deferred from the fetch-mode sweep because source AVAIL - Fusion Events V2 is not in the in-scope source list. Every component set to Force (always re-fetch) re-queries on every mount, so the sweep is deliberately limited. It keeps behaving as Smart (fetch on change).",Deferred - out of narrowed scope,Deferred,,,
T6-C945,T6-001,1300890,https://county_template.devmny.org/the_risk/natural_hazards/lightning,the_risk/natural_hazards/lightning,1545775,Presidential Disaster Declarations,1545738,51278763-8812-46ca-a31c-26b96abcde67,Card,v1,sourceInfo,24,,LHMP_IA,LHMP_IA [test-meta-forms],internal,1441680,1441681,mitigat-ny-prod+test-meta-forms,,(not set),TRUE,Smart (fetch on change),TRUE,No,source LHMP_IA is not in the in-scope source list,(deferred),"None for now - deferred from the fetch-mode sweep because source LHMP_IA is not in the in-scope source list. Every component set to Force (always re-fetch) re-queries on every mount, so the sweep is deliberately limited. It keeps behaving as Smart (fetch on change).",Deferred - out of narrowed scope,Deferred,,,
T6-C946,T6-001,1300890,https://county_template.devmny.org/the_risk/natural_hazards/lightning,the_risk/natural_hazards/lightning,1545775,(untitled Card),1996674,ff830058-7f13-4ddb-b674-05fe7e777cf8,Card,v1,sourceInfo,25,,LHMP_IA,LHMP_IA [test-meta-forms],internal,1441680,1441681,mitigat-ny-prod+test-meta-forms,,(not set),TRUE,Smart (fetch on change),TRUE,No,source LHMP_IA is not in the in-scope source list,(deferred),"None for now - deferred from the fetch-mode sweep because source LHMP_IA is not in the in-scope source list. Every component set to Force (always re-fetch) re-queries on every mount, so the sweep is deliberately limited. It keeps behaving as Smart (fetch on change).",Deferred - out of narrowed scope,Deferred,,,
T6-C947,T6-001,1300890,https://county_template.devmny.org/the_risk/natural_hazards/lightning,the_risk/natural_hazards/lightning,1545775,(untitled Spreadsheet),1545740,640f61a5-08a0-40e4-8324-d4d065bd6e03,Spreadsheet,v1,sourceInfo,26,,AVAIL - Fusion Events V2,AVAIL - Fusion Events V2 [external],external,870,1648,hazmit_dama,,(not set),TRUE,Smart (fetch on change),TRUE,No,source AVAIL - Fusion Events V2 is not in the in-scope source list,(deferred),"None for now - deferred from the fetch-mode sweep because source AVAIL - Fusion Events V2 is not in the in-scope source list. Every component set to Force (always re-fetch) re-queries on every mount, so the sweep is deliberately limited. It keeps behaving as Smart (fetch on change).",Deferred - out of narrowed scope,Deferred,,,
T6-C948,T6-001,1300890,https://county_template.devmny.org/the_risk/natural_hazards/lightning,the_risk/natural_hazards/lightning,1545775,Other Hazard Events,1545742,51278763-8812-46ca-a31c-26b96abcde67,Card,v1,sourceInfo,29,,LHMP_IA,LHMP_IA [test-meta-forms],internal,1441680,1441681,mitigat-ny-prod+test-meta-forms,,(not set),TRUE,Smart (fetch on change),TRUE,No,source LHMP_IA is not in the in-scope source list,(deferred),"None for now - deferred from the fetch-mode sweep because source LHMP_IA is not in the in-scope source list. Every component set to Force (always re-fetch) re-queries on every mount, so the sweep is deliberately limited. It keeps behaving as Smart (fetch on change).",Deferred - out of narrowed scope,Deferred,,,
T6-C354,T6-001,1300890,https://county_template.devmny.org/the_risk/natural_hazards/lightning,the_risk/natural_hazards/lightning,1545775,(untitled Card),1545743,f5392893-fc72-4005-b595-c9d92a1c5561,Card,v2,externalSource,30,,LHMP_IA,LHMP_IA [test-meta-forms],internal,1441680,1441681,mitigat-ny-prod+test-meta-forms,,(not set),TRUE,Smart (fetch on change),TRUE,No,source LHMP_IA is not in the in-scope source list,(deferred),"None for now - deferred from the fetch-mode sweep because source LHMP_IA is not in the in-scope source list. Every component set to Force (always re-fetch) re-queries on every mount, so the sweep is deliberately limited. It keeps behaving as Smart (fetch on change).",Deferred - out of narrowed scope,Deferred,,,
T6-C427,T6-001,1300890,https://county_template.devmny.org/the_risk/natural_hazards/lightning,the_risk/natural_hazards/lightning,1545775,(untitled Spreadsheet),1545744,f9007ce9-6ec1-4dc6-9341-61606e78e8bf,Spreadsheet,v2,externalSource,31,,AVAIL - Fusion Events V2,AVAIL - Fusion Events V2 [external],external,870,2401,hazmit_dama,,(not set),TRUE,Smart (fetch on change),TRUE,No,source AVAIL - Fusion Events V2 is not in the in-scope source list,(deferred),"None for now - deferred from the fetch-mode sweep because source AVAIL - Fusion Events V2 is not in the in-scope source list. Every component set to Force (always re-fetch) re-queries on every mount, so the sweep is deliberately limited. It keeps behaving as Smart (fetch on change).",Deferred - out of narrowed scope,Deferred,,,
T6-C356,T6-001,1300890,https://county_template.devmny.org/the_risk/natural_hazards/lightning,the_risk/natural_hazards/lightning,1545775,(untitled Card),1545748,cd53270c-448a-415d-9ac7-82da4e3b41b0,Card,v2,externalSource,37,TRUE,LHMP_IA,LHMP_IA [test_meta_forms],internal,1441680,1441681,mitigat-ny-prod+test_meta_forms,,(not set),TRUE,Smart (fetch on change),TRUE,No,source LHMP_IA is not in the in-scope source list,(deferred),"None for now - deferred from the fetch-mode sweep because source LHMP_IA is not in the in-scope source list. Every component set to Force (always re-fetch) re-queries on every mount, so the sweep is deliberately limited. It keeps behaving as Smart (fetch on change).",Deferred - out of narrowed scope,Deferred,,,"Hidden from view (data.hideInView), so it never renders and the setting has no runtime effect today - set it anyway for template consistency, or defer. Owner decision."
T6-C949,T6-001,1300890,https://county_template.devmny.org/the_risk/natural_hazards/lightning,the_risk/natural_hazards/lightning,1545775,Modeled Risk,1545751,0700164d-e79b-487d-bcfb-30485def30ca,Card,v1,sourceInfo,41,,LHMP_IA,LHMP_IA [test-meta-forms],internal,1441680,1441681,mitigat-ny-prod+test-meta-forms,,(not set),TRUE,Smart (fetch on change),TRUE,No,source LHMP_IA is not in the in-scope source list,(deferred),"None for now - deferred from the fetch-mode sweep because source LHMP_IA is not in the in-scope source list. Every component set to Force (always re-fetch) re-queries on every mount, so the sweep is deliberately limited. It keeps behaving as Smart (fetch on change).",Deferred - out of narrowed scope,Deferred,,,
T6-C950,T6-001,1300890,https://county_template.devmny.org/the_risk/natural_hazards/lightning,the_risk/natural_hazards/lightning,1545775,(untitled Card),1545752,b11239ee-eec3-4e89-ad22-7ecb42c7726b,Card,v1,sourceInfo,42,,NRI Counties - Hazard Normalized,NRI Counties - Hazard Normalized [external],external,1508,1982,hazmit_dama,,(not set),TRUE,Smart (fetch on change),TRUE,No,source NRI Counties - Hazard Normalized is not in the in-scope source list,(deferred),"None for now - deferred from the fetch-mode sweep because source NRI Counties - Hazard Normalized is not in the in-scope source list. Every component set to Force (always re-fetch) re-queries on every mount, so the sweep is deliberately limited. It keeps behaving as Smart (fetch on change).",Deferred - out of narrowed scope,Deferred,,,
T6-C951,T6-001,1300890,https://county_template.devmny.org/the_risk/natural_hazards/lightning,the_risk/natural_hazards/lightning,1545775,Built Environment,1545754,61d0ccfa-80c7-4060-ba76-68955e498e29,Card,v1,sourceInfo,44,,LHMP_IA,LHMP_IA [test-meta-forms],internal,1441680,1441681,mitigat-ny-prod+test-meta-forms,,(not set),TRUE,Smart (fetch on change),TRUE,No,source LHMP_IA is not in the in-scope source list,(deferred),"None for now - deferred from the fetch-mode sweep because source LHMP_IA is not in the in-scope source list. Every component set to Force (always re-fetch) re-queries on every mount, so the sweep is deliberately limited. It keeps behaving as Smart (fetch on change).",Deferred - out of narrowed scope,Deferred,,,
T6-C952,T6-001,1300890,https://county_template.devmny.org/the_risk/natural_hazards/lightning,the_risk/natural_hazards/lightning,1545775,People and Communities,1545756,3a0a2294-233d-4fe2-b55c-e3b9b3daa12c,Card,v1,sourceInfo,47,,LHMP_IA,LHMP_IA [test-meta-forms],internal,1441680,1441681,mitigat-ny-prod+test-meta-forms,,(not set),TRUE,Smart (fetch on change),TRUE,No,source LHMP_IA is not in the in-scope source list,(deferred),"None for now - deferred from the fetch-mode sweep because source LHMP_IA is not in the in-scope source list. Every component set to Force (always re-fetch) re-queries on every mount, so the sweep is deliberately limited. It keeps behaving as Smart (fetch on change).",Deferred - out of narrowed scope,Deferred,,,
T6-C953,T6-001,1300890,https://county_template.devmny.org/the_risk/natural_hazards/lightning,the_risk/natural_hazards/lightning,1545775,Natural Environment,1545758,ea09c597-9874-4421-9e43-66d97fb97913,Card,v1,sourceInfo,50,,LHMP_IA,LHMP_IA [test-meta-forms],internal,1441680,1441681,mitigat-ny-prod+test-meta-forms,,(not set),TRUE,Smart (fetch on change),TRUE,No,source LHMP_IA is not in the in-scope source list,(deferred),"None for now - deferred from the fetch-mode sweep because source LHMP_IA is not in the in-scope source list. Every component set to Force (always re-fetch) re-queries on every mount, so the sweep is deliberately limited. It keeps behaving as Smart (fetch on change).",Deferred - out of narrowed scope,Deferred,,,
T6-C954,T6-001,1300890,https://county_template.devmny.org/the_risk/natural_hazards/lightning,the_risk/natural_hazards/lightning,1545775,Strategies,1545761,0700164d-e79b-487d-bcfb-30485def30ca,Card,v1,sourceInfo,53,,LHMP_IA,LHMP_IA [test-meta-forms],internal,1441680,1441681,mitigat-ny-prod+test-meta-forms,,(not set),TRUE,Smart (fetch on change),TRUE,No,source LHMP_IA is not in the in-scope source list,(deferred),"None for now - deferred from the fetch-mode sweep because source LHMP_IA is not in the in-scope source list. Every component set to Force (always re-fetch) re-queries on every mount, so the sweep is deliberately limited. It keeps behaving as Smart (fetch on change).",Deferred - out of narrowed scope,Deferred,,,
T6-C955,T6-001,1300890,https://county_template.devmny.org/the_risk/natural_hazards/lightning,the_risk/natural_hazards/lightning,1545775,Measures Inventory,1545762,c8e666a4-8eb8-4e50-9d74-9cd2ec69c505,Spreadsheet,v2,externalSource,54,,Mitigation_Measures,Mitigation_Measures [test_meta_forms],internal,1068274,1155800,mitigat-ny-prod+test_meta_forms,,(not set),TRUE,Smart (fetch on change),TRUE,No,source Mitigation_Measures is not in the in-scope source list,(deferred),"None for now - deferred from the fetch-mode sweep because source Mitigation_Measures is not in the in-scope source list. Every component set to Force (always re-fetch) re-queries on every mount, so the sweep is deliberately limited. It keeps behaving as Smart (fetch on change).",Deferred - out of narrowed scope,Deferred,,,
T6-C956,T6-001,1300890,https://county_template.devmny.org/the_risk/natural_hazards/lightning,the_risk/natural_hazards/lightning,1545775,Capabilities,1545763,0700164d-e79b-487d-bcfb-30485def30ca,Card,v1,sourceInfo,55,,LHMP_IA,LHMP_IA [test-meta-forms],internal,1441680,1441681,mitigat-ny-prod+test-meta-forms,,(not set),TRUE,Smart (fetch on change),TRUE,No,source LHMP_IA is not in the in-scope source list,(deferred),"None for now - deferred from the fetch-mode sweep because source LHMP_IA is not in the in-scope source list. Every component set to Force (always re-fetch) re-queries on every mount, so the sweep is deliberately limited. It keeps behaving as Smart (fetch on change).",Deferred - out of narrowed scope,Deferred,,,
T6-C358,T6-001,1300890,https://county_template.devmny.org/the_risk/natural_hazards/lightning,the_risk/natural_hazards/lightning,1545775,(untitled Card),1545765,7b47cfb4-dbfd-4990-9a62-6003956bc2e2,Card,v2,externalSource,58,TRUE,LHMP_IA,LHMP_IA [test_meta_forms],internal,1441680,1441681,mitigat-ny-prod+test_meta_forms,,(not set),TRUE,Smart (fetch on change),TRUE,No,source LHMP_IA is not in the in-scope source list,(deferred),"None for now - deferred from the fetch-mode sweep because source LHMP_IA is not in the in-scope source list. Every component set to Force (always re-fetch) re-queries on every mount, so the sweep is deliberately limited. It keeps behaving as Smart (fetch on change).",Deferred - out of narrowed scope,Deferred,,,"Hidden from view (data.hideInView), so it never renders and the setting has no runtime effect today - set it anyway for template consistency, or defer. Owner decision."
T6-C957,T6-001,1300890,https://county_template.devmny.org/the_risk/natural_hazards/lightning,the_risk/natural_hazards/lightning,1545775,Actions,1545767,0700164d-e79b-487d-bcfb-30485def30ca,Card,v1,sourceInfo,60,,LHMP_IA,LHMP_IA [test-meta-forms],internal,1441680,1441681,mitigat-ny-prod+test-meta-forms,,(not set),TRUE,Smart (fetch on change),TRUE,No,source LHMP_IA is not in the in-scope source list,(deferred),"None for now - deferred from the fetch-mode sweep because source LHMP_IA is not in the in-scope source list. Every component set to Force (always re-fetch) re-queries on every mount, so the sweep is deliberately limited. It keeps behaving as Smart (fetch on change).",Deferred - out of narrowed scope,Deferred,,,
T6-C362,T6-001,1300890,https://county_template.devmny.org/the_risk/natural_hazards/lightning,the_risk/natural_hazards/lightning,1545775,(untitled Card),1545771,eaea3217-67c6-401c-aaf3-392b9173b5c7,Card,v2,externalSource,65,TRUE,LHMP_IA,LHMP_IA [test_meta_forms],internal,1441680,1441681,mitigat-ny-prod+test_meta_forms,,(not set),TRUE,Smart (fetch on change),TRUE,No,source LHMP_IA is not in the in-scope source list,(deferred),"None for now - deferred from the fetch-mode sweep because source LHMP_IA is not in the in-scope source list. Every component set to Force (always re-fetch) re-queries on every mount, so the sweep is deliberately limited. It keeps behaving as Smart (fetch on change).",Deferred - out of narrowed scope,Deferred,,,"Hidden from view (data.hideInView), so it never renders and the setting has no runtime effect today - set it anyway for template consistency, or defer. Owner decision."
T6-C363,T6-001,1300890,https://county_template.devmny.org/the_risk/natural_hazards/snowstorm,the_risk/natural_hazards/snowstorm,1546774,(untitled Card),1548810,e501e808-6217-486e-bd86-1ce7f435aa14,Card,v2,externalSource,1,,AVAIL - Fusion Events V2,AVAIL - Fusion Events V2 [external],external,870,1648,hazmit_dama,,(not set),TRUE,Smart (fetch on change),TRUE,No,source AVAIL - Fusion Events V2 is not in the in-scope source list,(deferred),"None for now - deferred from the fetch-mode sweep because source AVAIL - Fusion Events V2 is not in the in-scope source list. Every component set to Force (always re-fetch) re-queries on every mount, so the sweep is deliberately limited. It keeps behaving as Smart (fetch on change).",Deferred - out of narrowed scope,Deferred,,,
T6-C365,T6-001,1300890,https://county_template.devmny.org/the_risk/natural_hazards/snowstorm,the_risk/natural_hazards/snowstorm,1546774,(untitled Card),1548811,b5e7c5ed-0c3f-48ba-8102-b35508c6fa2f,Card,v2,externalSource,3,,NRI Counties - Hazard Normalized,NRI Counties - Hazard Normalized [external],external,1508,1982,hazmit_dama,,(not set),TRUE,Smart (fetch on change),TRUE,No,source NRI Counties - Hazard Normalized is not in the in-scope source list,(deferred),"None for now - deferred from the fetch-mode sweep because source NRI Counties - Hazard Normalized is not in the in-scope source list. Every component set to Force (always re-fetch) re-queries on every mount, so the sweep is deliberately limited. It keeps behaving as Smart (fetch on change).",Deferred - out of narrowed scope,Deferred,,,
T6-C366,T6-001,1300890,https://county_template.devmny.org/the_risk/natural_hazards/snowstorm,the_risk/natural_hazards/snowstorm,1546774,(untitled Card),1548812,5f88f7a5-19bf-4b85-b039-de50c4f2fb8a,Card,v2,externalSource,4,,AVAIL - Fusion Events V2,AVAIL - Fusion Events V2 [external],external,870,1648,hazmit_dama,,(not set),TRUE,Smart (fetch on change),TRUE,No,source AVAIL - Fusion Events V2 is not in the in-scope source list,(deferred),"None for now - deferred from the fetch-mode sweep because source AVAIL - Fusion Events V2 is not in the in-scope source list. Every component set to Force (always re-fetch) re-queries on every mount, so the sweep is deliberately limited. It keeps behaving as Smart (fetch on change).",Deferred - out of narrowed scope,Deferred,,,
T6-C958,T6-001,1300890,https://county_template.devmny.org/the_risk/natural_hazards/snowstorm,the_risk/natural_hazards/snowstorm,1546774,Overview,1548809,b50f6b90-a250-43a9-a963-648dc7bac6aa,Card,v2,externalSource,5,,LHMP_IA,LHMP_IA [test-meta-forms],internal,1441680,1441681,mitigat-ny-prod+test-meta-forms,,(not set),TRUE,Smart (fetch on change),TRUE,No,source LHMP_IA is not in the in-scope source list,(deferred),"None for now - deferred from the fetch-mode sweep because source LHMP_IA is not in the in-scope source list. Every component set to Force (always re-fetch) re-queries on every mount, so the sweep is deliberately limited. It keeps behaving as Smart (fetch on change).",Deferred - out of narrowed scope,Deferred,,,
T6-C367,T6-001,1300890,https://county_template.devmny.org/the_risk/natural_hazards/snowstorm,the_risk/natural_hazards/snowstorm,1546774,(untitled Card),1548814,edcd023e-c7de-41db-b683-9d4c9297599c,Card,v2,externalSource,7,,LHMP_IA,LHMP_IA [test-meta-forms],internal,1441680,1441681,mitigat-ny-prod+test-meta-forms,,(not set),TRUE,Smart (fetch on change),TRUE,No,source LHMP_IA is not in the in-scope source list,(deferred),"None for now - deferred from the fetch-mode sweep because source LHMP_IA is not in the in-scope source list. Every component set to Force (always re-fetch) re-queries on every mount, so the sweep is deliberately limited. It keeps behaving as Smart (fetch on change).",Deferred - out of narrowed scope,Deferred,,,
T6-C959,T6-001,1300890,https://county_template.devmny.org/the_risk/natural_hazards/snowstorm,the_risk/natural_hazards/snowstorm,1546774,General Vulnerability,1548816,b50f6b90-a250-43a9-a963-648dc7bac6aa,Card,v1,sourceInfo,9,,LHMP_IA,LHMP_IA [test-meta-forms],internal,1441680,1441681,mitigat-ny-prod+test-meta-forms,,(not set),TRUE,Smart (fetch on change),TRUE,No,source LHMP_IA is not in the in-scope source list,(deferred),"None for now - deferred from the fetch-mode sweep because source LHMP_IA is not in the in-scope source list. Every component set to Force (always re-fetch) re-queries on every mount, so the sweep is deliberately limited. It keeps behaving as Smart (fetch on change).",Deferred - out of narrowed scope,Deferred,,,
T6-C960,T6-001,1300890,https://county_template.devmny.org/the_risk/natural_hazards/snowstorm,the_risk/natural_hazards/snowstorm,1546774,(untitled Card),1548817,ed79611a-6b84-44d7-a646-b86d020b3e05,Card,v1,sourceInfo,10,,LHMP_IA,LHMP_IA [test-meta-forms],internal,1441680,1441681,mitigat-ny-prod+test-meta-forms,,(not set),TRUE,Smart (fetch on change),TRUE,No,source LHMP_IA is not in the in-scope source list,(deferred),"None for now - deferred from the fetch-mode sweep because source LHMP_IA is not in the in-scope source list. Every component set to Force (always re-fetch) re-queries on every mount, so the sweep is deliberately limited. It keeps behaving as Smart (fetch on change).",Deferred - out of narrowed scope,Deferred,,,
T6-C961,T6-001,1300890,https://county_template.devmny.org/the_risk/natural_hazards/snowstorm,the_risk/natural_hazards/snowstorm,1546774,Potential Impacts,1548818,51278763-8812-46ca-a31c-26b96abcde67,Card,v1,sourceInfo,11,,LHMP_IA,LHMP_IA [test-meta-forms],internal,1441680,1441681,mitigat-ny-prod+test-meta-forms,,(not set),TRUE,Smart (fetch on change),TRUE,No,source LHMP_IA is not in the in-scope source list,(deferred),"None for now - deferred from the fetch-mode sweep because source LHMP_IA is not in the in-scope source list. Every component set to Force (always re-fetch) re-queries on every mount, so the sweep is deliberately limited. It keeps behaving as Smart (fetch on change).",Deferred - out of narrowed scope,Deferred,,,
T6-C962,T6-001,1300890,https://county_template.devmny.org/the_risk/natural_hazards/snowstorm,the_risk/natural_hazards/snowstorm,1546774,(untitled Spreadsheet),1548819,6d5acff2-3136-4acc-ac54-60e1501b8e5e,Spreadsheet,v1,sourceInfo,12,,R_and_V_Matrix,R_and_V_Matrix [prod],internal,1068982,1160864,mitigat-ny-prod+prod,,(not set),TRUE,Smart (fetch on change),TRUE,No,source R_and_V_Matrix is not in the in-scope source list,(deferred),"None for now - deferred from the fetch-mode sweep because source R_and_V_Matrix is not in the in-scope source list. Every component set to Force (always re-fetch) re-queries on every mount, so the sweep is deliberately limited. It keeps behaving as Smart (fetch on change).",Deferred - out of narrowed scope,Deferred,,,
T6-C963,T6-001,1300890,https://county_template.devmny.org/the_risk/natural_hazards/snowstorm,the_risk/natural_hazards/snowstorm,1546774,Historic Occurrences,1548820,0700164d-e79b-487d-bcfb-30485def30ca,Card,v1,sourceInfo,13,,LHMP_IA,LHMP_IA [test-meta-forms],internal,1441680,1441681,mitigat-ny-prod+test-meta-forms,,(not set),TRUE,Smart (fetch on change),TRUE,No,source LHMP_IA is not in the in-scope source list,(deferred),"None for now - deferred from the fetch-mode sweep because source LHMP_IA is not in the in-scope source list. Every component set to Force (always re-fetch) re-queries on every mount, so the sweep is deliberately limited. It keeps behaving as Smart (fetch on change).",Deferred - out of narrowed scope,Deferred,,,
T6-C368,T6-001,1300890,https://county_template.devmny.org/the_risk/natural_hazards/snowstorm,the_risk/natural_hazards/snowstorm,1546774,(untitled Card),1548821,7cfa4cbb-ad41-49d0-b4a1-34e9a2011d45,Card,v2,externalSource,14,,LHMP_IA,LHMP_IA [test-meta-forms],internal,1441680,1441681,mitigat-ny-prod+test-meta-forms,,(not set),TRUE,Smart (fetch on change),TRUE,No,source LHMP_IA is not in the in-scope source list,(deferred),"None for now - deferred from the fetch-mode sweep because source LHMP_IA is not in the in-scope source list. Every component set to Force (always re-fetch) re-queries on every mount, so the sweep is deliberately limited. It keeps behaving as Smart (fetch on change).",Deferred - out of narrowed scope,Deferred,,,
T6-C964,T6-001,1300890,https://county_template.devmny.org/the_risk/natural_hazards/snowstorm,the_risk/natural_hazards/snowstorm,1546774,Total Events and Losses in $: Declared Disasters and Non-Declared Events,1548822,c5c78f29-4ec3-478e-bad2-2388e8a1f53d,Card,v1,sourceInfo,15,,LHMP_IA,LHMP_IA [test-meta-forms],internal,1441680,1441681,mitigat-ny-prod+test-meta-forms,,(not set),TRUE,Smart (fetch on change),TRUE,No,source LHMP_IA is not in the in-scope source list,(deferred),"None for now - deferred from the fetch-mode sweep because source LHMP_IA is not in the in-scope source list. Every component set to Force (always re-fetch) re-queries on every mount, so the sweep is deliberately limited. It keeps behaving as Smart (fetch on change).",Deferred - out of narrowed scope,Deferred,,,
T6-C965,T6-001,1300890,https://county_template.devmny.org/the_risk/natural_hazards/snowstorm,the_risk/natural_hazards/snowstorm,1546774,(untitled Graph),1548823,5d798134-5ead-487a-82c7-61552c16f0bd,Graph,v1,sourceInfo,16,,AVAIL - Fusion Events V2,AVAIL - Fusion Events V2 [external],external,870,1648,hazmit_dama,,(not set),TRUE,Smart (fetch on change),TRUE,No,source AVAIL - Fusion Events V2 is not in the in-scope source list,(deferred),"None for now - deferred from the fetch-mode sweep because source AVAIL - Fusion Events V2 is not in the in-scope source list. Every component set to Force (always re-fetch) re-queries on every mount, so the sweep is deliberately limited. It keeps behaving as Smart (fetch on change).",Deferred - out of narrowed scope,Deferred,,,
T6-C369,T6-001,1300890,https://county_template.devmny.org/the_risk/natural_hazards/snowstorm,the_risk/natural_hazards/snowstorm,1546774,(untitled Card),1548824,e0bd653d-ee80-4f64-9d0c-01f158f2d0b4,Card,v2,externalSource,17,,AVAIL - Fusion Events V2,AVAIL - Fusion Events V2 [external],external,870,2401,hazmit_dama,,(not set),TRUE,Smart (fetch on change),TRUE,No,source AVAIL - Fusion Events V2 is not in the in-scope source list,(deferred),"None for now - deferred from the fetch-mode sweep because source AVAIL - Fusion Events V2 is not in the in-scope source list. Every component set to Force (always re-fetch) re-queries on every mount, so the sweep is deliberately limited. It keeps behaving as Smart (fetch on change).",Deferred - out of narrowed scope,Deferred,,,
T6-C966,T6-001,1300890,https://county_template.devmny.org/the_risk/natural_hazards/snowstorm,the_risk/natural_hazards/snowstorm,1546774,Total Losses in $ by Year,1548828,d091c90d-202e-46e5-becb-1ef6c9fafb7f,Card,v1,sourceInfo,19,,LHMP_IA,LHMP_IA [test-meta-forms],internal,1441680,1441681,mitigat-ny-prod+test-meta-forms,,(not set),TRUE,Smart (fetch on change),TRUE,No,source LHMP_IA is not in the in-scope source list,(deferred),"None for now - deferred from the fetch-mode sweep because source LHMP_IA is not in the in-scope source list. Every component set to Force (always re-fetch) re-queries on every mount, so the sweep is deliberately limited. It keeps behaving as Smart (fetch on change).",Deferred - out of narrowed scope,Deferred,,,
T6-C370,T6-001,1300890,https://county_template.devmny.org/the_risk/natural_hazards/snowstorm,the_risk/natural_hazards/snowstorm,1546774,(untitled Graph),1548829,d757d20c-1538-4be1-8fea-0dd5e6417931,Graph,v2,externalSource,20,,AVAIL - Fusion Events V2,AVAIL - Fusion Events V2 [external],external,870,2401,hazmit_dama,,(not set),TRUE,Smart (fetch on change),TRUE,No,source AVAIL - Fusion Events V2 is not in the in-scope source list,(deferred),"None for now - deferred from the fetch-mode sweep because source AVAIL - Fusion Events V2 is not in the in-scope source list. Every component set to Force (always re-fetch) re-queries on every mount, so the sweep is deliberately limited. It keeps behaving as Smart (fetch on change).",Deferred - out of narrowed scope,Deferred,,,
T6-C967,T6-001,1300890,https://county_template.devmny.org/the_risk/natural_hazards/snowstorm,the_risk/natural_hazards/snowstorm,1546774,Total Losses in $ by Month,1548831,a40dbab4-6a2b-4c92-adab-ffaa966382c6,Card,v1,sourceInfo,21,,LHMP_IA,LHMP_IA [test-meta-forms],internal,1441680,1441681,mitigat-ny-prod+test-meta-forms,,(not set),TRUE,Smart (fetch on change),TRUE,No,source LHMP_IA is not in the in-scope source list,(deferred),"None for now - deferred from the fetch-mode sweep because source LHMP_IA is not in the in-scope source list. Every component set to Force (always re-fetch) re-queries on every mount, so the sweep is deliberately limited. It keeps behaving as Smart (fetch on change).",Deferred - out of narrowed scope,Deferred,,,
T6-C371,T6-001,1300890,https://county_template.devmny.org/the_risk/natural_hazards/snowstorm,the_risk/natural_hazards/snowstorm,1546774,(untitled Graph),1548832,ac560771-e09b-486b-adeb-d7d21dcc8894,Graph,v2,externalSource,22,,AVAIL - Fusion Events V2,AVAIL - Fusion Events V2 [external],external,870,2401,hazmit_dama,,(not set),TRUE,Smart (fetch on change),TRUE,No,source AVAIL - Fusion Events V2 is not in the in-scope source list,(deferred),"None for now - deferred from the fetch-mode sweep because source AVAIL - Fusion Events V2 is not in the in-scope source list. Every component set to Force (always re-fetch) re-queries on every mount, so the sweep is deliberately limited. It keeps behaving as Smart (fetch on change).",Deferred - out of narrowed scope,Deferred,,,
T6-C968,T6-001,1300890,https://county_template.devmny.org/the_risk/natural_hazards/snowstorm,the_risk/natural_hazards/snowstorm,1546774,Presidential Disaster Declarations,1548833,51278763-8812-46ca-a31c-26b96abcde67,Card,v1,sourceInfo,23,,LHMP_IA,LHMP_IA [test-meta-forms],internal,1441680,1441681,mitigat-ny-prod+test-meta-forms,,(not set),TRUE,Smart (fetch on change),TRUE,No,source LHMP_IA is not in the in-scope source list,(deferred),"None for now - deferred from the fetch-mode sweep because source LHMP_IA is not in the in-scope source list. Every component set to Force (always re-fetch) re-queries on every mount, so the sweep is deliberately limited. It keeps behaving as Smart (fetch on change).",Deferred - out of narrowed scope,Deferred,,,
T6-C969,T6-001,1300890,https://county_template.devmny.org/the_risk/natural_hazards/snowstorm,the_risk/natural_hazards/snowstorm,1546774,(untitled Card),1996762,caf4f64c-4dc6-4f8b-911c-de024e81e3cc,Card,v1,sourceInfo,24,,LHMP_IA,LHMP_IA [test-meta-forms],internal,1441680,1441681,mitigat-ny-prod+test-meta-forms,,(not set),TRUE,Smart (fetch on change),TRUE,No,source LHMP_IA is not in the in-scope source list,(deferred),"None for now - deferred from the fetch-mode sweep because source LHMP_IA is not in the in-scope source list. Every component set to Force (always re-fetch) re-queries on every mount, so the sweep is deliberately limited. It keeps behaving as Smart (fetch on change).",Deferred - out of narrowed scope,Deferred,,,
T6-C970,T6-001,1300890,https://county_template.devmny.org/the_risk/natural_hazards/snowstorm,the_risk/natural_hazards/snowstorm,1546774,(untitled Spreadsheet),1548835,640f61a5-08a0-40e4-8324-d4d065bd6e03,Spreadsheet,v1,sourceInfo,25,,AVAIL - Fusion Events V2,AVAIL - Fusion Events V2 [external],external,870,1648,hazmit_dama,,(not set),TRUE,Smart (fetch on change),TRUE,No,source AVAIL - Fusion Events V2 is not in the in-scope source list,(deferred),"None for now - deferred from the fetch-mode sweep because source AVAIL - Fusion Events V2 is not in the in-scope source list. Every component set to Force (always re-fetch) re-queries on every mount, so the sweep is deliberately limited. It keeps behaving as Smart (fetch on change).",Deferred - out of narrowed scope,Deferred,,,
T6-C971,T6-001,1300890,https://county_template.devmny.org/the_risk/natural_hazards/snowstorm,the_risk/natural_hazards/snowstorm,1546774,Other Hazard Events,1548837,51278763-8812-46ca-a31c-26b96abcde67,Card,v1,sourceInfo,28,,LHMP_IA,LHMP_IA [test-meta-forms],internal,1441680,1441681,mitigat-ny-prod+test-meta-forms,,(not set),TRUE,Smart (fetch on change),TRUE,No,source LHMP_IA is not in the in-scope source list,(deferred),"None for now - deferred from the fetch-mode sweep because source LHMP_IA is not in the in-scope source list. Every component set to Force (always re-fetch) re-queries on every mount, so the sweep is deliberately limited. It keeps behaving as Smart (fetch on change).",Deferred - out of narrowed scope,Deferred,,,
T6-C372,T6-001,1300890,https://county_template.devmny.org/the_risk/natural_hazards/snowstorm,the_risk/natural_hazards/snowstorm,1546774,(untitled Card),1548838,f5392893-fc72-4005-b595-c9d92a1c5561,Card,v2,externalSource,29,,LHMP_IA,LHMP_IA [test-meta-forms],internal,1441680,1441681,mitigat-ny-prod+test-meta-forms,,(not set),TRUE,Smart (fetch on change),TRUE,No,source LHMP_IA is not in the in-scope source list,(deferred),"None for now - deferred from the fetch-mode sweep because source LHMP_IA is not in the in-scope source list. Every component set to Force (always re-fetch) re-queries on every mount, so the sweep is deliberately limited. It keeps behaving as Smart (fetch on change).",Deferred - out of narrowed scope,Deferred,,,
T6-C373,T6-001,1300890,https://county_template.devmny.org/the_risk/natural_hazards/snowstorm,the_risk/natural_hazards/snowstorm,1546774,(untitled Spreadsheet),1548839,f9007ce9-6ec1-4dc6-9341-61606e78e8bf,Spreadsheet,v2,externalSource,30,,AVAIL - Fusion Events V2,AVAIL - Fusion Events V2 [external],external,870,2401,hazmit_dama,,(not set),TRUE,Smart (fetch on change),TRUE,No,source AVAIL - Fusion Events V2 is not in the in-scope source list,(deferred),"None for now - deferred from the fetch-mode sweep because source AVAIL - Fusion Events V2 is not in the in-scope source list. Every component set to Force (always re-fetch) re-queries on every mount, so the sweep is deliberately limited. It keeps behaving as Smart (fetch on change).",Deferred - out of narrowed scope,Deferred,,,
T6-C374,T6-001,1300890,https://county_template.devmny.org/the_risk/natural_hazards/snowstorm,the_risk/natural_hazards/snowstorm,1546774,(untitled Card),1548843,cd53270c-448a-415d-9ac7-82da4e3b41b0,Card,v2,externalSource,36,TRUE,LHMP_IA,LHMP_IA [test_meta_forms],internal,1441680,1441681,mitigat-ny-prod+test_meta_forms,,(not set),TRUE,Smart (fetch on change),TRUE,No,source LHMP_IA is not in the in-scope source list,(deferred),"None for now - deferred from the fetch-mode sweep because source LHMP_IA is not in the in-scope source list. Every component set to Force (always re-fetch) re-queries on every mount, so the sweep is deliberately limited. It keeps behaving as Smart (fetch on change).",Deferred - out of narrowed scope,Deferred,,,"Hidden from view (data.hideInView), so it never renders and the setting has no runtime effect today - set it anyway for template consistency, or defer. Owner decision."
T6-C972,T6-001,1300890,https://county_template.devmny.org/the_risk/natural_hazards/snowstorm,the_risk/natural_hazards/snowstorm,1546774,Modeled Risk,1548846,0700164d-e79b-487d-bcfb-30485def30ca,Card,v1,sourceInfo,40,,LHMP_IA,LHMP_IA [test-meta-forms],internal,1441680,1441681,mitigat-ny-prod+test-meta-forms,,(not set),TRUE,Smart (fetch on change),TRUE,No,source LHMP_IA is not in the in-scope source list,(deferred),"None for now - deferred from the fetch-mode sweep because source LHMP_IA is not in the in-scope source list. Every component set to Force (always re-fetch) re-queries on every mount, so the sweep is deliberately limited. It keeps behaving as Smart (fetch on change).",Deferred - out of narrowed scope,Deferred,,,
T6-C973,T6-001,1300890,https://county_template.devmny.org/the_risk/natural_hazards/snowstorm,the_risk/natural_hazards/snowstorm,1546774,(untitled Card),1548847,b11239ee-eec3-4e89-ad22-7ecb42c7726b,Card,v1,sourceInfo,41,,NRI Counties - Hazard Normalized,NRI Counties - Hazard Normalized [external],external,1508,1982,hazmit_dama,,(not set),TRUE,Smart (fetch on change),TRUE,No,source NRI Counties - Hazard Normalized is not in the in-scope source list,(deferred),"None for now - deferred from the fetch-mode sweep because source NRI Counties - Hazard Normalized is not in the in-scope source list. Every component set to Force (always re-fetch) re-queries on every mount, so the sweep is deliberately limited. It keeps behaving as Smart (fetch on change).",Deferred - out of narrowed scope,Deferred,,,
T6-C974,T6-001,1300890,https://county_template.devmny.org/the_risk/natural_hazards/snowstorm,the_risk/natural_hazards/snowstorm,1546774,Built Environment,1548849,61d0ccfa-80c7-4060-ba76-68955e498e29,Card,v1,sourceInfo,43,,LHMP_IA,LHMP_IA [test-meta-forms],internal,1441680,1441681,mitigat-ny-prod+test-meta-forms,,(not set),TRUE,Smart (fetch on change),TRUE,No,source LHMP_IA is not in the in-scope source list,(deferred),"None for now - deferred from the fetch-mode sweep because source LHMP_IA is not in the in-scope source list. Every component set to Force (always re-fetch) re-queries on every mount, so the sweep is deliberately limited. It keeps behaving as Smart (fetch on change).",Deferred - out of narrowed scope,Deferred,,,
T6-C975,T6-001,1300890,https://county_template.devmny.org/the_risk/natural_hazards/snowstorm,the_risk/natural_hazards/snowstorm,1546774,People and Communities,1548851,3a0a2294-233d-4fe2-b55c-e3b9b3daa12c,Card,v1,sourceInfo,46,,LHMP_IA,LHMP_IA [test-meta-forms],internal,1441680,1441681,mitigat-ny-prod+test-meta-forms,,(not set),TRUE,Smart (fetch on change),TRUE,No,source LHMP_IA is not in the in-scope source list,(deferred),"None for now - deferred from the fetch-mode sweep because source LHMP_IA is not in the in-scope source list. Every component set to Force (always re-fetch) re-queries on every mount, so the sweep is deliberately limited. It keeps behaving as Smart (fetch on change).",Deferred - out of narrowed scope,Deferred,,,
T6-C976,T6-001,1300890,https://county_template.devmny.org/the_risk/natural_hazards/snowstorm,the_risk/natural_hazards/snowstorm,1546774,Natural Environment,1548853,ea09c597-9874-4421-9e43-66d97fb97913,Card,v1,sourceInfo,49,,LHMP_IA,LHMP_IA [test-meta-forms],internal,1441680,1441681,mitigat-ny-prod+test-meta-forms,,(not set),TRUE,Smart (fetch on change),TRUE,No,source LHMP_IA is not in the in-scope source list,(deferred),"None for now - deferred from the fetch-mode sweep because source LHMP_IA is not in the in-scope source list. Every component set to Force (always re-fetch) re-queries on every mount, so the sweep is deliberately limited. It keeps behaving as Smart (fetch on change).",Deferred - out of narrowed scope,Deferred,,,
T6-C977,T6-001,1300890,https://county_template.devmny.org/the_risk/natural_hazards/snowstorm,the_risk/natural_hazards/snowstorm,1546774,Strategies,1548856,0700164d-e79b-487d-bcfb-30485def30ca,Card,v1,sourceInfo,52,,LHMP_IA,LHMP_IA [test-meta-forms],internal,1441680,1441681,mitigat-ny-prod+test-meta-forms,,(not set),TRUE,Smart (fetch on change),TRUE,No,source LHMP_IA is not in the in-scope source list,(deferred),"None for now - deferred from the fetch-mode sweep because source LHMP_IA is not in the in-scope source list. Every component set to Force (always re-fetch) re-queries on every mount, so the sweep is deliberately limited. It keeps behaving as Smart (fetch on change).",Deferred - out of narrowed scope,Deferred,,,
T6-C978,T6-001,1300890,https://county_template.devmny.org/the_risk/natural_hazards/snowstorm,the_risk/natural_hazards/snowstorm,1546774,Measures Inventory,1548857,c8e666a4-8eb8-4e50-9d74-9cd2ec69c505,Spreadsheet,v2,externalSource,53,,Mitigation_Measures,Mitigation_Measures [test_meta_forms],internal,1068274,1155800,mitigat-ny-prod+test_meta_forms,,(not set),TRUE,Smart (fetch on change),TRUE,No,source Mitigation_Measures is not in the in-scope source list,(deferred),"None for now - deferred from the fetch-mode sweep because source Mitigation_Measures is not in the in-scope source list. Every component set to Force (always re-fetch) re-queries on every mount, so the sweep is deliberately limited. It keeps behaving as Smart (fetch on change).",Deferred - out of narrowed scope,Deferred,,,
T6-C979,T6-001,1300890,https://county_template.devmny.org/the_risk/natural_hazards/snowstorm,the_risk/natural_hazards/snowstorm,1546774,Capabilities,1548858,0700164d-e79b-487d-bcfb-30485def30ca,Card,v1,sourceInfo,54,,LHMP_IA,LHMP_IA [test-meta-forms],internal,1441680,1441681,mitigat-ny-prod+test-meta-forms,,(not set),TRUE,Smart (fetch on change),TRUE,No,source LHMP_IA is not in the in-scope source list,(deferred),"None for now - deferred from the fetch-mode sweep because source LHMP_IA is not in the in-scope source list. Every component set to Force (always re-fetch) re-queries on every mount, so the sweep is deliberately limited. It keeps behaving as Smart (fetch on change).",Deferred - out of narrowed scope,Deferred,,,
T6-C376,T6-001,1300890,https://county_template.devmny.org/the_risk/natural_hazards/snowstorm,the_risk/natural_hazards/snowstorm,1546774,(untitled Card),1548860,7b47cfb4-dbfd-4990-9a62-6003956bc2e2,Card,v2,externalSource,57,TRUE,LHMP_IA,LHMP_IA [test_meta_forms],internal,1441680,1441681,mitigat-ny-prod+test_meta_forms,,(not set),TRUE,Smart (fetch on change),TRUE,No,source LHMP_IA is not in the in-scope source list,(deferred),"None for now - deferred from the fetch-mode sweep because source LHMP_IA is not in the in-scope source list. Every component set to Force (always re-fetch) re-queries on every mount, so the sweep is deliberately limited. It keeps behaving as Smart (fetch on change).",Deferred - out of narrowed scope,Deferred,,,"Hidden from view (data.hideInView), so it never renders and the setting has no runtime effect today - set it anyway for template consistency, or defer. Owner decision."
T6-C980,T6-001,1300890,https://county_template.devmny.org/the_risk/natural_hazards/snowstorm,the_risk/natural_hazards/snowstorm,1546774,Actions,1548862,0700164d-e79b-487d-bcfb-30485def30ca,Card,v2,externalSource,59,,LHMP_IA,LHMP_IA [test-meta-forms],internal,1441680,1441681,mitigat-ny-prod+test-meta-forms,,(not set),TRUE,Smart (fetch on change),TRUE,No,source LHMP_IA is not in the in-scope source list,(deferred),"None for now - deferred from the fetch-mode sweep because source LHMP_IA is not in the in-scope source list. Every component set to Force (always re-fetch) re-queries on every mount, so the sweep is deliberately limited. It keeps behaving as Smart (fetch on change).",Deferred - out of narrowed scope,Deferred,,,
T6-C380,T6-001,1300890,https://county_template.devmny.org/the_risk/natural_hazards/snowstorm,the_risk/natural_hazards/snowstorm,1546774,(untitled Card),1548866,eaea3217-67c6-401c-aaf3-392b9173b5c7,Card,v2,externalSource,64,TRUE,LHMP_IA,LHMP_IA [test_meta_forms],internal,1441680,1441681,mitigat-ny-prod+test_meta_forms,,(not set),TRUE,Smart (fetch on change),TRUE,No,source LHMP_IA is not in the in-scope source list,(deferred),"None for now - deferred from the fetch-mode sweep because source LHMP_IA is not in the in-scope source list. Every component set to Force (always re-fetch) re-queries on every mount, so the sweep is deliberately limited. It keeps behaving as Smart (fetch on change).",Deferred - out of narrowed scope,Deferred,,,"Hidden from view (data.hideInView), so it never renders and the setting has no runtime effect today - set it anyway for template consistency, or defer. Owner decision."
T6-C381,T6-001,1300890,https://county_template.devmny.org/the_risk/natural_hazards/tornado,the_risk/natural_hazards/tornado,1545899,(untitled Card),1545839,e501e808-6217-486e-bd86-1ce7f435aa14,Card,v2,externalSource,1,,AVAIL - Fusion Events V2,AVAIL - Fusion Events V2 [external],external,870,1648,hazmit_dama,,(not set),TRUE,Smart (fetch on change),TRUE,No,source AVAIL - Fusion Events V2 is not in the in-scope source list,(deferred),"None for now - deferred from the fetch-mode sweep because source AVAIL - Fusion Events V2 is not in the in-scope source list. Every component set to Force (always re-fetch) re-queries on every mount, so the sweep is deliberately limited. It keeps behaving as Smart (fetch on change).",Deferred - out of narrowed scope,Deferred,,,
T6-C383,T6-001,1300890,https://county_template.devmny.org/the_risk/natural_hazards/tornado,the_risk/natural_hazards/tornado,1545899,(untitled Card),1545840,b5e7c5ed-0c3f-48ba-8102-b35508c6fa2f,Card,v2,externalSource,3,,NRI Counties - Hazard Normalized,NRI Counties - Hazard Normalized [external],external,1508,1982,hazmit_dama,,(not set),TRUE,Smart (fetch on change),TRUE,No,source NRI Counties - Hazard Normalized is not in the in-scope source list,(deferred),"None for now - deferred from the fetch-mode sweep because source NRI Counties - Hazard Normalized is not in the in-scope source list. Every component set to Force (always re-fetch) re-queries on every mount, so the sweep is deliberately limited. It keeps behaving as Smart (fetch on change).",Deferred - out of narrowed scope,Deferred,,,
T6-C384,T6-001,1300890,https://county_template.devmny.org/the_risk/natural_hazards/tornado,the_risk/natural_hazards/tornado,1545899,(untitled Card),1545841,5f88f7a5-19bf-4b85-b039-de50c4f2fb8a,Card,v2,externalSource,4,,AVAIL - Fusion Events V2,AVAIL - Fusion Events V2 [external],external,870,1648,hazmit_dama,,(not set),TRUE,Smart (fetch on change),TRUE,No,source AVAIL - Fusion Events V2 is not in the in-scope source list,(deferred),"None for now - deferred from the fetch-mode sweep because source AVAIL - Fusion Events V2 is not in the in-scope source list. Every component set to Force (always re-fetch) re-queries on every mount, so the sweep is deliberately limited. It keeps behaving as Smart (fetch on change).",Deferred - out of narrowed scope,Deferred,,,
T6-C981,T6-001,1300890,https://county_template.devmny.org/the_risk/natural_hazards/tornado,the_risk/natural_hazards/tornado,1545899,Overview,1545838,b50f6b90-a250-43a9-a963-648dc7bac6aa,Card,v2,externalSource,5,,LHMP_IA,LHMP_IA [test-meta-forms],internal,1441680,1441681,mitigat-ny-prod+test-meta-forms,,(not set),TRUE,Smart (fetch on change),TRUE,No,source LHMP_IA is not in the in-scope source list,(deferred),"None for now - deferred from the fetch-mode sweep because source LHMP_IA is not in the in-scope source list. Every component set to Force (always re-fetch) re-queries on every mount, so the sweep is deliberately limited. It keeps behaving as Smart (fetch on change).",Deferred - out of narrowed scope,Deferred,,,
T6-C385,T6-001,1300890,https://county_template.devmny.org/the_risk/natural_hazards/tornado,the_risk/natural_hazards/tornado,1545899,(untitled Card),1545843,edcd023e-c7de-41db-b683-9d4c9297599c,Card,v2,externalSource,7,,LHMP_IA,LHMP_IA [test-meta-forms],internal,1441680,1441681,mitigat-ny-prod+test-meta-forms,,(not set),TRUE,Smart (fetch on change),TRUE,No,source LHMP_IA is not in the in-scope source list,(deferred),"None for now - deferred from the fetch-mode sweep because source LHMP_IA is not in the in-scope source list. Every component set to Force (always re-fetch) re-queries on every mount, so the sweep is deliberately limited. It keeps behaving as Smart (fetch on change).",Deferred - out of narrowed scope,Deferred,,,
T6-C982,T6-001,1300890,https://county_template.devmny.org/the_risk/natural_hazards/tornado,the_risk/natural_hazards/tornado,1545899,General Vulnerability,1545845,b50f6b90-a250-43a9-a963-648dc7bac6aa,Card,v1,sourceInfo,10,,LHMP_IA,LHMP_IA [test-meta-forms],internal,1441680,1441681,mitigat-ny-prod+test-meta-forms,,(not set),TRUE,Smart (fetch on change),TRUE,No,source LHMP_IA is not in the in-scope source list,(deferred),"None for now - deferred from the fetch-mode sweep because source LHMP_IA is not in the in-scope source list. Every component set to Force (always re-fetch) re-queries on every mount, so the sweep is deliberately limited. It keeps behaving as Smart (fetch on change).",Deferred - out of narrowed scope,Deferred,,,
T6-C983,T6-001,1300890,https://county_template.devmny.org/the_risk/natural_hazards/tornado,the_risk/natural_hazards/tornado,1545899,(untitled Card),1545846,ed79611a-6b84-44d7-a646-b86d020b3e05,Card,v1,sourceInfo,11,,LHMP_IA,LHMP_IA [test-meta-forms],internal,1441680,1441681,mitigat-ny-prod+test-meta-forms,,(not set),TRUE,Smart (fetch on change),TRUE,No,source LHMP_IA is not in the in-scope source list,(deferred),"None for now - deferred from the fetch-mode sweep because source LHMP_IA is not in the in-scope source list. Every component set to Force (always re-fetch) re-queries on every mount, so the sweep is deliberately limited. It keeps behaving as Smart (fetch on change).",Deferred - out of narrowed scope,Deferred,,,
T6-C984,T6-001,1300890,https://county_template.devmny.org/the_risk/natural_hazards/tornado,the_risk/natural_hazards/tornado,1545899,Potential Impacts,1545847,51278763-8812-46ca-a31c-26b96abcde67,Card,v1,sourceInfo,12,,LHMP_IA,LHMP_IA [test-meta-forms],internal,1441680,1441681,mitigat-ny-prod+test-meta-forms,,(not set),TRUE,Smart (fetch on change),TRUE,No,source LHMP_IA is not in the in-scope source list,(deferred),"None for now - deferred from the fetch-mode sweep because source LHMP_IA is not in the in-scope source list. Every component set to Force (always re-fetch) re-queries on every mount, so the sweep is deliberately limited. It keeps behaving as Smart (fetch on change).",Deferred - out of narrowed scope,Deferred,,,
T6-C985,T6-001,1300890,https://county_template.devmny.org/the_risk/natural_hazards/tornado,the_risk/natural_hazards/tornado,1545899,(untitled Spreadsheet),1545848,6d5acff2-3136-4acc-ac54-60e1501b8e5e,Spreadsheet,v1,sourceInfo,13,,R_and_V_Matrix,R_and_V_Matrix [prod],internal,1068982,1160864,mitigat-ny-prod+prod,,(not set),TRUE,Smart (fetch on change),TRUE,No,source R_and_V_Matrix is not in the in-scope source list,(deferred),"None for now - deferred from the fetch-mode sweep because source R_and_V_Matrix is not in the in-scope source list. Every component set to Force (always re-fetch) re-queries on every mount, so the sweep is deliberately limited. It keeps behaving as Smart (fetch on change).",Deferred - out of narrowed scope,Deferred,,,
T6-C986,T6-001,1300890,https://county_template.devmny.org/the_risk/natural_hazards/tornado,the_risk/natural_hazards/tornado,1545899,Historic Occurrences,1545849,0700164d-e79b-487d-bcfb-30485def30ca,Card,v1,sourceInfo,14,,LHMP_IA,LHMP_IA [test-meta-forms],internal,1441680,1441681,mitigat-ny-prod+test-meta-forms,,(not set),TRUE,Smart (fetch on change),TRUE,No,source LHMP_IA is not in the in-scope source list,(deferred),"None for now - deferred from the fetch-mode sweep because source LHMP_IA is not in the in-scope source list. Every component set to Force (always re-fetch) re-queries on every mount, so the sweep is deliberately limited. It keeps behaving as Smart (fetch on change).",Deferred - out of narrowed scope,Deferred,,,
T6-C386,T6-001,1300890,https://county_template.devmny.org/the_risk/natural_hazards/tornado,the_risk/natural_hazards/tornado,1545899,(untitled Card),1545850,7cfa4cbb-ad41-49d0-b4a1-34e9a2011d45,Card,v2,externalSource,15,,LHMP_IA,LHMP_IA [test-meta-forms],internal,1441680,1441681,mitigat-ny-prod+test-meta-forms,,(not set),TRUE,Smart (fetch on change),TRUE,No,source LHMP_IA is not in the in-scope source list,(deferred),"None for now - deferred from the fetch-mode sweep because source LHMP_IA is not in the in-scope source list. Every component set to Force (always re-fetch) re-queries on every mount, so the sweep is deliberately limited. It keeps behaving as Smart (fetch on change).",Deferred - out of narrowed scope,Deferred,,,
T6-C987,T6-001,1300890,https://county_template.devmny.org/the_risk/natural_hazards/tornado,the_risk/natural_hazards/tornado,1545899,Total Events and Losses in $: Declared Disasters and Non-Declared Events,1545851,c5c78f29-4ec3-478e-bad2-2388e8a1f53d,Card,v1,sourceInfo,16,,LHMP_IA,LHMP_IA [prod],internal,1441680,1441681,mitigat-ny-prod+prod,,(not set),TRUE,Smart (fetch on change),TRUE,No,source LHMP_IA is not in the in-scope source list,(deferred),"None for now - deferred from the fetch-mode sweep because source LHMP_IA is not in the in-scope source list. Every component set to Force (always re-fetch) re-queries on every mount, so the sweep is deliberately limited. It keeps behaving as Smart (fetch on change).",Deferred - out of narrowed scope,Deferred,,,
T6-C988,T6-001,1300890,https://county_template.devmny.org/the_risk/natural_hazards/tornado,the_risk/natural_hazards/tornado,1545899,(untitled Graph),1545852,5d798134-5ead-487a-82c7-61552c16f0bd,Graph,v1,sourceInfo,17,,AVAIL - Fusion Events V2,AVAIL - Fusion Events V2 [external],external,870,1648,hazmit_dama,,(not set),TRUE,Smart (fetch on change),TRUE,No,source AVAIL - Fusion Events V2 is not in the in-scope source list,(deferred),"None for now - deferred from the fetch-mode sweep because source AVAIL - Fusion Events V2 is not in the in-scope source list. Every component set to Force (always re-fetch) re-queries on every mount, so the sweep is deliberately limited. It keeps behaving as Smart (fetch on change).",Deferred - out of narrowed scope,Deferred,,,
T6-C387,T6-001,1300890,https://county_template.devmny.org/the_risk/natural_hazards/tornado,the_risk/natural_hazards/tornado,1545899,(untitled Card),1545853,e0bd653d-ee80-4f64-9d0c-01f158f2d0b4,Card,v2,externalSource,18,,AVAIL - Fusion Events V2,AVAIL - Fusion Events V2 [external],external,870,2401,hazmit_dama,,(not set),TRUE,Smart (fetch on change),TRUE,No,source AVAIL - Fusion Events V2 is not in the in-scope source list,(deferred),"None for now - deferred from the fetch-mode sweep because source AVAIL - Fusion Events V2 is not in the in-scope source list. Every component set to Force (always re-fetch) re-queries on every mount, so the sweep is deliberately limited. It keeps behaving as Smart (fetch on change).",Deferred - out of narrowed scope,Deferred,,,
T6-C989,T6-001,1300890,https://county_template.devmny.org/the_risk/natural_hazards/tornado,the_risk/natural_hazards/tornado,1545899,Total Losses in $ by Year,1545857,d091c90d-202e-46e5-becb-1ef6c9fafb7f,Card,v1,sourceInfo,20,,LHMP_IA,LHMP_IA [test-meta-forms],internal,1441680,1441681,mitigat-ny-prod+test-meta-forms,,(not set),TRUE,Smart (fetch on change),TRUE,No,source LHMP_IA is not in the in-scope source list,(deferred),"None for now - deferred from the fetch-mode sweep because source LHMP_IA is not in the in-scope source list. Every component set to Force (always re-fetch) re-queries on every mount, so the sweep is deliberately limited. It keeps behaving as Smart (fetch on change).",Deferred - out of narrowed scope,Deferred,,,
T6-C388,T6-001,1300890,https://county_template.devmny.org/the_risk/natural_hazards/tornado,the_risk/natural_hazards/tornado,1545899,(untitled Graph),1545858,d757d20c-1538-4be1-8fea-0dd5e6417931,Graph,v2,externalSource,21,,AVAIL - Fusion Events V2,AVAIL - Fusion Events V2 [external],external,870,2401,hazmit_dama,,(not set),TRUE,Smart (fetch on change),TRUE,No,source AVAIL - Fusion Events V2 is not in the in-scope source list,(deferred),"None for now - deferred from the fetch-mode sweep because source AVAIL - Fusion Events V2 is not in the in-scope source list. Every component set to Force (always re-fetch) re-queries on every mount, so the sweep is deliberately limited. It keeps behaving as Smart (fetch on change).",Deferred - out of narrowed scope,Deferred,,,
T6-C990,T6-001,1300890,https://county_template.devmny.org/the_risk/natural_hazards/tornado,the_risk/natural_hazards/tornado,1545899,Total Losses in $ by Month,1545860,a40dbab4-6a2b-4c92-adab-ffaa966382c6,Card,v1,sourceInfo,22,,LHMP_IA,LHMP_IA [test-meta-forms],internal,1441680,1441681,mitigat-ny-prod+test-meta-forms,,(not set),TRUE,Smart (fetch on change),TRUE,No,source LHMP_IA is not in the in-scope source list,(deferred),"None for now - deferred from the fetch-mode sweep because source LHMP_IA is not in the in-scope source list. Every component set to Force (always re-fetch) re-queries on every mount, so the sweep is deliberately limited. It keeps behaving as Smart (fetch on change).",Deferred - out of narrowed scope,Deferred,,,
T6-C389,T6-001,1300890,https://county_template.devmny.org/the_risk/natural_hazards/tornado,the_risk/natural_hazards/tornado,1545899,(untitled Graph),1545861,ac560771-e09b-486b-adeb-d7d21dcc8894,Graph,v2,externalSource,23,,AVAIL - Fusion Events V2,AVAIL - Fusion Events V2 [external],external,870,2401,hazmit_dama,,(not set),TRUE,Smart (fetch on change),TRUE,No,source AVAIL - Fusion Events V2 is not in the in-scope source list,(deferred),"None for now - deferred from the fetch-mode sweep because source AVAIL - Fusion Events V2 is not in the in-scope source list. Every component set to Force (always re-fetch) re-queries on every mount, so the sweep is deliberately limited. It keeps behaving as Smart (fetch on change).",Deferred - out of narrowed scope,Deferred,,,
T6-C991,T6-001,1300890,https://county_template.devmny.org/the_risk/natural_hazards/tornado,the_risk/natural_hazards/tornado,1545899,Presidential Disaster Declarations,1545862,51278763-8812-46ca-a31c-26b96abcde67,Card,v1,sourceInfo,24,,LHMP_IA,LHMP_IA [test-meta-forms],internal,1441680,1441681,mitigat-ny-prod+test-meta-forms,,(not set),TRUE,Smart (fetch on change),TRUE,No,source LHMP_IA is not in the in-scope source list,(deferred),"None for now - deferred from the fetch-mode sweep because source LHMP_IA is not in the in-scope source list. Every component set to Force (always re-fetch) re-queries on every mount, so the sweep is deliberately limited. It keeps behaving as Smart (fetch on change).",Deferred - out of narrowed scope,Deferred,,,
T6-C992,T6-001,1300890,https://county_template.devmny.org/the_risk/natural_hazards/tornado,the_risk/natural_hazards/tornado,1545899,(untitled Card),1996857,fbecf4ca-fd52-46b1-981f-934d3aa6409d,Card,v1,sourceInfo,25,,LHMP_IA,LHMP_IA [test-meta-forms],internal,1441680,1441681,mitigat-ny-prod+test-meta-forms,,(not set),TRUE,Smart (fetch on change),TRUE,No,source LHMP_IA is not in the in-scope source list,(deferred),"None for now - deferred from the fetch-mode sweep because source LHMP_IA is not in the in-scope source list. Every component set to Force (always re-fetch) re-queries on every mount, so the sweep is deliberately limited. It keeps behaving as Smart (fetch on change).",Deferred - out of narrowed scope,Deferred,,,
T6-C993,T6-001,1300890,https://county_template.devmny.org/the_risk/natural_hazards/tornado,the_risk/natural_hazards/tornado,1545899,(untitled Spreadsheet),1545864,640f61a5-08a0-40e4-8324-d4d065bd6e03,Spreadsheet,v1,sourceInfo,26,,AVAIL - Fusion Events V2,AVAIL - Fusion Events V2 [external],external,870,1648,hazmit_dama,,(not set),TRUE,Smart (fetch on change),TRUE,No,source AVAIL - Fusion Events V2 is not in the in-scope source list,(deferred),"None for now - deferred from the fetch-mode sweep because source AVAIL - Fusion Events V2 is not in the in-scope source list. Every component set to Force (always re-fetch) re-queries on every mount, so the sweep is deliberately limited. It keeps behaving as Smart (fetch on change).",Deferred - out of narrowed scope,Deferred,,,
T6-C994,T6-001,1300890,https://county_template.devmny.org/the_risk/natural_hazards/tornado,the_risk/natural_hazards/tornado,1545899,Other Hazard Events,1545866,51278763-8812-46ca-a31c-26b96abcde67,Card,v1,sourceInfo,29,,LHMP_IA,LHMP_IA [test-meta-forms],internal,1441680,1441681,mitigat-ny-prod+test-meta-forms,,(not set),TRUE,Smart (fetch on change),TRUE,No,source LHMP_IA is not in the in-scope source list,(deferred),"None for now - deferred from the fetch-mode sweep because source LHMP_IA is not in the in-scope source list. Every component set to Force (always re-fetch) re-queries on every mount, so the sweep is deliberately limited. It keeps behaving as Smart (fetch on change).",Deferred - out of narrowed scope,Deferred,,,
T6-C390,T6-001,1300890,https://county_template.devmny.org/the_risk/natural_hazards/tornado,the_risk/natural_hazards/tornado,1545899,(untitled Card),1545867,f5392893-fc72-4005-b595-c9d92a1c5561,Card,v2,externalSource,30,,LHMP_IA,LHMP_IA [test-meta-forms],internal,1441680,1441681,mitigat-ny-prod+test-meta-forms,,(not set),TRUE,Smart (fetch on change),TRUE,No,source LHMP_IA is not in the in-scope source list,(deferred),"None for now - deferred from the fetch-mode sweep because source LHMP_IA is not in the in-scope source list. Every component set to Force (always re-fetch) re-queries on every mount, so the sweep is deliberately limited. It keeps behaving as Smart (fetch on change).",Deferred - out of narrowed scope,Deferred,,,
T6-C391,T6-001,1300890,https://county_template.devmny.org/the_risk/natural_hazards/tornado,the_risk/natural_hazards/tornado,1545899,(untitled Spreadsheet),1545868,f9007ce9-6ec1-4dc6-9341-61606e78e8bf,Spreadsheet,v2,externalSource,31,,AVAIL - Fusion Events V2,AVAIL - Fusion Events V2 [external],external,870,2401,hazmit_dama,,(not set),TRUE,Smart (fetch on change),TRUE,No,source AVAIL - Fusion Events V2 is not in the in-scope source list,(deferred),"None for now - deferred from the fetch-mode sweep because source AVAIL - Fusion Events V2 is not in the in-scope source list. Every component set to Force (always re-fetch) re-queries on every mount, so the sweep is deliberately limited. It keeps behaving as Smart (fetch on change).",Deferred - out of narrowed scope,Deferred,,,
T6-C392,T6-001,1300890,https://county_template.devmny.org/the_risk/natural_hazards/tornado,the_risk/natural_hazards/tornado,1545899,(untitled Card),1545872,cd53270c-448a-415d-9ac7-82da4e3b41b0,Card,v2,externalSource,37,TRUE,LHMP_IA,LHMP_IA [test_meta_forms],internal,1441680,1441681,mitigat-ny-prod+test_meta_forms,,(not set),TRUE,Smart (fetch on change),TRUE,No,source LHMP_IA is not in the in-scope source list,(deferred),"None for now - deferred from the fetch-mode sweep because source LHMP_IA is not in the in-scope source list. Every component set to Force (always re-fetch) re-queries on every mount, so the sweep is deliberately limited. It keeps behaving as Smart (fetch on change).",Deferred - out of narrowed scope,Deferred,,,"Hidden from view (data.hideInView), so it never renders and the setting has no runtime effect today - set it anyway for template consistency, or defer. Owner decision."
T6-C995,T6-001,1300890,https://county_template.devmny.org/the_risk/natural_hazards/tornado,the_risk/natural_hazards/tornado,1545899,Modeled Risk,1545875,0700164d-e79b-487d-bcfb-30485def30ca,Card,v1,sourceInfo,41,,LHMP_IA,LHMP_IA [test-meta-forms],internal,1441680,1441681,mitigat-ny-prod+test-meta-forms,,(not set),TRUE,Smart (fetch on change),TRUE,No,source LHMP_IA is not in the in-scope source list,(deferred),"None for now - deferred from the fetch-mode sweep because source LHMP_IA is not in the in-scope source list. Every component set to Force (always re-fetch) re-queries on every mount, so the sweep is deliberately limited. It keeps behaving as Smart (fetch on change).",Deferred - out of narrowed scope,Deferred,,,
T6-C996,T6-001,1300890,https://county_template.devmny.org/the_risk/natural_hazards/tornado,the_risk/natural_hazards/tornado,1545899,(untitled Card),1545876,b11239ee-eec3-4e89-ad22-7ecb42c7726b,Card,v1,sourceInfo,42,,NRI Counties - Hazard Normalized,NRI Counties - Hazard Normalized [external],external,1508,1982,hazmit_dama,,(not set),TRUE,Smart (fetch on change),TRUE,No,source NRI Counties - Hazard Normalized is not in the in-scope source list,(deferred),"None for now - deferred from the fetch-mode sweep because source NRI Counties - Hazard Normalized is not in the in-scope source list. Every component set to Force (always re-fetch) re-queries on every mount, so the sweep is deliberately limited. It keeps behaving as Smart (fetch on change).",Deferred - out of narrowed scope,Deferred,,,
T6-C997,T6-001,1300890,https://county_template.devmny.org/the_risk/natural_hazards/tornado,the_risk/natural_hazards/tornado,1545899,Built Environment,1545878,61d0ccfa-80c7-4060-ba76-68955e498e29,Card,v1,sourceInfo,44,,LHMP_IA,LHMP_IA [test-meta-forms],internal,1441680,1441681,mitigat-ny-prod+test-meta-forms,,(not set),TRUE,Smart (fetch on change),TRUE,No,source LHMP_IA is not in the in-scope source list,(deferred),"None for now - deferred from the fetch-mode sweep because source LHMP_IA is not in the in-scope source list. Every component set to Force (always re-fetch) re-queries on every mount, so the sweep is deliberately limited. It keeps behaving as Smart (fetch on change).",Deferred - out of narrowed scope,Deferred,,,
T6-C998,T6-001,1300890,https://county_template.devmny.org/the_risk/natural_hazards/tornado,the_risk/natural_hazards/tornado,1545899,People and Communities,1545880,3a0a2294-233d-4fe2-b55c-e3b9b3daa12c,Card,v1,sourceInfo,47,,LHMP_IA,LHMP_IA [test-meta-forms],internal,1441680,1441681,mitigat-ny-prod+test-meta-forms,,(not set),TRUE,Smart (fetch on change),TRUE,No,source LHMP_IA is not in the in-scope source list,(deferred),"None for now - deferred from the fetch-mode sweep because source LHMP_IA is not in the in-scope source list. Every component set to Force (always re-fetch) re-queries on every mount, so the sweep is deliberately limited. It keeps behaving as Smart (fetch on change).",Deferred - out of narrowed scope,Deferred,,,
T6-C999,T6-001,1300890,https://county_template.devmny.org/the_risk/natural_hazards/tornado,the_risk/natural_hazards/tornado,1545899,Natural Environment,1545882,ea09c597-9874-4421-9e43-66d97fb97913,Card,v1,sourceInfo,50,,LHMP_IA,LHMP_IA [test-meta-forms],internal,1441680,1441681,mitigat-ny-prod+test-meta-forms,,(not set),TRUE,Smart (fetch on change),TRUE,No,source LHMP_IA is not in the in-scope source list,(deferred),"None for now - deferred from the fetch-mode sweep because source LHMP_IA is not in the in-scope source list. Every component set to Force (always re-fetch) re-queries on every mount, so the sweep is deliberately limited. It keeps behaving as Smart (fetch on change).",Deferred - out of narrowed scope,Deferred,,,
T6-C1000,T6-001,1300890,https://county_template.devmny.org/the_risk/natural_hazards/tornado,the_risk/natural_hazards/tornado,1545899,Strategies,1545885,0700164d-e79b-487d-bcfb-30485def30ca,Card,v1,sourceInfo,53,,LHMP_IA,LHMP_IA [test-meta-forms],internal,1441680,1441681,mitigat-ny-prod+test-meta-forms,,(not set),TRUE,Smart (fetch on change),TRUE,No,source LHMP_IA is not in the in-scope source list,(deferred),"None for now - deferred from the fetch-mode sweep because source LHMP_IA is not in the in-scope source list. Every component set to Force (always re-fetch) re-queries on every mount, so the sweep is deliberately limited. It keeps behaving as Smart (fetch on change).",Deferred - out of narrowed scope,Deferred,,,
T6-C1001,T6-001,1300890,https://county_template.devmny.org/the_risk/natural_hazards/tornado,the_risk/natural_hazards/tornado,1545899,Measures Inventory,1545886,c8e666a4-8eb8-4e50-9d74-9cd2ec69c505,Spreadsheet,v2,externalSource,54,,Mitigation_Measures,Mitigation_Measures [test_meta_forms],internal,1068274,1155800,mitigat-ny-prod+test_meta_forms,,(not set),TRUE,Smart (fetch on change),TRUE,No,source Mitigation_Measures is not in the in-scope source list,(deferred),"None for now - deferred from the fetch-mode sweep because source Mitigation_Measures is not in the in-scope source list. Every component set to Force (always re-fetch) re-queries on every mount, so the sweep is deliberately limited. It keeps behaving as Smart (fetch on change).",Deferred - out of narrowed scope,Deferred,,,
T6-C1002,T6-001,1300890,https://county_template.devmny.org/the_risk/natural_hazards/tornado,the_risk/natural_hazards/tornado,1545899,Capabilities,1545887,0700164d-e79b-487d-bcfb-30485def30ca,Card,v1,sourceInfo,55,,LHMP_IA,LHMP_IA [test-meta-forms],internal,1441680,1441681,mitigat-ny-prod+test-meta-forms,,(not set),TRUE,Smart (fetch on change),TRUE,No,source LHMP_IA is not in the in-scope source list,(deferred),"None for now - deferred from the fetch-mode sweep because source LHMP_IA is not in the in-scope source list. Every component set to Force (always re-fetch) re-queries on every mount, so the sweep is deliberately limited. It keeps behaving as Smart (fetch on change).",Deferred - out of narrowed scope,Deferred,,,
T6-C394,T6-001,1300890,https://county_template.devmny.org/the_risk/natural_hazards/tornado,the_risk/natural_hazards/tornado,1545899,(untitled Card),1545889,7b47cfb4-dbfd-4990-9a62-6003956bc2e2,Card,v2,externalSource,58,TRUE,LHMP_IA,LHMP_IA [test_meta_forms],internal,1441680,1441681,mitigat-ny-prod+test_meta_forms,,(not set),TRUE,Smart (fetch on change),TRUE,No,source LHMP_IA is not in the in-scope source list,(deferred),"None for now - deferred from the fetch-mode sweep because source LHMP_IA is not in the in-scope source list. Every component set to Force (always re-fetch) re-queries on every mount, so the sweep is deliberately limited. It keeps behaving as Smart (fetch on change).",Deferred - out of narrowed scope,Deferred,,,"Hidden from view (data.hideInView), so it never renders and the setting has no runtime effect today - set it anyway for template consistency, or defer. Owner decision."
T6-C1003,T6-001,1300890,https://county_template.devmny.org/the_risk/natural_hazards/tornado,the_risk/natural_hazards/tornado,1545899,Actions,1545891,0700164d-e79b-487d-bcfb-30485def30ca,Card,v1,sourceInfo,60,,LHMP_IA,LHMP_IA [test-meta-forms],internal,1441680,1441681,mitigat-ny-prod+test-meta-forms,,(not set),TRUE,Smart (fetch on change),TRUE,No,source LHMP_IA is not in the in-scope source list,(deferred),"None for now - deferred from the fetch-mode sweep because source LHMP_IA is not in the in-scope source list. Every component set to Force (always re-fetch) re-queries on every mount, so the sweep is deliberately limited. It keeps behaving as Smart (fetch on change).",Deferred - out of narrowed scope,Deferred,,,
T6-C398,T6-001,1300890,https://county_template.devmny.org/the_risk/natural_hazards/tornado,the_risk/natural_hazards/tornado,1545899,(untitled Card),1545895,eaea3217-67c6-401c-aaf3-392b9173b5c7,Card,v2,externalSource,65,TRUE,LHMP_IA,LHMP_IA [test_meta_forms],internal,1441680,1441681,mitigat-ny-prod+test_meta_forms,,(not set),TRUE,Smart (fetch on change),TRUE,No,source LHMP_IA is not in the in-scope source list,(deferred),"None for now - deferred from the fetch-mode sweep because source LHMP_IA is not in the in-scope source list. Every component set to Force (always re-fetch) re-queries on every mount, so the sweep is deliberately limited. It keeps behaving as Smart (fetch on change).",Deferred - out of narrowed scope,Deferred,,,"Hidden from view (data.hideInView), so it never renders and the setting has no runtime effect today - set it anyway for template consistency, or defer. Owner decision."
T6-C399,T6-001,1300890,https://county_template.devmny.org/the_risk/natural_hazards/wildfire,the_risk/natural_hazards/wildfire,1546087,(untitled Card),1546027,e501e808-6217-486e-bd86-1ce7f435aa14,Card,v2,externalSource,1,,AVAIL - Fusion Events V2,AVAIL - Fusion Events V2 [external],external,870,1648,hazmit_dama,,(not set),TRUE,Smart (fetch on change),TRUE,No,source AVAIL - Fusion Events V2 is not in the in-scope source list,(deferred),"None for now - deferred from the fetch-mode sweep because source AVAIL - Fusion Events V2 is not in the in-scope source list. Every component set to Force (always re-fetch) re-queries on every mount, so the sweep is deliberately limited. It keeps behaving as Smart (fetch on change).",Deferred - out of narrowed scope,Deferred,,,
T6-C401,T6-001,1300890,https://county_template.devmny.org/the_risk/natural_hazards/wildfire,the_risk/natural_hazards/wildfire,1546087,(untitled Card),1546028,b5e7c5ed-0c3f-48ba-8102-b35508c6fa2f,Card,v2,externalSource,3,,NRI Counties - Hazard Normalized,NRI Counties - Hazard Normalized [external],external,1508,1982,hazmit_dama,,(not set),TRUE,Smart (fetch on change),TRUE,No,source NRI Counties - Hazard Normalized is not in the in-scope source list,(deferred),"None for now - deferred from the fetch-mode sweep because source NRI Counties - Hazard Normalized is not in the in-scope source list. Every component set to Force (always re-fetch) re-queries on every mount, so the sweep is deliberately limited. It keeps behaving as Smart (fetch on change).",Deferred - out of narrowed scope,Deferred,,,
T6-C402,T6-001,1300890,https://county_template.devmny.org/the_risk/natural_hazards/wildfire,the_risk/natural_hazards/wildfire,1546087,(untitled Card),1546029,5f88f7a5-19bf-4b85-b039-de50c4f2fb8a,Card,v2,externalSource,4,,AVAIL - Fusion Events V2,AVAIL - Fusion Events V2 [external],external,870,1648,hazmit_dama,,(not set),TRUE,Smart (fetch on change),TRUE,No,source AVAIL - Fusion Events V2 is not in the in-scope source list,(deferred),"None for now - deferred from the fetch-mode sweep because source AVAIL - Fusion Events V2 is not in the in-scope source list. Every component set to Force (always re-fetch) re-queries on every mount, so the sweep is deliberately limited. It keeps behaving as Smart (fetch on change).",Deferred - out of narrowed scope,Deferred,,,
T6-C1004,T6-001,1300890,https://county_template.devmny.org/the_risk/natural_hazards/wildfire,the_risk/natural_hazards/wildfire,1546087,Overview,1546026,b50f6b90-a250-43a9-a963-648dc7bac6aa,Card,v2,externalSource,5,,LHMP_IA,LHMP_IA [test-meta-forms],internal,1441680,1441681,mitigat-ny-prod+test-meta-forms,,(not set),TRUE,Smart (fetch on change),TRUE,No,source LHMP_IA is not in the in-scope source list,(deferred),"None for now - deferred from the fetch-mode sweep because source LHMP_IA is not in the in-scope source list. Every component set to Force (always re-fetch) re-queries on every mount, so the sweep is deliberately limited. It keeps behaving as Smart (fetch on change).",Deferred - out of narrowed scope,Deferred,,,
T6-C403,T6-001,1300890,https://county_template.devmny.org/the_risk/natural_hazards/wildfire,the_risk/natural_hazards/wildfire,1546087,(untitled Card),1546031,edcd023e-c7de-41db-b683-9d4c9297599c,Card,v2,externalSource,7,,LHMP_IA,LHMP_IA [test-meta-forms],internal,1441680,1441681,mitigat-ny-prod+test-meta-forms,,(not set),TRUE,Smart (fetch on change),TRUE,No,source LHMP_IA is not in the in-scope source list,(deferred),"None for now - deferred from the fetch-mode sweep because source LHMP_IA is not in the in-scope source list. Every component set to Force (always re-fetch) re-queries on every mount, so the sweep is deliberately limited. It keeps behaving as Smart (fetch on change).",Deferred - out of narrowed scope,Deferred,,,
T6-C1005,T6-001,1300890,https://county_template.devmny.org/the_risk/natural_hazards/wildfire,the_risk/natural_hazards/wildfire,1546087,General Vulnerability,1546033,b50f6b90-a250-43a9-a963-648dc7bac6aa,Card,v1,sourceInfo,10,,LHMP_IA,LHMP_IA [test-meta-forms],internal,1441680,1441681,mitigat-ny-prod+test-meta-forms,,(not set),TRUE,Smart (fetch on change),TRUE,No,source LHMP_IA is not in the in-scope source list,(deferred),"None for now - deferred from the fetch-mode sweep because source LHMP_IA is not in the in-scope source list. Every component set to Force (always re-fetch) re-queries on every mount, so the sweep is deliberately limited. It keeps behaving as Smart (fetch on change).",Deferred - out of narrowed scope,Deferred,,,
T6-C1006,T6-001,1300890,https://county_template.devmny.org/the_risk/natural_hazards/wildfire,the_risk/natural_hazards/wildfire,1546087,(untitled Card),1546034,ed79611a-6b84-44d7-a646-b86d020b3e05,Card,v1,sourceInfo,11,,LHMP_IA,LHMP_IA [test-meta-forms],internal,1441680,1441681,mitigat-ny-prod+test-meta-forms,,(not set),TRUE,Smart (fetch on change),TRUE,No,source LHMP_IA is not in the in-scope source list,(deferred),"None for now - deferred from the fetch-mode sweep because source LHMP_IA is not in the in-scope source list. Every component set to Force (always re-fetch) re-queries on every mount, so the sweep is deliberately limited. It keeps behaving as Smart (fetch on change).",Deferred - out of narrowed scope,Deferred,,,
T6-C1007,T6-001,1300890,https://county_template.devmny.org/the_risk/natural_hazards/wildfire,the_risk/natural_hazards/wildfire,1546087,Potential Impacts,1546035,51278763-8812-46ca-a31c-26b96abcde67,Card,v1,sourceInfo,12,,LHMP_IA,LHMP_IA [test-meta-forms],internal,1441680,1441681,mitigat-ny-prod+test-meta-forms,,(not set),TRUE,Smart (fetch on change),TRUE,No,source LHMP_IA is not in the in-scope source list,(deferred),"None for now - deferred from the fetch-mode sweep because source LHMP_IA is not in the in-scope source list. Every component set to Force (always re-fetch) re-queries on every mount, so the sweep is deliberately limited. It keeps behaving as Smart (fetch on change).",Deferred - out of narrowed scope,Deferred,,,
T6-C1008,T6-001,1300890,https://county_template.devmny.org/the_risk/natural_hazards/wildfire,the_risk/natural_hazards/wildfire,1546087,(untitled Spreadsheet),1546036,6d5acff2-3136-4acc-ac54-60e1501b8e5e,Spreadsheet,v1,sourceInfo,13,,R_and_V_Matrix,R_and_V_Matrix [prod],internal,1068982,1160864,mitigat-ny-prod+prod,,(not set),TRUE,Smart (fetch on change),TRUE,No,source R_and_V_Matrix is not in the in-scope source list,(deferred),"None for now - deferred from the fetch-mode sweep because source R_and_V_Matrix is not in the in-scope source list. Every component set to Force (always re-fetch) re-queries on every mount, so the sweep is deliberately limited. It keeps behaving as Smart (fetch on change).",Deferred - out of narrowed scope,Deferred,,,
T6-C1009,T6-001,1300890,https://county_template.devmny.org/the_risk/natural_hazards/wildfire,the_risk/natural_hazards/wildfire,1546087,Historic Occurrences,1546037,0700164d-e79b-487d-bcfb-30485def30ca,Card,v1,sourceInfo,14,,LHMP_IA,LHMP_IA [test-meta-forms],internal,1441680,1441681,mitigat-ny-prod+test-meta-forms,,(not set),TRUE,Smart (fetch on change),TRUE,No,source LHMP_IA is not in the in-scope source list,(deferred),"None for now - deferred from the fetch-mode sweep because source LHMP_IA is not in the in-scope source list. Every component set to Force (always re-fetch) re-queries on every mount, so the sweep is deliberately limited. It keeps behaving as Smart (fetch on change).",Deferred - out of narrowed scope,Deferred,,,
T6-C404,T6-001,1300890,https://county_template.devmny.org/the_risk/natural_hazards/wildfire,the_risk/natural_hazards/wildfire,1546087,(untitled Card),1546038,7cfa4cbb-ad41-49d0-b4a1-34e9a2011d45,Card,v2,externalSource,15,,LHMP_IA,LHMP_IA [test-meta-forms],internal,1441680,1441681,mitigat-ny-prod+test-meta-forms,,(not set),TRUE,Smart (fetch on change),TRUE,No,source LHMP_IA is not in the in-scope source list,(deferred),"None for now - deferred from the fetch-mode sweep because source LHMP_IA is not in the in-scope source list. Every component set to Force (always re-fetch) re-queries on every mount, so the sweep is deliberately limited. It keeps behaving as Smart (fetch on change).",Deferred - out of narrowed scope,Deferred,,,
T6-C1010,T6-001,1300890,https://county_template.devmny.org/the_risk/natural_hazards/wildfire,the_risk/natural_hazards/wildfire,1546087,Total Events and Losses in $: Declared Disasters and Non-Declared Events,1546039,c5c78f29-4ec3-478e-bad2-2388e8a1f53d,Card,v1,sourceInfo,16,,LHMP_IA,LHMP_IA [test-meta-forms],internal,1441680,1441681,mitigat-ny-prod+test-meta-forms,,(not set),TRUE,Smart (fetch on change),TRUE,No,source LHMP_IA is not in the in-scope source list,(deferred),"None for now - deferred from the fetch-mode sweep because source LHMP_IA is not in the in-scope source list. Every component set to Force (always re-fetch) re-queries on every mount, so the sweep is deliberately limited. It keeps behaving as Smart (fetch on change).",Deferred - out of narrowed scope,Deferred,,,
T6-C1011,T6-001,1300890,https://county_template.devmny.org/the_risk/natural_hazards/wildfire,the_risk/natural_hazards/wildfire,1546087,(untitled Graph),1546040,5d798134-5ead-487a-82c7-61552c16f0bd,Graph,v1,sourceInfo,17,,AVAIL - Fusion Events V2,AVAIL - Fusion Events V2 [external],external,870,1648,hazmit_dama,,(not set),TRUE,Smart (fetch on change),TRUE,No,source AVAIL - Fusion Events V2 is not in the in-scope source list,(deferred),"None for now - deferred from the fetch-mode sweep because source AVAIL - Fusion Events V2 is not in the in-scope source list. Every component set to Force (always re-fetch) re-queries on every mount, so the sweep is deliberately limited. It keeps behaving as Smart (fetch on change).",Deferred - out of narrowed scope,Deferred,,,
T6-C405,T6-001,1300890,https://county_template.devmny.org/the_risk/natural_hazards/wildfire,the_risk/natural_hazards/wildfire,1546087,(untitled Card),1546041,e0bd653d-ee80-4f64-9d0c-01f158f2d0b4,Card,v2,externalSource,18,,AVAIL - Fusion Events V2,AVAIL - Fusion Events V2 [external],external,870,2401,hazmit_dama,,(not set),TRUE,Smart (fetch on change),TRUE,No,source AVAIL - Fusion Events V2 is not in the in-scope source list,(deferred),"None for now - deferred from the fetch-mode sweep because source AVAIL - Fusion Events V2 is not in the in-scope source list. Every component set to Force (always re-fetch) re-queries on every mount, so the sweep is deliberately limited. It keeps behaving as Smart (fetch on change).",Deferred - out of narrowed scope,Deferred,,,
T6-C1012,T6-001,1300890,https://county_template.devmny.org/the_risk/natural_hazards/wildfire,the_risk/natural_hazards/wildfire,1546087,Total Losses in $ by Year,1546045,d091c90d-202e-46e5-becb-1ef6c9fafb7f,Card,v1,sourceInfo,20,,LHMP_IA,LHMP_IA [test-meta-forms],internal,1441680,1441681,mitigat-ny-prod+test-meta-forms,,(not set),TRUE,Smart (fetch on change),TRUE,No,source LHMP_IA is not in the in-scope source list,(deferred),"None for now - deferred from the fetch-mode sweep because source LHMP_IA is not in the in-scope source list. Every component set to Force (always re-fetch) re-queries on every mount, so the sweep is deliberately limited. It keeps behaving as Smart (fetch on change).",Deferred - out of narrowed scope,Deferred,,,
T6-C406,T6-001,1300890,https://county_template.devmny.org/the_risk/natural_hazards/wildfire,the_risk/natural_hazards/wildfire,1546087,(untitled Graph),1546046,d757d20c-1538-4be1-8fea-0dd5e6417931,Graph,v2,externalSource,21,,AVAIL - Fusion Events V2,AVAIL - Fusion Events V2 [external],external,870,2401,hazmit_dama,,(not set),TRUE,Smart (fetch on change),TRUE,No,source AVAIL - Fusion Events V2 is not in the in-scope source list,(deferred),"None for now - deferred from the fetch-mode sweep because source AVAIL - Fusion Events V2 is not in the in-scope source list. Every component set to Force (always re-fetch) re-queries on every mount, so the sweep is deliberately limited. It keeps behaving as Smart (fetch on change).",Deferred - out of narrowed scope,Deferred,,,
T6-C1013,T6-001,1300890,https://county_template.devmny.org/the_risk/natural_hazards/wildfire,the_risk/natural_hazards/wildfire,1546087,Total Losses in $ by Month,1546048,a40dbab4-6a2b-4c92-adab-ffaa966382c6,Card,v1,sourceInfo,22,,LHMP_IA,LHMP_IA [test-meta-forms],internal,1441680,1441681,mitigat-ny-prod+test-meta-forms,,(not set),TRUE,Smart (fetch on change),TRUE,No,source LHMP_IA is not in the in-scope source list,(deferred),"None for now - deferred from the fetch-mode sweep because source LHMP_IA is not in the in-scope source list. Every component set to Force (always re-fetch) re-queries on every mount, so the sweep is deliberately limited. It keeps behaving as Smart (fetch on change).",Deferred - out of narrowed scope,Deferred,,,
T6-C407,T6-001,1300890,https://county_template.devmny.org/the_risk/natural_hazards/wildfire,the_risk/natural_hazards/wildfire,1546087,(untitled Graph),1546049,ac560771-e09b-486b-adeb-d7d21dcc8894,Graph,v2,externalSource,23,,AVAIL - Fusion Events V2,AVAIL - Fusion Events V2 [external],external,870,2401,hazmit_dama,,(not set),TRUE,Smart (fetch on change),TRUE,No,source AVAIL - Fusion Events V2 is not in the in-scope source list,(deferred),"None for now - deferred from the fetch-mode sweep because source AVAIL - Fusion Events V2 is not in the in-scope source list. Every component set to Force (always re-fetch) re-queries on every mount, so the sweep is deliberately limited. It keeps behaving as Smart (fetch on change).",Deferred - out of narrowed scope,Deferred,,,
T6-C1014,T6-001,1300890,https://county_template.devmny.org/the_risk/natural_hazards/wildfire,the_risk/natural_hazards/wildfire,1546087,Presidential Disaster Declarations,1546050,51278763-8812-46ca-a31c-26b96abcde67,Card,v1,sourceInfo,24,,LHMP_IA,LHMP_IA [test-meta-forms],internal,1441680,1441681,mitigat-ny-prod+test-meta-forms,,(not set),TRUE,Smart (fetch on change),TRUE,No,source LHMP_IA is not in the in-scope source list,(deferred),"None for now - deferred from the fetch-mode sweep because source LHMP_IA is not in the in-scope source list. Every component set to Force (always re-fetch) re-queries on every mount, so the sweep is deliberately limited. It keeps behaving as Smart (fetch on change).",Deferred - out of narrowed scope,Deferred,,,
T6-C1015,T6-001,1300890,https://county_template.devmny.org/the_risk/natural_hazards/wildfire,the_risk/natural_hazards/wildfire,1546087,(untitled Card),1996936,44fe5d18-7165-4d27-8fb4-033f70c0af78,Card,v1,sourceInfo,25,,LHMP_IA,LHMP_IA [test-meta-forms],internal,1441680,1441681,mitigat-ny-prod+test-meta-forms,,(not set),TRUE,Smart (fetch on change),TRUE,No,source LHMP_IA is not in the in-scope source list,(deferred),"None for now - deferred from the fetch-mode sweep because source LHMP_IA is not in the in-scope source list. Every component set to Force (always re-fetch) re-queries on every mount, so the sweep is deliberately limited. It keeps behaving as Smart (fetch on change).",Deferred - out of narrowed scope,Deferred,,,
T6-C1016,T6-001,1300890,https://county_template.devmny.org/the_risk/natural_hazards/wildfire,the_risk/natural_hazards/wildfire,1546087,(untitled Spreadsheet),1546052,640f61a5-08a0-40e4-8324-d4d065bd6e03,Spreadsheet,v1,sourceInfo,26,,AVAIL - Fusion Events V2,AVAIL - Fusion Events V2 [external],external,870,1648,hazmit_dama,,(not set),TRUE,Smart (fetch on change),TRUE,No,source AVAIL - Fusion Events V2 is not in the in-scope source list,(deferred),"None for now - deferred from the fetch-mode sweep because source AVAIL - Fusion Events V2 is not in the in-scope source list. Every component set to Force (always re-fetch) re-queries on every mount, so the sweep is deliberately limited. It keeps behaving as Smart (fetch on change).",Deferred - out of narrowed scope,Deferred,,,
T6-C1017,T6-001,1300890,https://county_template.devmny.org/the_risk/natural_hazards/wildfire,the_risk/natural_hazards/wildfire,1546087,Other Hazard Events,1546054,51278763-8812-46ca-a31c-26b96abcde67,Card,v1,sourceInfo,29,,LHMP_IA,LHMP_IA [test-meta-forms],internal,1441680,1441681,mitigat-ny-prod+test-meta-forms,,(not set),TRUE,Smart (fetch on change),TRUE,No,source LHMP_IA is not in the in-scope source list,(deferred),"None for now - deferred from the fetch-mode sweep because source LHMP_IA is not in the in-scope source list. Every component set to Force (always re-fetch) re-queries on every mount, so the sweep is deliberately limited. It keeps behaving as Smart (fetch on change).",Deferred - out of narrowed scope,Deferred,,,
T6-C408,T6-001,1300890,https://county_template.devmny.org/the_risk/natural_hazards/wildfire,the_risk/natural_hazards/wildfire,1546087,(untitled Card),1546055,f5392893-fc72-4005-b595-c9d92a1c5561,Card,v2,externalSource,30,,LHMP_IA,LHMP_IA [test-meta-forms],internal,1441680,1441681,mitigat-ny-prod+test-meta-forms,,(not set),TRUE,Smart (fetch on change),TRUE,No,source LHMP_IA is not in the in-scope source list,(deferred),"None for now - deferred from the fetch-mode sweep because source LHMP_IA is not in the in-scope source list. Every component set to Force (always re-fetch) re-queries on every mount, so the sweep is deliberately limited. It keeps behaving as Smart (fetch on change).",Deferred - out of narrowed scope,Deferred,,,
T6-C409,T6-001,1300890,https://county_template.devmny.org/the_risk/natural_hazards/wildfire,the_risk/natural_hazards/wildfire,1546087,(untitled Spreadsheet),1546056,f9007ce9-6ec1-4dc6-9341-61606e78e8bf,Spreadsheet,v2,externalSource,31,,AVAIL - Fusion Events V2,AVAIL - Fusion Events V2 [external],external,870,2401,hazmit_dama,,(not set),TRUE,Smart (fetch on change),TRUE,No,source AVAIL - Fusion Events V2 is not in the in-scope source list,(deferred),"None for now - deferred from the fetch-mode sweep because source AVAIL - Fusion Events V2 is not in the in-scope source list. Every component set to Force (always re-fetch) re-queries on every mount, so the sweep is deliberately limited. It keeps behaving as Smart (fetch on change).",Deferred - out of narrowed scope,Deferred,,,
T6-C410,T6-001,1300890,https://county_template.devmny.org/the_risk/natural_hazards/wildfire,the_risk/natural_hazards/wildfire,1546087,(untitled Card),1546060,cd53270c-448a-415d-9ac7-82da4e3b41b0,Card,v2,externalSource,37,TRUE,LHMP_IA,LHMP_IA [test_meta_forms],internal,1441680,1441681,mitigat-ny-prod+test_meta_forms,,(not set),TRUE,Smart (fetch on change),TRUE,No,source LHMP_IA is not in the in-scope source list,(deferred),"None for now - deferred from the fetch-mode sweep because source LHMP_IA is not in the in-scope source list. Every component set to Force (always re-fetch) re-queries on every mount, so the sweep is deliberately limited. It keeps behaving as Smart (fetch on change).",Deferred - out of narrowed scope,Deferred,,,"Hidden from view (data.hideInView), so it never renders and the setting has no runtime effect today - set it anyway for template consistency, or defer. Owner decision."
T6-C1018,T6-001,1300890,https://county_template.devmny.org/the_risk/natural_hazards/wildfire,the_risk/natural_hazards/wildfire,1546087,Modeled Risk,1546063,0700164d-e79b-487d-bcfb-30485def30ca,Card,v1,sourceInfo,41,,LHMP_IA,LHMP_IA [test-meta-forms],internal,1441680,1441681,mitigat-ny-prod+test-meta-forms,,(not set),TRUE,Smart (fetch on change),TRUE,No,source LHMP_IA is not in the in-scope source list,(deferred),"None for now - deferred from the fetch-mode sweep because source LHMP_IA is not in the in-scope source list. Every component set to Force (always re-fetch) re-queries on every mount, so the sweep is deliberately limited. It keeps behaving as Smart (fetch on change).",Deferred - out of narrowed scope,Deferred,,,
T6-C1019,T6-001,1300890,https://county_template.devmny.org/the_risk/natural_hazards/wildfire,the_risk/natural_hazards/wildfire,1546087,(untitled Card),1546064,b11239ee-eec3-4e89-ad22-7ecb42c7726b,Card,v1,sourceInfo,42,,NRI Counties - Hazard Normalized,NRI Counties - Hazard Normalized [external],external,1508,1982,hazmit_dama,,(not set),TRUE,Smart (fetch on change),TRUE,No,source NRI Counties - Hazard Normalized is not in the in-scope source list,(deferred),"None for now - deferred from the fetch-mode sweep because source NRI Counties - Hazard Normalized is not in the in-scope source list. Every component set to Force (always re-fetch) re-queries on every mount, so the sweep is deliberately limited. It keeps behaving as Smart (fetch on change).",Deferred - out of narrowed scope,Deferred,,,
T6-C1020,T6-001,1300890,https://county_template.devmny.org/the_risk/natural_hazards/wildfire,the_risk/natural_hazards/wildfire,1546087,Built Environment,1546066,61d0ccfa-80c7-4060-ba76-68955e498e29,Card,v1,sourceInfo,44,,LHMP_IA,LHMP_IA [test-meta-forms],internal,1441680,1441681,mitigat-ny-prod+test-meta-forms,,(not set),TRUE,Smart (fetch on change),TRUE,No,source LHMP_IA is not in the in-scope source list,(deferred),"None for now - deferred from the fetch-mode sweep because source LHMP_IA is not in the in-scope source list. Every component set to Force (always re-fetch) re-queries on every mount, so the sweep is deliberately limited. It keeps behaving as Smart (fetch on change).",Deferred - out of narrowed scope,Deferred,,,
T6-C1021,T6-001,1300890,https://county_template.devmny.org/the_risk/natural_hazards/wildfire,the_risk/natural_hazards/wildfire,1546087,People and Communities,1546068,3a0a2294-233d-4fe2-b55c-e3b9b3daa12c,Card,v1,sourceInfo,47,,LHMP_IA,LHMP_IA [test-meta-forms],internal,1441680,1441681,mitigat-ny-prod+test-meta-forms,,(not set),TRUE,Smart (fetch on change),TRUE,No,source LHMP_IA is not in the in-scope source list,(deferred),"None for now - deferred from the fetch-mode sweep because source LHMP_IA is not in the in-scope source list. Every component set to Force (always re-fetch) re-queries on every mount, so the sweep is deliberately limited. It keeps behaving as Smart (fetch on change).",Deferred - out of narrowed scope,Deferred,,,
T6-C1022,T6-001,1300890,https://county_template.devmny.org/the_risk/natural_hazards/wildfire,the_risk/natural_hazards/wildfire,1546087,Natural Environment,1546070,ea09c597-9874-4421-9e43-66d97fb97913,Card,v1,sourceInfo,50,,LHMP_IA,LHMP_IA [test-meta-forms],internal,1441680,1441681,mitigat-ny-prod+test-meta-forms,,(not set),TRUE,Smart (fetch on change),TRUE,No,source LHMP_IA is not in the in-scope source list,(deferred),"None for now - deferred from the fetch-mode sweep because source LHMP_IA is not in the in-scope source list. Every component set to Force (always re-fetch) re-queries on every mount, so the sweep is deliberately limited. It keeps behaving as Smart (fetch on change).",Deferred - out of narrowed scope,Deferred,,,
T6-C1023,T6-001,1300890,https://county_template.devmny.org/the_risk/natural_hazards/wildfire,the_risk/natural_hazards/wildfire,1546087,Strategies,1546073,0700164d-e79b-487d-bcfb-30485def30ca,Card,v1,sourceInfo,53,,LHMP_IA,LHMP_IA [test-meta-forms],internal,1441680,1441681,mitigat-ny-prod+test-meta-forms,,(not set),TRUE,Smart (fetch on change),TRUE,No,source LHMP_IA is not in the in-scope source list,(deferred),"None for now - deferred from the fetch-mode sweep because source LHMP_IA is not in the in-scope source list. Every component set to Force (always re-fetch) re-queries on every mount, so the sweep is deliberately limited. It keeps behaving as Smart (fetch on change).",Deferred - out of narrowed scope,Deferred,,,
T6-C1024,T6-001,1300890,https://county_template.devmny.org/the_risk/natural_hazards/wildfire,the_risk/natural_hazards/wildfire,1546087,Measures Inventory,1546074,c8e666a4-8eb8-4e50-9d74-9cd2ec69c505,Spreadsheet,v2,externalSource,54,,Mitigation_Measures,Mitigation_Measures [test_meta_forms],internal,1068274,1155800,mitigat-ny-prod+test_meta_forms,,(not set),TRUE,Smart (fetch on change),TRUE,No,source Mitigation_Measures is not in the in-scope source list,(deferred),"None for now - deferred from the fetch-mode sweep because source Mitigation_Measures is not in the in-scope source list. Every component set to Force (always re-fetch) re-queries on every mount, so the sweep is deliberately limited. It keeps behaving as Smart (fetch on change).",Deferred - out of narrowed scope,Deferred,,,
T6-C1025,T6-001,1300890,https://county_template.devmny.org/the_risk/natural_hazards/wildfire,the_risk/natural_hazards/wildfire,1546087,Capabilities,1546075,0700164d-e79b-487d-bcfb-30485def30ca,Card,v1,sourceInfo,55,,LHMP_IA,LHMP_IA [test-meta-forms],internal,1441680,1441681,mitigat-ny-prod+test-meta-forms,,(not set),TRUE,Smart (fetch on change),TRUE,No,source LHMP_IA is not in the in-scope source list,(deferred),"None for now - deferred from the fetch-mode sweep because source LHMP_IA is not in the in-scope source list. Every component set to Force (always re-fetch) re-queries on every mount, so the sweep is deliberately limited. It keeps behaving as Smart (fetch on change).",Deferred - out of narrowed scope,Deferred,,,
T6-C412,T6-001,1300890,https://county_template.devmny.org/the_risk/natural_hazards/wildfire,the_risk/natural_hazards/wildfire,1546087,(untitled Card),1546077,7b47cfb4-dbfd-4990-9a62-6003956bc2e2,Card,v2,externalSource,58,TRUE,LHMP_IA,LHMP_IA [test_meta_forms],internal,1441680,1441681,mitigat-ny-prod+test_meta_forms,,(not set),TRUE,Smart (fetch on change),TRUE,No,source LHMP_IA is not in the in-scope source list,(deferred),"None for now - deferred from the fetch-mode sweep because source LHMP_IA is not in the in-scope source list. Every component set to Force (always re-fetch) re-queries on every mount, so the sweep is deliberately limited. It keeps behaving as Smart (fetch on change).",Deferred - out of narrowed scope,Deferred,,,"Hidden from view (data.hideInView), so it never renders and the setting has no runtime effect today - set it anyway for template consistency, or defer. Owner decision."
T6-C1026,T6-001,1300890,https://county_template.devmny.org/the_risk/natural_hazards/wildfire,the_risk/natural_hazards/wildfire,1546087,Actions,1546079,0700164d-e79b-487d-bcfb-30485def30ca,Card,v1,sourceInfo,60,,LHMP_IA,LHMP_IA [test-meta-forms],internal,1441680,1441681,mitigat-ny-prod+test-meta-forms,,(not set),TRUE,Smart (fetch on change),TRUE,No,source LHMP_IA is not in the in-scope source list,(deferred),"None for now - deferred from the fetch-mode sweep because source LHMP_IA is not in the in-scope source list. Every component set to Force (always re-fetch) re-queries on every mount, so the sweep is deliberately limited. It keeps behaving as Smart (fetch on change).",Deferred - out of narrowed scope,Deferred,,,
T6-C416,T6-001,1300890,https://county_template.devmny.org/the_risk/natural_hazards/wildfire,the_risk/natural_hazards/wildfire,1546087,(untitled Card),1546083,eaea3217-67c6-401c-aaf3-392b9173b5c7,Card,v2,externalSource,65,TRUE,LHMP_IA,LHMP_IA [test_meta_forms],internal,1441680,1441681,mitigat-ny-prod+test_meta_forms,,(not set),TRUE,Smart (fetch on change),TRUE,No,source LHMP_IA is not in the in-scope source list,(deferred),"None for now - deferred from the fetch-mode sweep because source LHMP_IA is not in the in-scope source list. Every component set to Force (always re-fetch) re-queries on every mount, so the sweep is deliberately limited. It keeps behaving as Smart (fetch on change).",Deferred - out of narrowed scope,Deferred,,,"Hidden from view (data.hideInView), so it never renders and the setting has no runtime effect today - set it anyway for template consistency, or defer. Owner decision."
T6-C417,T6-001,1300890,https://county_template.devmny.org/the_risk/natural_hazards/wind,the_risk/natural_hazards/wind,1546213,(untitled Card),2416268,e501e808-6217-486e-bd86-1ce7f435aa14,Card,v2,externalSource,1,,AVAIL - Fusion Events V2,AVAIL - Fusion Events V2 [external],external,870,1648,hazmit_dama,,(not set),TRUE,Smart (fetch on change),TRUE,No,source AVAIL - Fusion Events V2 is not in the in-scope source list,(deferred),"None for now - deferred from the fetch-mode sweep because source AVAIL - Fusion Events V2 is not in the in-scope source list. Every component set to Force (always re-fetch) re-queries on every mount, so the sweep is deliberately limited. It keeps behaving as Smart (fetch on change).",Deferred - out of narrowed scope,Deferred,,,
T6-C419,T6-001,1300890,https://county_template.devmny.org/the_risk/natural_hazards/wind,the_risk/natural_hazards/wind,1546213,(untitled Card),2416269,b5e7c5ed-0c3f-48ba-8102-b35508c6fa2f,Card,v2,externalSource,3,,NRI Counties - Hazard Normalized,NRI Counties - Hazard Normalized [external],external,1508,1982,hazmit_dama,,(not set),TRUE,Smart (fetch on change),TRUE,No,source NRI Counties - Hazard Normalized is not in the in-scope source list,(deferred),"None for now - deferred from the fetch-mode sweep because source NRI Counties - Hazard Normalized is not in the in-scope source list. Every component set to Force (always re-fetch) re-queries on every mount, so the sweep is deliberately limited. It keeps behaving as Smart (fetch on change).",Deferred - out of narrowed scope,Deferred,,,
T6-C420,T6-001,1300890,https://county_template.devmny.org/the_risk/natural_hazards/wind,the_risk/natural_hazards/wind,1546213,(untitled Card),2416270,5f88f7a5-19bf-4b85-b039-de50c4f2fb8a,Card,v2,externalSource,4,,AVAIL - Fusion Events V2,AVAIL - Fusion Events V2 [external],external,870,1648,hazmit_dama,,(not set),TRUE,Smart (fetch on change),TRUE,No,source AVAIL - Fusion Events V2 is not in the in-scope source list,(deferred),"None for now - deferred from the fetch-mode sweep because source AVAIL - Fusion Events V2 is not in the in-scope source list. Every component set to Force (always re-fetch) re-queries on every mount, so the sweep is deliberately limited. It keeps behaving as Smart (fetch on change).",Deferred - out of narrowed scope,Deferred,,,
T6-C1027,T6-001,1300890,https://county_template.devmny.org/the_risk/natural_hazards/wind,the_risk/natural_hazards/wind,1546213,Overview,1546152,b50f6b90-a250-43a9-a963-648dc7bac6aa,Card,v2,externalSource,5,,LHMP_IA,LHMP_IA [test-meta-forms],internal,1441680,1441681,mitigat-ny-prod+test-meta-forms,,(not set),TRUE,Smart (fetch on change),TRUE,No,source LHMP_IA is not in the in-scope source list,(deferred),"None for now - deferred from the fetch-mode sweep because source LHMP_IA is not in the in-scope source list. Every component set to Force (always re-fetch) re-queries on every mount, so the sweep is deliberately limited. It keeps behaving as Smart (fetch on change).",Deferred - out of narrowed scope,Deferred,,,
T6-C421,T6-001,1300890,https://county_template.devmny.org/the_risk/natural_hazards/wind,the_risk/natural_hazards/wind,1546213,(untitled Card),1546157,edcd023e-c7de-41db-b683-9d4c9297599c,Card,v2,externalSource,7,,LHMP_IA,LHMP_IA [test-meta-forms],internal,1441680,1441681,mitigat-ny-prod+test-meta-forms,,(not set),TRUE,Smart (fetch on change),TRUE,No,source LHMP_IA is not in the in-scope source list,(deferred),"None for now - deferred from the fetch-mode sweep because source LHMP_IA is not in the in-scope source list. Every component set to Force (always re-fetch) re-queries on every mount, so the sweep is deliberately limited. It keeps behaving as Smart (fetch on change).",Deferred - out of narrowed scope,Deferred,,,
T6-C1028,T6-001,1300890,https://county_template.devmny.org/the_risk/natural_hazards/wind,the_risk/natural_hazards/wind,1546213,General Vulnerability,1546159,b50f6b90-a250-43a9-a963-648dc7bac6aa,Card,v1,sourceInfo,9,,LHMP_IA,LHMP_IA [test-meta-forms],internal,1441680,1441681,mitigat-ny-prod+test-meta-forms,,(not set),TRUE,Smart (fetch on change),TRUE,No,source LHMP_IA is not in the in-scope source list,(deferred),"None for now - deferred from the fetch-mode sweep because source LHMP_IA is not in the in-scope source list. Every component set to Force (always re-fetch) re-queries on every mount, so the sweep is deliberately limited. It keeps behaving as Smart (fetch on change).",Deferred - out of narrowed scope,Deferred,,,
T6-C1029,T6-001,1300890,https://county_template.devmny.org/the_risk/natural_hazards/wind,the_risk/natural_hazards/wind,1546213,(untitled Card),1546160,ed79611a-6b84-44d7-a646-b86d020b3e05,Card,v1,sourceInfo,10,,LHMP_IA,LHMP_IA [test-meta-forms],internal,1441680,1441681,mitigat-ny-prod+test-meta-forms,,(not set),TRUE,Smart (fetch on change),TRUE,No,source LHMP_IA is not in the in-scope source list,(deferred),"None for now - deferred from the fetch-mode sweep because source LHMP_IA is not in the in-scope source list. Every component set to Force (always re-fetch) re-queries on every mount, so the sweep is deliberately limited. It keeps behaving as Smart (fetch on change).",Deferred - out of narrowed scope,Deferred,,,
T6-C1030,T6-001,1300890,https://county_template.devmny.org/the_risk/natural_hazards/wind,the_risk/natural_hazards/wind,1546213,Potential Impacts,1546161,51278763-8812-46ca-a31c-26b96abcde67,Card,v1,sourceInfo,11,,LHMP_IA,LHMP_IA [test-meta-forms],internal,1441680,1441681,mitigat-ny-prod+test-meta-forms,,(not set),TRUE,Smart (fetch on change),TRUE,No,source LHMP_IA is not in the in-scope source list,(deferred),"None for now - deferred from the fetch-mode sweep because source LHMP_IA is not in the in-scope source list. Every component set to Force (always re-fetch) re-queries on every mount, so the sweep is deliberately limited. It keeps behaving as Smart (fetch on change).",Deferred - out of narrowed scope,Deferred,,,
T6-C1031,T6-001,1300890,https://county_template.devmny.org/the_risk/natural_hazards/wind,the_risk/natural_hazards/wind,1546213,(untitled Spreadsheet),1546162,6d5acff2-3136-4acc-ac54-60e1501b8e5e,Spreadsheet,v1,sourceInfo,12,,R_and_V_Matrix,R_and_V_Matrix [prod],internal,1068982,1160864,mitigat-ny-prod+prod,,(not set),TRUE,Smart (fetch on change),TRUE,No,source R_and_V_Matrix is not in the in-scope source list,(deferred),"None for now - deferred from the fetch-mode sweep because source R_and_V_Matrix is not in the in-scope source list. Every component set to Force (always re-fetch) re-queries on every mount, so the sweep is deliberately limited. It keeps behaving as Smart (fetch on change).",Deferred - out of narrowed scope,Deferred,,,
T6-C1032,T6-001,1300890,https://county_template.devmny.org/the_risk/natural_hazards/wind,the_risk/natural_hazards/wind,1546213,Historic Occurrences,1546163,0700164d-e79b-487d-bcfb-30485def30ca,Card,v1,sourceInfo,13,,LHMP_IA,LHMP_IA [test-meta-forms],internal,1441680,1441681,mitigat-ny-prod+test-meta-forms,,(not set),TRUE,Smart (fetch on change),TRUE,No,source LHMP_IA is not in the in-scope source list,(deferred),"None for now - deferred from the fetch-mode sweep because source LHMP_IA is not in the in-scope source list. Every component set to Force (always re-fetch) re-queries on every mount, so the sweep is deliberately limited. It keeps behaving as Smart (fetch on change).",Deferred - out of narrowed scope,Deferred,,,
T6-C422,T6-001,1300890,https://county_template.devmny.org/the_risk/natural_hazards/wind,the_risk/natural_hazards/wind,1546213,(untitled Card),1546164,7cfa4cbb-ad41-49d0-b4a1-34e9a2011d45,Card,v2,externalSource,14,,LHMP_IA,LHMP_IA [test-meta-forms],internal,1441680,1441681,mitigat-ny-prod+test-meta-forms,,(not set),TRUE,Smart (fetch on change),TRUE,No,source LHMP_IA is not in the in-scope source list,(deferred),"None for now - deferred from the fetch-mode sweep because source LHMP_IA is not in the in-scope source list. Every component set to Force (always re-fetch) re-queries on every mount, so the sweep is deliberately limited. It keeps behaving as Smart (fetch on change).",Deferred - out of narrowed scope,Deferred,,,
T6-C1033,T6-001,1300890,https://county_template.devmny.org/the_risk/natural_hazards/wind,the_risk/natural_hazards/wind,1546213,Total Events and Losses in $: Declared Disasters and Non-Declared Events,1546165,c5c78f29-4ec3-478e-bad2-2388e8a1f53d,Card,v1,sourceInfo,15,,LHMP_IA,LHMP_IA [test-meta-forms],internal,1441680,1441681,mitigat-ny-prod+test-meta-forms,,(not set),TRUE,Smart (fetch on change),TRUE,No,source LHMP_IA is not in the in-scope source list,(deferred),"None for now - deferred from the fetch-mode sweep because source LHMP_IA is not in the in-scope source list. Every component set to Force (always re-fetch) re-queries on every mount, so the sweep is deliberately limited. It keeps behaving as Smart (fetch on change).",Deferred - out of narrowed scope,Deferred,,,
T6-C942,T6-001,1300890,https://county_template.devmny.org/the_risk/natural_hazards/wind,the_risk/natural_hazards/wind,1546213,(untitled Graph),1545728,5d798134-5ead-487a-82c7-61552c16f0bd,Graph,v1,sourceInfo,16,,AVAIL - Fusion Events V2,AVAIL - Fusion Events V2 [external],external,870,1648,hazmit_dama,,(not set),TRUE,Smart (fetch on change),TRUE,No,source AVAIL - Fusion Events V2 is not in the in-scope source list,(deferred),"None for now - deferred from the fetch-mode sweep because source AVAIL - Fusion Events V2 is not in the in-scope source list. Every component set to Force (always re-fetch) re-queries on every mount, so the sweep is deliberately limited. It keeps behaving as Smart (fetch on change).",Deferred - out of narrowed scope,Deferred,,,
T6-C423,T6-001,1300890,https://county_template.devmny.org/the_risk/natural_hazards/wind,the_risk/natural_hazards/wind,1546213,(untitled Card),1545729,e0bd653d-ee80-4f64-9d0c-01f158f2d0b4,Card,v2,externalSource,17,,AVAIL - Fusion Events V2,AVAIL - Fusion Events V2 [external],external,870,2401,hazmit_dama,,(not set),TRUE,Smart (fetch on change),TRUE,No,source AVAIL - Fusion Events V2 is not in the in-scope source list,(deferred),"None for now - deferred from the fetch-mode sweep because source AVAIL - Fusion Events V2 is not in the in-scope source list. Every component set to Force (always re-fetch) re-queries on every mount, so the sweep is deliberately limited. It keeps behaving as Smart (fetch on change).",Deferred - out of narrowed scope,Deferred,,,
T6-C424,T6-001,1300890,https://county_template.devmny.org/the_risk/natural_hazards/wind,the_risk/natural_hazards/wind,1546213,(untitled Card),1546169,dd7b9f34-9244-4aee-8cf5-a55770b3c383,Card,v2,externalSource,19,,LHMP_IA,LHMP_IA [test-meta-forms],internal,1441680,1441681,mitigat-ny-prod+test-meta-forms,,(not set),TRUE,Smart (fetch on change),TRUE,No,source LHMP_IA is not in the in-scope source list,(deferred),"None for now - deferred from the fetch-mode sweep because source LHMP_IA is not in the in-scope source list. Every component set to Force (always re-fetch) re-queries on every mount, so the sweep is deliberately limited. It keeps behaving as Smart (fetch on change).",Deferred - out of narrowed scope,Deferred,,,
T6-C425,T6-001,1300890,https://county_template.devmny.org/the_risk/natural_hazards/wind,the_risk/natural_hazards/wind,1546213,(untitled Graph),1545734,d757d20c-1538-4be1-8fea-0dd5e6417931,Graph,v2,externalSource,20,,AVAIL - Fusion Events V2,AVAIL - Fusion Events V2 [external],external,870,2401,hazmit_dama,,(not set),TRUE,Smart (fetch on change),TRUE,No,source AVAIL - Fusion Events V2 is not in the in-scope source list,(deferred),"None for now - deferred from the fetch-mode sweep because source AVAIL - Fusion Events V2 is not in the in-scope source list. Every component set to Force (always re-fetch) re-queries on every mount, so the sweep is deliberately limited. It keeps behaving as Smart (fetch on change).",Deferred - out of narrowed scope,Deferred,,,
T6-C426,T6-001,1300890,https://county_template.devmny.org/the_risk/natural_hazards/wind,the_risk/natural_hazards/wind,1546213,(untitled Graph),1545737,ac560771-e09b-486b-adeb-d7d21dcc8894,Graph,v2,externalSource,21,,AVAIL - Fusion Events V2,AVAIL - Fusion Events V2 [external],external,870,2401,hazmit_dama,,(not set),TRUE,Smart (fetch on change),TRUE,No,source AVAIL - Fusion Events V2 is not in the in-scope source list,(deferred),"None for now - deferred from the fetch-mode sweep because source AVAIL - Fusion Events V2 is not in the in-scope source list. Every component set to Force (always re-fetch) re-queries on every mount, so the sweep is deliberately limited. It keeps behaving as Smart (fetch on change).",Deferred - out of narrowed scope,Deferred,,,
T6-C1034,T6-001,1300890,https://county_template.devmny.org/the_risk/natural_hazards/wind,the_risk/natural_hazards/wind,1546213,Presidential Disaster Declarations,1546176,51278763-8812-46ca-a31c-26b96abcde67,Card,v1,sourceInfo,22,,LHMP_IA,LHMP_IA [test-meta-forms],internal,1441680,1441681,mitigat-ny-prod+test-meta-forms,,(not set),TRUE,Smart (fetch on change),TRUE,No,source LHMP_IA is not in the in-scope source list,(deferred),"None for now - deferred from the fetch-mode sweep because source LHMP_IA is not in the in-scope source list. Every component set to Force (always re-fetch) re-queries on every mount, so the sweep is deliberately limited. It keeps behaving as Smart (fetch on change).",Deferred - out of narrowed scope,Deferred,,,
T6-C1035,T6-001,1300890,https://county_template.devmny.org/the_risk/natural_hazards/wind,the_risk/natural_hazards/wind,1546213,(untitled Card),1997027,ef8f4514-4cd6-4d3a-a402-7318739a426a,Card,v1,sourceInfo,23,,LHMP_IA,LHMP_IA [test-meta-forms],internal,1441680,1441681,mitigat-ny-prod+test-meta-forms,,(not set),TRUE,Smart (fetch on change),TRUE,No,source LHMP_IA is not in the in-scope source list,(deferred),"None for now - deferred from the fetch-mode sweep because source LHMP_IA is not in the in-scope source list. Every component set to Force (always re-fetch) re-queries on every mount, so the sweep is deliberately limited. It keeps behaving as Smart (fetch on change).",Deferred - out of narrowed scope,Deferred,,,
T6-C1036,T6-001,1300890,https://county_template.devmny.org/the_risk/natural_hazards/wind,the_risk/natural_hazards/wind,1546213,(untitled Spreadsheet),1546178,640f61a5-08a0-40e4-8324-d4d065bd6e03,Spreadsheet,v1,sourceInfo,24,,AVAIL - Fusion Events V2,AVAIL - Fusion Events V2 [external],external,870,1648,hazmit_dama,,(not set),TRUE,Smart (fetch on change),TRUE,No,source AVAIL - Fusion Events V2 is not in the in-scope source list,(deferred),"None for now - deferred from the fetch-mode sweep because source AVAIL - Fusion Events V2 is not in the in-scope source list. Every component set to Force (always re-fetch) re-queries on every mount, so the sweep is deliberately limited. It keeps behaving as Smart (fetch on change).",Deferred - out of narrowed scope,Deferred,,,
T6-C1037,T6-001,1300890,https://county_template.devmny.org/the_risk/natural_hazards/wind,the_risk/natural_hazards/wind,1546213,Other Hazard Events,1546180,51278763-8812-46ca-a31c-26b96abcde67,Card,v1,sourceInfo,27,,LHMP_IA,LHMP_IA [test-meta-forms],internal,1441680,1441681,mitigat-ny-prod+test-meta-forms,,(not set),TRUE,Smart (fetch on change),TRUE,No,source LHMP_IA is not in the in-scope source list,(deferred),"None for now - deferred from the fetch-mode sweep because source LHMP_IA is not in the in-scope source list. Every component set to Force (always re-fetch) re-queries on every mount, so the sweep is deliberately limited. It keeps behaving as Smart (fetch on change).",Deferred - out of narrowed scope,Deferred,,,
T6-C427,T6-001,1300890,https://county_template.devmny.org/the_risk/natural_hazards/wind,the_risk/natural_hazards/wind,1546213,(untitled Spreadsheet),1545744,f9007ce9-6ec1-4dc6-9341-61606e78e8bf,Spreadsheet,v2,externalSource,28,,AVAIL - Fusion Events V2,AVAIL - Fusion Events V2 [external],external,870,2401,hazmit_dama,,(not set),TRUE,Smart (fetch on change),TRUE,No,source AVAIL - Fusion Events V2 is not in the in-scope source list,(deferred),"None for now - deferred from the fetch-mode sweep because source AVAIL - Fusion Events V2 is not in the in-scope source list. Every component set to Force (always re-fetch) re-queries on every mount, so the sweep is deliberately limited. It keeps behaving as Smart (fetch on change).",Deferred - out of narrowed scope,Deferred,,,
T6-C428,T6-001,1300890,https://county_template.devmny.org/the_risk/natural_hazards/wind,the_risk/natural_hazards/wind,1546213,(untitled Card),1546186,cd53270c-448a-415d-9ac7-82da4e3b41b0,Card,v2,externalSource,34,TRUE,LHMP_IA,LHMP_IA [test_meta_forms],internal,1441680,1441681,mitigat-ny-prod+test_meta_forms,,(not set),TRUE,Smart (fetch on change),TRUE,No,source LHMP_IA is not in the in-scope source list,(deferred),"None for now - deferred from the fetch-mode sweep because source LHMP_IA is not in the in-scope source list. Every component set to Force (always re-fetch) re-queries on every mount, so the sweep is deliberately limited. It keeps behaving as Smart (fetch on change).",Deferred - out of narrowed scope,Deferred,,,"Hidden from view (data.hideInView), so it never renders and the setting has no runtime effect today - set it anyway for template consistency, or defer. Owner decision."
T6-C1038,T6-001,1300890,https://county_template.devmny.org/the_risk/natural_hazards/wind,the_risk/natural_hazards/wind,1546213,Modeled Risk,1997033,ca852200-984d-48d6-92b7-23e5ba97af61,Card,v1,sourceInfo,38,,LHMP_IA,LHMP_IA [test-meta-forms],internal,1441680,1441681,mitigat-ny-prod+test-meta-forms,,(not set),TRUE,Smart (fetch on change),TRUE,No,source LHMP_IA is not in the in-scope source list,(deferred),"None for now - deferred from the fetch-mode sweep because source LHMP_IA is not in the in-scope source list. Every component set to Force (always re-fetch) re-queries on every mount, so the sweep is deliberately limited. It keeps behaving as Smart (fetch on change).",Deferred - out of narrowed scope,Deferred,,,
T6-C996,T6-001,1300890,https://county_template.devmny.org/the_risk/natural_hazards/wind,the_risk/natural_hazards/wind,1546213,(untitled Card),1545876,b11239ee-eec3-4e89-ad22-7ecb42c7726b,Card,v1,sourceInfo,39,,NRI Counties - Hazard Normalized,NRI Counties - Hazard Normalized [external],external,1508,1982,hazmit_dama,,(not set),TRUE,Smart (fetch on change),TRUE,No,source NRI Counties - Hazard Normalized is not in the in-scope source list,(deferred),"None for now - deferred from the fetch-mode sweep because source NRI Counties - Hazard Normalized is not in the in-scope source list. Every component set to Force (always re-fetch) re-queries on every mount, so the sweep is deliberately limited. It keeps behaving as Smart (fetch on change).",Deferred - out of narrowed scope,Deferred,,,
T6-C1039,T6-001,1300890,https://county_template.devmny.org/the_risk/natural_hazards/wind,the_risk/natural_hazards/wind,1546213,Built Environment,1546192,61d0ccfa-80c7-4060-ba76-68955e498e29,Card,v1,sourceInfo,41,,LHMP_IA,LHMP_IA [test-meta-forms],internal,1441680,1441681,mitigat-ny-prod+test-meta-forms,,(not set),TRUE,Smart (fetch on change),TRUE,No,source LHMP_IA is not in the in-scope source list,(deferred),"None for now - deferred from the fetch-mode sweep because source LHMP_IA is not in the in-scope source list. Every component set to Force (always re-fetch) re-queries on every mount, so the sweep is deliberately limited. It keeps behaving as Smart (fetch on change).",Deferred - out of narrowed scope,Deferred,,,
T6-C1040,T6-001,1300890,https://county_template.devmny.org/the_risk/natural_hazards/wind,the_risk/natural_hazards/wind,1546213,People and Communities,1546194,3a0a2294-233d-4fe2-b55c-e3b9b3daa12c,Card,v1,sourceInfo,44,,LHMP_IA,LHMP_IA [test-meta-forms],internal,1441680,1441681,mitigat-ny-prod+test-meta-forms,,(not set),TRUE,Smart (fetch on change),TRUE,No,source LHMP_IA is not in the in-scope source list,(deferred),"None for now - deferred from the fetch-mode sweep because source LHMP_IA is not in the in-scope source list. Every component set to Force (always re-fetch) re-queries on every mount, so the sweep is deliberately limited. It keeps behaving as Smart (fetch on change).",Deferred - out of narrowed scope,Deferred,,,
T6-C1041,T6-001,1300890,https://county_template.devmny.org/the_risk/natural_hazards/wind,the_risk/natural_hazards/wind,1546213,Natural Environment,1546196,ea09c597-9874-4421-9e43-66d97fb97913,Card,v1,sourceInfo,47,,LHMP_IA,LHMP_IA [test-meta-forms],internal,1441680,1441681,mitigat-ny-prod+test-meta-forms,,(not set),TRUE,Smart (fetch on change),TRUE,No,source LHMP_IA is not in the in-scope source list,(deferred),"None for now - deferred from the fetch-mode sweep because source LHMP_IA is not in the in-scope source list. Every component set to Force (always re-fetch) re-queries on every mount, so the sweep is deliberately limited. It keeps behaving as Smart (fetch on change).",Deferred - out of narrowed scope,Deferred,,,
T6-C1042,T6-001,1300890,https://county_template.devmny.org/the_risk/natural_hazards/wind,the_risk/natural_hazards/wind,1546213,Strategies,1546199,0700164d-e79b-487d-bcfb-30485def30ca,Card,v1,sourceInfo,50,,LHMP_IA,LHMP_IA [test-meta-forms],internal,1441680,1441681,mitigat-ny-prod+test-meta-forms,,(not set),TRUE,Smart (fetch on change),TRUE,No,source LHMP_IA is not in the in-scope source list,(deferred),"None for now - deferred from the fetch-mode sweep because source LHMP_IA is not in the in-scope source list. Every component set to Force (always re-fetch) re-queries on every mount, so the sweep is deliberately limited. It keeps behaving as Smart (fetch on change).",Deferred - out of narrowed scope,Deferred,,,
T6-C1043,T6-001,1300890,https://county_template.devmny.org/the_risk/natural_hazards/wind,the_risk/natural_hazards/wind,1546213,Measures Inventory,1546200,c8e666a4-8eb8-4e50-9d74-9cd2ec69c505,Spreadsheet,v2,externalSource,51,,Mitigation_Measures,Mitigation_Measures [test_meta_forms],internal,1068274,1155800,mitigat-ny-prod+test_meta_forms,,(not set),TRUE,Smart (fetch on change),TRUE,No,source Mitigation_Measures is not in the in-scope source list,(deferred),"None for now - deferred from the fetch-mode sweep because source Mitigation_Measures is not in the in-scope source list. Every component set to Force (always re-fetch) re-queries on every mount, so the sweep is deliberately limited. It keeps behaving as Smart (fetch on change).",Deferred - out of narrowed scope,Deferred,,,
T6-C1044,T6-001,1300890,https://county_template.devmny.org/the_risk/natural_hazards/wind,the_risk/natural_hazards/wind,1546213,Capabilities,1546201,0700164d-e79b-487d-bcfb-30485def30ca,Card,v1,sourceInfo,52,,LHMP_IA,LHMP_IA [test-meta-forms],internal,1441680,1441681,mitigat-ny-prod+test-meta-forms,,(not set),TRUE,Smart (fetch on change),TRUE,No,source LHMP_IA is not in the in-scope source list,(deferred),"None for now - deferred from the fetch-mode sweep because source LHMP_IA is not in the in-scope source list. Every component set to Force (always re-fetch) re-queries on every mount, so the sweep is deliberately limited. It keeps behaving as Smart (fetch on change).",Deferred - out of narrowed scope,Deferred,,,
T6-C430,T6-001,1300890,https://county_template.devmny.org/the_risk/natural_hazards/wind,the_risk/natural_hazards/wind,1546213,(untitled Card),1546203,7b47cfb4-dbfd-4990-9a62-6003956bc2e2,Card,v2,externalSource,55,TRUE,LHMP_IA,LHMP_IA [test_meta_forms],internal,1441680,1441681,mitigat-ny-prod+test_meta_forms,,(not set),TRUE,Smart (fetch on change),TRUE,No,source LHMP_IA is not in the in-scope source list,(deferred),"None for now - deferred from the fetch-mode sweep because source LHMP_IA is not in the in-scope source list. Every component set to Force (always re-fetch) re-queries on every mount, so the sweep is deliberately limited. It keeps behaving as Smart (fetch on change).",Deferred - out of narrowed scope,Deferred,,,"Hidden from view (data.hideInView), so it never renders and the setting has no runtime effect today - set it anyway for template consistency, or defer. Owner decision."
T6-C1045,T6-001,1300890,https://county_template.devmny.org/the_risk/natural_hazards/wind,the_risk/natural_hazards/wind,1546213,Actions,1546205,0700164d-e79b-487d-bcfb-30485def30ca,Card,v1,sourceInfo,57,,LHMP_IA,LHMP_IA [test-meta-forms],internal,1441680,1441681,mitigat-ny-prod+test-meta-forms,,(not set),TRUE,Smart (fetch on change),TRUE,No,source LHMP_IA is not in the in-scope source list,(deferred),"None for now - deferred from the fetch-mode sweep because source LHMP_IA is not in the in-scope source list. Every component set to Force (always re-fetch) re-queries on every mount, so the sweep is deliberately limited. It keeps behaving as Smart (fetch on change).",Deferred - out of narrowed scope,Deferred,,,
T6-C434,T6-001,1300890,https://county_template.devmny.org/the_risk/natural_hazards/wind,the_risk/natural_hazards/wind,1546213,(untitled Card),1546209,eaea3217-67c6-401c-aaf3-392b9173b5c7,Card,v2,externalSource,62,TRUE,LHMP_IA,LHMP_IA [test_meta_forms],internal,1441680,1441681,mitigat-ny-prod+test_meta_forms,,(not set),TRUE,Smart (fetch on change),TRUE,No,source LHMP_IA is not in the in-scope source list,(deferred),"None for now - deferred from the fetch-mode sweep because source LHMP_IA is not in the in-scope source list. Every component set to Force (always re-fetch) re-queries on every mount, so the sweep is deliberately limited. It keeps behaving as Smart (fetch on change).",Deferred - out of narrowed scope,Deferred,,,"Hidden from view (data.hideInView), so it never renders and the setting has no runtime effect today - set it anyway for template consistency, or defer. Owner decision."
T6-C1046,T6-001,1300890,https://county_template.devmny.org/the_risk/non_natural_hazards,the_risk/non_natural_hazards,1300899,Overview,1478427,a2d8c7f5-f7d6-400b-99a1-6a9c417e0379,Card,v1,sourceInfo,1,,LHMP_IA,LHMP_IA [prod],internal,1441680,1441681,mitigat-ny-prod+prod,,(not set),TRUE,Smart (fetch on change),TRUE,No,source LHMP_IA is not in the in-scope source list; page is not labelled 'Relevant' in the page allow-list,(deferred),"None for now - deferred from the fetch-mode sweep because source LHMP_IA is not in the in-scope source list; and page is not labelled 'Relevant' in the page allow-list. Every component set to Force (always re-fetch) re-queries on every mount, so the sweep is deliberately limited. It keeps behaving as Smart (fetch on change).",Deferred - out of narrowed scope,Deferred,,,
T6-C1047,T6-001,1300890,https://county_template.devmny.org/the_risk/non_natural_hazards,the_risk/non_natural_hazards,1300899,(untitled Card),1553860,36ea35cc-57e4-40d4-b023-fb3805212eea,Card,v1,sourceInfo,2,,LHMP_IA,LHMP_IA [test-meta-forms],internal,1441680,1441681,mitigat-ny-prod+test-meta-forms,,(not set),TRUE,Smart (fetch on change),TRUE,No,source LHMP_IA is not in the in-scope source list; page is not labelled 'Relevant' in the page allow-list,(deferred),"None for now - deferred from the fetch-mode sweep because source LHMP_IA is not in the in-scope source list; and page is not labelled 'Relevant' in the page allow-list. Every component set to Force (always re-fetch) re-queries on every mount, so the sweep is deliberately limited. It keeps behaving as Smart (fetch on change).",Deferred - out of narrowed scope,Deferred,,,
T6-C1048,T6-001,1300890,https://county_template.devmny.org/track_progress,track_progress,1300909,Overview,1466574,5df0d8ad-a0f5-40ac-b031-8d2f26c0e5cb,Card,v1,sourceInfo,1,,LHMP_IA,LHMP_IA [prod],internal,1441680,1441681,mitigat-ny-prod+prod,,(not set),TRUE,Smart (fetch on change),TRUE,No,source LHMP_IA is not in the in-scope source list; page is not labelled 'Relevant' in the page allow-list,(deferred),"None for now - deferred from the fetch-mode sweep because source LHMP_IA is not in the in-scope source list; and page is not labelled 'Relevant' in the page allow-list. Every component set to Force (always re-fetch) re-queries on every mount, so the sweep is deliberately limited. It keeps behaving as Smart (fetch on change).",Deferred - out of narrowed scope,Deferred,,,
T6-C1049,T6-001,1300890,https://county_template.devmny.org/track_progress,track_progress,1300909,Requirements,1466577,5df0d8ad-a0f5-40ac-b031-8d2f26c0e5cb,Card,v1,sourceInfo,2,,LHMP_IA,LHMP_IA [prod],internal,1441680,1441681,mitigat-ny-prod+prod,,(not set),TRUE,Smart (fetch on change),TRUE,No,source LHMP_IA is not in the in-scope source list; page is not labelled 'Relevant' in the page allow-list,(deferred),"None for now - deferred from the fetch-mode sweep because source LHMP_IA is not in the in-scope source list; and page is not labelled 'Relevant' in the page allow-list. Every component set to Force (always re-fetch) re-queries on every mount, so the sweep is deliberately limited. It keeps behaving as Smart (fetch on change).",Deferred - out of narrowed scope,Deferred,,,
T6-C435,T6-001,1300890,https://county_template.devmny.org/track_progress/action_edit,track_progress/action_edit,2416178,(untitled Card),2416179,900aecdc-b837-4980-916b-e7366398bf60,Card,v2,externalSource,0,,Actions_Revised,Actions_Revised [test_meta_forms],internal,1029065,1074456,mitigat-ny-prod+test_meta_forms,,(not set),TRUE,Smart (fetch on change),TRUE,No,page is not labelled 'Relevant' in the page allow-list,(deferred),"None for now - deferred from the fetch-mode sweep because page is not labelled 'Relevant' in the page allow-list. Every component set to Force (always re-fetch) re-queries on every mount, so the sweep is deliberately limited. It keeps behaving as Smart (fetch on change).",Deferred - out of narrowed scope,Deferred,,,
T6-C436,T6-001,1300890,https://county_template.devmny.org/track_progress/action_edit,track_progress/action_edit,2416178,(untitled Card),2416180,327453eb-74b5-4552-b3ed-73e43154b10f,Card,v2,externalSource,1,,Actions_Revised,Actions_Revised [test_meta_forms],internal,1029065,1074456,mitigat-ny-prod+test_meta_forms,,(not set),TRUE,Smart (fetch on change),TRUE,No,page is not labelled 'Relevant' in the page allow-list,(deferred),"None for now - deferred from the fetch-mode sweep because page is not labelled 'Relevant' in the page allow-list. Every component set to Force (always re-fetch) re-queries on every mount, so the sweep is deliberately limited. It keeps behaving as Smart (fetch on change).",Deferred - out of narrowed scope,Deferred,,,
T6-C437,T6-001,1300890,https://county_template.devmny.org/track_progress/action_edit,track_progress/action_edit,2416178,(untitled Card),2416181,d9544dd7-0995-458a-b36a-62c23354a0c0,Card,v2,externalSource,2,,Actions_Revised,Actions_Revised [test_meta_forms],internal,1029065,1074456,mitigat-ny-prod+test_meta_forms,,(not set),TRUE,Smart (fetch on change),TRUE,No,page is not labelled 'Relevant' in the page allow-list,(deferred),"None for now - deferred from the fetch-mode sweep because page is not labelled 'Relevant' in the page allow-list. Every component set to Force (always re-fetch) re-queries on every mount, so the sweep is deliberately limited. It keeps behaving as Smart (fetch on change).",Deferred - out of narrowed scope,Deferred,,,
T6-C438,T6-001,1300890,https://county_template.devmny.org/track_progress/action_edit,track_progress/action_edit,2416178,(untitled Card),2416182,b430b639-0f5e-4426-a843-8ad411bd5239,Card,v2,externalSource,3,,Actions_Revised,Actions_Revised [test_meta_forms],internal,1029065,1074456,mitigat-ny-prod+test_meta_forms,,(not set),TRUE,Smart (fetch on change),TRUE,No,page is not labelled 'Relevant' in the page allow-list,(deferred),"None for now - deferred from the fetch-mode sweep because page is not labelled 'Relevant' in the page allow-list. Every component set to Force (always re-fetch) re-queries on every mount, so the sweep is deliberately limited. It keeps behaving as Smart (fetch on change).",Deferred - out of narrowed scope,Deferred,,,
T6-C439,T6-001,1300890,https://county_template.devmny.org/track_progress/action_edit,track_progress/action_edit,2416178,(untitled Card),2416183,6e5d799c-57b2-4f2b-a1e2-dbae4bd038f7,Card,v2,externalSource,4,,Actions_Revised,Actions_Revised [test_meta_forms],internal,1029065,1074456,mitigat-ny-prod+test_meta_forms,,(not set),TRUE,Smart (fetch on change),TRUE,No,page is not labelled 'Relevant' in the page allow-list,(deferred),"None for now - deferred from the fetch-mode sweep because page is not labelled 'Relevant' in the page allow-list. Every component set to Force (always re-fetch) re-queries on every mount, so the sweep is deliberately limited. It keeps behaving as Smart (fetch on change).",Deferred - out of narrowed scope,Deferred,,,
T6-C440,T6-001,1300890,https://county_template.devmny.org/track_progress/action_edit,track_progress/action_edit,2416178,(untitled Card),2416184,d2e8325c-aa3a-449d-98a5-496f6d28b81a,Card,v2,externalSource,5,,Actions_Revised,Actions_Revised [test_meta_forms],internal,1029065,1074456,mitigat-ny-prod+test_meta_forms,,(not set),TRUE,Smart (fetch on change),TRUE,No,page is not labelled 'Relevant' in the page allow-list,(deferred),"None for now - deferred from the fetch-mode sweep because page is not labelled 'Relevant' in the page allow-list. Every component set to Force (always re-fetch) re-queries on every mount, so the sweep is deliberately limited. It keeps behaving as Smart (fetch on change).",Deferred - out of narrowed scope,Deferred,,,
T6-C441,T6-001,1300890,https://county_template.devmny.org/track_progress/action_edit,track_progress/action_edit,2416178,(untitled Card),2416185,78d6af8d-3df3-4d77-ae14-72367e27b667,Card,v2,externalSource,6,,Actions_Revised,Actions_Revised [test_meta_forms],internal,1029065,1074456,mitigat-ny-prod+test_meta_forms,,(not set),TRUE,Smart (fetch on change),TRUE,No,page is not labelled 'Relevant' in the page allow-list,(deferred),"None for now - deferred from the fetch-mode sweep because page is not labelled 'Relevant' in the page allow-list. Every component set to Force (always re-fetch) re-queries on every mount, so the sweep is deliberately limited. It keeps behaving as Smart (fetch on change).",Deferred - out of narrowed scope,Deferred,,,
T6-C442,T6-001,1300890,https://county_template.devmny.org/track_progress/action_edit,track_progress/action_edit,2416178,(untitled Card),2416186,6cbe1a49-f439-42f8-bdf7-6c2c1a03f1b1,Card,v2,externalSource,7,,Actions_Revised,Actions_Revised [test_meta_forms],internal,1029065,1074456,mitigat-ny-prod+test_meta_forms,,(not set),TRUE,Smart (fetch on change),TRUE,No,page is not labelled 'Relevant' in the page allow-list,(deferred),"None for now - deferred from the fetch-mode sweep because page is not labelled 'Relevant' in the page allow-list. Every component set to Force (always re-fetch) re-queries on every mount, so the sweep is deliberately limited. It keeps behaving as Smart (fetch on change).",Deferred - out of narrowed scope,Deferred,,,
T6-C443,T6-001,1300890,https://county_template.devmny.org/track_progress/action_edit,track_progress/action_edit,2416178,(untitled Card),2416187,6fbd04a0-4164-44df-8777-c1b8598fdfe6,Card,v2,externalSource,8,,Actions_Revised,Actions_Revised [test_meta_forms],internal,1029065,1074456,mitigat-ny-prod+test_meta_forms,,(not set),TRUE,Smart (fetch on change),TRUE,No,page is not labelled 'Relevant' in the page allow-list,(deferred),"None for now - deferred from the fetch-mode sweep because page is not labelled 'Relevant' in the page allow-list. Every component set to Force (always re-fetch) re-queries on every mount, so the sweep is deliberately limited. It keeps behaving as Smart (fetch on change).",Deferred - out of narrowed scope,Deferred,,,
T6-C444,T6-001,1300890,https://county_template.devmny.org/track_progress/action_edit,track_progress/action_edit,2416178,(untitled Card),2416188,00f0b376-f485-4cf1-a49f-5b99d5b344b1,Card,v2,externalSource,9,,Actions_Revised,Actions_Revised [test_meta_forms],internal,1029065,1074456,mitigat-ny-prod+test_meta_forms,,(not set),TRUE,Smart (fetch on change),TRUE,No,page is not labelled 'Relevant' in the page allow-list,(deferred),"None for now - deferred from the fetch-mode sweep because page is not labelled 'Relevant' in the page allow-list. Every component set to Force (always re-fetch) re-queries on every mount, so the sweep is deliberately limited. It keeps behaving as Smart (fetch on change).",Deferred - out of narrowed scope,Deferred,,,
T6-C445,T6-001,1300890,https://county_template.devmny.org/track_progress/action_view,track_progress/action_view,2416166,(untitled Card),2416167,84f74673-6364-4763-b751-8df3de324642,Card,v2,externalSource,0,,Actions Cleaned,Actions Cleaned [external],external,12453,13272,hazmit_dama,,(not set),TRUE,Smart (fetch on change),TRUE,No,source Actions Cleaned is not in the in-scope source list; page is not labelled 'Relevant' in the page allow-list,(deferred),"None for now - deferred from the fetch-mode sweep because source Actions Cleaned is not in the in-scope source list; and page is not labelled 'Relevant' in the page allow-list. Every component set to Force (always re-fetch) re-queries on every mount, so the sweep is deliberately limited. It keeps behaving as Smart (fetch on change).",Deferred - out of narrowed scope,Deferred,,,
T6-C446,T6-001,1300890,https://county_template.devmny.org/track_progress/action_view,track_progress/action_view,2416166,(untitled Card),2416168,6646dac1-ad9b-46c5-8864-81236d881a85,Card,v2,externalSource,1,,Actions Cleaned,Actions Cleaned [external],external,12453,13272,hazmit_dama,,(not set),TRUE,Smart (fetch on change),TRUE,No,source Actions Cleaned is not in the in-scope source list; page is not labelled 'Relevant' in the page allow-list,(deferred),"None for now - deferred from the fetch-mode sweep because source Actions Cleaned is not in the in-scope source list; and page is not labelled 'Relevant' in the page allow-list. Every component set to Force (always re-fetch) re-queries on every mount, so the sweep is deliberately limited. It keeps behaving as Smart (fetch on change).",Deferred - out of narrowed scope,Deferred,,,
T6-C447,T6-001,1300890,https://county_template.devmny.org/track_progress/action_view,track_progress/action_view,2416166,(untitled Card),2416169,d926a8a0-9880-4fe7-ad61-05a59ad5f0a7,Card,v2,externalSource,2,,Actions Cleaned,Actions Cleaned [external],external,12453,13272,hazmit_dama,,(not set),TRUE,Smart (fetch on change),TRUE,No,source Actions Cleaned is not in the in-scope source list; page is not labelled 'Relevant' in the page allow-list,(deferred),"None for now - deferred from the fetch-mode sweep because source Actions Cleaned is not in the in-scope source list; and page is not labelled 'Relevant' in the page allow-list. Every component set to Force (always re-fetch) re-queries on every mount, so the sweep is deliberately limited. It keeps behaving as Smart (fetch on change).",Deferred - out of narrowed scope,Deferred,,,
T6-C448,T6-001,1300890,https://county_template.devmny.org/track_progress/action_view,track_progress/action_view,2416166,(untitled Card),2416170,0a7414e8-f338-45b4-b1af-7d1a073bf84e,Card,v2,externalSource,3,,Actions Cleaned,Actions Cleaned [external],external,12453,13272,hazmit_dama,,(not set),TRUE,Smart (fetch on change),TRUE,No,source Actions Cleaned is not in the in-scope source list; page is not labelled 'Relevant' in the page allow-list,(deferred),"None for now - deferred from the fetch-mode sweep because source Actions Cleaned is not in the in-scope source list; and page is not labelled 'Relevant' in the page allow-list. Every component set to Force (always re-fetch) re-queries on every mount, so the sweep is deliberately limited. It keeps behaving as Smart (fetch on change).",Deferred - out of narrowed scope,Deferred,,,
T6-C449,T6-001,1300890,https://county_template.devmny.org/track_progress/action_view,track_progress/action_view,2416166,(untitled Card),2416171,6e2d739f-56f4-48f2-949e-bb9fa81e814e,Card,v2,externalSource,4,,Actions Cleaned,Actions Cleaned [external],external,12453,13272,hazmit_dama,,(not set),TRUE,Smart (fetch on change),TRUE,No,source Actions Cleaned is not in the in-scope source list; page is not labelled 'Relevant' in the page allow-list,(deferred),"None for now - deferred from the fetch-mode sweep because source Actions Cleaned is not in the in-scope source list; and page is not labelled 'Relevant' in the page allow-list. Every component set to Force (always re-fetch) re-queries on every mount, so the sweep is deliberately limited. It keeps behaving as Smart (fetch on change).",Deferred - out of narrowed scope,Deferred,,,
T6-C450,T6-001,1300890,https://county_template.devmny.org/track_progress/action_view,track_progress/action_view,2416166,(untitled Card),2416172,8be7863a-2cfe-4a9f-bbd3-0aaf64465625,Card,v2,externalSource,5,,Actions Cleaned,Actions Cleaned [external],external,12453,13272,hazmit_dama,,(not set),TRUE,Smart (fetch on change),TRUE,No,source Actions Cleaned is not in the in-scope source list; page is not labelled 'Relevant' in the page allow-list,(deferred),"None for now - deferred from the fetch-mode sweep because source Actions Cleaned is not in the in-scope source list; and page is not labelled 'Relevant' in the page allow-list. Every component set to Force (always re-fetch) re-queries on every mount, so the sweep is deliberately limited. It keeps behaving as Smart (fetch on change).",Deferred - out of narrowed scope,Deferred,,,
T6-C451,T6-001,1300890,https://county_template.devmny.org/track_progress/action_view,track_progress/action_view,2416166,(untitled Card),2416173,ebc92ab9-53a9-49ca-8761-d9f9972e769e,Card,v2,externalSource,6,,Actions Cleaned,Actions Cleaned [external],external,12453,13272,hazmit_dama,,(not set),TRUE,Smart (fetch on change),TRUE,No,source Actions Cleaned is not in the in-scope source list; page is not labelled 'Relevant' in the page allow-list,(deferred),"None for now - deferred from the fetch-mode sweep because source Actions Cleaned is not in the in-scope source list; and page is not labelled 'Relevant' in the page allow-list. Every component set to Force (always re-fetch) re-queries on every mount, so the sweep is deliberately limited. It keeps behaving as Smart (fetch on change).",Deferred - out of narrowed scope,Deferred,,,
T6-C452,T6-001,1300890,https://county_template.devmny.org/track_progress/action_view,track_progress/action_view,2416166,(untitled Card),2416174,f59d750c-5d3f-4c46-89ff-92b2dcecab5a,Card,v2,externalSource,7,,Actions Cleaned,Actions Cleaned [external],external,12453,13272,hazmit_dama,,(not set),TRUE,Smart (fetch on change),TRUE,No,source Actions Cleaned is not in the in-scope source list; page is not labelled 'Relevant' in the page allow-list,(deferred),"None for now - deferred from the fetch-mode sweep because source Actions Cleaned is not in the in-scope source list; and page is not labelled 'Relevant' in the page allow-list. Every component set to Force (always re-fetch) re-queries on every mount, so the sweep is deliberately limited. It keeps behaving as Smart (fetch on change).",Deferred - out of narrowed scope,Deferred,,,
T6-C453,T6-001,1300890,https://county_template.devmny.org/track_progress/action_view,track_progress/action_view,2416166,(untitled Card),2416175,f31a9188-182a-422f-a838-06594b0fc7a2,Card,v2,externalSource,8,,Actions Cleaned,Actions Cleaned [external],external,12453,13272,hazmit_dama,,(not set),TRUE,Smart (fetch on change),TRUE,No,source Actions Cleaned is not in the in-scope source list; page is not labelled 'Relevant' in the page allow-list,(deferred),"None for now - deferred from the fetch-mode sweep because source Actions Cleaned is not in the in-scope source list; and page is not labelled 'Relevant' in the page allow-list. Every component set to Force (always re-fetch) re-queries on every mount, so the sweep is deliberately limited. It keeps behaving as Smart (fetch on change).",Deferred - out of narrowed scope,Deferred,,,
T6-C454,T6-001,1300890,https://county_template.devmny.org/track_progress/action_view,track_progress/action_view,2416166,(untitled Card),2416176,450b1a01-a499-48b2-9f0c-d5f9e3cbc48b,Card,v2,externalSource,9,,Actions Cleaned,Actions Cleaned [external],external,12453,13272,hazmit_dama,,(not set),TRUE,Smart (fetch on change),TRUE,No,source Actions Cleaned is not in the in-scope source list; page is not labelled 'Relevant' in the page allow-list,(deferred),"None for now - deferred from the fetch-mode sweep because source Actions Cleaned is not in the in-scope source list; and page is not labelled 'Relevant' in the page allow-list. Every component set to Force (always re-fetch) re-queries on every mount, so the sweep is deliberately limited. It keeps behaving as Smart (fetch on change).",Deferred - out of narrowed scope,Deferred,,,
T6-C455,T6-001,1300890,https://county_template.devmny.org/track_progress/action_view,track_progress/action_view,2416166,(untitled Card),2416177,38e07e92-63fc-4106-ac90-ea1b640c0f96,Card,v2,externalSource,10,,Actions Cleaned,Actions Cleaned [external],external,12453,13272,hazmit_dama,,(not set),TRUE,Smart (fetch on change),TRUE,No,source Actions Cleaned is not in the in-scope source list; page is not labelled 'Relevant' in the page allow-list,(deferred),"None for now - deferred from the fetch-mode sweep because source Actions Cleaned is not in the in-scope source list; and page is not labelled 'Relevant' in the page allow-list. Every component set to Force (always re-fetch) re-queries on every mount, so the sweep is deliberately limited. It keeps behaving as Smart (fetch on change).",Deferred - out of narrowed scope,Deferred,,,
T6-C456,T6-001,1300890,https://county_template.devmny.org/track_progress/actions_dashboard,track_progress/actions_dashboard,2416151,(untitled Card),2416155,1f7672cb-c3c9-450b-808e-15c80f91ec4a,Card,v2,externalSource,3,,Actions Cleaned,Actions Cleaned [external],external,12453,13272,hazmit_dama,,(not set),TRUE,Smart (fetch on change),TRUE,No,source Actions Cleaned is not in the in-scope source list; page is not labelled 'Relevant' in the page allow-list,(deferred),"None for now - deferred from the fetch-mode sweep because source Actions Cleaned is not in the in-scope source list; and page is not labelled 'Relevant' in the page allow-list. Every component set to Force (always re-fetch) re-queries on every mount, so the sweep is deliberately limited. It keeps behaving as Smart (fetch on change).",Deferred - out of narrowed scope,Deferred,,,
T6-C457,T6-001,1300890,https://county_template.devmny.org/track_progress/actions_dashboard,track_progress/actions_dashboard,2416151,(untitled Card),2416156,ff182f73-1242-430a-9b3e-13b622b08bb5,Card,v2,externalSource,4,,Actions Cleaned,Actions Cleaned [external],external,12453,13272,hazmit_dama,,(not set),TRUE,Smart (fetch on change),TRUE,No,source Actions Cleaned is not in the in-scope source list; page is not labelled 'Relevant' in the page allow-list,(deferred),"None for now - deferred from the fetch-mode sweep because source Actions Cleaned is not in the in-scope source list; and page is not labelled 'Relevant' in the page allow-list. Every component set to Force (always re-fetch) re-queries on every mount, so the sweep is deliberately limited. It keeps behaving as Smart (fetch on change).",Deferred - out of narrowed scope,Deferred,,,
T6-C458,T6-001,1300890,https://county_template.devmny.org/track_progress/actions_dashboard,track_progress/actions_dashboard,2416151,(untitled Card),2416160,3aab8bbc-1b0e-4793-9b09-880f74a3d814,Card,v2,externalSource,8,,Actions Cleaned,Actions Cleaned [external],external,12453,13272,hazmit_dama,,(not set),TRUE,Smart (fetch on change),TRUE,No,source Actions Cleaned is not in the in-scope source list; page is not labelled 'Relevant' in the page allow-list,(deferred),"None for now - deferred from the fetch-mode sweep because source Actions Cleaned is not in the in-scope source list; and page is not labelled 'Relevant' in the page allow-list. Every component set to Force (always re-fetch) re-queries on every mount, so the sweep is deliberately limited. It keeps behaving as Smart (fetch on change).",Deferred - out of narrowed scope,Deferred,,,
T6-C459,T6-001,1300890,https://county_template.devmny.org/track_progress/actions_dashboard,track_progress/actions_dashboard,2416151,(untitled Card),2416162,9e7f79cd-9919-4bf1-9014-130b2fc2a7bd,Card,v2,externalSource,10,,Actions Cleaned,Actions Cleaned [external],external,12453,13272,hazmit_dama,,(not set),TRUE,Smart (fetch on change),TRUE,No,source Actions Cleaned is not in the in-scope source list; page is not labelled 'Relevant' in the page allow-list,(deferred),"None for now - deferred from the fetch-mode sweep because source Actions Cleaned is not in the in-scope source list; and page is not labelled 'Relevant' in the page allow-list. Every component set to Force (always re-fetch) re-queries on every mount, so the sweep is deliberately limited. It keeps behaving as Smart (fetch on change).",Deferred - out of narrowed scope,Deferred,,,
T6-C460,T6-001,1300890,https://county_template.devmny.org/track_progress/actions_dashboard,track_progress/actions_dashboard,2416151,(untitled Spreadsheet),2416165,887bd0d0-e469-45d6-966c-630d353b5f5a,Spreadsheet,v2,externalSource,13,,Actions Cleaned,Actions Cleaned [external],external,12453,13272,hazmit_dama,,(not set),TRUE,Smart (fetch on change),TRUE,No,source Actions Cleaned is not in the in-scope source list; page is not labelled 'Relevant' in the page allow-list,(deferred),"None for now - deferred from the fetch-mode sweep because source Actions Cleaned is not in the in-scope source list; and page is not labelled 'Relevant' in the page allow-list. Every component set to Force (always re-fetch) re-queries on every mount, so the sweep is deliberately limited. It keeps behaving as Smart (fetch on change).",Deferred - out of narrowed scope,Deferred,,,
T6-C461,T6-001,1300890,https://county_template.devmny.org/track_progress/actions_database,track_progress/actions_database,1425854,Local Actions by Progress Status,2242695,135038c0-88da-4863-8d7c-dacffab89f99,Card,v2,externalSource,3,,Actions_Revised,Actions_Revised [test_meta_forms],internal,1029065,1074456,mitigat-ny-prod+test_meta_forms,,(not set),TRUE,Smart (fetch on change),TRUE,No,page is not labelled 'Relevant' in the page allow-list,(deferred),"None for now - deferred from the fetch-mode sweep because page is not labelled 'Relevant' in the page allow-list. Every component set to Force (always re-fetch) re-queries on every mount, so the sweep is deliberately limited. It keeps behaving as Smart (fetch on change).",Deferred - out of narrowed scope,Deferred,,,
T6-C462,T6-001,1300890,https://county_template.devmny.org/track_progress/actions_database,track_progress/actions_database,1425854,(untitled Spreadsheet),2174563,e2f362e9-4385-4e32-a4f9-ee3738744452,Spreadsheet,v2,externalSource,5,,Actions_Revised,Actions_Revised [test_meta_forms],internal,1029065,1074456,mitigat-ny-prod+test_meta_forms,,(not set),TRUE,Smart (fetch on change),TRUE,No,page is not labelled 'Relevant' in the page allow-list,(deferred),"None for now - deferred from the fetch-mode sweep because page is not labelled 'Relevant' in the page allow-list. Every component set to Force (always re-fetch) re-queries on every mount, so the sweep is deliberately limited. It keeps behaving as Smart (fetch on change).",Deferred - out of narrowed scope,Deferred,,,
T6-C463,T6-001,1300890,https://county_template.devmny.org/track_progress/actions_database/actions_index,track_progress/actions_database/actions_index,2175309,Edit Actions by Jurisdiction,2175313,b392fae3-59fc-4e47-a8ac-5bebc48d481e,Spreadsheet,v2,externalSource,1,,Jurisdictions,Jurisdictions [test_meta_forms],internal,1346449,1346450,mitigat-ny-prod+test_meta_forms,,(not set),TRUE,Smart (fetch on change),TRUE,No,page is not labelled 'Relevant' in the page allow-list,(deferred),"None for now - deferred from the fetch-mode sweep because page is not labelled 'Relevant' in the page allow-list. Every component set to Force (always re-fetch) re-queries on every mount, so the sweep is deliberately limited. It keeps behaving as Smart (fetch on change).",Deferred - out of narrowed scope,Deferred,,,
T6-C464,T6-001,1300890,https://county_template.devmny.org/track_progress/actions_database/actions_index/action_edit,track_progress/actions_database/actions_index/action_edit,2178287,(untitled Card),2248250,2bc183d5-7f46-4b19-bb1e-dd866948b543,Card,v2,externalSource,1,,Actions_Revised,Actions_Revised [test_meta_forms],internal,1029065,1074456,mitigat-ny-prod+test_meta_forms,,(not set),TRUE,Smart (fetch on change),TRUE,No,page is not labelled 'Relevant' in the page allow-list,(deferred),"None for now - deferred from the fetch-mode sweep because page is not labelled 'Relevant' in the page allow-list. Every component set to Force (always re-fetch) re-queries on every mount, so the sweep is deliberately limited. It keeps behaving as Smart (fetch on change).",Deferred - out of narrowed scope,Deferred,,,
T6-C465,T6-001,1300890,https://county_template.devmny.org/track_progress/actions_database/actions_index/action_edit,track_progress/actions_database/actions_index/action_edit,2178287,(untitled Card),2248251,78cac3df-63c7-47de-9549-d2dacd862153,Card,v2,externalSource,2,,Actions_Revised,Actions_Revised [test_meta_forms],internal,1029065,1074456,mitigat-ny-prod+test_meta_forms,,(not set),TRUE,Smart (fetch on change),TRUE,No,page is not labelled 'Relevant' in the page allow-list,(deferred),"None for now - deferred from the fetch-mode sweep because page is not labelled 'Relevant' in the page allow-list. Every component set to Force (always re-fetch) re-queries on every mount, so the sweep is deliberately limited. It keeps behaving as Smart (fetch on change).",Deferred - out of narrowed scope,Deferred,,,
T6-C466,T6-001,1300890,https://county_template.devmny.org/track_progress/actions_database/actions_index/action_edit,track_progress/actions_database/actions_index/action_edit,2178287,(untitled Card),2248252,731e9e72-0966-4cef-b0f4-cb670b9a50fd,Card,v2,externalSource,3,,Actions_Revised,Actions_Revised [test_meta_forms],internal,1029065,1074456,mitigat-ny-prod+test_meta_forms,,(not set),TRUE,Smart (fetch on change),TRUE,No,page is not labelled 'Relevant' in the page allow-list,(deferred),"None for now - deferred from the fetch-mode sweep because page is not labelled 'Relevant' in the page allow-list. Every component set to Force (always re-fetch) re-queries on every mount, so the sweep is deliberately limited. It keeps behaving as Smart (fetch on change).",Deferred - out of narrowed scope,Deferred,,,
T6-C467,T6-001,1300890,https://county_template.devmny.org/track_progress/actions_database/actions_index/action_edit,track_progress/actions_database/actions_index/action_edit,2178287,(untitled Card),2248254,60272696-6970-44fd-9db7-a2049112d2a0,Card,v2,externalSource,4,,Actions_Revised,Actions_Revised [test_meta_forms],internal,1029065,1074456,mitigat-ny-prod+test_meta_forms,,(not set),TRUE,Smart (fetch on change),TRUE,No,page is not labelled 'Relevant' in the page allow-list,(deferred),"None for now - deferred from the fetch-mode sweep because page is not labelled 'Relevant' in the page allow-list. Every component set to Force (always re-fetch) re-queries on every mount, so the sweep is deliberately limited. It keeps behaving as Smart (fetch on change).",Deferred - out of narrowed scope,Deferred,,,
T6-C468,T6-001,1300890,https://county_template.devmny.org/track_progress/actions_database/actions_index/action_edit,track_progress/actions_database/actions_index/action_edit,2178287,(untitled Card),2248253,a6e40212-1cb0-43d3-9423-ae4210740be9,Card,v2,externalSource,5,,Actions_Revised,Actions_Revised [test_meta_forms],internal,1029065,1074456,mitigat-ny-prod+test_meta_forms,,(not set),TRUE,Smart (fetch on change),TRUE,No,page is not labelled 'Relevant' in the page allow-list,(deferred),"None for now - deferred from the fetch-mode sweep because page is not labelled 'Relevant' in the page allow-list. Every component set to Force (always re-fetch) re-queries on every mount, so the sweep is deliberately limited. It keeps behaving as Smart (fetch on change).",Deferred - out of narrowed scope,Deferred,,,
T6-C469,T6-001,1300890,https://county_template.devmny.org/track_progress/actions_database/actions_index/action_edit,track_progress/actions_database/actions_index/action_edit,2178287,(untitled Card),2248255,ee989001-a6b6-42a0-a8f9-15142a7a8c3f,Card,v2,externalSource,6,,Actions_Revised,Actions_Revised [test_meta_forms],internal,1029065,1074456,mitigat-ny-prod+test_meta_forms,,(not set),TRUE,Smart (fetch on change),TRUE,No,page is not labelled 'Relevant' in the page allow-list,(deferred),"None for now - deferred from the fetch-mode sweep because page is not labelled 'Relevant' in the page allow-list. Every component set to Force (always re-fetch) re-queries on every mount, so the sweep is deliberately limited. It keeps behaving as Smart (fetch on change).",Deferred - out of narrowed scope,Deferred,,,
T6-C470,T6-001,1300890,https://county_template.devmny.org/track_progress/actions_database/actions_index/action_edit,track_progress/actions_database/actions_index/action_edit,2178287,(untitled Card),2248256,2dc043f2-58dd-48f1-a362-1d5a82f70975,Card,v2,externalSource,7,,Actions_Revised,Actions_Revised [test_meta_forms],internal,1029065,1074456,mitigat-ny-prod+test_meta_forms,,(not set),TRUE,Smart (fetch on change),TRUE,No,page is not labelled 'Relevant' in the page allow-list,(deferred),"None for now - deferred from the fetch-mode sweep because page is not labelled 'Relevant' in the page allow-list. Every component set to Force (always re-fetch) re-queries on every mount, so the sweep is deliberately limited. It keeps behaving as Smart (fetch on change).",Deferred - out of narrowed scope,Deferred,,,
T6-C471,T6-001,1300890,https://county_template.devmny.org/track_progress/actions_database/actions_index/action_prioritize,track_progress/actions_database/actions_index/action_prioritize,2239721,(untitled Card),2248281,dcbbdf0c-d8bf-4eed-bf6f-7bf7d2a92535,Card,v2,externalSource,1,,Actions_Revised,Actions_Revised [test_meta_forms],internal,1029065,1074456,mitigat-ny-prod+test_meta_forms,,(not set),TRUE,Smart (fetch on change),TRUE,No,page is not labelled 'Relevant' in the page allow-list,(deferred),"None for now - deferred from the fetch-mode sweep because page is not labelled 'Relevant' in the page allow-list. Every component set to Force (always re-fetch) re-queries on every mount, so the sweep is deliberately limited. It keeps behaving as Smart (fetch on change).",Deferred - out of narrowed scope,Deferred,,,
T6-C472,T6-001,1300890,https://county_template.devmny.org/track_progress/actions_database/actions_index/action_prioritize,track_progress/actions_database/actions_index/action_prioritize,2239721,(untitled Spreadsheet),2248283,911f16b8-1c2a-4b10-9e1b-325abd0272bb,Spreadsheet,v2,externalSource,4,,Actions_Revised,Actions_Revised [test_meta_forms],internal,1029065,1074456,mitigat-ny-prod+test_meta_forms,,(not set),TRUE,Smart (fetch on change),TRUE,No,page is not labelled 'Relevant' in the page allow-list,(deferred),"None for now - deferred from the fetch-mode sweep because page is not labelled 'Relevant' in the page allow-list. Every component set to Force (always re-fetch) re-queries on every mount, so the sweep is deliberately limited. It keeps behaving as Smart (fetch on change).",Deferred - out of narrowed scope,Deferred,,,
T6-C473,T6-001,1300890,https://county_template.devmny.org/track_progress/actions_database/actions_index/action_prioritize_cards,track_progress/actions_database/actions_index/action_prioritize_cards,2248975,(untitled Card),2248972,dcbbdf0c-d8bf-4eed-bf6f-7bf7d2a92535,Card,v2,externalSource,1,,Actions_Revised,Actions_Revised [test_meta_forms],internal,1029065,1074456,mitigat-ny-prod+test_meta_forms,,(not set),TRUE,Smart (fetch on change),TRUE,No,page is not labelled 'Relevant' in the page allow-list,(deferred),"None for now - deferred from the fetch-mode sweep because page is not labelled 'Relevant' in the page allow-list. Every component set to Force (always re-fetch) re-queries on every mount, so the sweep is deliberately limited. It keeps behaving as Smart (fetch on change).",Deferred - out of narrowed scope,Deferred,,,
T6-C474,T6-001,1300890,https://county_template.devmny.org/track_progress/actions_database/actions_index/action_prioritize_cards,track_progress/actions_database/actions_index/action_prioritize_cards,2248975,(untitled Card),2248974,911f16b8-1c2a-4b10-9e1b-325abd0272bb,Card,v2,externalSource,4,,Actions_Revised,Actions_Revised [test_meta_forms],internal,1029065,1074456,mitigat-ny-prod+test_meta_forms,,(not set),TRUE,Smart (fetch on change),TRUE,No,page is not labelled 'Relevant' in the page allow-list,(deferred),"None for now - deferred from the fetch-mode sweep because page is not labelled 'Relevant' in the page allow-list. Every component set to Force (always re-fetch) re-queries on every mount, so the sweep is deliberately limited. It keeps behaving as Smart (fetch on change).",Deferred - out of narrowed scope,Deferred,,,
T6-C475,T6-001,1300890,https://county_template.devmny.org/track_progress/actions_database/actions_index/action_view,track_progress/actions_database/actions_index/action_view,2178199,(untitled Card),2248266,75208c2f-8429-400c-8f46-c10cc73aa3a0,Card,v2,externalSource,1,,Actions_Revised,Actions_Revised [test_meta_forms],internal,1029065,1074456,mitigat-ny-prod+test_meta_forms,,(not set),TRUE,Smart (fetch on change),TRUE,No,page is not labelled 'Relevant' in the page allow-list,(deferred),"None for now - deferred from the fetch-mode sweep because page is not labelled 'Relevant' in the page allow-list. Every component set to Force (always re-fetch) re-queries on every mount, so the sweep is deliberately limited. It keeps behaving as Smart (fetch on change).",Deferred - out of narrowed scope,Deferred,,,
T6-C476,T6-001,1300890,https://county_template.devmny.org/track_progress/actions_database/actions_index/action_view,track_progress/actions_database/actions_index/action_view,2178199,(untitled Card),2248267,c9bdd0eb-fba6-424d-9414-77388e172553,Card,v2,externalSource,2,,Actions_Revised,Actions_Revised [test_meta_forms],internal,1029065,1074456,mitigat-ny-prod+test_meta_forms,,(not set),TRUE,Smart (fetch on change),TRUE,No,page is not labelled 'Relevant' in the page allow-list,(deferred),"None for now - deferred from the fetch-mode sweep because page is not labelled 'Relevant' in the page allow-list. Every component set to Force (always re-fetch) re-queries on every mount, so the sweep is deliberately limited. It keeps behaving as Smart (fetch on change).",Deferred - out of narrowed scope,Deferred,,,
T6-C477,T6-001,1300890,https://county_template.devmny.org/track_progress/actions_database/actions_index/action_view,track_progress/actions_database/actions_index/action_view,2178199,(untitled Card),2248268,f5a13639-6956-44e6-993f-c93e7f0139b8,Card,v2,externalSource,3,,Actions_Revised,Actions_Revised [test_meta_forms],internal,1029065,1074456,mitigat-ny-prod+test_meta_forms,,(not set),TRUE,Smart (fetch on change),TRUE,No,page is not labelled 'Relevant' in the page allow-list,(deferred),"None for now - deferred from the fetch-mode sweep because page is not labelled 'Relevant' in the page allow-list. Every component set to Force (always re-fetch) re-queries on every mount, so the sweep is deliberately limited. It keeps behaving as Smart (fetch on change).",Deferred - out of narrowed scope,Deferred,,,
T6-C478,T6-001,1300890,https://county_template.devmny.org/track_progress/actions_database/actions_index/action_view,track_progress/actions_database/actions_index/action_view,2178199,(untitled Card),2248269,eeeaafcd-41f8-4b8d-983e-7d26ec100e0d,Card,v2,externalSource,4,,Actions_Revised,Actions_Revised [test_meta_forms],internal,1029065,1074456,mitigat-ny-prod+test_meta_forms,,(not set),TRUE,Smart (fetch on change),TRUE,No,page is not labelled 'Relevant' in the page allow-list,(deferred),"None for now - deferred from the fetch-mode sweep because page is not labelled 'Relevant' in the page allow-list. Every component set to Force (always re-fetch) re-queries on every mount, so the sweep is deliberately limited. It keeps behaving as Smart (fetch on change).",Deferred - out of narrowed scope,Deferred,,,
T6-C479,T6-001,1300890,https://county_template.devmny.org/track_progress/actions_database/actions_index/action_view,track_progress/actions_database/actions_index/action_view,2178199,(untitled Card),2248270,0ca93809-21dc-49a8-a8d2-cdddd7b0c2c8,Card,v2,externalSource,5,,Actions_Revised,Actions_Revised [test_meta_forms],internal,1029065,1074456,mitigat-ny-prod+test_meta_forms,,(not set),TRUE,Smart (fetch on change),TRUE,No,page is not labelled 'Relevant' in the page allow-list,(deferred),"None for now - deferred from the fetch-mode sweep because page is not labelled 'Relevant' in the page allow-list. Every component set to Force (always re-fetch) re-queries on every mount, so the sweep is deliberately limited. It keeps behaving as Smart (fetch on change).",Deferred - out of narrowed scope,Deferred,,,
T6-C480,T6-001,1300890,https://county_template.devmny.org/track_progress/actions_database/actions_index/action_view,track_progress/actions_database/actions_index/action_view,2178199,(untitled Card),2248271,2a0bbab3-415f-4d58-bbeb-23e7da583c3e,Card,v2,externalSource,6,,Actions_Revised,Actions_Revised [test_meta_forms],internal,1029065,1074456,mitigat-ny-prod+test_meta_forms,,(not set),TRUE,Smart (fetch on change),TRUE,No,page is not labelled 'Relevant' in the page allow-list,(deferred),"None for now - deferred from the fetch-mode sweep because page is not labelled 'Relevant' in the page allow-list. Every component set to Force (always re-fetch) re-queries on every mount, so the sweep is deliberately limited. It keeps behaving as Smart (fetch on change).",Deferred - out of narrowed scope,Deferred,,,
T6-C481,T6-001,1300890,https://county_template.devmny.org/track_progress/actions_database/actions_index/action_view,track_progress/actions_database/actions_index/action_view,2178199,(untitled Card),2248272,ce7ecb59-a3b9-4349-b5b1-0c5a2f64cd10,Card,v2,externalSource,7,,Actions_Revised,Actions_Revised [test_meta_forms],internal,1029065,1074456,mitigat-ny-prod+test_meta_forms,,(not set),TRUE,Smart (fetch on change),TRUE,No,page is not labelled 'Relevant' in the page allow-list,(deferred),"None for now - deferred from the fetch-mode sweep because page is not labelled 'Relevant' in the page allow-list. Every component set to Force (always re-fetch) re-queries on every mount, so the sweep is deliberately limited. It keeps behaving as Smart (fetch on change).",Deferred - out of narrowed scope,Deferred,,,
T6-C482,T6-001,1300890,https://county_template.devmny.org/track_progress/actions_database/actions_index/actions_edit_list,track_progress/actions_database/actions_index/actions_edit_list,2175311,(untitled Spreadsheet),2175315,66f16474-3c18-432e-a989-dfee89772442,Spreadsheet,v2,externalSource,1,,Actions_Revised,Actions_Revised [test_meta_forms],internal,1029065,1074456,mitigat-ny-prod+test_meta_forms,,Force (always re-fetch),TRUE,Force (always re-fetch),,No,page is not labelled 'Relevant' in the page allow-list,(deferred),"None for now - deferred from the fetch-mode sweep because page is not labelled 'Relevant' in the page allow-list. Every component set to Force (always re-fetch) re-queries on every mount, so the sweep is deliberately limited. It keeps behaving as Force (always re-fetch). Already stored as Force (always re-fetch) - left as-is; reverting is not required.",Deferred - out of narrowed scope,Deferred,,,Already correct at scan time.
T6-C483,T6-001,1300890,https://county_template.devmny.org/track_progress/actions_database/actions_index/actions_edit_list_dup,track_progress/actions_database/actions_index/actions_edit_list_dup,2239666,(untitled Spreadsheet),2239665,66f16474-3c18-432e-a989-dfee89772442,Spreadsheet,v2,externalSource,1,,Actions_Revised,Actions_Revised [test_meta_forms],internal,1029065,1074456,mitigat-ny-prod+test_meta_forms,,Force (always re-fetch),TRUE,Force (always re-fetch),,No,page is not labelled 'Relevant' in the page allow-list,(deferred),"None for now - deferred from the fetch-mode sweep because page is not labelled 'Relevant' in the page allow-list. Every component set to Force (always re-fetch) re-queries on every mount, so the sweep is deliberately limited. It keeps behaving as Force (always re-fetch). Already stored as Force (always re-fetch) - left as-is; reverting is not required.",Deferred - out of narrowed scope,Deferred,,,Already correct at scan time.
T6-C484,T6-001,1300890,https://county_template.devmny.org/track_progress/actions_database/actions_index/prioritize_actions_list,track_progress/actions_database/actions_index/prioritize_actions_list,2262755,(untitled Card),2262775,25292680-12f9-40f8-9076-da72d960ba2b,Card,v2,externalSource,1,,Actions_Revised,Actions_Revised [test_meta_forms],internal,1029065,1074456,mitigat-ny-prod+test_meta_forms,,(not set),TRUE,Smart (fetch on change),TRUE,No,page is not labelled 'Relevant' in the page allow-list,(deferred),"None for now - deferred from the fetch-mode sweep because page is not labelled 'Relevant' in the page allow-list. Every component set to Force (always re-fetch) re-queries on every mount, so the sweep is deliberately limited. It keeps behaving as Smart (fetch on change).",Deferred - out of narrowed scope,Deferred,,,
T6-C485,T6-001,1300890,https://county_template.devmny.org/track_progress/actions_database/actions_index/prioritize_actions_list,track_progress/actions_database/actions_index/prioritize_actions_list,2262755,(untitled Card),2262757,d1d13a79-ab5c-438f-b92f-48b88e6fdbae,Card,v2,externalSource,2,,Actions_Revised,Actions_Revised [test_meta_forms],internal,1029065,1074456,mitigat-ny-prod+test_meta_forms,,(not set),TRUE,Smart (fetch on change),TRUE,No,page is not labelled 'Relevant' in the page allow-list,(deferred),"None for now - deferred from the fetch-mode sweep because page is not labelled 'Relevant' in the page allow-list. Every component set to Force (always re-fetch) re-queries on every mount, so the sweep is deliberately limited. It keeps behaving as Smart (fetch on change).",Deferred - out of narrowed scope,Deferred,,,
T6-C486,T6-001,1300890,https://county_template.devmny.org/track_progress/actions_database/actions_index/prioritize_actions_list,track_progress/actions_database/actions_index/prioritize_actions_list,2262755,(untitled Spreadsheet),2262760,d64b0723-c386-407e-967d-e1e495b081dd,Spreadsheet,v2,externalSource,5,,Actions_Revised,Actions_Revised [test_meta_forms],internal,1029065,1074456,mitigat-ny-prod+test_meta_forms,,(not set),TRUE,Smart (fetch on change),TRUE,No,page is not labelled 'Relevant' in the page allow-list,(deferred),"None for now - deferred from the fetch-mode sweep because page is not labelled 'Relevant' in the page allow-list. Every component set to Force (always re-fetch) re-queries on every mount, so the sweep is deliberately limited. It keeps behaving as Smart (fetch on change).",Deferred - out of narrowed scope,Deferred,,,
T6-C1050,T6-001,1300890,https://county_template.devmny.org/track_progress/annual_maintenance,track_progress/annual_maintenance,1609880,Annual Maintenance Overview,1609886,c52a66d2-f6bf-46d2-be1b-dde5547c3b95,Card,v1,sourceInfo,2,,LHMP_IA,LHMP_IA [test-meta-forms],internal,1441680,1441681,mitigat-ny-prod+test-meta-forms,,(not set),TRUE,Smart (fetch on change),TRUE,No,source LHMP_IA is not in the in-scope source list; page is not labelled 'Relevant' in the page allow-list,(deferred),"None for now - deferred from the fetch-mode sweep because source LHMP_IA is not in the in-scope source list; and page is not labelled 'Relevant' in the page allow-list. Every component set to Force (always re-fetch) re-queries on every mount, so the sweep is deliberately limited. It keeps behaving as Smart (fetch on change).",Deferred - out of narrowed scope,Deferred,,,
T6-C1051,T6-001,1300890,https://county_template.devmny.org/track_progress/funding_sources,track_progress/funding_sources,1672376,(untitled Card),1672508,27025453-3009-405d-9676-ec6afac77579,Card,v1,sourceInfo,2,,Funding_Sources,Funding_Sources [test-meta-forms],internal,1672380,1672381,mitigat-ny-prod+test-meta-forms,,(not set),TRUE,Smart (fetch on change),TRUE,No,source Funding_Sources is not in the in-scope source list; page is not labelled 'Relevant' in the page allow-list,(deferred),"None for now - deferred from the fetch-mode sweep because source Funding_Sources is not in the in-scope source list; and page is not labelled 'Relevant' in the page allow-list. Every component set to Force (always re-fetch) re-queries on every mount, so the sweep is deliberately limited. It keeps behaving as Smart (fetch on change).",Deferred - out of narrowed scope,Deferred,,,
T6-X001,T6-001,1300890,https://county_template.devmny.org/home,home,1300803,(untitled Header: MNY Data),2175337,07af22e8-dcf1-4ad0-95ce-3b6cd8c70674,Header: MNY Data,v2,externalSource,0,,DHSES_County_Database,DHSES_County_Database [test_meta_forms],internal,953754,1108098,mitigat-ny-prod+test_meta_forms,,(not set),TRUE,Smart (fetch on change),TRUE,No,Header: MNY Data exposes no Data Fetch Mode control,(no control),"None available. Header: MNY Data exposes no Data Fetch Mode control (only Card, Spreadsheet and Graph do), so this component cannot be set by an author. It resolves through the implicit fallback and would need a library change to become settable.",Out of scope - no setting exists,Out of scope,,,
T6-X012,T6-001,1300890,https://county_template.devmny.org/home,home,1300803,(untitled Footer: MNY Footer),2175347,6f40a500-72da-42d2-a62e-6fbc6c0df0b4,Footer: MNY Footer,v1,sourceInfo,9,,,(unnamed),external,,,,,(not set),,Cache (use preloaded data),TRUE,No,Footer: MNY Footer exposes no Data Fetch Mode control,(no control),"None available. Footer: MNY Footer exposes no Data Fetch Mode control (only Card, Spreadsheet and Graph do), so this component cannot be set by an author. It resolves through the implicit fallback and would need a library change to become settable.",Out of scope - no setting exists,Out of scope,,,
T6-X013,T6-001,1300890,https://county_template.devmny.org/the_local_environment,the_local_environment,1300804,(untitled Header: MNY Data),1299444,,Header: MNY Data,v1,sourceInfo,0,,,(unnamed),external,,,,,(not set),,Cache (use preloaded data),TRUE,No,Header: MNY Data exposes no Data Fetch Mode control,(no control),"None available. Header: MNY Data exposes no Data Fetch Mode control (only Card, Spreadsheet and Graph do), so this component cannot be set by an author. It resolves through the implicit fallback and would need a library change to become settable.",Out of scope - no setting exists,Out of scope,,,
T6-X014,T6-001,1300890,https://county_template.devmny.org/the_local_environment,the_local_environment,1300804,(untitled Footer: MNY Footer),1673033,6f91ecbc-bf09-4e53-9757-4d31f717e4b9,Footer: MNY Footer,v1,sourceInfo,10,,,(unnamed),external,,,,,(not set),,Cache (use preloaded data),TRUE,No,Footer: MNY Footer exposes no Data Fetch Mode control,(no control),"None available. Footer: MNY Footer exposes no Data Fetch Mode control (only Card, Spreadsheet and Graph do), so this component cannot be set by an author. It resolves through the implicit fallback and would need a library change to become settable.",Out of scope - no setting exists,Out of scope,,,
T6-X015,T6-001,1300890,https://county_template.devmny.org/the_local_environment/built_environment,the_local_environment/built_environment,1300809,(untitled Header: MNY Data),2011219,ac4cd87f-9f51-45e7-a412-773b43afc5a6,Header: MNY Data,v1,sourceInfo,51,,,(unnamed),external,,,,,(not set),,Cache (use preloaded data),TRUE,No,Header: MNY Data exposes no Data Fetch Mode control,(no control),"None available. Header: MNY Data exposes no Data Fetch Mode control (only Card, Spreadsheet and Graph do), so this component cannot be set by an author. It resolves through the implicit fallback and would need a library change to become settable.",Out of scope - no setting exists,Out of scope,,,
T6-X016,T6-001,1300890,https://county_template.devmny.org/the_local_environment/built_environment,the_local_environment/built_environment,1300809,(untitled Footer: MNY Footer),2011220,2e505cc9-5214-4500-9c55-8d73bbda3c2e,Footer: MNY Footer,v1,sourceInfo,52,,,(unnamed),external,,,,,(not set),,Cache (use preloaded data),TRUE,No,Footer: MNY Footer exposes no Data Fetch Mode control,(no control),"None available. Footer: MNY Footer exposes no Data Fetch Mode control (only Card, Spreadsheet and Graph do), so this component cannot be set by an author. It resolves through the implicit fallback and would need a library change to become settable.",Out of scope - no setting exists,Out of scope,,,
T6-X017,T6-001,1300890,https://county_template.devmny.org/the_local_environment/high_hazard_dams,the_local_environment/high_hazard_dams,1300814,(untitled Header: MNY Data),1458944,5f6daff6-6f4e-4e54-b0eb-190f87f3d7c3,Header: MNY Data,v1,sourceInfo,0,,,(unnamed),external,,,,,(not set),,Cache (use preloaded data),TRUE,No,Header: MNY Data exposes no Data Fetch Mode control,(no control),"None available. Header: MNY Data exposes no Data Fetch Mode control (only Card, Spreadsheet and Graph do), so this component cannot be set by an author. It resolves through the implicit fallback and would need a library change to become settable.",Out of scope - no setting exists,Out of scope,,,
T6-X018,T6-001,1300890,https://county_template.devmny.org/the_local_environment/high_hazard_dams,the_local_environment/high_hazard_dams,1300814,(untitled Footer: MNY Footer),1673180,53cb53a1-a3a2-4e20-91c0-10508f3923a3,Footer: MNY Footer,v1,sourceInfo,8,,,(unnamed),external,,,,,(not set),,Cache (use preloaded data),TRUE,No,Footer: MNY Footer exposes no Data Fetch Mode control,(no control),"None available. Footer: MNY Footer exposes no Data Fetch Mode control (only Card, Spreadsheet and Graph do), so this component cannot be set by an author. It resolves through the implicit fallback and would need a library change to become settable.",Out of scope - no setting exists,Out of scope,,,
T6-X019,T6-001,1300890,https://county_template.devmny.org/the_local_environment/natural_environment,the_local_environment/natural_environment,1300819,(untitled Header: MNY Data),1703901,e5c95935-1fb2-4ddc-83ac-114cfbb9359c,Header: MNY Data,v1,sourceInfo,35,,,(unnamed),external,,,,,(not set),,Cache (use preloaded data),TRUE,No,Header: MNY Data exposes no Data Fetch Mode control,(no control),"None available. Header: MNY Data exposes no Data Fetch Mode control (only Card, Spreadsheet and Graph do), so this component cannot be set by an author. It resolves through the implicit fallback and would need a library change to become settable.",Out of scope - no setting exists,Out of scope,,,
T6-X020,T6-001,1300890,https://county_template.devmny.org/the_local_environment/nfip_floodplain_management,the_local_environment/nfip_floodplain_management,1421876,(untitled Footer: MNY Footer),1672628,e81ef496-6f35-4e4f-8b1c-f9005a222c1e,Footer: MNY Footer,v1,sourceInfo,17,,,(unnamed),external,,,,,(not set),,Cache (use preloaded data),TRUE,No,Footer: MNY Footer exposes no Data Fetch Mode control,(no control),"None available. Footer: MNY Footer exposes no Data Fetch Mode control (only Card, Spreadsheet and Graph do), so this component cannot be set by an author. It resolves through the implicit fallback and would need a library change to become settable.",Out of scope - no setting exists,Out of scope,,,
T6-X021,T6-001,1300890,https://county_template.devmny.org/the_local_environment/people_and_communities,the_local_environment/people_and_communities,1300810,(untitled Header: MNY Data),2003797,f8e664ff-7699-48b1-8005-516027a64904,Header: MNY Data,v1,sourceInfo,30,,,(unnamed),external,,,,,(not set),,Cache (use preloaded data),TRUE,No,Header: MNY Data exposes no Data Fetch Mode control,(no control),"None available. Header: MNY Data exposes no Data Fetch Mode control (only Card, Spreadsheet and Graph do), so this component cannot be set by an author. It resolves through the implicit fallback and would need a library change to become settable.",Out of scope - no setting exists,Out of scope,,,
T6-X022,T6-001,1300890,https://county_template.devmny.org/the_local_environment/people_and_communities,the_local_environment/people_and_communities,1300810,(untitled Footer: MNY Footer),2003798,dd45aef7-e5ce-4f52-a226-95066a6920d4,Footer: MNY Footer,v1,sourceInfo,31,,,(unnamed),external,,,,,(not set),,Cache (use preloaded data),TRUE,No,Footer: MNY Footer exposes no Data Fetch Mode control,(no control),"None available. Footer: MNY Footer exposes no Data Fetch Mode control (only Card, Spreadsheet and Graph do), so this component cannot be set by an author. It resolves through the implicit fallback and would need a library change to become settable.",Out of scope - no setting exists,Out of scope,,,
T6-X023,T6-001,1300890,https://county_template.devmny.org/the_plan,the_plan,1300808,(untitled Header: MNY Data),1450094,92697870-5c4e-4f79-b2da-7203673cfb47,Header: MNY Data,v1,sourceInfo,10,,,(unnamed),external,,,,,(not set),,Cache (use preloaded data),TRUE,No,Header: MNY Data exposes no Data Fetch Mode control,(no control),"None available. Header: MNY Data exposes no Data Fetch Mode control (only Card, Spreadsheet and Graph do), so this component cannot be set by an author. It resolves through the implicit fallback and would need a library change to become settable.",Out of scope - no setting exists,Out of scope,,,
T6-X024,T6-001,1300890,https://county_template.devmny.org/the_plan/about_the_process,the_plan/about_the_process,1300807,(untitled Header: MNY Data),1553498,133a161d-ba30-4bde-997e-febff2b5d78f,Header: MNY Data,v1,sourceInfo,40,,,(unnamed),external,,,,,(not set),,Cache (use preloaded data),TRUE,No,Header: MNY Data exposes no Data Fetch Mode control,(no control),"None available. Header: MNY Data exposes no Data Fetch Mode control (only Card, Spreadsheet and Graph do), so this component cannot be set by an author. It resolves through the implicit fallback and would need a library change to become settable.",Out of scope - no setting exists,Out of scope,,,
T6-X025,T6-001,1300890,https://county_template.devmny.org/the_plan/about_the_process,the_plan/about_the_process,1300807,(untitled Footer: MNY Footer),1672896,a95806b9-47a1-42e8-893d-6e8225aec485,Footer: MNY Footer,v1,sourceInfo,41,,,(unnamed),external,,,,,(not set),,Cache (use preloaded data),TRUE,No,Footer: MNY Footer exposes no Data Fetch Mode control,(no control),"None available. Footer: MNY Footer exposes no Data Fetch Mode control (only Card, Spreadsheet and Graph do), so this component cannot be set by an author. It resolves through the implicit fallback and would need a library change to become settable.",Out of scope - no setting exists,Out of scope,,,
T6-X026,T6-001,1300890,https://county_template.devmny.org/the_plan/capabilities_assessment,the_plan/capabilities_assessment,1425510,(untitled Header: MNY Data),1517057,5dd7ec9e-d3dc-4e8b-843d-670872e35fbf,Header: MNY Data,v1,sourceInfo,26,,,(unnamed),external,,,,,(not set),,Cache (use preloaded data),TRUE,No,Header: MNY Data exposes no Data Fetch Mode control,(no control),"None available. Header: MNY Data exposes no Data Fetch Mode control (only Card, Spreadsheet and Graph do), so this component cannot be set by an author. It resolves through the implicit fallback and would need a library change to become settable.",Out of scope - no setting exists,Out of scope,,,
T6-X027,T6-001,1300890,https://county_template.devmny.org/the_plan/capabilities_assessment,the_plan/capabilities_assessment,1425510,(untitled Footer: MNY Footer),1672898,6af47ee9-6e66-4727-82dd-6e296e000df8,Footer: MNY Footer,v1,sourceInfo,27,,,(unnamed),external,,,,,(not set),,Cache (use preloaded data),TRUE,No,Footer: MNY Footer exposes no Data Fetch Mode control,(no control),"None available. Footer: MNY Footer exposes no Data Fetch Mode control (only Card, Spreadsheet and Graph do), so this component cannot be set by an author. It resolves through the implicit fallback and would need a library change to become settable.",Out of scope - no setting exists,Out of scope,,,
T6-X028,T6-001,1300890,https://county_template.devmny.org/the_plan/jurisdictional_annexes,the_plan/jurisdictional_annexes,1300933,(untitled Header: MNY Data),2380935,918fcf05-88f6-4ffb-826b-a264620bf80a,Header: MNY Data,v1,sourceInfo,3,,,(unnamed),external,,,,,(not set),,Cache (use preloaded data),TRUE,No,Header: MNY Data exposes no Data Fetch Mode control,(no control),"None available. Header: MNY Data exposes no Data Fetch Mode control (only Card, Spreadsheet and Graph do), so this component cannot be set by an author. It resolves through the implicit fallback and would need a library change to become settable.",Out of scope - no setting exists,Out of scope,,,
T6-X029,T6-001,1300890,https://county_template.devmny.org/the_plan/jurisdictional_annexes,the_plan/jurisdictional_annexes,1300933,(untitled Footer: MNY Footer),2380936,34638e11-a413-4c5a-a635-c86e75af7c98,Footer: MNY Footer,v1,sourceInfo,4,,,(unnamed),external,,,,,(not set),,Cache (use preloaded data),TRUE,No,Footer: MNY Footer exposes no Data Fetch Mode control,(no control),"None available. Footer: MNY Footer exposes no Data Fetch Mode control (only Card, Spreadsheet and Graph do), so this component cannot be set by an author. It resolves through the implicit fallback and would need a library change to become settable.",Out of scope - no setting exists,Out of scope,,,
T6-X002,T6-001,1300890,https://county_template.devmny.org/the_plan/jurisdictional_annexes/crit_infra_form_prototype,the_plan/jurisdictional_annexes/crit_infra_form_prototype,1676371,(untitled Filter),2144345,079f1fc6-40e7-491e-9b5e-0c4f2a600940,Filter,v2,externalSource,1,,Actions_Revised,Actions_Revised [test_meta_forms],internal,1029065,1074456,mitigat-ny-prod+test_meta_forms,,(not set),TRUE,Smart (fetch on change),TRUE,No,Filter exposes no Data Fetch Mode control,(no control),"None available. Filter exposes no Data Fetch Mode control (only Card, Spreadsheet and Graph do), so this component cannot be set by an author. It resolves through the implicit fallback and would need a library change to become settable.",Out of scope - no setting exists,Out of scope,,,
T6-X003,T6-001,1300890,https://county_template.devmny.org/the_plan/jurisdictional_annexes/ho_c_form_prototype,the_plan/jurisdictional_annexes/ho_c_form_prototype,1676369,(untitled Filter),2144371,bc67846d-c6e6-4853-bf18-6b548d064f66,Filter,v2,externalSource,0,,Actions_Revised,Actions_Revised [test_meta_forms],internal,1029065,1074456,mitigat-ny-prod+test_meta_forms,,(not set),TRUE,Smart (fetch on change),TRUE,No,Filter exposes no Data Fetch Mode control,(no control),"None available. Filter exposes no Data Fetch Mode control (only Card, Spreadsheet and Graph do), so this component cannot be set by an author. It resolves through the implicit fallback and would need a library change to become settable.",Out of scope - no setting exists,Out of scope,,,
T6-X004,T6-001,1300890,https://county_template.devmny.org/the_plan/jurisdictional_annexes/ho_c_form_prototype,the_plan/jurisdictional_annexes/ho_c_form_prototype,1676369,(untitled Filter),2144372,227ce09b-bd1d-4bb8-a7d4-812ba8731c41,Filter,v2,externalSource,1,,Hazards_of_Concern,Hazards_of_Concern [test_meta_forms],internal,1473470,1473471,mitigat-ny-prod+test_meta_forms,,(not set),TRUE,Smart (fetch on change),TRUE,No,Filter exposes no Data Fetch Mode control,(no control),"None available. Filter exposes no Data Fetch Mode control (only Card, Spreadsheet and Graph do), so this component cannot be set by an author. It resolves through the implicit fallback and would need a library change to become settable.",Out of scope - no setting exists,Out of scope,,,
T6-X030,T6-001,1300890,https://county_template.devmny.org/the_plan/jurisdictional_annexes/jurisdictional_annex_form,the_plan/jurisdictional_annexes/jurisdictional_annex_form,2243356,(untitled Header: MNY Data),2243265,7c82f82f-540a-4566-8502-8421c2837d3c,Header: MNY Data,v1,sourceInfo,0,,Jurisdictions,Jurisdictions [prod],internal,1346449,,mitigat-ny-prod+prod,,(not set),TRUE,Smart (fetch on change),TRUE,No,Header: MNY Data exposes no Data Fetch Mode control,(no control),"None available. Header: MNY Data exposes no Data Fetch Mode control (only Card, Spreadsheet and Graph do), so this component cannot be set by an author. It resolves through the implicit fallback and would need a library change to become settable.",Out of scope - no setting exists,Out of scope,,,
T6-X005,T6-001,1300890,https://county_template.devmny.org/the_plan/jurisdictional_annexes/jurisdictional_annex_form,the_plan/jurisdictional_annexes/jurisdictional_annex_form,2243356,(untitled Filter),2243268,c2401287-590f-4c78-8a02-29228fc9fc57,Filter,v2,externalSource,3,,Jurisdictions,Jurisdictions [test_meta_forms],internal,1346449,1346450,mitigat-ny-prod+test_meta_forms,,(not set),,Cache (use preloaded data),TRUE,No,Filter exposes no Data Fetch Mode control,(no control),"None available. Filter exposes no Data Fetch Mode control (only Card, Spreadsheet and Graph do), so this component cannot be set by an author. It resolves through the implicit fallback and would need a library change to become settable.",Out of scope - no setting exists,Out of scope,,,
T6-X031,T6-001,1300890,https://county_template.devmny.org/the_plan/jurisdictional_annexes/select_jurisdiction,the_plan/jurisdictional_annexes/select_jurisdiction,1348541,(untitled Header: MNY Data),1348542,7c82f82f-540a-4566-8502-8421c2837d3c,Header: MNY Data,v1,sourceInfo,0,,Jurisdictions,Jurisdictions [prod],internal,1346449,,mitigat-ny-prod+prod,,(not set),TRUE,Smart (fetch on change),TRUE,No,Header: MNY Data exposes no Data Fetch Mode control,(no control),"None available. Header: MNY Data exposes no Data Fetch Mode control (only Card, Spreadsheet and Graph do), so this component cannot be set by an author. It resolves through the implicit fallback and would need a library change to become settable.",Out of scope - no setting exists,Out of scope,,,
T6-X006,T6-001,1300890,https://county_template.devmny.org/the_plan/jurisdictional_annexes/select_jurisdiction,the_plan/jurisdictional_annexes/select_jurisdiction,1348541,(untitled Filter),2242962,c2401287-590f-4c78-8a02-29228fc9fc57,Filter,v2,externalSource,3,,Jurisdictions,Jurisdictions [test_meta_forms],internal,1346449,1346450,mitigat-ny-prod+test_meta_forms,,(not set),,Cache (use preloaded data),TRUE,No,Filter exposes no Data Fetch Mode control,(no control),"None available. Filter exposes no Data Fetch Mode control (only Card, Spreadsheet and Graph do), so this component cannot be set by an author. It resolves through the implicit fallback and would need a library change to become settable.",Out of scope - no setting exists,Out of scope,,,
T6-X032,T6-001,1300890,https://county_template.devmny.org/the_plan/strategies,the_plan/strategies,1425484,(untitled Header: MNY Data),1553537,93966f53-25a9-4fba-b1d8-177f8f46b83f,Header: MNY Data,v1,sourceInfo,28,,,(unnamed),external,,,,,(not set),,Cache (use preloaded data),TRUE,No,Header: MNY Data exposes no Data Fetch Mode control,(no control),"None available. Header: MNY Data exposes no Data Fetch Mode control (only Card, Spreadsheet and Graph do), so this component cannot be set by an author. It resolves through the implicit fallback and would need a library change to become settable.",Out of scope - no setting exists,Out of scope,,,
T6-X033,T6-001,1300890,https://county_template.devmny.org/the_plan/strategies,the_plan/strategies,1425484,(untitled Footer: MNY Footer),1672893,0f5fc610-79e3-43b6-ac13-63bea770fe8a,Footer: MNY Footer,v1,sourceInfo,37,,,(unnamed),external,,,,,(not set),,Cache (use preloaded data),TRUE,No,Footer: MNY Footer exposes no Data Fetch Mode control,(no control),"None available. Footer: MNY Footer exposes no Data Fetch Mode control (only Card, Spreadsheet and Graph do), so this component cannot be set by an author. It resolves through the implicit fallback and would need a library change to become settable.",Out of scope - no setting exists,Out of scope,,,
T6-X034,T6-001,1300890,https://county_template.devmny.org/the_risk,the_risk,1300894,(untitled Header: MNY Data),2005386,278f3635-c123-4a58-9147-332e14ad458d,Header: MNY Data,v1,sourceInfo,13,,,(unnamed),external,,,,,(not set),,Cache (use preloaded data),TRUE,No,Header: MNY Data exposes no Data Fetch Mode control,(no control),"None available. Header: MNY Data exposes no Data Fetch Mode control (only Card, Spreadsheet and Graph do), so this component cannot be set by an author. It resolves through the implicit fallback and would need a library change to become settable.",Out of scope - no setting exists,Out of scope,,,
T6-X035,T6-001,1300890,https://county_template.devmny.org/the_risk/climate_change,the_risk/climate_change,1300805,(untitled Header: MNY Data),1467853,,Header: MNY Data,v1,sourceInfo,0,,,(unnamed),external,,,,,(not set),,Cache (use preloaded data),TRUE,No,Header: MNY Data exposes no Data Fetch Mode control,(no control),"None available. Header: MNY Data exposes no Data Fetch Mode control (only Card, Spreadsheet and Graph do), so this component cannot be set by an author. It resolves through the implicit fallback and would need a library change to become settable.",Out of scope - no setting exists,Out of scope,,,
T6-X036,T6-001,1300890,https://county_template.devmny.org/the_risk/disasters,the_risk/disasters,1300922,(untitled Header: MNY Data),1553884,08cf97e5-d097-41cb-a3e3-6e5f7675d109,Header: MNY Data,v1,sourceInfo,11,,,(unnamed),external,,,,,(not set),,Cache (use preloaded data),TRUE,No,Header: MNY Data exposes no Data Fetch Mode control,(no control),"None available. Header: MNY Data exposes no Data Fetch Mode control (only Card, Spreadsheet and Graph do), so this component cannot be set by an author. It resolves through the implicit fallback and would need a library change to become settable.",Out of scope - no setting exists,Out of scope,,,
T6-X007,T6-001,1300890,https://county_template.devmny.org/the_risk/disasters/disaster_template,the_risk/disasters/disaster_template,1421118,(untitled Filter),2249218,ee206f1a-99b8-4ad1-b28a-bd33f7318d1b,Filter,v2,externalSource,0,,AVAIL - Fusion Events V2,AVAIL - Fusion Events V2 [external],external,870,2401,hazmit_dama,,(not set),,Cache (use preloaded data),TRUE,No,Filter exposes no Data Fetch Mode control,(no control),"None available. Filter exposes no Data Fetch Mode control (only Card, Spreadsheet and Graph do), so this component cannot be set by an author. It resolves through the implicit fallback and would need a library change to become settable.",Out of scope - no setting exists,Out of scope,,,
T6-X037,T6-001,1300890,https://county_template.devmny.org/the_risk/natural_hazards,the_risk/natural_hazards,1300806,(untitled Header: MNY Data),2413434,286b77ce-4dc2-4f4b-afbc-6db90da392fd,Header: MNY Data,v1,sourceInfo,30,,,(unnamed),external,,,,,(not set),,Cache (use preloaded data),TRUE,No,Header: MNY Data exposes no Data Fetch Mode control,(no control),"None available. Header: MNY Data exposes no Data Fetch Mode control (only Card, Spreadsheet and Graph do), so this component cannot be set by an author. It resolves through the implicit fallback and would need a library change to become settable.",Out of scope - no setting exists,Out of scope,,,
T6-X038,T6-001,1300890,https://county_template.devmny.org/the_risk/natural_hazards/avalanche,the_risk/natural_hazards/avalanche,1544721,(untitled Header: MNY Data),2177000,262ff353-28e5-4661-b86f-67fffd753c7b,Header: MNY Data,v1,sourceInfo,68,,,(unnamed),external,,,,,(not set),,Cache (use preloaded data),TRUE,No,Header: MNY Data exposes no Data Fetch Mode control,(no control),"None available. Header: MNY Data exposes no Data Fetch Mode control (only Card, Spreadsheet and Graph do), so this component cannot be set by an author. It resolves through the implicit fallback and would need a library change to become settable.",Out of scope - no setting exists,Out of scope,,,
T6-X039,T6-001,1300890,https://county_template.devmny.org/the_risk/natural_hazards/avalanche,the_risk/natural_hazards/avalanche,1544721,(untitled Footer: MNY Footer),2177001,a95fa0e5-c77f-4669-bfc7-3e3da405a8e6,Footer: MNY Footer,v1,sourceInfo,69,,,(unnamed),external,,,,,(not set),,Cache (use preloaded data),TRUE,No,Footer: MNY Footer exposes no Data Fetch Mode control,(no control),"None available. Footer: MNY Footer exposes no Data Fetch Mode control (only Card, Spreadsheet and Graph do), so this component cannot be set by an author. It resolves through the implicit fallback and would need a library change to become settable.",Out of scope - no setting exists,Out of scope,,,
T6-X040,T6-001,1300890,https://county_template.devmny.org/the_risk/natural_hazards/coastal_hazards,the_risk/natural_hazards/coastal_hazards,1544317,(untitled Header: MNY Data),1544313,262ff353-28e5-4661-b86f-67fffd753c7b,Header: MNY Data,v1,sourceInfo,69,,,(unnamed),external,,,,,(not set),,Cache (use preloaded data),TRUE,No,Header: MNY Data exposes no Data Fetch Mode control,(no control),"None available. Header: MNY Data exposes no Data Fetch Mode control (only Card, Spreadsheet and Graph do), so this component cannot be set by an author. It resolves through the implicit fallback and would need a library change to become settable.",Out of scope - no setting exists,Out of scope,,,
T6-X041,T6-001,1300890,https://county_template.devmny.org/the_risk/natural_hazards/drought,the_risk/natural_hazards/drought,1545217,(untitled Header: MNY Data),1898263,262ff353-28e5-4661-b86f-67fffd753c7b,Header: MNY Data,v1,sourceInfo,67,,,(unnamed),external,,,,,(not set),,Cache (use preloaded data),TRUE,No,Header: MNY Data exposes no Data Fetch Mode control,(no control),"None available. Header: MNY Data exposes no Data Fetch Mode control (only Card, Spreadsheet and Graph do), so this component cannot be set by an author. It resolves through the implicit fallback and would need a library change to become settable.",Out of scope - no setting exists,Out of scope,,,
T6-X042,T6-001,1300890,https://county_template.devmny.org/the_risk/natural_hazards/earthquake,the_risk/natural_hazards/earthquake,1544597,(untitled Header: MNY Data),1544596,262ff353-28e5-4661-b86f-67fffd753c7b,Header: MNY Data,v1,sourceInfo,68,,,(unnamed),external,,,,,(not set),,Cache (use preloaded data),TRUE,No,Header: MNY Data exposes no Data Fetch Mode control,(no control),"None available. Header: MNY Data exposes no Data Fetch Mode control (only Card, Spreadsheet and Graph do), so this component cannot be set by an author. It resolves through the implicit fallback and would need a library change to become settable.",Out of scope - no setting exists,Out of scope,,,
T6-X043,T6-001,1300890,https://county_template.devmny.org/the_risk/natural_hazards/extreme_cold,the_risk/natural_hazards/extreme_cold,1544845,(untitled Header: MNY Data),1544844,262ff353-28e5-4661-b86f-67fffd753c7b,Header: MNY Data,v1,sourceInfo,67,,,(unnamed),external,,,,,(not set),,Cache (use preloaded data),TRUE,No,Header: MNY Data exposes no Data Fetch Mode control,(no control),"None available. Header: MNY Data exposes no Data Fetch Mode control (only Card, Spreadsheet and Graph do), so this component cannot be set by an author. It resolves through the implicit fallback and would need a library change to become settable.",Out of scope - no setting exists,Out of scope,,,
T6-X044,T6-001,1300890,https://county_template.devmny.org/the_risk/natural_hazards/extreme_heat,the_risk/natural_hazards/extreme_heat,1544969,(untitled Header: MNY Data),1544968,262ff353-28e5-4661-b86f-67fffd753c7b,Header: MNY Data,v1,sourceInfo,67,,,(unnamed),external,,,,,(not set),,Cache (use preloaded data),TRUE,No,Header: MNY Data exposes no Data Fetch Mode control,(no control),"None available. Header: MNY Data exposes no Data Fetch Mode control (only Card, Spreadsheet and Graph do), so this component cannot be set by an author. It resolves through the implicit fallback and would need a library change to become settable.",Out of scope - no setting exists,Out of scope,,,
T6-X045,T6-001,1300890,https://county_template.devmny.org/the_risk/natural_hazards/flooding,the_risk/natural_hazards/flooding,1450290,(untitled Header: MNY Data),1683001,262ff353-28e5-4661-b86f-67fffd753c7b,Header: MNY Data,v1,sourceInfo,72,,,(unnamed),external,,,,,(not set),,Cache (use preloaded data),TRUE,No,Header: MNY Data exposes no Data Fetch Mode control,(no control),"None available. Header: MNY Data exposes no Data Fetch Mode control (only Card, Spreadsheet and Graph do), so this component cannot be set by an author. It resolves through the implicit fallback and would need a library change to become settable.",Out of scope - no setting exists,Out of scope,,,
T6-X046,T6-001,1300890,https://county_template.devmny.org/the_risk/natural_hazards/hail,the_risk/natural_hazards/hail,1545093,(untitled Header: MNY Data),1545092,262ff353-28e5-4661-b86f-67fffd753c7b,Header: MNY Data,v1,sourceInfo,67,,,(unnamed),external,,,,,(not set),,Cache (use preloaded data),TRUE,No,Header: MNY Data exposes no Data Fetch Mode control,(no control),"None available. Header: MNY Data exposes no Data Fetch Mode control (only Card, Spreadsheet and Graph do), so this component cannot be set by an author. It resolves through the implicit fallback and would need a library change to become settable.",Out of scope - no setting exists,Out of scope,,,
T6-X047,T6-001,1300890,https://county_template.devmny.org/the_risk/natural_hazards/hurricane,the_risk/natural_hazards/hurricane,1545403,(untitled Header: MNY Data),1992629,262ff353-28e5-4661-b86f-67fffd753c7b,Header: MNY Data,v1,sourceInfo,68,,,(unnamed),external,,,,,(not set),,Cache (use preloaded data),TRUE,No,Header: MNY Data exposes no Data Fetch Mode control,(no control),"None available. Header: MNY Data exposes no Data Fetch Mode control (only Card, Spreadsheet and Graph do), so this component cannot be set by an author. It resolves through the implicit fallback and would need a library change to become settable.",Out of scope - no setting exists,Out of scope,,,
T6-X048,T6-001,1300890,https://county_template.devmny.org/the_risk/natural_hazards/hurricane,the_risk/natural_hazards/hurricane,1545403,(untitled Footer: MNY Footer),1992630,06e62aa6-2960-4150-b1d0-ce78771c9f07,Footer: MNY Footer,v1,sourceInfo,69,,,(unnamed),external,,,,,(not set),,Cache (use preloaded data),TRUE,No,Footer: MNY Footer exposes no Data Fetch Mode control,(no control),"None available. Footer: MNY Footer exposes no Data Fetch Mode control (only Card, Spreadsheet and Graph do), so this component cannot be set by an author. It resolves through the implicit fallback and would need a library change to become settable.",Out of scope - no setting exists,Out of scope,,,
T6-X051,T6-001,1300890,https://county_template.devmny.org/the_risk/natural_hazards/ice_storm,the_risk/natural_hazards/ice_storm,1545527,(untitled Header: MNY Data),1602218,262ff353-28e5-4661-b86f-67fffd753c7b,Header: MNY Data,v1,sourceInfo,68,,,(unnamed),external,,,,,(not set),,Cache (use preloaded data),TRUE,No,Header: MNY Data exposes no Data Fetch Mode control,(no control),"None available. Header: MNY Data exposes no Data Fetch Mode control (only Card, Spreadsheet and Graph do), so this component cannot be set by an author. It resolves through the implicit fallback and would need a library change to become settable.",Out of scope - no setting exists,Out of scope,,,
T6-X052,T6-001,1300890,https://county_template.devmny.org/the_risk/natural_hazards/ice_storm,the_risk/natural_hazards/ice_storm,1545527,(untitled Footer: MNY Footer),1674544,bfc90454-db0e-439b-8add-0f46551d51a6,Footer: MNY Footer,v1,sourceInfo,69,,,(unnamed),external,,,,,(not set),,Cache (use preloaded data),TRUE,No,Footer: MNY Footer exposes no Data Fetch Mode control,(no control),"None available. Footer: MNY Footer exposes no Data Fetch Mode control (only Card, Spreadsheet and Graph do), so this component cannot be set by an author. It resolves through the implicit fallback and would need a library change to become settable.",Out of scope - no setting exists,Out of scope,,,
T6-X053,T6-001,1300890,https://county_template.devmny.org/the_risk/natural_hazards/landslide,the_risk/natural_hazards/landslide,1545651,(untitled Header: MNY Data),1545650,262ff353-28e5-4661-b86f-67fffd753c7b,Header: MNY Data,v1,sourceInfo,68,,,(unnamed),external,,,,,(not set),,Cache (use preloaded data),TRUE,No,Header: MNY Data exposes no Data Fetch Mode control,(no control),"None available. Header: MNY Data exposes no Data Fetch Mode control (only Card, Spreadsheet and Graph do), so this component cannot be set by an author. It resolves through the implicit fallback and would need a library change to become settable.",Out of scope - no setting exists,Out of scope,,,
T6-X054,T6-001,1300890,https://county_template.devmny.org/the_risk/natural_hazards/landslide,the_risk/natural_hazards/landslide,1545651,(untitled Footer: MNY Footer),1674608,cd312e92-793f-4953-9e50-6a9fbb2680ff,Footer: MNY Footer,v1,sourceInfo,69,,,(unnamed),external,,,,,(not set),,Cache (use preloaded data),TRUE,No,Footer: MNY Footer exposes no Data Fetch Mode control,(no control),"None available. Footer: MNY Footer exposes no Data Fetch Mode control (only Card, Spreadsheet and Graph do), so this component cannot be set by an author. It resolves through the implicit fallback and would need a library change to become settable.",Out of scope - no setting exists,Out of scope,,,
T6-X055,T6-001,1300890,https://county_template.devmny.org/the_risk/natural_hazards/lightning,the_risk/natural_hazards/lightning,1545775,(untitled Header: MNY Data),1545774,262ff353-28e5-4661-b86f-67fffd753c7b,Header: MNY Data,v1,sourceInfo,68,,,(unnamed),external,,,,,(not set),,Cache (use preloaded data),TRUE,No,Header: MNY Data exposes no Data Fetch Mode control,(no control),"None available. Header: MNY Data exposes no Data Fetch Mode control (only Card, Spreadsheet and Graph do), so this component cannot be set by an author. It resolves through the implicit fallback and would need a library change to become settable.",Out of scope - no setting exists,Out of scope,,,
T6-X056,T6-001,1300890,https://county_template.devmny.org/the_risk/natural_hazards/lightning,the_risk/natural_hazards/lightning,1545775,(untitled Footer: MNY Footer),1674895,ce04d42d-5377-42f9-9f9b-7b808def61aa,Footer: MNY Footer,v1,sourceInfo,69,,,(unnamed),external,,,,,(not set),,Cache (use preloaded data),TRUE,No,Footer: MNY Footer exposes no Data Fetch Mode control,(no control),"None available. Footer: MNY Footer exposes no Data Fetch Mode control (only Card, Spreadsheet and Graph do), so this component cannot be set by an author. It resolves through the implicit fallback and would need a library change to become settable.",Out of scope - no setting exists,Out of scope,,,
T6-X057,T6-001,1300890,https://county_template.devmny.org/the_risk/natural_hazards/snowstorm,the_risk/natural_hazards/snowstorm,1546774,(untitled Header: MNY Data),1548747,262ff353-28e5-4661-b86f-67fffd753c7b,Header: MNY Data,v1,sourceInfo,67,,,(unnamed),external,,,,,(not set),,Cache (use preloaded data),TRUE,No,Header: MNY Data exposes no Data Fetch Mode control,(no control),"None available. Header: MNY Data exposes no Data Fetch Mode control (only Card, Spreadsheet and Graph do), so this component cannot be set by an author. It resolves through the implicit fallback and would need a library change to become settable.",Out of scope - no setting exists,Out of scope,,,
T6-X058,T6-001,1300890,https://county_template.devmny.org/the_risk/natural_hazards/snowstorm,the_risk/natural_hazards/snowstorm,1546774,(untitled Footer: MNY Footer),1675011,15a15cb6-ac84-49ae-8b54-ea101c865ae8,Footer: MNY Footer,v1,sourceInfo,68,,,(unnamed),external,,,,,(not set),,Cache (use preloaded data),TRUE,No,Footer: MNY Footer exposes no Data Fetch Mode control,(no control),"None available. Footer: MNY Footer exposes no Data Fetch Mode control (only Card, Spreadsheet and Graph do), so this component cannot be set by an author. It resolves through the implicit fallback and would need a library change to become settable.",Out of scope - no setting exists,Out of scope,,,
T6-X059,T6-001,1300890,https://county_template.devmny.org/the_risk/natural_hazards/tornado,the_risk/natural_hazards/tornado,1545899,(untitled Header: MNY Data),1545898,262ff353-28e5-4661-b86f-67fffd753c7b,Header: MNY Data,v1,sourceInfo,68,,,(unnamed),external,,,,,(not set),,Cache (use preloaded data),TRUE,No,Header: MNY Data exposes no Data Fetch Mode control,(no control),"None available. Header: MNY Data exposes no Data Fetch Mode control (only Card, Spreadsheet and Graph do), so this component cannot be set by an author. It resolves through the implicit fallback and would need a library change to become settable.",Out of scope - no setting exists,Out of scope,,,
T6-X060,T6-001,1300890,https://county_template.devmny.org/the_risk/natural_hazards/wildfire,the_risk/natural_hazards/wildfire,1546087,(untitled Header: MNY Data),1546086,262ff353-28e5-4661-b86f-67fffd753c7b,Header: MNY Data,v1,sourceInfo,68,,,(unnamed),external,,,,,(not set),,Cache (use preloaded data),TRUE,No,Header: MNY Data exposes no Data Fetch Mode control,(no control),"None available. Header: MNY Data exposes no Data Fetch Mode control (only Card, Spreadsheet and Graph do), so this component cannot be set by an author. It resolves through the implicit fallback and would need a library change to become settable.",Out of scope - no setting exists,Out of scope,,,
T6-X061,T6-001,1300890,https://county_template.devmny.org/the_risk/natural_hazards/wildfire,the_risk/natural_hazards/wildfire,1546087,(untitled Footer: MNY Footer),1675298,07b3cc25-e748-4692-b576-8c1269ee1b4c,Footer: MNY Footer,v1,sourceInfo,69,,,(unnamed),external,,,,,(not set),,Cache (use preloaded data),TRUE,No,Footer: MNY Footer exposes no Data Fetch Mode control,(no control),"None available. Footer: MNY Footer exposes no Data Fetch Mode control (only Card, Spreadsheet and Graph do), so this component cannot be set by an author. It resolves through the implicit fallback and would need a library change to become settable.",Out of scope - no setting exists,Out of scope,,,
T6-X062,T6-001,1300890,https://county_template.devmny.org/the_risk/natural_hazards/wind,the_risk/natural_hazards/wind,1546213,(untitled Header: MNY Data),1546212,262ff353-28e5-4661-b86f-67fffd753c7b,Header: MNY Data,v1,sourceInfo,65,,,(unnamed),external,,,,,(not set),,Cache (use preloaded data),TRUE,No,Header: MNY Data exposes no Data Fetch Mode control,(no control),"None available. Header: MNY Data exposes no Data Fetch Mode control (only Card, Spreadsheet and Graph do), so this component cannot be set by an author. It resolves through the implicit fallback and would need a library change to become settable.",Out of scope - no setting exists,Out of scope,,,
T6-X063,T6-001,1300890,https://county_template.devmny.org/the_risk/natural_hazards/wind,the_risk/natural_hazards/wind,1546213,(untitled Footer: MNY Footer),1673736,9a1a6cc2-9078-4e48-9076-3b0caf39f459,Footer: MNY Footer,v1,sourceInfo,66,,,(unnamed),external,,,,,(not set),,Cache (use preloaded data),TRUE,No,Footer: MNY Footer exposes no Data Fetch Mode control,(no control),"None available. Footer: MNY Footer exposes no Data Fetch Mode control (only Card, Spreadsheet and Graph do), so this component cannot be set by an author. It resolves through the implicit fallback and would need a library change to become settable.",Out of scope - no setting exists,Out of scope,,,
T6-X064,T6-001,1300890,https://county_template.devmny.org/track_progress,track_progress,1300909,(untitled Header: MNY Data),1451840,48545b3f-e22b-4a39-a747-1673810385fe,Header: MNY Data,v1,sourceInfo,6,,,(unnamed),external,,,,,(not set),,Cache (use preloaded data),TRUE,No,Header: MNY Data exposes no Data Fetch Mode control,(no control),"None available. Header: MNY Data exposes no Data Fetch Mode control (only Card, Spreadsheet and Graph do), so this component cannot be set by an author. It resolves through the implicit fallback and would need a library change to become settable.",Out of scope - no setting exists,Out of scope,,,
T6-X065,T6-001,1300890,https://county_template.devmny.org/track_progress,track_progress,1300909,(untitled Footer: MNY Footer),1674115,227c130d-c8e6-41c0-9ccc-e4372eba3a54,Footer: MNY Footer,v1,sourceInfo,7,,,(unnamed),external,,,,,(not set),,Cache (use preloaded data),TRUE,No,Footer: MNY Footer exposes no Data Fetch Mode control,(no control),"None available. Footer: MNY Footer exposes no Data Fetch Mode control (only Card, Spreadsheet and Graph do), so this component cannot be set by an author. It resolves through the implicit fallback and would need a library change to become settable.",Out of scope - no setting exists,Out of scope,,,
T6-X008,T6-001,1300890,https://county_template.devmny.org/track_progress/actions_database,track_progress/actions_database,1425854,(untitled Filter),2242892,cef6553f-e523-44de-90da-cc6fb81b974e,Filter,v2,externalSource,4,,Actions_Revised,Actions_Revised [test_meta_forms],internal,1029065,1074456,mitigat-ny-prod+test_meta_forms,,(not set),,Cache (use preloaded data),TRUE,No,Filter exposes no Data Fetch Mode control,(no control),"None available. Filter exposes no Data Fetch Mode control (only Card, Spreadsheet and Graph do), so this component cannot be set by an author. It resolves through the implicit fallback and would need a library change to become settable.",Out of scope - no setting exists,Out of scope,,,
T6-X066,T6-001,1300890,https://county_template.devmny.org/track_progress/actions_database,track_progress/actions_database,1425854,(untitled Footer: MNY Footer),2174564,14463a5a-ec5f-4735-8730-24c65f51826d,Footer: MNY Footer,v1,sourceInfo,6,,,(unnamed),external,,,,,(not set),,Cache (use preloaded data),TRUE,No,Footer: MNY Footer exposes no Data Fetch Mode control,(no control),"None available. Footer: MNY Footer exposes no Data Fetch Mode control (only Card, Spreadsheet and Graph do), so this component cannot be set by an author. It resolves through the implicit fallback and would need a library change to become settable.",Out of scope - no setting exists,Out of scope,,,
T6-X009,T6-001,1300890,https://county_template.devmny.org/track_progress/actions_database/actions_index/action_prioritize,track_progress/actions_database/actions_index/action_prioritize,2239721,(untitled Filter),2248282,17de5881-a561-4173-8fe3-c408c4cfe003,Filter,v2,externalSource,3,,Actions_Revised,Actions_Revised [test_meta_forms],internal,1029065,1074456,mitigat-ny-prod+test_meta_forms,,(not set),,Cache (use preloaded data),TRUE,No,Filter exposes no Data Fetch Mode control,(no control),"None available. Filter exposes no Data Fetch Mode control (only Card, Spreadsheet and Graph do), so this component cannot be set by an author. It resolves through the implicit fallback and would need a library change to become settable.",Out of scope - no setting exists,Out of scope,,,
T6-X010,T6-001,1300890,https://county_template.devmny.org/track_progress/actions_database/actions_index/action_prioritize_cards,track_progress/actions_database/actions_index/action_prioritize_cards,2248975,(untitled Filter),2248973,17de5881-a561-4173-8fe3-c408c4cfe003,Filter,v2,externalSource,3,,Actions_Revised,Actions_Revised [test_meta_forms],internal,1029065,1074456,mitigat-ny-prod+test_meta_forms,,(not set),,Cache (use preloaded data),TRUE,No,Filter exposes no Data Fetch Mode control,(no control),"None available. Filter exposes no Data Fetch Mode control (only Card, Spreadsheet and Graph do), so this component cannot be set by an author. It resolves through the implicit fallback and would need a library change to become settable.",Out of scope - no setting exists,Out of scope,,,
T6-X011,T6-001,1300890,https://county_template.devmny.org/track_progress/actions_database/actions_index/prioritize_actions_list,track_progress/actions_database/actions_index/prioritize_actions_list,2262755,(untitled Filter),2262759,83d786e9-14d9-46b9-802c-45ae20d8273a,Filter,v2,externalSource,3,,Actions_Revised,Actions_Revised [test_meta_forms],internal,1029065,1074456,mitigat-ny-prod+test_meta_forms,,(not set),,Cache (use preloaded data),TRUE,No,Filter exposes no Data Fetch Mode control,(no control),"None available. Filter exposes no Data Fetch Mode control (only Card, Spreadsheet and Graph do), so this component cannot be set by an author. It resolves through the implicit fallback and would need a library change to become settable.",Out of scope - no setting exists,Out of scope,,,
T6-X067,T6-001,1300890,https://county_template.devmny.org/track_progress/annual_maintenance,track_progress/annual_maintenance,1609880,(untitled Header: MNY Data),1609884,4eb057ec-2531-480f-bfc4-94b1aae6c4ba,Header: MNY Data,v1,sourceInfo,0,,,(unnamed),external,,,,,(not set),,Cache (use preloaded data),TRUE,No,Header: MNY Data exposes no Data Fetch Mode control,(no control),"None available. Header: MNY Data exposes no Data Fetch Mode control (only Card, Spreadsheet and Graph do), so this component cannot be set by an author. It resolves through the implicit fallback and would need a library change to become settable.",Out of scope - no setting exists,Out of scope,,,
T6-X068,T6-001,1300890,https://county_template.devmny.org/track_progress/annual_maintenance,track_progress/annual_maintenance,1609880,(untitled Footer: MNY Footer),1674444,09f8eca9-a8c5-4a55-9a8d-beaba33d6628,Footer: MNY Footer,v1,sourceInfo,5,,,(unnamed),external,,,,,(not set),,Cache (use preloaded data),TRUE,No,Footer: MNY Footer exposes no Data Fetch Mode control,(no control),"None available. Footer: MNY Footer exposes no Data Fetch Mode control (only Card, Spreadsheet and Graph do), so this component cannot be set by an author. It resolves through the implicit fallback and would need a library change to become settable.",Out of scope - no setting exists,Out of scope,,,
T6-X069,T6-001,1300890,https://county_template.devmny.org/track_progress/funding_sources,track_progress/funding_sources,1672376,(untitled Filter),1672510,a53efa09-9e50-4a58-a4d7-f932ed6d2bc7,Filter,v1,sourceInfo,1,,Funding_Sources,Funding_Sources [test-meta-forms],internal,1672380,1672381,mitigat-ny-prod+test-meta-forms,,(not set),TRUE,Smart (fetch on change),TRUE,No,Filter exposes no Data Fetch Mode control,(no control),"None available. Filter exposes no Data Fetch Mode control (only Card, Spreadsheet and Graph do), so this component cannot be set by an author. It resolves through the implicit fallback and would need a library change to become settable.",Out of scope - no setting exists,Out of scope,,,
