Component ID,Page URL,Page,Section title,Type,Source,View,Stored fetch mode,readyToLoad,Resolved behaviour,Fix category,Recommended fix,Status,Assigned to,Date fixed,Notes
2178591,https://county_template.devmny.org/the_risk/climate_change,the_risk/climate_change,Overview,Card,LHMP_IA,1441681,(null),true,default - re-queries on mount,Component setting,Section Settings > Data > Fetch Mode: set explicitly once a pattern-wide default is agreed.,,,,
2178592,https://county_template.devmny.org/the_risk/climate_change,the_risk/climate_change,(untitled Card),Card,LHMP_IA,1441681,(null),true,default - re-queries on mount,Component setting,Section Settings > Data > Fetch Mode: set explicitly once a pattern-wide default is agreed.,,,,
2178619,https://county_template.devmny.org/the_risk,the_risk,Overview,Card,LHMP_IA,1441681,(null),true,default - re-queries on mount,Component setting,Section Settings > Data > Fetch Mode: set explicitly once a pattern-wide default is agreed.,,,,
2178620,https://county_template.devmny.org/the_risk,the_risk,Requirements,Card,LHMP_IA,1441681,(null),true,default - re-queries on mount,Component setting,Section Settings > Data > Fetch Mode: set explicitly once a pattern-wide default is agreed.,,,,
2257906,https://county_template.devmny.org/the_local_environment/people_and_communities,the_local_environment/people_and_communities,Overview,Card,LHMP_IA,1441681,(null),true,default - re-queries on mount,Component setting,Section Settings > Data > Fetch Mode: set explicitly once a pattern-wide default is agreed.,,,,
2257910,https://county_template.devmny.org/the_local_environment/people_and_communities,the_local_environment/people_and_communities,Demographic Statistics,Card,src 1482,1962,(null),true,default - re-queries on mount,Component setting,Section Settings > Data > Fetch Mode: set explicitly once a pattern-wide default is agreed.,,,,
2257912,https://county_template.devmny.org/the_local_environment/people_and_communities,the_local_environment/people_and_communities,Populations at Highest Risk,Card,LHMP_IA,1441681,(null),true,default - re-queries on mount,Component setting,Section Settings > Data > Fetch Mode: set explicitly once a pattern-wide default is agreed.,,,,
2257917,https://county_template.devmny.org/the_local_environment/people_and_communities,the_local_environment/people_and_communities,Social Vulnerability Map Overview,Card,LHMP_IA,1441681,(null),true,default - re-queries on mount,Component setting,Section Settings > Data > Fetch Mode: set explicitly once a pattern-wide default is agreed.,,,,
2257920,https://county_template.devmny.org/the_local_environment/people_and_communities,the_local_environment/people_and_communities,Population Change and Hazard Risk,Card,LHMP_IA,1441681,(null),true,default - re-queries on mount,Component setting,Section Settings > Data > Fetch Mode: set explicitly once a pattern-wide default is agreed.,,,,
2257922,https://county_template.devmny.org/the_local_environment/people_and_communities,the_local_environment/people_and_communities,Economic and Development Trends,Card,LHMP_IA,1441681,(null),true,default - re-queries on mount,Component setting,Section Settings > Data > Fetch Mode: set explicitly once a pattern-wide default is agreed.,,,,
2257933,https://county_template.devmny.org/the_local_environment/people_and_communities,the_local_environment/people_and_communities,Neighboring Communities,Card,LHMP_IA,1441681,(null),true,default - re-queries on mount,Component setting,Section Settings > Data > Fetch Mode: set explicitly once a pattern-wide default is agreed.,,,,
2100375,https://county_template.devmny.org/the_local_environment,the_local_environment,Overview,Card,LHMP_IA,1441681,(null),true,default - re-queries on mount,Component setting,Section Settings > Data > Fetch Mode: set explicitly once a pattern-wide default is agreed.,,,,
2100376,https://county_template.devmny.org/the_local_environment,the_local_environment,Requirements,Card,LHMP_IA,1441681,(null),true,default - re-queries on mount,Component setting,Section Settings > Data > Fetch Mode: set explicitly once a pattern-wide default is agreed.,,,,
2100626,https://county_template.devmny.org/the_plan,the_plan,Overview,Card,LHMP_IA,1441681,(null),true,default - re-queries on mount,Component setting,Section Settings > Data > Fetch Mode: set explicitly once a pattern-wide default is agreed.,,,,
2100627,https://county_template.devmny.org/the_plan,the_plan,Requirements,Card,LHMP_IA,1441681,(null),true,default - re-queries on mount,Component setting,Section Settings > Data > Fetch Mode: set explicitly once a pattern-wide default is agreed.,,,,
1959579,https://county_template.devmny.org/the_plan/jurisdictional_annexes,the_plan/jurisdictional_annexes,Overview,Card,LHMP_IA,1441681,(null),true,default - re-queries on mount,Component setting,Section Settings > Data > Fetch Mode: set explicitly once a pattern-wide default is agreed.,,,,
1959580,https://county_template.devmny.org/the_plan/jurisdictional_annexes,the_plan/jurisdictional_annexes,Jurisdictional Annex Table,Spreadsheet,Jurisdictions,1346450,(null),true,default - re-queries on mount,Component setting,Section Settings > Data > Fetch Mode: set explicitly once a pattern-wide default is agreed.,,,,
2100787,https://county_template.devmny.org/track_progress,track_progress,Overview,Card,LHMP_IA,1441681,(null),true,default - re-queries on mount,Component setting,Section Settings > Data > Fetch Mode: set explicitly once a pattern-wide default is agreed.,,,,
2100788,https://county_template.devmny.org/track_progress,track_progress,Requirements,Card,LHMP_IA,1441681,(null),true,default - re-queries on mount,Component setting,Section Settings > Data > Fetch Mode: set explicitly once a pattern-wide default is agreed.,,,,
1496710,https://county_template.devmny.org/pages,pages,Pages,Spreadsheet,src mitigat-ny-prod+0aced1a7-3d54-48c7-a1d7-b68401811ded,,(null),true,default - re-queries on mount,Component setting,Section Settings > Data > Fetch Mode: set explicitly once a pattern-wide default is agreed.,,,,
1681719,https://county_template.devmny.org/sections,sections,(untitled Spreadsheet),Spreadsheet,src mitigat-ny-prod+0aced1a7-3d54-48c7-a1d7-b68401811ded+sections,,(null),true,default - re-queries on mount,Component setting,Section Settings > Data > Fetch Mode: set explicitly once a pattern-wide default is agreed.,,,,
2050872,https://county_template.devmny.org/track_progress/funding_sources,track_progress/funding_sources,(untitled Filter),Filter,Funding_Sources,1672381,(null),true,default - re-queries on mount,Component setting,Section Settings > Data > Fetch Mode: set explicitly once a pattern-wide default is agreed.,,,,
2050873,https://county_template.devmny.org/track_progress/funding_sources,track_progress/funding_sources,(untitled Card),Card,Funding_Sources,1672381,(null),true,default - re-queries on mount,Component setting,Section Settings > Data > Fetch Mode: set explicitly once a pattern-wide default is agreed.,,,,
2100807,https://county_template.devmny.org/track_progress/annual_maintenance,track_progress/annual_maintenance,Annual Maintenance Overview,Card,LHMP_IA,1441681,(null),true,default - re-queries on mount,Component setting,Section Settings > Data > Fetch Mode: set explicitly once a pattern-wide default is agreed.,,,,
2262432,https://county_template.devmny.org/the_plan/jurisdictional_annexes/jurisdictional_annex_form,the_plan/jurisdictional_annexes/jurisdictional_annex_form,(untitled Header: MNY Data),Header: MNY Data,Jurisdictions,,(null),true,default - re-queries on mount,Component setting,Section Settings > Data > Fetch Mode: set explicitly once a pattern-wide default is agreed.,,,,
2262436,https://county_template.devmny.org/the_plan/jurisdictional_annexes/jurisdictional_annex_form,the_plan/jurisdictional_annexes/jurisdictional_annex_form,(untitled Card),Card,Jurisdictions,1346450,(null),true,default - re-queries on mount,Component setting,Section Settings > Data > Fetch Mode: set explicitly once a pattern-wide default is agreed.,,,,
2262439,https://county_template.devmny.org/the_plan/jurisdictional_annexes/jurisdictional_annex_form,the_plan/jurisdictional_annexes/jurisdictional_annex_form,(untitled Card),Card,Jurisdictions,1346450,(null),true,default - re-queries on mount,Component setting,Section Settings > Data > Fetch Mode: set explicitly once a pattern-wide default is agreed.,,,,
2262443,https://county_template.devmny.org/the_plan/jurisdictional_annexes/jurisdictional_annex_form,the_plan/jurisdictional_annexes/jurisdictional_annex_form,(untitled Card),Card,Jurisdictions,1346450,(null),true,default - re-queries on mount,Component setting,Section Settings > Data > Fetch Mode: set explicitly once a pattern-wide default is agreed.,,,,
2262446,https://county_template.devmny.org/the_plan/jurisdictional_annexes/jurisdictional_annex_form,the_plan/jurisdictional_annexes/jurisdictional_annex_form,Buildings,Card,LHMP_IA,1441681,(null),true,default - re-queries on mount,Component setting,Section Settings > Data > Fetch Mode: set explicitly once a pattern-wide default is agreed.,,,,
2262451,https://county_template.devmny.org/the_plan/jurisdictional_annexes/jurisdictional_annex_form,the_plan/jurisdictional_annexes/jurisdictional_annex_form,BUILDINGS BY LANDUSE,Spreadsheet,src 1651,2357,(null),true,default - re-queries on mount,Component setting,Section Settings > Data > Fetch Mode: set explicitly once a pattern-wide default is agreed.,,,,
2262452,https://county_template.devmny.org/the_plan/jurisdictional_annexes/jurisdictional_annex_form,the_plan/jurisdictional_annexes/jurisdictional_annex_form,Critical Buildings,Spreadsheet,src 1651,2357,(null),true,default - re-queries on mount,Component setting,Section Settings > Data > Fetch Mode: set explicitly once a pattern-wide default is agreed.,,,,
2262455,https://county_template.devmny.org/the_plan/jurisdictional_annexes/jurisdictional_annex_form,the_plan/jurisdictional_annexes/jurisdictional_annex_form,Infrastructure,Card,LHMP_IA,1441681,(null),true,default - re-queries on mount,Component setting,Section Settings > Data > Fetch Mode: set explicitly once a pattern-wide default is agreed.,,,,
2262464,https://county_template.devmny.org/the_plan/jurisdictional_annexes/jurisdictional_annex_form,the_plan/jurisdictional_annexes/jurisdictional_annex_form,(untitled Card),Card,Jurisdictions,1346450,(null),true,default - re-queries on mount,Component setting,Section Settings > Data > Fetch Mode: set explicitly once a pattern-wide default is agreed.,,,,
2262466,https://county_template.devmny.org/the_plan/jurisdictional_annexes/jurisdictional_annex_form,the_plan/jurisdictional_annexes/jurisdictional_annex_form,(untitled Card),Card,LHMP_IA,1441681,(null),true,default - re-queries on mount,Component setting,Section Settings > Data > Fetch Mode: set explicitly once a pattern-wide default is agreed.,,,,
2262470,https://county_template.devmny.org/the_plan/jurisdictional_annexes/jurisdictional_annex_form,the_plan/jurisdictional_annexes/jurisdictional_annex_form,Disaster and Local Emergencies,Card,LHMP_IA,1441681,(null),true,default - re-queries on mount,Component setting,Section Settings > Data > Fetch Mode: set explicitly once a pattern-wide default is agreed.,,,,
2262471,https://county_template.devmny.org/the_plan/jurisdictional_annexes/jurisdictional_annex_form,the_plan/jurisdictional_annexes/jurisdictional_annex_form,(untitled Card),Card,LHMP_IA,1441681,(null),true,default - re-queries on mount,Component setting,Section Settings > Data > Fetch Mode: set explicitly once a pattern-wide default is agreed.,,,,
2262476,https://county_template.devmny.org/the_plan/jurisdictional_annexes/jurisdictional_annex_form,the_plan/jurisdictional_annexes/jurisdictional_annex_form,NFIP Loss,Card,src 1558,2285,(null),true,default - re-queries on mount,Component setting,Section Settings > Data > Fetch Mode: set explicitly once a pattern-wide default is agreed.,,,,
2262478,https://county_template.devmny.org/the_plan/jurisdictional_annexes/jurisdictional_annex_form,the_plan/jurisdictional_annexes/jurisdictional_annex_form,Buildings in The Floodplain,Spreadsheet,src 1651,2357,(null),true,default - re-queries on mount,Component setting,Section Settings > Data > Fetch Mode: set explicitly once a pattern-wide default is agreed.,,,,
2262479,https://county_template.devmny.org/the_plan/jurisdictional_annexes/jurisdictional_annex_form,the_plan/jurisdictional_annexes/jurisdictional_annex_form,Critical Buildings in The Floodplain,Spreadsheet,src 1651,2357,(null),true,default - re-queries on mount,Component setting,Section Settings > Data > Fetch Mode: set explicitly once a pattern-wide default is agreed.,,,,
2262489,https://county_template.devmny.org/the_plan/jurisdictional_annexes/jurisdictional_annex_form,the_plan/jurisdictional_annexes/jurisdictional_annex_form,(untitled Card),Card,Jurisdictions,1346450,(null),true,default - re-queries on mount,Component setting,Section Settings > Data > Fetch Mode: set explicitly once a pattern-wide default is agreed.,,,,
2262493,https://county_template.devmny.org/the_plan/jurisdictional_annexes/jurisdictional_annex_form,the_plan/jurisdictional_annexes/jurisdictional_annex_form,(untitled Card),Card,Jurisdictions,1346450,(null),true,default - re-queries on mount,Component setting,Section Settings > Data > Fetch Mode: set explicitly once a pattern-wide default is agreed.,,,,
2262496,https://county_template.devmny.org/the_plan/jurisdictional_annexes/jurisdictional_annex_form,the_plan/jurisdictional_annexes/jurisdictional_annex_form,Actions Database,Card,LHMP_IA,1441681,(null),true,default - re-queries on mount,Component setting,Section Settings > Data > Fetch Mode: set explicitly once a pattern-wide default is agreed.,,,,
2262497,https://county_template.devmny.org/the_plan/jurisdictional_annexes/jurisdictional_annex_form,the_plan/jurisdictional_annexes/jurisdictional_annex_form,Local Actions Database,Spreadsheet,Actions_Revised,1074456,(null),true,default - re-queries on mount,Component setting,Section Settings > Data > Fetch Mode: set explicitly once a pattern-wide default is agreed.,,,,
2262498,https://county_template.devmny.org/the_plan/jurisdictional_annexes/jurisdictional_annex_form,the_plan/jurisdictional_annexes/jurisdictional_annex_form,(untitled Card),Card,Jurisdictions,1346450,(null),true,default - re-queries on mount,Component setting,Section Settings > Data > Fetch Mode: set explicitly once a pattern-wide default is agreed.,,,,
2262505,https://county_template.devmny.org/the_plan/jurisdictional_annexes/jurisdictional_annex_form,the_plan/jurisdictional_annexes/jurisdictional_annex_form,(untitled Card),Card,Jurisdictions,1346450,(null),true,default - re-queries on mount,Component setting,Section Settings > Data > Fetch Mode: set explicitly once a pattern-wide default is agreed.,,,,
2262506,https://county_template.devmny.org/the_plan/jurisdictional_annexes/jurisdictional_annex_form,the_plan/jurisdictional_annexes/jurisdictional_annex_form,Capabilities Inventory,Card,LHMP_IA,1441681,(null),true,default - re-queries on mount,Component setting,Section Settings > Data > Fetch Mode: set explicitly once a pattern-wide default is agreed.,,,,
2262507,https://county_template.devmny.org/the_plan/jurisdictional_annexes/jurisdictional_annex_form,the_plan/jurisdictional_annexes/jurisdictional_annex_form,(untitled Spreadsheet),Spreadsheet,Capabilities_Catalogue,1172519,(null),true,default - re-queries on mount,Component setting,Section Settings > Data > Fetch Mode: set explicitly once a pattern-wide default is agreed.,,,,
2262510,https://county_template.devmny.org/the_plan/jurisdictional_annexes/jurisdictional_annex_form,the_plan/jurisdictional_annexes/jurisdictional_annex_form,Progress,Card,LHMP_IA,1441681,(null),true,default - re-queries on mount,Component setting,Section Settings > Data > Fetch Mode: set explicitly once a pattern-wide default is agreed.,,,,
2262513,https://county_template.devmny.org/the_plan/jurisdictional_annexes/jurisdictional_annex_form,the_plan/jurisdictional_annexes/jurisdictional_annex_form,Completed Actions Table,Spreadsheet,Actions_Revised,1074456,(null),true,default - re-queries on mount,Component setting,Section Settings > Data > Fetch Mode: set explicitly once a pattern-wide default is agreed.,,,,
2262516,https://county_template.devmny.org/the_plan/jurisdictional_annexes/jurisdictional_annex_form,the_plan/jurisdictional_annexes/jurisdictional_annex_form,(untitled Card),Card,Jurisdictions,1346450,(null),true,default - re-queries on mount,Component setting,Section Settings > Data > Fetch Mode: set explicitly once a pattern-wide default is agreed.,,,,
2262517,https://county_template.devmny.org/the_plan/jurisdictional_annexes/jurisdictional_annex_form,the_plan/jurisdictional_annexes/jurisdictional_annex_form,In-Progress Actions Table,Spreadsheet,Actions_Revised,1074456,(null),true,default - re-queries on mount,Component setting,Section Settings > Data > Fetch Mode: set explicitly once a pattern-wide default is agreed.,,,,
2262520,https://county_template.devmny.org/the_plan/jurisdictional_annexes/jurisdictional_annex_form,the_plan/jurisdictional_annexes/jurisdictional_annex_form,Proposed Actions Table,Spreadsheet,Actions_Revised,1074456,(null),true,default - re-queries on mount,Component setting,Section Settings > Data > Fetch Mode: set explicitly once a pattern-wide default is agreed.,,,,
2239656,https://county_template.devmny.org/the_risk/non_natural_hazards,the_risk/non_natural_hazards,Overview,Card,LHMP_IA,1441681,(null),true,default - re-queries on mount,Component setting,Section Settings > Data > Fetch Mode: set explicitly once a pattern-wide default is agreed.,,,,
2239657,https://county_template.devmny.org/the_risk/non_natural_hazards,the_risk/non_natural_hazards,(untitled Card),Card,LHMP_IA,1441681,(null),true,default - re-queries on mount,Component setting,Section Settings > Data > Fetch Mode: set explicitly once a pattern-wide default is agreed.,,,,
2178595,https://county_template.devmny.org/the_risk/climate_change,the_risk/climate_change,(untitled Card),Card,LHMP_IA,1441681,(null),true,default - re-queries on mount,Component setting,Section Settings > Data > Fetch Mode: set explicitly once a pattern-wide default is agreed.,,,,
2178596,https://county_template.devmny.org/the_risk/climate_change,the_risk/climate_change,Hazards Impacted By Climate Change,Spreadsheet,Hazards_of_Concern,1473471,(null),true,default - re-queries on mount,Component setting,Section Settings > Data > Fetch Mode: set explicitly once a pattern-wide default is agreed.,,,,
2178597,https://county_template.devmny.org/the_risk/climate_change,the_risk/climate_change,(untitled Card),Card,LHMP_IA,1441681,(null),true,default - re-queries on mount,Component setting,Section Settings > Data > Fetch Mode: set explicitly once a pattern-wide default is agreed.,,,,
2178598,https://county_template.devmny.org/the_risk/climate_change,the_risk/climate_change,Climate Smart Communities,Card,LHMP_IA,1441681,(null),true,default - re-queries on mount,Component setting,Section Settings > Data > Fetch Mode: set explicitly once a pattern-wide default is agreed.,,,,
2178599,https://county_template.devmny.org/the_risk/climate_change,the_risk/climate_change,(untitled Spreadsheet),Spreadsheet,src 1636,2331,(null),true,default - re-queries on mount,Component setting,Section Settings > Data > Fetch Mode: set explicitly once a pattern-wide default is agreed.,,,,
2178600,https://county_template.devmny.org/the_risk/climate_change,the_risk/climate_change,Regional Climate Assessment,Card,LHMP_IA,1441681,(null),true,default - re-queries on mount,Component setting,Section Settings > Data > Fetch Mode: set explicitly once a pattern-wide default is agreed.,,,,
2178605,https://county_template.devmny.org/the_risk/disasters,the_risk/disasters,Presidential Declarations,Card,LHMP_IA,1441681,(null),true,default - re-queries on mount,Component setting,Section Settings > Data > Fetch Mode: set explicitly once a pattern-wide default is agreed.,,,,
2178608,https://county_template.devmny.org/the_risk/disasters,the_risk/disasters,Declared Disasters,Spreadsheet,src 870,1648,(null),true,default - re-queries on mount,Component setting,Section Settings > Data > Fetch Mode: set explicitly once a pattern-wide default is agreed.,,,,
2178609,https://county_template.devmny.org/the_risk/disasters,the_risk/disasters,State Emergency Declarations,Card,LHMP_IA,1441681,(null),true,default - re-queries on mount,Component setting,Section Settings > Data > Fetch Mode: set explicitly once a pattern-wide default is agreed.,,,,
2178612,https://county_template.devmny.org/the_risk/disasters,the_risk/disasters,Local Emergency Declarations,Card,LHMP_IA,1441681,(null),true,default - re-queries on mount,Component setting,Section Settings > Data > Fetch Mode: set explicitly once a pattern-wide default is agreed.,,,,
2249222,https://county_template.devmny.org/the_risk/disasters/disaster_template,the_risk/disasters/disaster_template,PUBLIC ASSISTANCE (PA) for the County,Spreadsheet,src 372,1305,(null),true,default - re-queries on mount,Component setting,Section Settings > Data > Fetch Mode: set explicitly once a pattern-wide default is agreed.,,,,
2249223,https://county_template.devmny.org/the_risk/disasters/disaster_template,the_risk/disasters/disaster_template,Individual Assistance (IA) - County Damage Values,Spreadsheet,src 854,1379,(null),true,default - re-queries on mount,Component setting,Section Settings > Data > Fetch Mode: set explicitly once a pattern-wide default is agreed.,,,,
2249224,https://county_template.devmny.org/the_risk/disasters/disaster_template,the_risk/disasters/disaster_template,IA - Approved Assistance Amounts in the County,Spreadsheet,src 854,1379,(null),true,default - re-queries on mount,Component setting,Section Settings > Data > Fetch Mode: set explicitly once a pattern-wide default is agreed.,,,,
2249225,https://county_template.devmny.org/the_risk/disasters/disaster_template,the_risk/disasters/disaster_template,Small Business Administration (SBA) Disaster Loan Program - County Losses,Spreadsheet,src 88,1646,(null),true,default - re-queries on mount,Component setting,Section Settings > Data > Fetch Mode: set explicitly once a pattern-wide default is agreed.,,,,
2249226,https://county_template.devmny.org/the_risk/disasters/disaster_template,the_risk/disasters/disaster_template,NATIONAL FLOOD INSURANCE PROGRAM (NFIP) - County Claims,Spreadsheet,src 831,1304,(null),true,default - re-queries on mount,Component setting,Section Settings > Data > Fetch Mode: set explicitly once a pattern-wide default is agreed.,,,,
2249227,https://county_template.devmny.org/the_risk/disasters/disaster_template,the_risk/disasters/disaster_template,United States Department of Agriculture Crop Loss in the County,Spreadsheet,src 342,1197,(null),true,default - re-queries on mount,Component setting,Section Settings > Data > Fetch Mode: set explicitly once a pattern-wide default is agreed.,,,,
2374657,https://county_template.devmny.org/the_plan/strategies,the_plan/strategies,Overview,Card,LHMP_IA,1441681,(null),true,default - re-queries on mount,Component setting,Section Settings > Data > Fetch Mode: set explicitly once a pattern-wide default is agreed.,,,,
2374660,https://county_template.devmny.org/the_plan/strategies,the_plan/strategies,Goals and Objectives,Card,LHMP_IA,1441681,(null),true,default - re-queries on mount,Component setting,Section Settings > Data > Fetch Mode: set explicitly once a pattern-wide default is agreed.,,,,
2374661,https://county_template.devmny.org/the_plan/strategies,the_plan/strategies,(untitled Card),Card,LHMP_IA,1441681,(null),true,default - re-queries on mount,Component setting,Section Settings > Data > Fetch Mode: set explicitly once a pattern-wide default is agreed.,,,,
2374664,https://county_template.devmny.org/the_plan/strategies,the_plan/strategies,Action Development,Card,LHMP_IA,1441681,(null),true,default - re-queries on mount,Component setting,Section Settings > Data > Fetch Mode: set explicitly once a pattern-wide default is agreed.,,,,
2341172,https://county_template.devmny.org/the_local_environment/built_environment,the_local_environment/built_environment,Overview,Card,LHMP_IA,1441681,(null),true,default - re-queries on mount,Component setting,Section Settings > Data > Fetch Mode: set explicitly once a pattern-wide default is agreed.,,,,
2341177,https://county_template.devmny.org/the_local_environment/built_environment,the_local_environment/built_environment,Critical Buildings and Infrastructure,Card,LHMP_IA,1441681,(null),true,default - re-queries on mount,Component setting,Section Settings > Data > Fetch Mode: set explicitly once a pattern-wide default is agreed.,,,,
2341176,https://county_template.devmny.org/the_local_environment/built_environment,the_local_environment/built_environment,County Building Stock,Card,src 1117,1596,(null),true,default - re-queries on mount,Component setting,Section Settings > Data > Fetch Mode: set explicitly once a pattern-wide default is agreed.,,,,
2341180,https://county_template.devmny.org/the_local_environment/built_environment,the_local_environment/built_environment,Critical Buildings,Spreadsheet,src 1651,2357,(null),true,default - re-queries on mount,Component setting,Section Settings > Data > Fetch Mode: set explicitly once a pattern-wide default is agreed.,,,,
2341181,https://county_template.devmny.org/the_local_environment/built_environment,the_local_environment/built_environment,Infrastructure,Card,LHMP_IA,1441681,(null),true,default - re-queries on mount,Component setting,Section Settings > Data > Fetch Mode: set explicitly once a pattern-wide default is agreed.,,,,
2341184,https://county_template.devmny.org/the_local_environment/built_environment,the_local_environment/built_environment,Water Infrastructure,Card,LHMP_IA,1441681,(null),true,default - re-queries on mount,Component setting,Section Settings > Data > Fetch Mode: set explicitly once a pattern-wide default is agreed.,,,,
2341187,https://county_template.devmny.org/the_local_environment/built_environment,the_local_environment/built_environment,(untitled Card),Card,LHMP_IA,1441681,(null),true,default - re-queries on mount,Component setting,Section Settings > Data > Fetch Mode: set explicitly once a pattern-wide default is agreed.,,,,
2341188,https://county_template.devmny.org/the_local_environment/built_environment,the_local_environment/built_environment,Transportation,Card,LHMP_IA,1441681,(null),true,default - re-queries on mount,Component setting,Section Settings > Data > Fetch Mode: set explicitly once a pattern-wide default is agreed.,,,,
2341191,https://county_template.devmny.org/the_local_environment/built_environment,the_local_environment/built_environment,Energy,Card,LHMP_IA,1441681,(null),true,default - re-queries on mount,Component setting,Section Settings > Data > Fetch Mode: set explicitly once a pattern-wide default is agreed.,,,,
2341194,https://county_template.devmny.org/the_local_environment/built_environment,the_local_environment/built_environment,Communications,Card,LHMP_IA,1441681,(null),true,default - re-queries on mount,Component setting,Section Settings > Data > Fetch Mode: set explicitly once a pattern-wide default is agreed.,,,,
2341197,https://county_template.devmny.org/the_local_environment/built_environment,the_local_environment/built_environment,Buildings,Card,LHMP_IA,1441681,(null),true,default - re-queries on mount,Component setting,Section Settings > Data > Fetch Mode: set explicitly once a pattern-wide default is agreed.,,,,
2341200,https://county_template.devmny.org/the_local_environment/built_environment,the_local_environment/built_environment,Buildings By Landuse Summary,Spreadsheet,src 1651,2357,(null),true,default - re-queries on mount,Component setting,Section Settings > Data > Fetch Mode: set explicitly once a pattern-wide default is agreed.,,,,
2341201,https://county_template.devmny.org/the_local_environment/built_environment,the_local_environment/built_environment,Buildings in The Floodplain by Jurisdiction,Spreadsheet,src 1651,2357,(null),true,default - re-queries on mount,Component setting,Section Settings > Data > Fetch Mode: set explicitly once a pattern-wide default is agreed.,,,,
2341204,https://county_template.devmny.org/the_local_environment/built_environment,the_local_environment/built_environment,(untitled Card),Card,LHMP_IA,1441681,(null),true,default - re-queries on mount,Component setting,Section Settings > Data > Fetch Mode: set explicitly once a pattern-wide default is agreed.,,,,
2341205,https://county_template.devmny.org/the_local_environment/built_environment,the_local_environment/built_environment,Historic Buildings,Spreadsheet,src 1651,2357,(null),true,default - re-queries on mount,Component setting,Section Settings > Data > Fetch Mode: set explicitly once a pattern-wide default is agreed.,,,,
2341207,https://county_template.devmny.org/the_local_environment/built_environment,the_local_environment/built_environment,Changes in Development,Card,LHMP_IA,1441681,(null),true,default - re-queries on mount,Component setting,Section Settings > Data > Fetch Mode: set explicitly once a pattern-wide default is agreed.,,,,
2341211,https://county_template.devmny.org/the_local_environment/built_environment,the_local_environment/built_environment,Codes and Enforcement,Card,LHMP_IA,1441681,(null),true,default - re-queries on mount,Component setting,Section Settings > Data > Fetch Mode: set explicitly once a pattern-wide default is agreed.,,,,
2341212,https://county_template.devmny.org/the_local_environment/built_environment,the_local_environment/built_environment,County and Local Building Codes,Card,LHMP_IA,1441681,(null),true,default - re-queries on mount,Component setting,Section Settings > Data > Fetch Mode: set explicitly once a pattern-wide default is agreed.,,,,
2341217,https://county_template.devmny.org/the_local_environment/built_environment,the_local_environment/built_environment,NFIP Table,Spreadsheet,src 831,1304,(null),true,default - re-queries on mount,Component setting,Section Settings > Data > Fetch Mode: set explicitly once a pattern-wide default is agreed.,,,,
2341219,https://county_template.devmny.org/the_local_environment/built_environment,the_local_environment/built_environment,Vulnerability,Card,LHMP_IA,1441681,(null),true,default - re-queries on mount,Component setting,Section Settings > Data > Fetch Mode: set explicitly once a pattern-wide default is agreed.,,,,
2341221,https://county_template.devmny.org/the_local_environment/built_environment,the_local_environment/built_environment,(untitled Spreadsheet),Spreadsheet,R_and_V_Matrix,1068985,(null),true,default - re-queries on mount,Component setting,Section Settings > Data > Fetch Mode: set explicitly once a pattern-wide default is agreed.,,,,
2374675,https://county_template.devmny.org/the_plan/strategies,the_plan/strategies,Capacity To Implement,Card,LHMP_IA,1441681,(null),true,default - re-queries on mount,Component setting,Section Settings > Data > Fetch Mode: set explicitly once a pattern-wide default is agreed.,,,,
2374676,https://county_template.devmny.org/the_plan/strategies,the_plan/strategies,(untitled Card),Card,LHMP_IA,1441681,(null),true,default - re-queries on mount,Component setting,Section Settings > Data > Fetch Mode: set explicitly once a pattern-wide default is agreed.,,,,
2374680,https://county_template.devmny.org/the_plan/strategies,the_plan/strategies,Local Funding Capabilities,Spreadsheet,Capabilities_Catalogue,1172519,(null),true,default - re-queries on mount,Component setting,Section Settings > Data > Fetch Mode: set explicitly once a pattern-wide default is agreed.,,,,
2374683,https://county_template.devmny.org/the_plan/strategies,the_plan/strategies,Implementation and Integration,Card,LHMP_IA,1441681,(null),true,default - re-queries on mount,Component setting,Section Settings > Data > Fetch Mode: set explicitly once a pattern-wide default is agreed.,,,,
2374587,https://county_template.devmny.org/the_plan/capabilities_assessment,the_plan/capabilities_assessment,Planning and Regulatory,Card,LHMP_IA,1441681,(null),true,default - re-queries on mount,Component setting,Section Settings > Data > Fetch Mode: set explicitly once a pattern-wide default is agreed.,,,,
2374588,https://county_template.devmny.org/the_plan/capabilities_assessment,the_plan/capabilities_assessment,State Mitigation Capabilities,Spreadsheet,Capabilities_Catalogue,1172519,(null),true,default - re-queries on mount,Component setting,Section Settings > Data > Fetch Mode: set explicitly once a pattern-wide default is agreed.,,,,
2374592,https://county_template.devmny.org/the_plan/capabilities_assessment,the_plan/capabilities_assessment,Local Capabilities Table,Spreadsheet,Capabilities_Catalogue,1172519,(null),true,default - re-queries on mount,Component setting,Section Settings > Data > Fetch Mode: set explicitly once a pattern-wide default is agreed.,,,,
2374593,https://county_template.devmny.org/the_plan/capabilities_assessment,the_plan/capabilities_assessment,Administrative and Technical,Card,LHMP_IA,1441681,(null),true,default - re-queries on mount,Component setting,Section Settings > Data > Fetch Mode: set explicitly once a pattern-wide default is agreed.,,,,
2374594,https://county_template.devmny.org/the_plan/capabilities_assessment,the_plan/capabilities_assessment,State Mitigation Capabilities,Spreadsheet,Capabilities_Catalogue,1172519,(null),true,default - re-queries on mount,Component setting,Section Settings > Data > Fetch Mode: set explicitly once a pattern-wide default is agreed.,,,,
2374598,https://county_template.devmny.org/the_plan/capabilities_assessment,the_plan/capabilities_assessment,Local Capabilities Table,Spreadsheet,Capabilities_Catalogue,1172519,(null),true,default - re-queries on mount,Component setting,Section Settings > Data > Fetch Mode: set explicitly once a pattern-wide default is agreed.,,,,
2374599,https://county_template.devmny.org/the_plan/capabilities_assessment,the_plan/capabilities_assessment,Education / Outreach,Card,LHMP_IA,1441681,(null),true,default - re-queries on mount,Component setting,Section Settings > Data > Fetch Mode: set explicitly once a pattern-wide default is agreed.,,,,
2374600,https://county_template.devmny.org/the_plan/capabilities_assessment,the_plan/capabilities_assessment,State Mitigation Capabilities,Spreadsheet,Capabilities_Catalogue,1172519,(null),true,default - re-queries on mount,Component setting,Section Settings > Data > Fetch Mode: set explicitly once a pattern-wide default is agreed.,,,,
2374604,https://county_template.devmny.org/the_plan/capabilities_assessment,the_plan/capabilities_assessment,Local Capabilities Table,Spreadsheet,Capabilities_Catalogue,1172519,(null),true,default - re-queries on mount,Component setting,Section Settings > Data > Fetch Mode: set explicitly once a pattern-wide default is agreed.,,,,
2374605,https://county_template.devmny.org/the_plan/capabilities_assessment,the_plan/capabilities_assessment,Financial,Card,LHMP_IA,1441681,(null),true,default - re-queries on mount,Component setting,Section Settings > Data > Fetch Mode: set explicitly once a pattern-wide default is agreed.,,,,
2374606,https://county_template.devmny.org/the_plan/capabilities_assessment,the_plan/capabilities_assessment,State Mitigation Capabilities,Spreadsheet,Capabilities_Catalogue,1172519,(null),true,default - re-queries on mount,Component setting,Section Settings > Data > Fetch Mode: set explicitly once a pattern-wide default is agreed.,,,,
2374610,https://county_template.devmny.org/the_plan/capabilities_assessment,the_plan/capabilities_assessment,Local Financial Capabilities,Spreadsheet,Capabilities_Catalogue,1172519,(null),true,default - re-queries on mount,Component setting,Section Settings > Data > Fetch Mode: set explicitly once a pattern-wide default is agreed.,,,,
2386698,https://county_template.devmny.org/the_plan/about_the_process,the_plan/about_the_process,Overview,Card,LHMP_IA,1441681,(null),true,default - re-queries on mount,Component setting,Section Settings > Data > Fetch Mode: set explicitly once a pattern-wide default is agreed.,,,,
2386703,https://county_template.devmny.org/the_plan/about_the_process,the_plan/about_the_process,The Planning Process,Card,LHMP_IA,1441681,(null),true,default - re-queries on mount,Component setting,Section Settings > Data > Fetch Mode: set explicitly once a pattern-wide default is agreed.,,,,
2386713,https://county_template.devmny.org/the_plan/about_the_process,the_plan/about_the_process,Planning Participants,Spreadsheet,Roles,1473296,(null),true,default - re-queries on mount,Component setting,Section Settings > Data > Fetch Mode: set explicitly once a pattern-wide default is agreed.,,,,
2386715,https://county_template.devmny.org/the_plan/about_the_process,the_plan/about_the_process,Planning Meetings,Spreadsheet,Participation,1473469,(null),true,default - re-queries on mount,Component setting,Section Settings > Data > Fetch Mode: set explicitly once a pattern-wide default is agreed.,,,,
2386720,https://county_template.devmny.org/the_plan/about_the_process,the_plan/about_the_process,Local Resources,Card,LHMP_IA,1441681,(null),true,default - re-queries on mount,Component setting,Section Settings > Data > Fetch Mode: set explicitly once a pattern-wide default is agreed.,,,,
2386724,https://county_template.devmny.org/the_plan/about_the_process,the_plan/about_the_process,County Capabilities Table,Spreadsheet,Capabilities_Catalogue,1172519,(null),true,default - re-queries on mount,Component setting,Section Settings > Data > Fetch Mode: set explicitly once a pattern-wide default is agreed.,,,,
2386725,https://county_template.devmny.org/the_plan/about_the_process,the_plan/about_the_process,(untitled Card),Card,LHMP_IA,1441681,(null),true,default - re-queries on mount,Component setting,Section Settings > Data > Fetch Mode: set explicitly once a pattern-wide default is agreed.,,,,
2386726,https://county_template.devmny.org/the_plan/about_the_process,the_plan/about_the_process,Jurisdictional Resources and Capabilities,Spreadsheet,Capabilities_Catalogue,1172519,(null),true,default - re-queries on mount,Component setting,Section Settings > Data > Fetch Mode: set explicitly once a pattern-wide default is agreed.,,,,
2386727,https://county_template.devmny.org/the_plan/about_the_process,the_plan/about_the_process,Adoption,Card,LHMP_IA,1441681,(null),true,default - re-queries on mount,Component setting,Section Settings > Data > Fetch Mode: set explicitly once a pattern-wide default is agreed.,,,,
2386730,https://county_template.devmny.org/the_plan/about_the_process,the_plan/about_the_process,Maintenance,Card,LHMP_IA,1441681,(null),true,default - re-queries on mount,Component setting,Section Settings > Data > Fetch Mode: set explicitly once a pattern-wide default is agreed.,,,,
2379051,https://county_template.devmny.org/the_plan/jurisdictional_annexes/select_jurisdiction,the_plan/jurisdictional_annexes/select_jurisdiction,(untitled Header: MNY Data),Header: MNY Data,Jurisdictions,,(null),true,default - re-queries on mount,Component setting,Section Settings > Data > Fetch Mode: set explicitly once a pattern-wide default is agreed.,,,,
2379056,https://county_template.devmny.org/the_plan/jurisdictional_annexes/select_jurisdiction,the_plan/jurisdictional_annexes/select_jurisdiction,(untitled Card),Card,Jurisdictions,1346450,(null),true,default - re-queries on mount,Component setting,Section Settings > Data > Fetch Mode: set explicitly once a pattern-wide default is agreed.,,,,
2379059,https://county_template.devmny.org/the_plan/jurisdictional_annexes/select_jurisdiction,the_plan/jurisdictional_annexes/select_jurisdiction,(untitled Card),Card,Jurisdictions,1346450,(null),true,default - re-queries on mount,Component setting,Section Settings > Data > Fetch Mode: set explicitly once a pattern-wide default is agreed.,,,,
2379061,https://county_template.devmny.org/the_plan/jurisdictional_annexes/select_jurisdiction,the_plan/jurisdictional_annexes/select_jurisdiction,Planning Process,Card,Jurisdictions,1346450,(null),true,default - re-queries on mount,Component setting,Section Settings > Data > Fetch Mode: set explicitly once a pattern-wide default is agreed.,,,,
2379063,https://county_template.devmny.org/the_plan/jurisdictional_annexes/select_jurisdiction,the_plan/jurisdictional_annexes/select_jurisdiction,(untitled Card),Card,Jurisdictions,1346450,(null),true,default - re-queries on mount,Component setting,Section Settings > Data > Fetch Mode: set explicitly once a pattern-wide default is agreed.,,,,
2379065,https://county_template.devmny.org/the_plan/jurisdictional_annexes/select_jurisdiction,the_plan/jurisdictional_annexes/select_jurisdiction,Jurisdictional Profile,Card,Jurisdictions,1346450,(null),true,default - re-queries on mount,Component setting,Section Settings > Data > Fetch Mode: set explicitly once a pattern-wide default is agreed.,,,,
2379066,https://county_template.devmny.org/the_plan/jurisdictional_annexes/select_jurisdiction,the_plan/jurisdictional_annexes/select_jurisdiction,Buildings,Card,LHMP_IA,1441681,(null),true,default - re-queries on mount,Component setting,Section Settings > Data > Fetch Mode: set explicitly once a pattern-wide default is agreed.,,,,
2379068,https://county_template.devmny.org/the_plan/jurisdictional_annexes/select_jurisdiction,the_plan/jurisdictional_annexes/select_jurisdiction,Local Context,Card,Jurisdictions,1346450,(null),true,default - re-queries on mount,Component setting,Section Settings > Data > Fetch Mode: set explicitly once a pattern-wide default is agreed.,,,,
2379070,https://county_template.devmny.org/the_plan/jurisdictional_annexes/select_jurisdiction,the_plan/jurisdictional_annexes/select_jurisdiction,Critical Buildings,Card,Jurisdictions,1346450,(null),true,default - re-queries on mount,Component setting,Section Settings > Data > Fetch Mode: set explicitly once a pattern-wide default is agreed.,,,,
2379071,https://county_template.devmny.org/the_plan/jurisdictional_annexes/select_jurisdiction,the_plan/jurisdictional_annexes/select_jurisdiction,BUILDINGS BY LANDUSE,Spreadsheet,src 1651,2357,(null),true,default - re-queries on mount,Component setting,Section Settings > Data > Fetch Mode: set explicitly once a pattern-wide default is agreed.,,,,
2379072,https://county_template.devmny.org/the_plan/jurisdictional_annexes/select_jurisdiction,the_plan/jurisdictional_annexes/select_jurisdiction,Critical Buildings,Spreadsheet,src 1651,2357,(null),true,default - re-queries on mount,Component setting,Section Settings > Data > Fetch Mode: set explicitly once a pattern-wide default is agreed.,,,,
2379075,https://county_template.devmny.org/the_plan/jurisdictional_annexes/select_jurisdiction,the_plan/jurisdictional_annexes/select_jurisdiction,Infrastructure,Card,LHMP_IA,1441681,(null),true,default - re-queries on mount,Component setting,Section Settings > Data > Fetch Mode: set explicitly once a pattern-wide default is agreed.,,,,
2379077,https://county_template.devmny.org/the_plan/jurisdictional_annexes/select_jurisdiction,the_plan/jurisdictional_annexes/select_jurisdiction,Critical Infrastructure,Card,Jurisdictions,1346450,(null),true,default - re-queries on mount,Component setting,Section Settings > Data > Fetch Mode: set explicitly once a pattern-wide default is agreed.,,,,
2379079,https://county_template.devmny.org/the_plan/jurisdictional_annexes/select_jurisdiction,the_plan/jurisdictional_annexes/select_jurisdiction,Growth and Development Trends,Card,Jurisdictions,1346450,(null),true,default - re-queries on mount,Component setting,Section Settings > Data > Fetch Mode: set explicitly once a pattern-wide default is agreed.,,,,
2379081,https://county_template.devmny.org/the_plan/jurisdictional_annexes/select_jurisdiction,the_plan/jurisdictional_annexes/select_jurisdiction,Additional Context (Municipal),Card,Jurisdictions,1346450,(null),true,default - re-queries on mount,Component setting,Section Settings > Data > Fetch Mode: set explicitly once a pattern-wide default is agreed.,,,,
2379083,https://county_template.devmny.org/the_plan/jurisdictional_annexes/select_jurisdiction,the_plan/jurisdictional_annexes/select_jurisdiction,Risk,Card,Jurisdictions,1346450,(null),true,default - re-queries on mount,Component setting,Section Settings > Data > Fetch Mode: set explicitly once a pattern-wide default is agreed.,,,,
2379084,https://county_template.devmny.org/the_plan/jurisdictional_annexes/select_jurisdiction,the_plan/jurisdictional_annexes/select_jurisdiction,(untitled Card),Card,Jurisdictions,1346450,(null),true,default - re-queries on mount,Component setting,Section Settings > Data > Fetch Mode: set explicitly once a pattern-wide default is agreed.,,,,
2379086,https://county_template.devmny.org/the_plan/jurisdictional_annexes/select_jurisdiction,the_plan/jurisdictional_annexes/select_jurisdiction,(untitled Card),Card,LHMP_IA,1441681,(null),true,default - re-queries on mount,Component setting,Section Settings > Data > Fetch Mode: set explicitly once a pattern-wide default is agreed.,,,,
2379087,https://county_template.devmny.org/the_plan/jurisdictional_annexes/select_jurisdiction,the_plan/jurisdictional_annexes/select_jurisdiction,Hazards Excluded,Spreadsheet,Hazards_of_Concern,1473471,(null),true,default - re-queries on mount,Component setting,Section Settings > Data > Fetch Mode: set explicitly once a pattern-wide default is agreed.,,,,
2379089,https://county_template.devmny.org/the_plan/jurisdictional_annexes/select_jurisdiction,the_plan/jurisdictional_annexes/select_jurisdiction,Historic Occurances,Card,Jurisdictions,1346450,(null),true,default - re-queries on mount,Component setting,Section Settings > Data > Fetch Mode: set explicitly once a pattern-wide default is agreed.,,,,
2379090,https://county_template.devmny.org/the_plan/jurisdictional_annexes/select_jurisdiction,the_plan/jurisdictional_annexes/select_jurisdiction,Disaster and Local Emergencies,Card,LHMP_IA,1441681,(null),true,default - re-queries on mount,Component setting,Section Settings > Data > Fetch Mode: set explicitly once a pattern-wide default is agreed.,,,,
2379091,https://county_template.devmny.org/the_plan/jurisdictional_annexes/select_jurisdiction,the_plan/jurisdictional_annexes/select_jurisdiction,(untitled Card),Card,LHMP_IA,1441681,(null),true,default - re-queries on mount,Component setting,Section Settings > Data > Fetch Mode: set explicitly once a pattern-wide default is agreed.,,,,
2379093,https://county_template.devmny.org/the_plan/jurisdictional_annexes/select_jurisdiction,the_plan/jurisdictional_annexes/select_jurisdiction,Declared Disasters,Card,Jurisdictions,1346450,(null),true,default - re-queries on mount,Component setting,Section Settings > Data > Fetch Mode: set explicitly once a pattern-wide default is agreed.,,,,
2379095,https://county_template.devmny.org/the_plan/jurisdictional_annexes/select_jurisdiction,the_plan/jurisdictional_annexes/select_jurisdiction,Problem Areas,Card,Jurisdictions,1346450,(null),true,default - re-queries on mount,Component setting,Section Settings > Data > Fetch Mode: set explicitly once a pattern-wide default is agreed.,,,,
2379096,https://county_template.devmny.org/the_plan/jurisdictional_annexes/select_jurisdiction,the_plan/jurisdictional_annexes/select_jurisdiction,NFIP Loss,Card,src 1558,2285,(null),true,default - re-queries on mount,Component setting,Section Settings > Data > Fetch Mode: set explicitly once a pattern-wide default is agreed.,,,,
2379098,https://county_template.devmny.org/the_plan/jurisdictional_annexes/select_jurisdiction,the_plan/jurisdictional_annexes/select_jurisdiction,Buildings in The Floodplain,Spreadsheet,src 1651,2357,(null),true,default - re-queries on mount,Component setting,Section Settings > Data > Fetch Mode: set explicitly once a pattern-wide default is agreed.,,,,
2379099,https://county_template.devmny.org/the_plan/jurisdictional_annexes/select_jurisdiction,the_plan/jurisdictional_annexes/select_jurisdiction,Critical Buildings in The Floodplain,Spreadsheet,src 1651,2357,(null),true,default - re-queries on mount,Component setting,Section Settings > Data > Fetch Mode: set explicitly once a pattern-wide default is agreed.,,,,
2379101,https://county_template.devmny.org/the_plan/jurisdictional_annexes/select_jurisdiction,the_plan/jurisdictional_annexes/select_jurisdiction,Cascading Impacts from Hazards,Card,Jurisdictions,1346450,(null),true,default - re-queries on mount,Component setting,Section Settings > Data > Fetch Mode: set explicitly once a pattern-wide default is agreed.,,,,
2379103,https://county_template.devmny.org/the_plan/jurisdictional_annexes/select_jurisdiction,the_plan/jurisdictional_annexes/select_jurisdiction,Other Hazards,Card,Jurisdictions,1346450,(null),true,default - re-queries on mount,Component setting,Section Settings > Data > Fetch Mode: set explicitly once a pattern-wide default is agreed.,,,,
2379105,https://county_template.devmny.org/the_plan/jurisdictional_annexes/select_jurisdiction,the_plan/jurisdictional_annexes/select_jurisdiction,Additional Context (Risk),Card,Jurisdictions,1346450,(null),true,default - re-queries on mount,Component setting,Section Settings > Data > Fetch Mode: set explicitly once a pattern-wide default is agreed.,,,,
2379108,https://county_template.devmny.org/the_plan/jurisdictional_annexes/select_jurisdiction,the_plan/jurisdictional_annexes/select_jurisdiction,Evaluation of Previously Identified Actions,Card,Jurisdictions,1346450,(null),true,default - re-queries on mount,Component setting,Section Settings > Data > Fetch Mode: set explicitly once a pattern-wide default is agreed.,,,,
2379109,https://county_template.devmny.org/the_plan/jurisdictional_annexes/select_jurisdiction,the_plan/jurisdictional_annexes/select_jurisdiction,(untitled Card),Card,Jurisdictions,1346450,(null),true,default - re-queries on mount,Component setting,Section Settings > Data > Fetch Mode: set explicitly once a pattern-wide default is agreed.,,,,
2379111,https://county_template.devmny.org/the_plan/jurisdictional_annexes/select_jurisdiction,the_plan/jurisdictional_annexes/select_jurisdiction,Action Development,Card,Jurisdictions,1346450,(null),true,default - re-queries on mount,Component setting,Section Settings > Data > Fetch Mode: set explicitly once a pattern-wide default is agreed.,,,,
2379113,https://county_template.devmny.org/the_plan/jurisdictional_annexes/select_jurisdiction,the_plan/jurisdictional_annexes/select_jurisdiction,(untitled Card),Card,Jurisdictions,1346450,(null),true,default - re-queries on mount,Component setting,Section Settings > Data > Fetch Mode: set explicitly once a pattern-wide default is agreed.,,,,
2379115,https://county_template.devmny.org/the_plan/jurisdictional_annexes/select_jurisdiction,the_plan/jurisdictional_annexes/select_jurisdiction,Local Context,Card,Jurisdictions,1346450,(null),true,default - re-queries on mount,Component setting,Section Settings > Data > Fetch Mode: set explicitly once a pattern-wide default is agreed.,,,,
2379116,https://county_template.devmny.org/the_plan/jurisdictional_annexes/select_jurisdiction,the_plan/jurisdictional_annexes/select_jurisdiction,Actions Database,Card,LHMP_IA,1441681,(null),true,default - re-queries on mount,Component setting,Section Settings > Data > Fetch Mode: set explicitly once a pattern-wide default is agreed.,,,,
2379118,https://county_template.devmny.org/the_plan/jurisdictional_annexes/select_jurisdiction,the_plan/jurisdictional_annexes/select_jurisdiction,(untitled Card),Card,Jurisdictions,1346450,(null),true,default - re-queries on mount,Component setting,Section Settings > Data > Fetch Mode: set explicitly once a pattern-wide default is agreed.,,,,
2379124,https://county_template.devmny.org/the_plan/jurisdictional_annexes/select_jurisdiction,the_plan/jurisdictional_annexes/select_jurisdiction,Integration,Card,Jurisdictions,1346450,(null),true,default - re-queries on mount,Component setting,Section Settings > Data > Fetch Mode: set explicitly once a pattern-wide default is agreed.,,,,
2379125,https://county_template.devmny.org/the_plan/jurisdictional_annexes/select_jurisdiction,the_plan/jurisdictional_annexes/select_jurisdiction,(untitled Card),Card,Jurisdictions,1346450,(null),true,default - re-queries on mount,Component setting,Section Settings > Data > Fetch Mode: set explicitly once a pattern-wide default is agreed.,,,,
2379126,https://county_template.devmny.org/the_plan/jurisdictional_annexes/select_jurisdiction,the_plan/jurisdictional_annexes/select_jurisdiction,Capabilities Inventory,Card,LHMP_IA,1441681,(null),true,default - re-queries on mount,Component setting,Section Settings > Data > Fetch Mode: set explicitly once a pattern-wide default is agreed.,,,,
2379120,https://county_template.devmny.org/the_plan/jurisdictional_annexes/select_jurisdiction,the_plan/jurisdictional_annexes/select_jurisdiction,Additional Context (Strategy),Card,Jurisdictions,1346450,(null),true,default - re-queries on mount,Component setting,Section Settings > Data > Fetch Mode: set explicitly once a pattern-wide default is agreed.,,,,
2379122,https://county_template.devmny.org/the_plan/jurisdictional_annexes/select_jurisdiction,the_plan/jurisdictional_annexes/select_jurisdiction,Capacity To Implement,Card,Jurisdictions,1346450,(null),true,default - re-queries on mount,Component setting,Section Settings > Data > Fetch Mode: set explicitly once a pattern-wide default is agreed.,,,,
2379128,https://county_template.devmny.org/the_plan/jurisdictional_annexes/select_jurisdiction,the_plan/jurisdictional_annexes/select_jurisdiction,Additional Context (Capacity to Implement),Card,Jurisdictions,1346450,(null),true,default - re-queries on mount,Component setting,Section Settings > Data > Fetch Mode: set explicitly once a pattern-wide default is agreed.,,,,
2379130,https://county_template.devmny.org/the_plan/jurisdictional_annexes/select_jurisdiction,the_plan/jurisdictional_annexes/select_jurisdiction,Progress,Card,LHMP_IA,1441681,(null),true,default - re-queries on mount,Component setting,Section Settings > Data > Fetch Mode: set explicitly once a pattern-wide default is agreed.,,,,
2379132,https://county_template.devmny.org/the_plan/jurisdictional_annexes/select_jurisdiction,the_plan/jurisdictional_annexes/select_jurisdiction,Complete Actions,Card,Jurisdictions,1346450,(null),true,default - re-queries on mount,Component setting,Section Settings > Data > Fetch Mode: set explicitly once a pattern-wide default is agreed.,,,,
2379135,https://county_template.devmny.org/the_plan/jurisdictional_annexes/select_jurisdiction,the_plan/jurisdictional_annexes/select_jurisdiction,In-Progress Actions,Card,Jurisdictions,1346450,(null),true,default - re-queries on mount,Component setting,Section Settings > Data > Fetch Mode: set explicitly once a pattern-wide default is agreed.,,,,
2379136,https://county_template.devmny.org/the_plan/jurisdictional_annexes/select_jurisdiction,the_plan/jurisdictional_annexes/select_jurisdiction,(untitled Card),Card,Jurisdictions,1346450,(null),true,default - re-queries on mount,Component setting,Section Settings > Data > Fetch Mode: set explicitly once a pattern-wide default is agreed.,,,,
2379139,https://county_template.devmny.org/the_plan/jurisdictional_annexes/select_jurisdiction,the_plan/jurisdictional_annexes/select_jurisdiction,Proposed Actions,Card,Jurisdictions,1346450,(null),true,default - re-queries on mount,Component setting,Section Settings > Data > Fetch Mode: set explicitly once a pattern-wide default is agreed.,,,,
2379142,https://county_template.devmny.org/the_plan/jurisdictional_annexes/select_jurisdiction,the_plan/jurisdictional_annexes/select_jurisdiction,Additional Context (Progress),Card,Jurisdictions,1346450,(null),true,default - re-queries on mount,Component setting,Section Settings > Data > Fetch Mode: set explicitly once a pattern-wide default is agreed.,,,,
2380245,https://county_template.devmny.org/the_local_environment/high_hazard_dams,the_local_environment/high_hazard_dams,Overview,Card,LHMP_IA,1441681,(null),true,default - re-queries on mount,Component setting,Section Settings > Data > Fetch Mode: set explicitly once a pattern-wide default is agreed.,,,,
2380249,https://county_template.devmny.org/the_local_environment/high_hazard_dams,the_local_environment/high_hazard_dams,DEC Dam Inventory,Spreadsheet,NYS_Dams,1459528,(null),true,default - re-queries on mount,Component setting,Section Settings > Data > Fetch Mode: set explicitly once a pattern-wide default is agreed.,,,,
2380277,https://county_template.devmny.org/the_local_environment/nfip_floodplain_management,the_local_environment/nfip_floodplain_management,National Flood Insurance Program (NFIP),Card,LHMP_IA,1441681,(null),true,default - re-queries on mount,Component setting,Section Settings > Data > Fetch Mode: set explicitly once a pattern-wide default is agreed.,,,,
2380280,https://county_template.devmny.org/the_local_environment/nfip_floodplain_management,the_local_environment/nfip_floodplain_management,MitigateNY Floodplain Map,Card,LHMP_IA,1441681,(null),true,default - re-queries on mount,Component setting,Section Settings > Data > Fetch Mode: set explicitly once a pattern-wide default is agreed.,,,,
2380282,https://county_template.devmny.org/the_local_environment/nfip_floodplain_management,the_local_environment/nfip_floodplain_management,Floodplain Adoption by Jurisdiction,Spreadsheet,src 411,2299,(null),true,default - re-queries on mount,Component setting,Section Settings > Data > Fetch Mode: set explicitly once a pattern-wide default is agreed.,,,,
2380288,https://county_template.devmny.org/the_local_environment/nfip_floodplain_management,the_local_environment/nfip_floodplain_management,NFIP Loss By Disaster Declaration,Spreadsheet,src 831,1304,(null),true,default - re-queries on mount,Component setting,Section Settings > Data > Fetch Mode: set explicitly once a pattern-wide default is agreed.,,,,
2380355,https://county_template.devmny.org/the_local_environment/high_hazard_dams/high_hazard_dams_view_card,the_local_environment/high_hazard_dams/high_hazard_dams_view_card,(untitled Card),Card,NYS_Dams,1459528,(null),true,default - re-queries on mount,Component setting,Section Settings > Data > Fetch Mode: set explicitly once a pattern-wide default is agreed.,,,,
2380356,https://county_template.devmny.org/the_local_environment/high_hazard_dams/high_hazard_dams_view_card,the_local_environment/high_hazard_dams/high_hazard_dams_view_card,(untitled Card),Card,NYS_Dams,1459528,(null),true,default - re-queries on mount,Component setting,Section Settings > Data > Fetch Mode: set explicitly once a pattern-wide default is agreed.,,,,
2380358,https://county_template.devmny.org/the_local_environment/high_hazard_dams/high_hazard_dams_view_card,the_local_environment/high_hazard_dams/high_hazard_dams_view_card,(untitled Card),Card,NYS_Dams,1459528,(null),true,default - re-queries on mount,Component setting,Section Settings > Data > Fetch Mode: set explicitly once a pattern-wide default is agreed.,,,,
2380359,https://county_template.devmny.org/the_local_environment/high_hazard_dams/high_hazard_dams_view_card,the_local_environment/high_hazard_dams/high_hazard_dams_view_card,High Hazard Dam Assessment,Card,LHMP_IA,1441681,(null),true,default - re-queries on mount,Component setting,Section Settings > Data > Fetch Mode: set explicitly once a pattern-wide default is agreed.,,,,
2380561,https://county_template.devmny.org/the_risk/natural_hazards,the_risk/natural_hazards,Overview,Card,LHMP_IA,1441681,(null),true,default - re-queries on mount,Component setting,Section Settings > Data > Fetch Mode: set explicitly once a pattern-wide default is agreed.,,,,
2380563,https://county_template.devmny.org/the_risk/natural_hazards,the_risk/natural_hazards,Hazards of Concern,Card,LHMP_IA,1441681,(null),true,default - re-queries on mount,Component setting,Section Settings > Data > Fetch Mode: set explicitly once a pattern-wide default is agreed.,,,,
2380570,https://county_template.devmny.org/the_risk/natural_hazards,the_risk/natural_hazards,Modeled Risk,Card,LHMP_IA,1441681,(null),true,default - re-queries on mount,Component setting,Section Settings > Data > Fetch Mode: set explicitly once a pattern-wide default is agreed.,,,,
2380571,https://county_template.devmny.org/the_risk/natural_hazards,the_risk/natural_hazards,Total Expected Annual Loss by Hazard Category,Graph,src 159,1370,(null),true,default - re-queries on mount,Component setting,Section Settings > Data > Fetch Mode: set explicitly once a pattern-wide default is agreed.,,,,
2380573,https://county_template.devmny.org/the_risk/natural_hazards,the_risk/natural_hazards,Historic Loss,Card,LHMP_IA,1441681,(null),true,default - re-queries on mount,Component setting,Section Settings > Data > Fetch Mode: set explicitly once a pattern-wide default is agreed.,,,,
2380576,https://county_template.devmny.org/the_risk/natural_hazards,the_risk/natural_hazards,(untitled Card),Card,src 870,1648,(null),true,default - re-queries on mount,Component setting,Section Settings > Data > Fetch Mode: set explicitly once a pattern-wide default is agreed.,,,,
2380577,https://county_template.devmny.org/the_risk/natural_hazards,the_risk/natural_hazards,Declared Disasters,Card,LHMP_IA,1441681,(null),true,default - re-queries on mount,Component setting,Section Settings > Data > Fetch Mode: set explicitly once a pattern-wide default is agreed.,,,,
2380578,https://county_template.devmny.org/the_risk/natural_hazards,the_risk/natural_hazards,(untitled Card),Card,LHMP_IA,1441681,(null),true,default - re-queries on mount,Component setting,Section Settings > Data > Fetch Mode: set explicitly once a pattern-wide default is agreed.,,,,
2380580,https://county_template.devmny.org/the_risk/natural_hazards,the_risk/natural_hazards,Other Hazard Events,Card,LHMP_IA,1441681,(null),true,default - re-queries on mount,Component setting,Section Settings > Data > Fetch Mode: set explicitly once a pattern-wide default is agreed.,,,,
2380581,https://county_template.devmny.org/the_risk/natural_hazards,the_risk/natural_hazards,(untitled Spreadsheet),Spreadsheet,src 198,1157,(null),true,default - re-queries on mount,Component setting,Section Settings > Data > Fetch Mode: set explicitly once a pattern-wide default is agreed.,,,,
2380583,https://county_template.devmny.org/the_risk/natural_hazards,the_risk/natural_hazards,Historic Loss By Year And By Disaster Number,Card,LHMP_IA,1441681,(null),true,default - re-queries on mount,Component setting,Section Settings > Data > Fetch Mode: set explicitly once a pattern-wide default is agreed.,,,,
2380585,https://county_template.devmny.org/the_risk/natural_hazards,the_risk/natural_hazards,Historic Loss By Month,Card,LHMP_IA,1441681,(null),true,default - re-queries on mount,Component setting,Section Settings > Data > Fetch Mode: set explicitly once a pattern-wide default is agreed.,,,,
2380742,https://county_template.devmny.org/the_risk/natural_hazards/avalanche,the_risk/natural_hazards/avalanche,(untitled Card),Card,src 870,1648,(null),true,default - re-queries on mount,Component setting,Section Settings > Data > Fetch Mode: set explicitly once a pattern-wide default is agreed.,,,,
2380743,https://county_template.devmny.org/the_risk/natural_hazards/avalanche,the_risk/natural_hazards/avalanche,Hazard of Concern,Card,Hazards_of_Concern,1473471,(null),true,default - re-queries on mount,Component setting,Section Settings > Data > Fetch Mode: set explicitly once a pattern-wide default is agreed.,,,,
2380744,https://county_template.devmny.org/the_risk/natural_hazards/avalanche,the_risk/natural_hazards/avalanche,Modeled RIsk,Card,src 1508,1982,(null),true,default - re-queries on mount,Component setting,Section Settings > Data > Fetch Mode: set explicitly once a pattern-wide default is agreed.,,,,
2380750,https://county_template.devmny.org/the_risk/natural_hazards/avalanche,the_risk/natural_hazards/avalanche,General Vulnerability,Card,LHMP_IA,1441681,(null),true,default - re-queries on mount,Component setting,Section Settings > Data > Fetch Mode: set explicitly once a pattern-wide default is agreed.,,,,
2380752,https://county_template.devmny.org/the_risk/natural_hazards/avalanche,the_risk/natural_hazards/avalanche,Potential Impacts,Card,LHMP_IA,1441681,(null),true,default - re-queries on mount,Component setting,Section Settings > Data > Fetch Mode: set explicitly once a pattern-wide default is agreed.,,,,
2380753,https://county_template.devmny.org/the_risk/natural_hazards/avalanche,the_risk/natural_hazards/avalanche,(untitled Spreadsheet),Spreadsheet,R_and_V_Matrix,1160864,(null),true,default - re-queries on mount,Component setting,Section Settings > Data > Fetch Mode: set explicitly once a pattern-wide default is agreed.,,,,
2380754,https://county_template.devmny.org/the_risk/natural_hazards/avalanche,the_risk/natural_hazards/avalanche,Historic Occurrences,Card,LHMP_IA,1441681,(null),true,default - re-queries on mount,Component setting,Section Settings > Data > Fetch Mode: set explicitly once a pattern-wide default is agreed.,,,,
2380756,https://county_template.devmny.org/the_risk/natural_hazards/avalanche,the_risk/natural_hazards/avalanche,Total Events and Losses in $: Declared Disasters and Non-Declared Events,Card,LHMP_IA,1441681,(null),true,default - re-queries on mount,Component setting,Section Settings > Data > Fetch Mode: set explicitly once a pattern-wide default is agreed.,,,,
2380757,https://county_template.devmny.org/the_risk/natural_hazards/avalanche,the_risk/natural_hazards/avalanche,(untitled Graph),Graph,src 870,1648,(null),true,default - re-queries on mount,Component setting,Section Settings > Data > Fetch Mode: set explicitly once a pattern-wide default is agreed.,,,,
2380761,https://county_template.devmny.org/the_risk/natural_hazards/avalanche,the_risk/natural_hazards/avalanche,Total Losses in $ by Year,Card,LHMP_IA,1441681,(null),true,default - re-queries on mount,Component setting,Section Settings > Data > Fetch Mode: set explicitly once a pattern-wide default is agreed.,,,,
2380764,https://county_template.devmny.org/the_risk/natural_hazards/avalanche,the_risk/natural_hazards/avalanche,Total Losses in $ by Month,Card,LHMP_IA,1441681,(null),true,default - re-queries on mount,Component setting,Section Settings > Data > Fetch Mode: set explicitly once a pattern-wide default is agreed.,,,,
2380766,https://county_template.devmny.org/the_risk/natural_hazards/avalanche,the_risk/natural_hazards/avalanche,Presidential Disaster Declarations,Card,LHMP_IA,1441681,(null),true,default - re-queries on mount,Component setting,Section Settings > Data > Fetch Mode: set explicitly once a pattern-wide default is agreed.,,,,
2380768,https://county_template.devmny.org/the_risk/natural_hazards/avalanche,the_risk/natural_hazards/avalanche,(untitled Spreadsheet),Spreadsheet,src 870,1648,(null),true,default - re-queries on mount,Component setting,Section Settings > Data > Fetch Mode: set explicitly once a pattern-wide default is agreed.,,,,
2380771,https://county_template.devmny.org/the_risk/natural_hazards/avalanche,the_risk/natural_hazards/avalanche,Other Hazard Events,Card,LHMP_IA,1441681,(null),true,default - re-queries on mount,Component setting,Section Settings > Data > Fetch Mode: set explicitly once a pattern-wide default is agreed.,,,,
2380783,https://county_template.devmny.org/the_risk/natural_hazards/avalanche,the_risk/natural_hazards/avalanche,Modeled Risk,Card,LHMP_IA,1441681,(null),true,default - re-queries on mount,Component setting,Section Settings > Data > Fetch Mode: set explicitly once a pattern-wide default is agreed.,,,,
2380784,https://county_template.devmny.org/the_risk/natural_hazards/avalanche,the_risk/natural_hazards/avalanche,(untitled Card),Card,src 1508,1982,(null),true,default - re-queries on mount,Component setting,Section Settings > Data > Fetch Mode: set explicitly once a pattern-wide default is agreed.,,,,
2380786,https://county_template.devmny.org/the_risk/natural_hazards/avalanche,the_risk/natural_hazards/avalanche,Built Environment,Card,LHMP_IA,1441681,(null),true,default - re-queries on mount,Component setting,Section Settings > Data > Fetch Mode: set explicitly once a pattern-wide default is agreed.,,,,
2380789,https://county_template.devmny.org/the_risk/natural_hazards/avalanche,the_risk/natural_hazards/avalanche,People and Communities,Card,LHMP_IA,1441681,(null),true,default - re-queries on mount,Component setting,Section Settings > Data > Fetch Mode: set explicitly once a pattern-wide default is agreed.,,,,
2380792,https://county_template.devmny.org/the_risk/natural_hazards/avalanche,the_risk/natural_hazards/avalanche,Natural Environment,Card,LHMP_IA,1441681,(null),true,default - re-queries on mount,Component setting,Section Settings > Data > Fetch Mode: set explicitly once a pattern-wide default is agreed.,,,,
2380796,https://county_template.devmny.org/the_risk/natural_hazards/avalanche,the_risk/natural_hazards/avalanche,Strategies,Card,LHMP_IA,1441681,(null),true,default - re-queries on mount,Component setting,Section Settings > Data > Fetch Mode: set explicitly once a pattern-wide default is agreed.,,,,
2380797,https://county_template.devmny.org/the_risk/natural_hazards/avalanche,the_risk/natural_hazards/avalanche,Measures Inventory,Spreadsheet,Mitigation_Measures,1155800,(null),true,default - re-queries on mount,Component setting,Section Settings > Data > Fetch Mode: set explicitly once a pattern-wide default is agreed.,,,,
2380798,https://county_template.devmny.org/the_risk/natural_hazards/avalanche,the_risk/natural_hazards/avalanche,Capabilities,Card,LHMP_IA,1441681,(null),true,default - re-queries on mount,Component setting,Section Settings > Data > Fetch Mode: set explicitly once a pattern-wide default is agreed.,,,,
2380803,https://county_template.devmny.org/the_risk/natural_hazards/avalanche,the_risk/natural_hazards/avalanche,Actions,Card,LHMP_IA,1441681,(null),true,default - re-queries on mount,Component setting,Section Settings > Data > Fetch Mode: set explicitly once a pattern-wide default is agreed.,,,,
2382030,https://county_template.devmny.org/the_risk/natural_hazards/coastal_hazards,the_risk/natural_hazards/coastal_hazards,Overview,Card,LHMP_IA,1441681,(null),true,default - re-queries on mount,Component setting,Section Settings > Data > Fetch Mode: set explicitly once a pattern-wide default is agreed.,,,,
2382031,https://county_template.devmny.org/the_risk/natural_hazards/coastal_hazards,the_risk/natural_hazards/coastal_hazards,(untitled Card),Card,src 870,1648,(null),true,default - re-queries on mount,Component setting,Section Settings > Data > Fetch Mode: set explicitly once a pattern-wide default is agreed.,,,,
2382032,https://county_template.devmny.org/the_risk/natural_hazards/coastal_hazards,the_risk/natural_hazards/coastal_hazards,Hazard of Concern,Card,Hazards_of_Concern,1473471,(null),true,default - re-queries on mount,Component setting,Section Settings > Data > Fetch Mode: set explicitly once a pattern-wide default is agreed.,,,,
2382033,https://county_template.devmny.org/the_risk/natural_hazards/coastal_hazards,the_risk/natural_hazards/coastal_hazards,Modeled RIsk,Card,src 1508,1982,(null),true,default - re-queries on mount,Component setting,Section Settings > Data > Fetch Mode: set explicitly once a pattern-wide default is agreed.,,,,
2382043,https://county_template.devmny.org/the_risk/natural_hazards/coastal_hazards,the_risk/natural_hazards/coastal_hazards,Historic Occurrences,Card,LHMP_IA,1441681,(null),true,default - re-queries on mount,Component setting,Section Settings > Data > Fetch Mode: set explicitly once a pattern-wide default is agreed.,,,,
2382088,https://county_template.devmny.org/the_risk/natural_hazards/coastal_hazards,the_risk/natural_hazards/coastal_hazards,Capabilities,Card,LHMP_IA,1441681,(null),true,default - re-queries on mount,Component setting,Section Settings > Data > Fetch Mode: set explicitly once a pattern-wide default is agreed.,,,,
2382092,https://county_template.devmny.org/the_risk/natural_hazards/coastal_hazards,the_risk/natural_hazards/coastal_hazards,(untitled Spreadsheet),Spreadsheet,Capabilities_Catalogue,1172519,(null),true,default - re-queries on mount,Component setting,Section Settings > Data > Fetch Mode: set explicitly once a pattern-wide default is agreed.,,,,
2382039,https://county_template.devmny.org/the_risk/natural_hazards/coastal_hazards,the_risk/natural_hazards/coastal_hazards,General Vulnerability,Card,LHMP_IA,1441681,(null),true,default - re-queries on mount,Component setting,Section Settings > Data > Fetch Mode: set explicitly once a pattern-wide default is agreed.,,,,
2382040,https://county_template.devmny.org/the_risk/natural_hazards/coastal_hazards,the_risk/natural_hazards/coastal_hazards,(untitled Card),Card,LHMP_IA,1441681,(null),true,default - re-queries on mount,Component setting,Section Settings > Data > Fetch Mode: set explicitly once a pattern-wide default is agreed.,,,,
2382041,https://county_template.devmny.org/the_risk/natural_hazards/coastal_hazards,the_risk/natural_hazards/coastal_hazards,Potential Impacts,Card,LHMP_IA,1441681,(null),true,default - re-queries on mount,Component setting,Section Settings > Data > Fetch Mode: set explicitly once a pattern-wide default is agreed.,,,,
2382056,https://county_template.devmny.org/the_risk/natural_hazards/coastal_hazards,the_risk/natural_hazards/coastal_hazards,Presidential Disaster Declarations,Card,LHMP_IA,1441681,(null),true,default - re-queries on mount,Component setting,Section Settings > Data > Fetch Mode: set explicitly once a pattern-wide default is agreed.,,,,
2382058,https://county_template.devmny.org/the_risk/natural_hazards/coastal_hazards,the_risk/natural_hazards/coastal_hazards,(untitled Spreadsheet),Spreadsheet,src 870,1648,(null),true,default - re-queries on mount,Component setting,Section Settings > Data > Fetch Mode: set explicitly once a pattern-wide default is agreed.,,,,
2382042,https://county_template.devmny.org/the_risk/natural_hazards/coastal_hazards,the_risk/natural_hazards/coastal_hazards,(untitled Spreadsheet),Spreadsheet,R_and_V_Matrix,1160864,(null),true,default - re-queries on mount,Component setting,Section Settings > Data > Fetch Mode: set explicitly once a pattern-wide default is agreed.,,,,
2382045,https://county_template.devmny.org/the_risk/natural_hazards/coastal_hazards,the_risk/natural_hazards/coastal_hazards,Total Events and Losses in $: Declared Disasters and Non-Declared Events,Card,LHMP_IA,1441681,(null),true,default - re-queries on mount,Component setting,Section Settings > Data > Fetch Mode: set explicitly once a pattern-wide default is agreed.,,,,
2382051,https://county_template.devmny.org/the_risk/natural_hazards/coastal_hazards,the_risk/natural_hazards/coastal_hazards,Total Losses in $ by Year,Card,LHMP_IA,1441681,(null),true,default - re-queries on mount,Component setting,Section Settings > Data > Fetch Mode: set explicitly once a pattern-wide default is agreed.,,,,
2382046,https://county_template.devmny.org/the_risk/natural_hazards/coastal_hazards,the_risk/natural_hazards/coastal_hazards,(untitled Graph),Graph,src 870,1648,(null),true,default - re-queries on mount,Component setting,Section Settings > Data > Fetch Mode: set explicitly once a pattern-wide default is agreed.,,,,
2382057,https://county_template.devmny.org/the_risk/natural_hazards/coastal_hazards,the_risk/natural_hazards/coastal_hazards,(untitled Card),Card,LHMP_IA,1441681,(null),true,default - re-queries on mount,Component setting,Section Settings > Data > Fetch Mode: set explicitly once a pattern-wide default is agreed.,,,,
2382061,https://county_template.devmny.org/the_risk/natural_hazards/coastal_hazards,the_risk/natural_hazards/coastal_hazards,Other Hazard Events,Card,LHMP_IA,1441681,(null),true,default - re-queries on mount,Component setting,Section Settings > Data > Fetch Mode: set explicitly once a pattern-wide default is agreed.,,,,
2382074,https://county_template.devmny.org/the_risk/natural_hazards/coastal_hazards,the_risk/natural_hazards/coastal_hazards,(untitled Card),Card,src 1508,1982,(null),true,default - re-queries on mount,Component setting,Section Settings > Data > Fetch Mode: set explicitly once a pattern-wide default is agreed.,,,,
2382076,https://county_template.devmny.org/the_risk/natural_hazards/coastal_hazards,the_risk/natural_hazards/coastal_hazards,Built Environment,Card,LHMP_IA,1441681,(null),true,default - re-queries on mount,Component setting,Section Settings > Data > Fetch Mode: set explicitly once a pattern-wide default is agreed.,,,,
2382079,https://county_template.devmny.org/the_risk/natural_hazards/coastal_hazards,the_risk/natural_hazards/coastal_hazards,People and Communities,Card,LHMP_IA,1441681,(null),true,default - re-queries on mount,Component setting,Section Settings > Data > Fetch Mode: set explicitly once a pattern-wide default is agreed.,,,,
2382054,https://county_template.devmny.org/the_risk/natural_hazards/coastal_hazards,the_risk/natural_hazards/coastal_hazards,Total Losses in $ by Month,Card,LHMP_IA,1441681,(null),true,default - re-queries on mount,Component setting,Section Settings > Data > Fetch Mode: set explicitly once a pattern-wide default is agreed.,,,,
2382087,https://county_template.devmny.org/the_risk/natural_hazards/coastal_hazards,the_risk/natural_hazards/coastal_hazards,Measures Inventory,Spreadsheet,Mitigation_Measures,1155800,(null),true,default - re-queries on mount,Component setting,Section Settings > Data > Fetch Mode: set explicitly once a pattern-wide default is agreed.,,,,
2382093,https://county_template.devmny.org/the_risk/natural_hazards/coastal_hazards,the_risk/natural_hazards/coastal_hazards,Actions,Card,LHMP_IA,1441681,(null),true,default - re-queries on mount,Component setting,Section Settings > Data > Fetch Mode: set explicitly once a pattern-wide default is agreed.,,,,
2382073,https://county_template.devmny.org/the_risk/natural_hazards/coastal_hazards,the_risk/natural_hazards/coastal_hazards,Modeled Risk,Card,LHMP_IA,1441681,(null),true,default - re-queries on mount,Component setting,Section Settings > Data > Fetch Mode: set explicitly once a pattern-wide default is agreed.,,,,
2382082,https://county_template.devmny.org/the_risk/natural_hazards/coastal_hazards,the_risk/natural_hazards/coastal_hazards,Natural Environment,Card,LHMP_IA,1441681,(null),true,default - re-queries on mount,Component setting,Section Settings > Data > Fetch Mode: set explicitly once a pattern-wide default is agreed.,,,,
2382086,https://county_template.devmny.org/the_risk/natural_hazards/coastal_hazards,the_risk/natural_hazards/coastal_hazards,Strategies,Card,LHMP_IA,1441681,(null),true,default - re-queries on mount,Component setting,Section Settings > Data > Fetch Mode: set explicitly once a pattern-wide default is agreed.,,,,
2383894,https://county_template.devmny.org/the_risk/natural_hazards/drought,the_risk/natural_hazards/drought,(untitled Card),Card,src 870,1648,(null),true,default - re-queries on mount,Component setting,Section Settings > Data > Fetch Mode: set explicitly once a pattern-wide default is agreed.,,,,
2383895,https://county_template.devmny.org/the_risk/natural_hazards/drought,the_risk/natural_hazards/drought,Hazard of Concern,Card,Hazards_of_Concern,1473471,(null),true,default - re-queries on mount,Component setting,Section Settings > Data > Fetch Mode: set explicitly once a pattern-wide default is agreed.,,,,
2383896,https://county_template.devmny.org/the_risk/natural_hazards/drought,the_risk/natural_hazards/drought,Modeled RIsk,Card,src 1508,1982,(null),true,default - re-queries on mount,Component setting,Section Settings > Data > Fetch Mode: set explicitly once a pattern-wide default is agreed.,,,,
2383903,https://county_template.devmny.org/the_risk/natural_hazards/drought,the_risk/natural_hazards/drought,(untitled Card),Card,LHMP_IA,1441681,(null),true,default - re-queries on mount,Component setting,Section Settings > Data > Fetch Mode: set explicitly once a pattern-wide default is agreed.,,,,
2383904,https://county_template.devmny.org/the_risk/natural_hazards/drought,the_risk/natural_hazards/drought,Potential Impacts,Card,LHMP_IA,1441681,(null),true,default - re-queries on mount,Component setting,Section Settings > Data > Fetch Mode: set explicitly once a pattern-wide default is agreed.,,,,
2383905,https://county_template.devmny.org/the_risk/natural_hazards/drought,the_risk/natural_hazards/drought,(untitled Spreadsheet),Spreadsheet,R_and_V_Matrix,1160864,(null),true,default - re-queries on mount,Component setting,Section Settings > Data > Fetch Mode: set explicitly once a pattern-wide default is agreed.,,,,
2383908,https://county_template.devmny.org/the_risk/natural_hazards/drought,the_risk/natural_hazards/drought,Total Events and Losses in $: Declared Disasters and Non-Declared Events,Card,LHMP_IA,1441681,(null),true,default - re-queries on mount,Component setting,Section Settings > Data > Fetch Mode: set explicitly once a pattern-wide default is agreed.,,,,
2383909,https://county_template.devmny.org/the_risk/natural_hazards/drought,the_risk/natural_hazards/drought,(untitled Graph),Graph,src 870,1648,(null),true,default - re-queries on mount,Component setting,Section Settings > Data > Fetch Mode: set explicitly once a pattern-wide default is agreed.,,,,
2383913,https://county_template.devmny.org/the_risk/natural_hazards/drought,the_risk/natural_hazards/drought,Total Losses in $ by Year,Card,LHMP_IA,1441681,(null),true,default - re-queries on mount,Component setting,Section Settings > Data > Fetch Mode: set explicitly once a pattern-wide default is agreed.,,,,
2383916,https://county_template.devmny.org/the_risk/natural_hazards/drought,the_risk/natural_hazards/drought,Total Losses in $ by Month,Card,LHMP_IA,1441681,(null),true,default - re-queries on mount,Component setting,Section Settings > Data > Fetch Mode: set explicitly once a pattern-wide default is agreed.,,,,
2383918,https://county_template.devmny.org/the_risk/natural_hazards/drought,the_risk/natural_hazards/drought,Presidential Disaster Declarations,Card,LHMP_IA,1441681,(null),true,default - re-queries on mount,Component setting,Section Settings > Data > Fetch Mode: set explicitly once a pattern-wide default is agreed.,,,,
2383919,https://county_template.devmny.org/the_risk/natural_hazards/drought,the_risk/natural_hazards/drought,(untitled Card),Card,LHMP_IA,1441681,(null),true,default - re-queries on mount,Component setting,Section Settings > Data > Fetch Mode: set explicitly once a pattern-wide default is agreed.,,,,
2383920,https://county_template.devmny.org/the_risk/natural_hazards/drought,the_risk/natural_hazards/drought,(untitled Spreadsheet),Spreadsheet,src 870,1648,(null),true,default - re-queries on mount,Component setting,Section Settings > Data > Fetch Mode: set explicitly once a pattern-wide default is agreed.,,,,
2383923,https://county_template.devmny.org/the_risk/natural_hazards/drought,the_risk/natural_hazards/drought,Other Hazard Events,Card,LHMP_IA,1441681,(null),true,default - re-queries on mount,Component setting,Section Settings > Data > Fetch Mode: set explicitly once a pattern-wide default is agreed.,,,,
2383936,https://county_template.devmny.org/the_risk/natural_hazards/drought,the_risk/natural_hazards/drought,(untitled Card),Card,src 1508,1982,(null),true,default - re-queries on mount,Component setting,Section Settings > Data > Fetch Mode: set explicitly once a pattern-wide default is agreed.,,,,
2383948,https://county_template.devmny.org/the_risk/natural_hazards/drought,the_risk/natural_hazards/drought,Strategies,Card,LHMP_IA,1441681,(null),true,default - re-queries on mount,Component setting,Section Settings > Data > Fetch Mode: set explicitly once a pattern-wide default is agreed.,,,,
2383949,https://county_template.devmny.org/the_risk/natural_hazards/drought,the_risk/natural_hazards/drought,Measures Inventory,Spreadsheet,Mitigation_Measures,1155800,(null),true,default - re-queries on mount,Component setting,Section Settings > Data > Fetch Mode: set explicitly once a pattern-wide default is agreed.,,,,
2383950,https://county_template.devmny.org/the_risk/natural_hazards/drought,the_risk/natural_hazards/drought,Capabilities,Card,LHMP_IA,1441681,(null),true,default - re-queries on mount,Component setting,Section Settings > Data > Fetch Mode: set explicitly once a pattern-wide default is agreed.,,,,
2383955,https://county_template.devmny.org/the_risk/natural_hazards/drought,the_risk/natural_hazards/drought,Actions,Card,LHMP_IA,1441681,(null),true,default - re-queries on mount,Component setting,Section Settings > Data > Fetch Mode: set explicitly once a pattern-wide default is agreed.,,,,
2384042,https://county_template.devmny.org/the_risk/natural_hazards/earthquake,the_risk/natural_hazards/earthquake,Overview,Card,LHMP_IA,1441681,(null),true,default - re-queries on mount,Component setting,Section Settings > Data > Fetch Mode: set explicitly once a pattern-wide default is agreed.,,,,
2384043,https://county_template.devmny.org/the_risk/natural_hazards/earthquake,the_risk/natural_hazards/earthquake,(untitled Card),Card,src 870,1648,(null),true,default - re-queries on mount,Component setting,Section Settings > Data > Fetch Mode: set explicitly once a pattern-wide default is agreed.,,,,
2384044,https://county_template.devmny.org/the_risk/natural_hazards/earthquake,the_risk/natural_hazards/earthquake,Hazard of Concern,Card,Hazards_of_Concern,1473471,(null),true,default - re-queries on mount,Component setting,Section Settings > Data > Fetch Mode: set explicitly once a pattern-wide default is agreed.,,,,
2384045,https://county_template.devmny.org/the_risk/natural_hazards/earthquake,the_risk/natural_hazards/earthquake,Modeled RIsk,Card,src 1508,1982,(null),true,default - re-queries on mount,Component setting,Section Settings > Data > Fetch Mode: set explicitly once a pattern-wide default is agreed.,,,,
2384053,https://county_template.devmny.org/the_risk/natural_hazards/earthquake,the_risk/natural_hazards/earthquake,Potential Impacts,Card,LHMP_IA,1441681,(null),true,default - re-queries on mount,Component setting,Section Settings > Data > Fetch Mode: set explicitly once a pattern-wide default is agreed.,,,,
2384054,https://county_template.devmny.org/the_risk/natural_hazards/earthquake,the_risk/natural_hazards/earthquake,(untitled Spreadsheet),Spreadsheet,R_and_V_Matrix,1160864,(null),true,default - re-queries on mount,Component setting,Section Settings > Data > Fetch Mode: set explicitly once a pattern-wide default is agreed.,,,,
2384057,https://county_template.devmny.org/the_risk/natural_hazards/earthquake,the_risk/natural_hazards/earthquake,Total Events and Losses in $: Declared Disasters and Non-Declared Events,Card,LHMP_IA,1441681,(null),true,default - re-queries on mount,Component setting,Section Settings > Data > Fetch Mode: set explicitly once a pattern-wide default is agreed.,,,,
2384058,https://county_template.devmny.org/the_risk/natural_hazards/earthquake,the_risk/natural_hazards/earthquake,(untitled Graph),Graph,src 870,1648,(null),true,default - re-queries on mount,Component setting,Section Settings > Data > Fetch Mode: set explicitly once a pattern-wide default is agreed.,,,,
2384062,https://county_template.devmny.org/the_risk/natural_hazards/earthquake,the_risk/natural_hazards/earthquake,Total Losses in $ by Year,Card,LHMP_IA,1441681,(null),true,default - re-queries on mount,Component setting,Section Settings > Data > Fetch Mode: set explicitly once a pattern-wide default is agreed.,,,,
2384065,https://county_template.devmny.org/the_risk/natural_hazards/earthquake,the_risk/natural_hazards/earthquake,Total Losses in $ by Month,Card,LHMP_IA,1441681,(null),true,default - re-queries on mount,Component setting,Section Settings > Data > Fetch Mode: set explicitly once a pattern-wide default is agreed.,,,,
2384067,https://county_template.devmny.org/the_risk/natural_hazards/earthquake,the_risk/natural_hazards/earthquake,Presidential Disaster Declarations,Card,LHMP_IA,1441681,(null),true,default - re-queries on mount,Component setting,Section Settings > Data > Fetch Mode: set explicitly once a pattern-wide default is agreed.,,,,
2384068,https://county_template.devmny.org/the_risk/natural_hazards/earthquake,the_risk/natural_hazards/earthquake,(untitled Card),Card,LHMP_IA,1441681,(null),true,default - re-queries on mount,Component setting,Section Settings > Data > Fetch Mode: set explicitly once a pattern-wide default is agreed.,,,,
2384069,https://county_template.devmny.org/the_risk/natural_hazards/earthquake,the_risk/natural_hazards/earthquake,(untitled Spreadsheet),Spreadsheet,src 870,1648,(null),true,default - re-queries on mount,Component setting,Section Settings > Data > Fetch Mode: set explicitly once a pattern-wide default is agreed.,,,,
2384051,https://county_template.devmny.org/the_risk/natural_hazards/earthquake,the_risk/natural_hazards/earthquake,General Vulnerability,Card,LHMP_IA,1441681,(null),true,default - re-queries on mount,Component setting,Section Settings > Data > Fetch Mode: set explicitly once a pattern-wide default is agreed.,,,,
2384052,https://county_template.devmny.org/the_risk/natural_hazards/earthquake,the_risk/natural_hazards/earthquake,(untitled Card),Card,LHMP_IA,1441681,(null),true,default - re-queries on mount,Component setting,Section Settings > Data > Fetch Mode: set explicitly once a pattern-wide default is agreed.,,,,
2384055,https://county_template.devmny.org/the_risk/natural_hazards/earthquake,the_risk/natural_hazards/earthquake,Historic Occurrences,Card,LHMP_IA,1441681,(null),true,default - re-queries on mount,Component setting,Section Settings > Data > Fetch Mode: set explicitly once a pattern-wide default is agreed.,,,,
2384072,https://county_template.devmny.org/the_risk/natural_hazards/earthquake,the_risk/natural_hazards/earthquake,Other Hazard Events,Card,LHMP_IA,1441681,(null),true,default - re-queries on mount,Component setting,Section Settings > Data > Fetch Mode: set explicitly once a pattern-wide default is agreed.,,,,
2384087,https://county_template.devmny.org/the_risk/natural_hazards/earthquake,the_risk/natural_hazards/earthquake,Built Environment,Card,LHMP_IA,1441681,(null),true,default - re-queries on mount,Component setting,Section Settings > Data > Fetch Mode: set explicitly once a pattern-wide default is agreed.,,,,
2384084,https://county_template.devmny.org/the_risk/natural_hazards/earthquake,the_risk/natural_hazards/earthquake,Modeled Risk,Card,LHMP_IA,1441681,(null),true,default - re-queries on mount,Component setting,Section Settings > Data > Fetch Mode: set explicitly once a pattern-wide default is agreed.,,,,
2384085,https://county_template.devmny.org/the_risk/natural_hazards/earthquake,the_risk/natural_hazards/earthquake,(untitled Card),Card,src 1508,1982,(null),true,default - re-queries on mount,Component setting,Section Settings > Data > Fetch Mode: set explicitly once a pattern-wide default is agreed.,,,,
2384090,https://county_template.devmny.org/the_risk/natural_hazards/earthquake,the_risk/natural_hazards/earthquake,People and Communities,Card,LHMP_IA,1441681,(null),true,default - re-queries on mount,Component setting,Section Settings > Data > Fetch Mode: set explicitly once a pattern-wide default is agreed.,,,,
2384093,https://county_template.devmny.org/the_risk/natural_hazards/earthquake,the_risk/natural_hazards/earthquake,Natural Environment,Card,LHMP_IA,1441681,(null),true,default - re-queries on mount,Component setting,Section Settings > Data > Fetch Mode: set explicitly once a pattern-wide default is agreed.,,,,
2384097,https://county_template.devmny.org/the_risk/natural_hazards/earthquake,the_risk/natural_hazards/earthquake,Strategies,Card,LHMP_IA,1441681,(null),true,default - re-queries on mount,Component setting,Section Settings > Data > Fetch Mode: set explicitly once a pattern-wide default is agreed.,,,,
2384098,https://county_template.devmny.org/the_risk/natural_hazards/earthquake,the_risk/natural_hazards/earthquake,Measures Inventory,Spreadsheet,Mitigation_Measures,1155800,(null),true,default - re-queries on mount,Component setting,Section Settings > Data > Fetch Mode: set explicitly once a pattern-wide default is agreed.,,,,
2384099,https://county_template.devmny.org/the_risk/natural_hazards/earthquake,the_risk/natural_hazards/earthquake,Capabilities,Card,LHMP_IA,1441681,(null),true,default - re-queries on mount,Component setting,Section Settings > Data > Fetch Mode: set explicitly once a pattern-wide default is agreed.,,,,
2384104,https://county_template.devmny.org/the_risk/natural_hazards/earthquake,the_risk/natural_hazards/earthquake,Actions,Card,LHMP_IA,1441681,(null),true,default - re-queries on mount,Component setting,Section Settings > Data > Fetch Mode: set explicitly once a pattern-wide default is agreed.,,,,
2384116,https://county_template.devmny.org/the_risk/natural_hazards/extreme_cold,the_risk/natural_hazards/extreme_cold,Overview,Card,LHMP_IA,1441681,(null),true,default - re-queries on mount,Component setting,Section Settings > Data > Fetch Mode: set explicitly once a pattern-wide default is agreed.,,,,
2384117,https://county_template.devmny.org/the_risk/natural_hazards/extreme_cold,the_risk/natural_hazards/extreme_cold,(untitled Card),Card,src 870,1648,(null),true,default - re-queries on mount,Component setting,Section Settings > Data > Fetch Mode: set explicitly once a pattern-wide default is agreed.,,,,
2384118,https://county_template.devmny.org/the_risk/natural_hazards/extreme_cold,the_risk/natural_hazards/extreme_cold,Hazard of Concern,Card,Hazards_of_Concern,1473471,(null),true,default - re-queries on mount,Component setting,Section Settings > Data > Fetch Mode: set explicitly once a pattern-wide default is agreed.,,,,
2384119,https://county_template.devmny.org/the_risk/natural_hazards/extreme_cold,the_risk/natural_hazards/extreme_cold,Modeled RIsk,Card,src 1508,1982,(null),true,default - re-queries on mount,Component setting,Section Settings > Data > Fetch Mode: set explicitly once a pattern-wide default is agreed.,,,,
2384125,https://county_template.devmny.org/the_risk/natural_hazards/extreme_cold,the_risk/natural_hazards/extreme_cold,General Vulnerability,Card,LHMP_IA,1441681,(null),true,default - re-queries on mount,Component setting,Section Settings > Data > Fetch Mode: set explicitly once a pattern-wide default is agreed.,,,,
2384126,https://county_template.devmny.org/the_risk/natural_hazards/extreme_cold,the_risk/natural_hazards/extreme_cold,(untitled Card),Card,LHMP_IA,1441681,(null),true,default - re-queries on mount,Component setting,Section Settings > Data > Fetch Mode: set explicitly once a pattern-wide default is agreed.,,,,
2384127,https://county_template.devmny.org/the_risk/natural_hazards/extreme_cold,the_risk/natural_hazards/extreme_cold,Potential Impacts,Card,LHMP_IA,1441681,(null),true,default - re-queries on mount,Component setting,Section Settings > Data > Fetch Mode: set explicitly once a pattern-wide default is agreed.,,,,
2384128,https://county_template.devmny.org/the_risk/natural_hazards/extreme_cold,the_risk/natural_hazards/extreme_cold,(untitled Spreadsheet),Spreadsheet,R_and_V_Matrix,1160864,(null),true,default - re-queries on mount,Component setting,Section Settings > Data > Fetch Mode: set explicitly once a pattern-wide default is agreed.,,,,
2384129,https://county_template.devmny.org/the_risk/natural_hazards/extreme_cold,the_risk/natural_hazards/extreme_cold,Historic Occurrences,Card,LHMP_IA,1441681,(null),true,default - re-queries on mount,Component setting,Section Settings > Data > Fetch Mode: set explicitly once a pattern-wide default is agreed.,,,,
2384131,https://county_template.devmny.org/the_risk/natural_hazards/extreme_cold,the_risk/natural_hazards/extreme_cold,Total Events and Losses in $: Declared Disasters and Non-Declared Events,Card,LHMP_IA,1441681,(null),true,default - re-queries on mount,Component setting,Section Settings > Data > Fetch Mode: set explicitly once a pattern-wide default is agreed.,,,,
2384132,https://county_template.devmny.org/the_risk/natural_hazards/extreme_cold,the_risk/natural_hazards/extreme_cold,(untitled Graph),Graph,src 870,1648,(null),true,default - re-queries on mount,Component setting,Section Settings > Data > Fetch Mode: set explicitly once a pattern-wide default is agreed.,,,,
2384135,https://county_template.devmny.org/the_risk/natural_hazards/extreme_cold,the_risk/natural_hazards/extreme_cold,Total Losses in $ by Year,Card,LHMP_IA,1441681,(null),true,default - re-queries on mount,Component setting,Section Settings > Data > Fetch Mode: set explicitly once a pattern-wide default is agreed.,,,,
2384138,https://county_template.devmny.org/the_risk/natural_hazards/extreme_cold,the_risk/natural_hazards/extreme_cold,Total Losses in $ by Month,Card,LHMP_IA,1441681,(null),true,default - re-queries on mount,Component setting,Section Settings > Data > Fetch Mode: set explicitly once a pattern-wide default is agreed.,,,,
2384140,https://county_template.devmny.org/the_risk/natural_hazards/extreme_cold,the_risk/natural_hazards/extreme_cold,Presidential Disaster Declarations,Card,LHMP_IA,1441681,(null),true,default - re-queries on mount,Component setting,Section Settings > Data > Fetch Mode: set explicitly once a pattern-wide default is agreed.,,,,
2384141,https://county_template.devmny.org/the_risk/natural_hazards/extreme_cold,the_risk/natural_hazards/extreme_cold,(untitled Card),Card,LHMP_IA,1441681,(null),true,default - re-queries on mount,Component setting,Section Settings > Data > Fetch Mode: set explicitly once a pattern-wide default is agreed.,,,,
2384142,https://county_template.devmny.org/the_risk/natural_hazards/extreme_cold,the_risk/natural_hazards/extreme_cold,(untitled Spreadsheet),Spreadsheet,src 870,1648,(null),true,default - re-queries on mount,Component setting,Section Settings > Data > Fetch Mode: set explicitly once a pattern-wide default is agreed.,,,,
2384145,https://county_template.devmny.org/the_risk/natural_hazards/extreme_cold,the_risk/natural_hazards/extreme_cold,Other Hazard Events,Card,LHMP_IA,1441681,(null),true,default - re-queries on mount,Component setting,Section Settings > Data > Fetch Mode: set explicitly once a pattern-wide default is agreed.,,,,
2384158,https://county_template.devmny.org/the_risk/natural_hazards/extreme_cold,the_risk/natural_hazards/extreme_cold,(untitled Card),Card,src 1508,1982,(null),true,default - re-queries on mount,Component setting,Section Settings > Data > Fetch Mode: set explicitly once a pattern-wide default is agreed.,,,,
2384170,https://county_template.devmny.org/the_risk/natural_hazards/extreme_cold,the_risk/natural_hazards/extreme_cold,Strategies,Card,LHMP_IA,1441681,(null),true,default - re-queries on mount,Component setting,Section Settings > Data > Fetch Mode: set explicitly once a pattern-wide default is agreed.,,,,
2384171,https://county_template.devmny.org/the_risk/natural_hazards/extreme_cold,the_risk/natural_hazards/extreme_cold,Measures Inventory,Spreadsheet,Mitigation_Measures,1155800,(null),true,default - re-queries on mount,Component setting,Section Settings > Data > Fetch Mode: set explicitly once a pattern-wide default is agreed.,,,,
2384172,https://county_template.devmny.org/the_risk/natural_hazards/extreme_cold,the_risk/natural_hazards/extreme_cold,Capabilities,Card,LHMP_IA,1441681,(null),true,default - re-queries on mount,Component setting,Section Settings > Data > Fetch Mode: set explicitly once a pattern-wide default is agreed.,,,,
2384157,https://county_template.devmny.org/the_risk/natural_hazards/extreme_cold,the_risk/natural_hazards/extreme_cold,Modeled Risk,Card,LHMP_IA,1441681,(null),true,default - re-queries on mount,Component setting,Section Settings > Data > Fetch Mode: set explicitly once a pattern-wide default is agreed.,,,,
2384177,https://county_template.devmny.org/the_risk/natural_hazards/extreme_cold,the_risk/natural_hazards/extreme_cold,Actions,Card,LHMP_IA,1441681,(null),true,default - re-queries on mount,Component setting,Section Settings > Data > Fetch Mode: set explicitly once a pattern-wide default is agreed.,,,,
2384160,https://county_template.devmny.org/the_risk/natural_hazards/extreme_cold,the_risk/natural_hazards/extreme_cold,Built Environment,Card,LHMP_IA,1441681,(null),true,default - re-queries on mount,Component setting,Section Settings > Data > Fetch Mode: set explicitly once a pattern-wide default is agreed.,,,,
2384163,https://county_template.devmny.org/the_risk/natural_hazards/extreme_cold,the_risk/natural_hazards/extreme_cold,People and Communities,Card,LHMP_IA,1441681,(null),true,default - re-queries on mount,Component setting,Section Settings > Data > Fetch Mode: set explicitly once a pattern-wide default is agreed.,,,,
2384166,https://county_template.devmny.org/the_risk/natural_hazards/extreme_cold,the_risk/natural_hazards/extreme_cold,Natural Environment,Card,LHMP_IA,1441681,(null),true,default - re-queries on mount,Component setting,Section Settings > Data > Fetch Mode: set explicitly once a pattern-wide default is agreed.,,,,
2384213,https://county_template.devmny.org/the_risk/natural_hazards/extreme_heat,the_risk/natural_hazards/extreme_heat,Total Losses in $ by Month,Card,LHMP_IA,1441681,(null),true,default - re-queries on mount,Component setting,Section Settings > Data > Fetch Mode: set explicitly once a pattern-wide default is agreed.,,,,
2384215,https://county_template.devmny.org/the_risk/natural_hazards/extreme_heat,the_risk/natural_hazards/extreme_heat,Presidential Disaster Declarations,Card,LHMP_IA,1441681,(null),true,default - re-queries on mount,Component setting,Section Settings > Data > Fetch Mode: set explicitly once a pattern-wide default is agreed.,,,,
2384216,https://county_template.devmny.org/the_risk/natural_hazards/extreme_heat,the_risk/natural_hazards/extreme_heat,(untitled Card),Card,LHMP_IA,1441681,(null),true,default - re-queries on mount,Component setting,Section Settings > Data > Fetch Mode: set explicitly once a pattern-wide default is agreed.,,,,
2384217,https://county_template.devmny.org/the_risk/natural_hazards/extreme_heat,the_risk/natural_hazards/extreme_heat,(untitled Spreadsheet),Spreadsheet,src 870,1648,(null),true,default - re-queries on mount,Component setting,Section Settings > Data > Fetch Mode: set explicitly once a pattern-wide default is agreed.,,,,
2384190,https://county_template.devmny.org/the_risk/natural_hazards/extreme_heat,the_risk/natural_hazards/extreme_heat,Overview,Card,LHMP_IA,1441681,(null),true,default - re-queries on mount,Component setting,Section Settings > Data > Fetch Mode: set explicitly once a pattern-wide default is agreed.,,,,
2384191,https://county_template.devmny.org/the_risk/natural_hazards/extreme_heat,the_risk/natural_hazards/extreme_heat,(untitled Card),Card,src 870,1648,(null),true,default - re-queries on mount,Component setting,Section Settings > Data > Fetch Mode: set explicitly once a pattern-wide default is agreed.,,,,
2384192,https://county_template.devmny.org/the_risk/natural_hazards/extreme_heat,the_risk/natural_hazards/extreme_heat,Hazard of Concern,Card,Hazards_of_Concern,1473471,(null),true,default - re-queries on mount,Component setting,Section Settings > Data > Fetch Mode: set explicitly once a pattern-wide default is agreed.,,,,
2384193,https://county_template.devmny.org/the_risk/natural_hazards/extreme_heat,the_risk/natural_hazards/extreme_heat,Modeled RIsk,Card,src 1508,1982,(null),true,default - re-queries on mount,Component setting,Section Settings > Data > Fetch Mode: set explicitly once a pattern-wide default is agreed.,,,,
2384199,https://county_template.devmny.org/the_risk/natural_hazards/extreme_heat,the_risk/natural_hazards/extreme_heat,General Vulnerability,Card,LHMP_IA,1441681,(null),true,default - re-queries on mount,Component setting,Section Settings > Data > Fetch Mode: set explicitly once a pattern-wide default is agreed.,,,,
2384200,https://county_template.devmny.org/the_risk/natural_hazards/extreme_heat,the_risk/natural_hazards/extreme_heat,(untitled Card),Card,LHMP_IA,1441681,(null),true,default - re-queries on mount,Component setting,Section Settings > Data > Fetch Mode: set explicitly once a pattern-wide default is agreed.,,,,
2384201,https://county_template.devmny.org/the_risk/natural_hazards/extreme_heat,the_risk/natural_hazards/extreme_heat,Potential Impacts,Card,LHMP_IA,1441681,(null),true,default - re-queries on mount,Component setting,Section Settings > Data > Fetch Mode: set explicitly once a pattern-wide default is agreed.,,,,
2384202,https://county_template.devmny.org/the_risk/natural_hazards/extreme_heat,the_risk/natural_hazards/extreme_heat,(untitled Spreadsheet),Spreadsheet,R_and_V_Matrix,1160864,(null),true,default - re-queries on mount,Component setting,Section Settings > Data > Fetch Mode: set explicitly once a pattern-wide default is agreed.,,,,
2384203,https://county_template.devmny.org/the_risk/natural_hazards/extreme_heat,the_risk/natural_hazards/extreme_heat,Historic Occurrences,Card,LHMP_IA,1441681,(null),true,default - re-queries on mount,Component setting,Section Settings > Data > Fetch Mode: set explicitly once a pattern-wide default is agreed.,,,,
2384205,https://county_template.devmny.org/the_risk/natural_hazards/extreme_heat,the_risk/natural_hazards/extreme_heat,Total Events and Losses in $: Declared Disasters and Non-Declared Events,Card,LHMP_IA,1441681,(null),true,default - re-queries on mount,Component setting,Section Settings > Data > Fetch Mode: set explicitly once a pattern-wide default is agreed.,,,,
2384206,https://county_template.devmny.org/the_risk/natural_hazards/extreme_heat,the_risk/natural_hazards/extreme_heat,(untitled Graph),Graph,src 870,1648,(null),true,default - re-queries on mount,Component setting,Section Settings > Data > Fetch Mode: set explicitly once a pattern-wide default is agreed.,,,,
2384210,https://county_template.devmny.org/the_risk/natural_hazards/extreme_heat,the_risk/natural_hazards/extreme_heat,Total Losses in $ by Year,Card,LHMP_IA,1441681,(null),true,default - re-queries on mount,Component setting,Section Settings > Data > Fetch Mode: set explicitly once a pattern-wide default is agreed.,,,,
2384220,https://county_template.devmny.org/the_risk/natural_hazards/extreme_heat,the_risk/natural_hazards/extreme_heat,Other Hazard Events,Card,LHMP_IA,1441681,(null),true,default - re-queries on mount,Component setting,Section Settings > Data > Fetch Mode: set explicitly once a pattern-wide default is agreed.,,,,
2384232,https://county_template.devmny.org/the_risk/natural_hazards/extreme_heat,the_risk/natural_hazards/extreme_heat,Modeled Risk,Card,LHMP_IA,1441681,(null),true,default - re-queries on mount,Component setting,Section Settings > Data > Fetch Mode: set explicitly once a pattern-wide default is agreed.,,,,
2384233,https://county_template.devmny.org/the_risk/natural_hazards/extreme_heat,the_risk/natural_hazards/extreme_heat,(untitled Card),Card,src 1508,1982,(null),true,default - re-queries on mount,Component setting,Section Settings > Data > Fetch Mode: set explicitly once a pattern-wide default is agreed.,,,,
2384235,https://county_template.devmny.org/the_risk/natural_hazards/extreme_heat,the_risk/natural_hazards/extreme_heat,Built Environment,Card,LHMP_IA,1441681,(null),true,default - re-queries on mount,Component setting,Section Settings > Data > Fetch Mode: set explicitly once a pattern-wide default is agreed.,,,,
2384238,https://county_template.devmny.org/the_risk/natural_hazards/extreme_heat,the_risk/natural_hazards/extreme_heat,People and Communities,Card,LHMP_IA,1441681,(null),true,default - re-queries on mount,Component setting,Section Settings > Data > Fetch Mode: set explicitly once a pattern-wide default is agreed.,,,,
2384241,https://county_template.devmny.org/the_risk/natural_hazards/extreme_heat,the_risk/natural_hazards/extreme_heat,Natural Environment,Card,LHMP_IA,1441681,(null),true,default - re-queries on mount,Component setting,Section Settings > Data > Fetch Mode: set explicitly once a pattern-wide default is agreed.,,,,
2384245,https://county_template.devmny.org/the_risk/natural_hazards/extreme_heat,the_risk/natural_hazards/extreme_heat,Strategies,Card,LHMP_IA,1441681,(null),true,default - re-queries on mount,Component setting,Section Settings > Data > Fetch Mode: set explicitly once a pattern-wide default is agreed.,,,,
2384246,https://county_template.devmny.org/the_risk/natural_hazards/extreme_heat,the_risk/natural_hazards/extreme_heat,Measures Inventory,Spreadsheet,Mitigation_Measures,1155800,(null),true,default - re-queries on mount,Component setting,Section Settings > Data > Fetch Mode: set explicitly once a pattern-wide default is agreed.,,,,
2384247,https://county_template.devmny.org/the_risk/natural_hazards/extreme_heat,the_risk/natural_hazards/extreme_heat,Capabilities,Card,LHMP_IA,1441681,(null),true,default - re-queries on mount,Component setting,Section Settings > Data > Fetch Mode: set explicitly once a pattern-wide default is agreed.,,,,
2384252,https://county_template.devmny.org/the_risk/natural_hazards/extreme_heat,the_risk/natural_hazards/extreme_heat,Actions,Card,LHMP_IA,1441681,(null),true,default - re-queries on mount,Component setting,Section Settings > Data > Fetch Mode: set explicitly once a pattern-wide default is agreed.,,,,
2384264,https://county_template.devmny.org/the_risk/natural_hazards/flooding,the_risk/natural_hazards/flooding,Overview,Card,LHMP_IA,1441681,(null),true,default - re-queries on mount,Component setting,Section Settings > Data > Fetch Mode: set explicitly once a pattern-wide default is agreed.,,,,
2384265,https://county_template.devmny.org/the_risk/natural_hazards/flooding,the_risk/natural_hazards/flooding,(untitled Card),Card,src 870,1648,(null),true,default - re-queries on mount,Component setting,Section Settings > Data > Fetch Mode: set explicitly once a pattern-wide default is agreed.,,,,
2384266,https://county_template.devmny.org/the_risk/natural_hazards/flooding,the_risk/natural_hazards/flooding,Hazard of Concern,Card,Hazards_of_Concern,1473471,(null),true,default - re-queries on mount,Component setting,Section Settings > Data > Fetch Mode: set explicitly once a pattern-wide default is agreed.,,,,
2384279,https://county_template.devmny.org/the_risk/natural_hazards/flooding,the_risk/natural_hazards/flooding,Total Events and Losses in $: Declared Disasters and Non-Declared Events,Card,LHMP_IA,1441681,(null),true,default - re-queries on mount,Component setting,Section Settings > Data > Fetch Mode: set explicitly once a pattern-wide default is agreed.,,,,
2384267,https://county_template.devmny.org/the_risk/natural_hazards/flooding,the_risk/natural_hazards/flooding,Modeled RIsk,Card,src 1508,1982,(null),true,default - re-queries on mount,Component setting,Section Settings > Data > Fetch Mode: set explicitly once a pattern-wide default is agreed.,,,,
2384273,https://county_template.devmny.org/the_risk/natural_hazards/flooding,the_risk/natural_hazards/flooding,General Vulnerability,Card,LHMP_IA,1441681,(null),true,default - re-queries on mount,Component setting,Section Settings > Data > Fetch Mode: set explicitly once a pattern-wide default is agreed.,,,,
2384274,https://county_template.devmny.org/the_risk/natural_hazards/flooding,the_risk/natural_hazards/flooding,(untitled Card),Card,LHMP_IA,1441681,(null),true,default - re-queries on mount,Component setting,Section Settings > Data > Fetch Mode: set explicitly once a pattern-wide default is agreed.,,,,
2384275,https://county_template.devmny.org/the_risk/natural_hazards/flooding,the_risk/natural_hazards/flooding,Potential Impacts,Card,LHMP_IA,1441681,(null),true,default - re-queries on mount,Component setting,Section Settings > Data > Fetch Mode: set explicitly once a pattern-wide default is agreed.,,,,
2384276,https://county_template.devmny.org/the_risk/natural_hazards/flooding,the_risk/natural_hazards/flooding,(untitled Spreadsheet),Spreadsheet,R_and_V_Matrix,1160864,(null),true,default - re-queries on mount,Component setting,Section Settings > Data > Fetch Mode: set explicitly once a pattern-wide default is agreed.,,,,
2384280,https://county_template.devmny.org/the_risk/natural_hazards/flooding,the_risk/natural_hazards/flooding,(untitled Graph),Graph,src 870,1648,(null),true,default - re-queries on mount,Component setting,Section Settings > Data > Fetch Mode: set explicitly once a pattern-wide default is agreed.,,,,
2384310,https://county_template.devmny.org/the_risk/natural_hazards/flooding,the_risk/natural_hazards/flooding,Built Environment,Card,LHMP_IA,1441681,(null),true,default - re-queries on mount,Component setting,Section Settings > Data > Fetch Mode: set explicitly once a pattern-wide default is agreed.,,,,
2384277,https://county_template.devmny.org/the_risk/natural_hazards/flooding,the_risk/natural_hazards/flooding,Historic Occurrences,Card,LHMP_IA,1441681,(null),true,default - re-queries on mount,Component setting,Section Settings > Data > Fetch Mode: set explicitly once a pattern-wide default is agreed.,,,,
2384285,https://county_template.devmny.org/the_risk/natural_hazards/flooding,the_risk/natural_hazards/flooding,Total Losses in $ by Year,Card,LHMP_IA,1441681,(null),true,default - re-queries on mount,Component setting,Section Settings > Data > Fetch Mode: set explicitly once a pattern-wide default is agreed.,,,,
2384288,https://county_template.devmny.org/the_risk/natural_hazards/flooding,the_risk/natural_hazards/flooding,Total Losses in $ by Month,Card,LHMP_IA,1441681,(null),true,default - re-queries on mount,Component setting,Section Settings > Data > Fetch Mode: set explicitly once a pattern-wide default is agreed.,,,,
2384290,https://county_template.devmny.org/the_risk/natural_hazards/flooding,the_risk/natural_hazards/flooding,Presidential Disaster Declarations,Card,LHMP_IA,1441681,(null),true,default - re-queries on mount,Component setting,Section Settings > Data > Fetch Mode: set explicitly once a pattern-wide default is agreed.,,,,
2384291,https://county_template.devmny.org/the_risk/natural_hazards/flooding,the_risk/natural_hazards/flooding,(untitled Card),Card,LHMP_IA,1441681,(null),true,default - re-queries on mount,Component setting,Section Settings > Data > Fetch Mode: set explicitly once a pattern-wide default is agreed.,,,,
2384292,https://county_template.devmny.org/the_risk/natural_hazards/flooding,the_risk/natural_hazards/flooding,(untitled Spreadsheet),Spreadsheet,src 870,1648,(null),true,default - re-queries on mount,Component setting,Section Settings > Data > Fetch Mode: set explicitly once a pattern-wide default is agreed.,,,,
2384295,https://county_template.devmny.org/the_risk/natural_hazards/flooding,the_risk/natural_hazards/flooding,Other Hazard Events,Card,LHMP_IA,1441681,(null),true,default - re-queries on mount,Component setting,Section Settings > Data > Fetch Mode: set explicitly once a pattern-wide default is agreed.,,,,
2384307,https://county_template.devmny.org/the_risk/natural_hazards/flooding,the_risk/natural_hazards/flooding,Modeled Risk,Card,LHMP_IA,1441681,(null),true,default - re-queries on mount,Component setting,Section Settings > Data > Fetch Mode: set explicitly once a pattern-wide default is agreed.,,,,
2384308,https://county_template.devmny.org/the_risk/natural_hazards/flooding,the_risk/natural_hazards/flooding,(untitled Card),Card,src 1508,1982,(null),true,default - re-queries on mount,Component setting,Section Settings > Data > Fetch Mode: set explicitly once a pattern-wide default is agreed.,,,,
2384314,https://county_template.devmny.org/the_risk/natural_hazards/flooding,the_risk/natural_hazards/flooding,(untitled Spreadsheet),Spreadsheet,src 1505,1978,(null),true,default - re-queries on mount,Component setting,Section Settings > Data > Fetch Mode: set explicitly once a pattern-wide default is agreed.,,,,
2384317,https://county_template.devmny.org/the_risk/natural_hazards/flooding,the_risk/natural_hazards/flooding,People and Communities,Card,LHMP_IA,1441681,(null),true,default - re-queries on mount,Component setting,Section Settings > Data > Fetch Mode: set explicitly once a pattern-wide default is agreed.,,,,
2384320,https://county_template.devmny.org/the_risk/natural_hazards/flooding,the_risk/natural_hazards/flooding,Natural Environment,Card,LHMP_IA,1441681,(null),true,default - re-queries on mount,Component setting,Section Settings > Data > Fetch Mode: set explicitly once a pattern-wide default is agreed.,,,,
2384324,https://county_template.devmny.org/the_risk/natural_hazards/flooding,the_risk/natural_hazards/flooding,Strategies,Card,LHMP_IA,1441681,(null),true,default - re-queries on mount,Component setting,Section Settings > Data > Fetch Mode: set explicitly once a pattern-wide default is agreed.,,,,
2384325,https://county_template.devmny.org/the_risk/natural_hazards/flooding,the_risk/natural_hazards/flooding,Measures Inventory,Spreadsheet,Mitigation_Measures,1155800,(null),true,default - re-queries on mount,Component setting,Section Settings > Data > Fetch Mode: set explicitly once a pattern-wide default is agreed.,,,,
2384326,https://county_template.devmny.org/the_risk/natural_hazards/flooding,the_risk/natural_hazards/flooding,Capabilities,Card,LHMP_IA,1441681,(null),true,default - re-queries on mount,Component setting,Section Settings > Data > Fetch Mode: set explicitly once a pattern-wide default is agreed.,,,,
2384331,https://county_template.devmny.org/the_risk/natural_hazards/flooding,the_risk/natural_hazards/flooding,Actions,Card,LHMP_IA,1441681,(null),true,default - re-queries on mount,Component setting,Section Settings > Data > Fetch Mode: set explicitly once a pattern-wide default is agreed.,,,,
2384446,https://county_template.devmny.org/the_risk/natural_hazards/hail,the_risk/natural_hazards/hail,Overview,Card,LHMP_IA,1441681,(null),true,default - re-queries on mount,Component setting,Section Settings > Data > Fetch Mode: set explicitly once a pattern-wide default is agreed.,,,,
2384447,https://county_template.devmny.org/the_risk/natural_hazards/hail,the_risk/natural_hazards/hail,(untitled Card),Card,src 870,1648,(null),true,default - re-queries on mount,Component setting,Section Settings > Data > Fetch Mode: set explicitly once a pattern-wide default is agreed.,,,,
2384448,https://county_template.devmny.org/the_risk/natural_hazards/hail,the_risk/natural_hazards/hail,Hazard of Concern,Card,Hazards_of_Concern,1473471,(null),true,default - re-queries on mount,Component setting,Section Settings > Data > Fetch Mode: set explicitly once a pattern-wide default is agreed.,,,,
2384449,https://county_template.devmny.org/the_risk/natural_hazards/hail,the_risk/natural_hazards/hail,Modeled RIsk,Card,src 1508,1982,(null),true,default - re-queries on mount,Component setting,Section Settings > Data > Fetch Mode: set explicitly once a pattern-wide default is agreed.,,,,
2384461,https://county_template.devmny.org/the_risk/natural_hazards/hail,the_risk/natural_hazards/hail,Total Events and Losses in $: Declared Disasters and Non-Declared Events,Card,LHMP_IA,1441681,(null),true,default - re-queries on mount,Component setting,Section Settings > Data > Fetch Mode: set explicitly once a pattern-wide default is agreed.,,,,
2384466,https://county_template.devmny.org/the_risk/natural_hazards/hail,the_risk/natural_hazards/hail,Total Losses in $ by Year,Card,LHMP_IA,1441681,(null),true,default - re-queries on mount,Component setting,Section Settings > Data > Fetch Mode: set explicitly once a pattern-wide default is agreed.,,,,
2384469,https://county_template.devmny.org/the_risk/natural_hazards/hail,the_risk/natural_hazards/hail,Total Losses in $ by Month,Card,LHMP_IA,1441681,(null),true,default - re-queries on mount,Component setting,Section Settings > Data > Fetch Mode: set explicitly once a pattern-wide default is agreed.,,,,
2384471,https://county_template.devmny.org/the_risk/natural_hazards/hail,the_risk/natural_hazards/hail,Presidential Disaster Declarations,Card,LHMP_IA,1441681,(null),true,default - re-queries on mount,Component setting,Section Settings > Data > Fetch Mode: set explicitly once a pattern-wide default is agreed.,,,,
2384472,https://county_template.devmny.org/the_risk/natural_hazards/hail,the_risk/natural_hazards/hail,(untitled Card),Card,LHMP_IA,1441681,(null),true,default - re-queries on mount,Component setting,Section Settings > Data > Fetch Mode: set explicitly once a pattern-wide default is agreed.,,,,
2384473,https://county_template.devmny.org/the_risk/natural_hazards/hail,the_risk/natural_hazards/hail,(untitled Spreadsheet),Spreadsheet,src 870,1648,(null),true,default - re-queries on mount,Component setting,Section Settings > Data > Fetch Mode: set explicitly once a pattern-wide default is agreed.,,,,
2384455,https://county_template.devmny.org/the_risk/natural_hazards/hail,the_risk/natural_hazards/hail,General Vulnerability,Card,LHMP_IA,1441681,(null),true,default - re-queries on mount,Component setting,Section Settings > Data > Fetch Mode: set explicitly once a pattern-wide default is agreed.,,,,
2384456,https://county_template.devmny.org/the_risk/natural_hazards/hail,the_risk/natural_hazards/hail,(untitled Card),Card,LHMP_IA,1441681,(null),true,default - re-queries on mount,Component setting,Section Settings > Data > Fetch Mode: set explicitly once a pattern-wide default is agreed.,,,,
2384457,https://county_template.devmny.org/the_risk/natural_hazards/hail,the_risk/natural_hazards/hail,Potential Impacts,Card,LHMP_IA,1441681,(null),true,default - re-queries on mount,Component setting,Section Settings > Data > Fetch Mode: set explicitly once a pattern-wide default is agreed.,,,,
2384458,https://county_template.devmny.org/the_risk/natural_hazards/hail,the_risk/natural_hazards/hail,(untitled Spreadsheet),Spreadsheet,R_and_V_Matrix,1160864,(null),true,default - re-queries on mount,Component setting,Section Settings > Data > Fetch Mode: set explicitly once a pattern-wide default is agreed.,,,,
2384459,https://county_template.devmny.org/the_risk/natural_hazards/hail,the_risk/natural_hazards/hail,Historic Occurrences,Card,LHMP_IA,1441681,(null),true,default - re-queries on mount,Component setting,Section Settings > Data > Fetch Mode: set explicitly once a pattern-wide default is agreed.,,,,
2384462,https://county_template.devmny.org/the_risk/natural_hazards/hail,the_risk/natural_hazards/hail,(untitled Graph),Graph,src 870,1648,(null),true,default - re-queries on mount,Component setting,Section Settings > Data > Fetch Mode: set explicitly once a pattern-wide default is agreed.,,,,
2384476,https://county_template.devmny.org/the_risk/natural_hazards/hail,the_risk/natural_hazards/hail,Other Hazard Events,Card,LHMP_IA,1441681,(null),true,default - re-queries on mount,Component setting,Section Settings > Data > Fetch Mode: set explicitly once a pattern-wide default is agreed.,,,,
2384488,https://county_template.devmny.org/the_risk/natural_hazards/hail,the_risk/natural_hazards/hail,Modeled Risk,Card,LHMP_IA,1441681,(null),true,default - re-queries on mount,Component setting,Section Settings > Data > Fetch Mode: set explicitly once a pattern-wide default is agreed.,,,,
2384489,https://county_template.devmny.org/the_risk/natural_hazards/hail,the_risk/natural_hazards/hail,(untitled Card),Card,src 1508,1982,(null),true,default - re-queries on mount,Component setting,Section Settings > Data > Fetch Mode: set explicitly once a pattern-wide default is agreed.,,,,
2384491,https://county_template.devmny.org/the_risk/natural_hazards/hail,the_risk/natural_hazards/hail,Built Environment,Card,LHMP_IA,1441681,(null),true,default - re-queries on mount,Component setting,Section Settings > Data > Fetch Mode: set explicitly once a pattern-wide default is agreed.,,,,
2384494,https://county_template.devmny.org/the_risk/natural_hazards/hail,the_risk/natural_hazards/hail,People and Communities,Card,LHMP_IA,1441681,(null),true,default - re-queries on mount,Component setting,Section Settings > Data > Fetch Mode: set explicitly once a pattern-wide default is agreed.,,,,
2384497,https://county_template.devmny.org/the_risk/natural_hazards/hail,the_risk/natural_hazards/hail,Natural Environment,Card,LHMP_IA,1441681,(null),true,default - re-queries on mount,Component setting,Section Settings > Data > Fetch Mode: set explicitly once a pattern-wide default is agreed.,,,,
2384501,https://county_template.devmny.org/the_risk/natural_hazards/hail,the_risk/natural_hazards/hail,Strategies,Card,LHMP_IA,1441681,(null),true,default - re-queries on mount,Component setting,Section Settings > Data > Fetch Mode: set explicitly once a pattern-wide default is agreed.,,,,
2384502,https://county_template.devmny.org/the_risk/natural_hazards/hail,the_risk/natural_hazards/hail,Measures Inventory,Spreadsheet,Mitigation_Measures,1155800,(null),true,default - re-queries on mount,Component setting,Section Settings > Data > Fetch Mode: set explicitly once a pattern-wide default is agreed.,,,,
2384503,https://county_template.devmny.org/the_risk/natural_hazards/hail,the_risk/natural_hazards/hail,Capabilities,Card,LHMP_IA,1441681,(null),true,default - re-queries on mount,Component setting,Section Settings > Data > Fetch Mode: set explicitly once a pattern-wide default is agreed.,,,,
2384508,https://county_template.devmny.org/the_risk/natural_hazards/hail,the_risk/natural_hazards/hail,Actions,Card,LHMP_IA,1441681,(null),true,default - re-queries on mount,Component setting,Section Settings > Data > Fetch Mode: set explicitly once a pattern-wide default is agreed.,,,,
2384545,https://county_template.devmny.org/the_risk/natural_hazards/hurricane,the_risk/natural_hazards/hurricane,Overview,Card,LHMP_IA,1441681,(null),true,default - re-queries on mount,Component setting,Section Settings > Data > Fetch Mode: set explicitly once a pattern-wide default is agreed.,,,,
2384546,https://county_template.devmny.org/the_risk/natural_hazards/hurricane,the_risk/natural_hazards/hurricane,(untitled Card),Card,src 870,1648,(null),true,default - re-queries on mount,Component setting,Section Settings > Data > Fetch Mode: set explicitly once a pattern-wide default is agreed.,,,,
2384547,https://county_template.devmny.org/the_risk/natural_hazards/hurricane,the_risk/natural_hazards/hurricane,Hazard of Concern,Card,Hazards_of_Concern,1473471,(null),true,default - re-queries on mount,Component setting,Section Settings > Data > Fetch Mode: set explicitly once a pattern-wide default is agreed.,,,,
2384548,https://county_template.devmny.org/the_risk/natural_hazards/hurricane,the_risk/natural_hazards/hurricane,Modeled RIsk,Card,src 1508,1982,(null),true,default - re-queries on mount,Component setting,Section Settings > Data > Fetch Mode: set explicitly once a pattern-wide default is agreed.,,,,
2384554,https://county_template.devmny.org/the_risk/natural_hazards/hurricane,the_risk/natural_hazards/hurricane,General Vulnerability,Card,LHMP_IA,1441681,(null),true,default - re-queries on mount,Component setting,Section Settings > Data > Fetch Mode: set explicitly once a pattern-wide default is agreed.,,,,
2384555,https://county_template.devmny.org/the_risk/natural_hazards/hurricane,the_risk/natural_hazards/hurricane,(untitled Card),Card,LHMP_IA,1441681,(null),true,default - re-queries on mount,Component setting,Section Settings > Data > Fetch Mode: set explicitly once a pattern-wide default is agreed.,,,,
2384556,https://county_template.devmny.org/the_risk/natural_hazards/hurricane,the_risk/natural_hazards/hurricane,Potential Impacts,Card,LHMP_IA,1441681,(null),true,default - re-queries on mount,Component setting,Section Settings > Data > Fetch Mode: set explicitly once a pattern-wide default is agreed.,,,,
2384557,https://county_template.devmny.org/the_risk/natural_hazards/hurricane,the_risk/natural_hazards/hurricane,(untitled Spreadsheet),Spreadsheet,R_and_V_Matrix,1160864,(null),true,default - re-queries on mount,Component setting,Section Settings > Data > Fetch Mode: set explicitly once a pattern-wide default is agreed.,,,,
2384558,https://county_template.devmny.org/the_risk/natural_hazards/hurricane,the_risk/natural_hazards/hurricane,Historic Occurrences,Card,LHMP_IA,1441681,(null),true,default - re-queries on mount,Component setting,Section Settings > Data > Fetch Mode: set explicitly once a pattern-wide default is agreed.,,,,
2384560,https://county_template.devmny.org/the_risk/natural_hazards/hurricane,the_risk/natural_hazards/hurricane,Total Events and Losses in $: Declared Disasters and Non-Declared Events,Card,LHMP_IA,1441681,(null),true,default - re-queries on mount,Component setting,Section Settings > Data > Fetch Mode: set explicitly once a pattern-wide default is agreed.,,,,
2384561,https://county_template.devmny.org/the_risk/natural_hazards/hurricane,the_risk/natural_hazards/hurricane,(untitled Graph),Graph,src 870,1648,(null),true,default - re-queries on mount,Component setting,Section Settings > Data > Fetch Mode: set explicitly once a pattern-wide default is agreed.,,,,
2384566,https://county_template.devmny.org/the_risk/natural_hazards/hurricane,the_risk/natural_hazards/hurricane,Total Losses in $ by Year,Card,LHMP_IA,1441681,(null),true,default - re-queries on mount,Component setting,Section Settings > Data > Fetch Mode: set explicitly once a pattern-wide default is agreed.,,,,
2384569,https://county_template.devmny.org/the_risk/natural_hazards/hurricane,the_risk/natural_hazards/hurricane,Total Losses in $ by Month,Card,LHMP_IA,1441681,(null),true,default - re-queries on mount,Component setting,Section Settings > Data > Fetch Mode: set explicitly once a pattern-wide default is agreed.,,,,
2384571,https://county_template.devmny.org/the_risk/natural_hazards/hurricane,the_risk/natural_hazards/hurricane,Presidential Disaster Declarations,Card,LHMP_IA,1441681,(null),true,default - re-queries on mount,Component setting,Section Settings > Data > Fetch Mode: set explicitly once a pattern-wide default is agreed.,,,,
2384572,https://county_template.devmny.org/the_risk/natural_hazards/hurricane,the_risk/natural_hazards/hurricane,(untitled Card),Card,LHMP_IA,1441681,(null),true,default - re-queries on mount,Component setting,Section Settings > Data > Fetch Mode: set explicitly once a pattern-wide default is agreed.,,,,
2384573,https://county_template.devmny.org/the_risk/natural_hazards/hurricane,the_risk/natural_hazards/hurricane,(untitled Spreadsheet),Spreadsheet,src 870,1648,(null),true,default - re-queries on mount,Component setting,Section Settings > Data > Fetch Mode: set explicitly once a pattern-wide default is agreed.,,,,
2384576,https://county_template.devmny.org/the_risk/natural_hazards/hurricane,the_risk/natural_hazards/hurricane,Other Hazard Events,Card,LHMP_IA,1441681,(null),true,default - re-queries on mount,Component setting,Section Settings > Data > Fetch Mode: set explicitly once a pattern-wide default is agreed.,,,,
2384587,https://county_template.devmny.org/the_risk/natural_hazards/hurricane,the_risk/natural_hazards/hurricane,(untitled Spreadsheet),Spreadsheet,Hazards_of_Concern,1473471,(null),true,default - re-queries on mount,Component setting,Section Settings > Data > Fetch Mode: set explicitly once a pattern-wide default is agreed.,,,,
2384588,https://county_template.devmny.org/the_risk/natural_hazards/hurricane,the_risk/natural_hazards/hurricane,Modeled Risk,Card,LHMP_IA,1441681,(null),true,default - re-queries on mount,Component setting,Section Settings > Data > Fetch Mode: set explicitly once a pattern-wide default is agreed.,,,,
2384589,https://county_template.devmny.org/the_risk/natural_hazards/hurricane,the_risk/natural_hazards/hurricane,(untitled Card),Card,src 1508,1982,(null),true,default - re-queries on mount,Component setting,Section Settings > Data > Fetch Mode: set explicitly once a pattern-wide default is agreed.,,,,
2384591,https://county_template.devmny.org/the_risk/natural_hazards/hurricane,the_risk/natural_hazards/hurricane,Built Environment,Card,LHMP_IA,1441681,(null),true,default - re-queries on mount,Component setting,Section Settings > Data > Fetch Mode: set explicitly once a pattern-wide default is agreed.,,,,
2384594,https://county_template.devmny.org/the_risk/natural_hazards/hurricane,the_risk/natural_hazards/hurricane,People and Communities,Card,LHMP_IA,1441681,(null),true,default - re-queries on mount,Component setting,Section Settings > Data > Fetch Mode: set explicitly once a pattern-wide default is agreed.,,,,
2384597,https://county_template.devmny.org/the_risk/natural_hazards/hurricane,the_risk/natural_hazards/hurricane,Natural Environment,Card,LHMP_IA,1441681,(null),true,default - re-queries on mount,Component setting,Section Settings > Data > Fetch Mode: set explicitly once a pattern-wide default is agreed.,,,,
2384601,https://county_template.devmny.org/the_risk/natural_hazards/hurricane,the_risk/natural_hazards/hurricane,Strategies,Card,LHMP_IA,1441681,(null),true,default - re-queries on mount,Component setting,Section Settings > Data > Fetch Mode: set explicitly once a pattern-wide default is agreed.,,,,
2384602,https://county_template.devmny.org/the_risk/natural_hazards/hurricane,the_risk/natural_hazards/hurricane,Measures Inventory,Spreadsheet,Mitigation_Measures,1155800,(null),true,default - re-queries on mount,Component setting,Section Settings > Data > Fetch Mode: set explicitly once a pattern-wide default is agreed.,,,,
2384603,https://county_template.devmny.org/the_risk/natural_hazards/hurricane,the_risk/natural_hazards/hurricane,Capabilities,Card,LHMP_IA,1441681,(null),true,default - re-queries on mount,Component setting,Section Settings > Data > Fetch Mode: set explicitly once a pattern-wide default is agreed.,,,,
2384608,https://county_template.devmny.org/the_risk/natural_hazards/hurricane,the_risk/natural_hazards/hurricane,Actions,Card,LHMP_IA,1441681,(null),true,default - re-queries on mount,Component setting,Section Settings > Data > Fetch Mode: set explicitly once a pattern-wide default is agreed.,,,,
2384639,https://county_template.devmny.org/the_risk/natural_hazards/ice_storm,the_risk/natural_hazards/ice_storm,Total Losses in $ by Year,Card,LHMP_IA,1441681,(null),true,default - re-queries on mount,Component setting,Section Settings > Data > Fetch Mode: set explicitly once a pattern-wide default is agreed.,,,,
2384619,https://county_template.devmny.org/the_risk/natural_hazards/ice_storm,the_risk/natural_hazards/ice_storm,Overview,Card,LHMP_IA,1441681,(null),true,default - re-queries on mount,Component setting,Section Settings > Data > Fetch Mode: set explicitly once a pattern-wide default is agreed.,,,,
2384621,https://county_template.devmny.org/the_risk/natural_hazards/ice_storm,the_risk/natural_hazards/ice_storm,Hazard of Concern,Card,Hazards_of_Concern,1473471,(null),true,default - re-queries on mount,Component setting,Section Settings > Data > Fetch Mode: set explicitly once a pattern-wide default is agreed.,,,,
2384622,https://county_template.devmny.org/the_risk/natural_hazards/ice_storm,the_risk/natural_hazards/ice_storm,Modeled RIsk,Card,src 1508,1982,(null),true,default - re-queries on mount,Component setting,Section Settings > Data > Fetch Mode: set explicitly once a pattern-wide default is agreed.,,,,
2384620,https://county_template.devmny.org/the_risk/natural_hazards/ice_storm,the_risk/natural_hazards/ice_storm,(untitled Card),Card,src 870,1648,(null),true,default - re-queries on mount,Component setting,Section Settings > Data > Fetch Mode: set explicitly once a pattern-wide default is agreed.,,,,
2384644,https://county_template.devmny.org/the_risk/natural_hazards/ice_storm,the_risk/natural_hazards/ice_storm,Presidential Disaster Declarations,Card,LHMP_IA,1441681,(null),true,default - re-queries on mount,Component setting,Section Settings > Data > Fetch Mode: set explicitly once a pattern-wide default is agreed.,,,,
2384645,https://county_template.devmny.org/the_risk/natural_hazards/ice_storm,the_risk/natural_hazards/ice_storm,(untitled Card),Card,LHMP_IA,1441681,(null),true,default - re-queries on mount,Component setting,Section Settings > Data > Fetch Mode: set explicitly once a pattern-wide default is agreed.,,,,
2384646,https://county_template.devmny.org/the_risk/natural_hazards/ice_storm,the_risk/natural_hazards/ice_storm,(untitled Spreadsheet),Spreadsheet,src 870,1648,(null),true,default - re-queries on mount,Component setting,Section Settings > Data > Fetch Mode: set explicitly once a pattern-wide default is agreed.,,,,
2384628,https://county_template.devmny.org/the_risk/natural_hazards/ice_storm,the_risk/natural_hazards/ice_storm,General Vulnerability,Card,LHMP_IA,1441681,(null),true,default - re-queries on mount,Component setting,Section Settings > Data > Fetch Mode: set explicitly once a pattern-wide default is agreed.,,,,
2384630,https://county_template.devmny.org/the_risk/natural_hazards/ice_storm,the_risk/natural_hazards/ice_storm,Potential Impacts,Card,LHMP_IA,1441681,(null),true,default - re-queries on mount,Component setting,Section Settings > Data > Fetch Mode: set explicitly once a pattern-wide default is agreed.,,,,
2384631,https://county_template.devmny.org/the_risk/natural_hazards/ice_storm,the_risk/natural_hazards/ice_storm,(untitled Spreadsheet),Spreadsheet,R_and_V_Matrix,1160864,(null),true,default - re-queries on mount,Component setting,Section Settings > Data > Fetch Mode: set explicitly once a pattern-wide default is agreed.,,,,
2384632,https://county_template.devmny.org/the_risk/natural_hazards/ice_storm,the_risk/natural_hazards/ice_storm,Historic Occurrences,Card,LHMP_IA,1441681,(null),true,default - re-queries on mount,Component setting,Section Settings > Data > Fetch Mode: set explicitly once a pattern-wide default is agreed.,,,,
2384634,https://county_template.devmny.org/the_risk/natural_hazards/ice_storm,the_risk/natural_hazards/ice_storm,Total Events and Losses in $: Declared Disasters and Non-Declared Events,Card,LHMP_IA,1441681,(null),true,default - re-queries on mount,Component setting,Section Settings > Data > Fetch Mode: set explicitly once a pattern-wide default is agreed.,,,,
2384635,https://county_template.devmny.org/the_risk/natural_hazards/ice_storm,the_risk/natural_hazards/ice_storm,(untitled Graph),Graph,src 870,1648,(null),true,default - re-queries on mount,Component setting,Section Settings > Data > Fetch Mode: set explicitly once a pattern-wide default is agreed.,,,,
2384642,https://county_template.devmny.org/the_risk/natural_hazards/ice_storm,the_risk/natural_hazards/ice_storm,Total Losses in $ by Month,Card,LHMP_IA,1441681,(null),true,default - re-queries on mount,Component setting,Section Settings > Data > Fetch Mode: set explicitly once a pattern-wide default is agreed.,,,,
2384649,https://county_template.devmny.org/the_risk/natural_hazards/ice_storm,the_risk/natural_hazards/ice_storm,Other Hazard Events,Card,LHMP_IA,1441681,(null),true,default - re-queries on mount,Component setting,Section Settings > Data > Fetch Mode: set explicitly once a pattern-wide default is agreed.,,,,
2384661,https://county_template.devmny.org/the_risk/natural_hazards/ice_storm,the_risk/natural_hazards/ice_storm,Modeled Risk,Card,LHMP_IA,1441681,(null),true,default - re-queries on mount,Component setting,Section Settings > Data > Fetch Mode: set explicitly once a pattern-wide default is agreed.,,,,
2384662,https://county_template.devmny.org/the_risk/natural_hazards/ice_storm,the_risk/natural_hazards/ice_storm,(untitled Card),Card,src 1508,1982,(null),true,default - re-queries on mount,Component setting,Section Settings > Data > Fetch Mode: set explicitly once a pattern-wide default is agreed.,,,,
2384664,https://county_template.devmny.org/the_risk/natural_hazards/ice_storm,the_risk/natural_hazards/ice_storm,Built Environment,Card,LHMP_IA,1441681,(null),true,default - re-queries on mount,Component setting,Section Settings > Data > Fetch Mode: set explicitly once a pattern-wide default is agreed.,,,,
2384667,https://county_template.devmny.org/the_risk/natural_hazards/ice_storm,the_risk/natural_hazards/ice_storm,People and Communities,Card,LHMP_IA,1441681,(null),true,default - re-queries on mount,Component setting,Section Settings > Data > Fetch Mode: set explicitly once a pattern-wide default is agreed.,,,,
2384670,https://county_template.devmny.org/the_risk/natural_hazards/ice_storm,the_risk/natural_hazards/ice_storm,Natural Environment,Card,LHMP_IA,1441681,(null),true,default - re-queries on mount,Component setting,Section Settings > Data > Fetch Mode: set explicitly once a pattern-wide default is agreed.,,,,
2384674,https://county_template.devmny.org/the_risk/natural_hazards/ice_storm,the_risk/natural_hazards/ice_storm,Strategies,Card,LHMP_IA,1441681,(null),true,default - re-queries on mount,Component setting,Section Settings > Data > Fetch Mode: set explicitly once a pattern-wide default is agreed.,,,,
2384675,https://county_template.devmny.org/the_risk/natural_hazards/ice_storm,the_risk/natural_hazards/ice_storm,Measures Inventory,Spreadsheet,Mitigation_Measures,1155800,(null),true,default - re-queries on mount,Component setting,Section Settings > Data > Fetch Mode: set explicitly once a pattern-wide default is agreed.,,,,
2384676,https://county_template.devmny.org/the_risk/natural_hazards/ice_storm,the_risk/natural_hazards/ice_storm,Capabilities,Card,LHMP_IA,1441681,(null),true,default - re-queries on mount,Component setting,Section Settings > Data > Fetch Mode: set explicitly once a pattern-wide default is agreed.,,,,
2384681,https://county_template.devmny.org/the_risk/natural_hazards/ice_storm,the_risk/natural_hazards/ice_storm,Actions,Card,LHMP_IA,1441681,(null),true,default - re-queries on mount,Component setting,Section Settings > Data > Fetch Mode: set explicitly once a pattern-wide default is agreed.,,,,
2384694,https://county_template.devmny.org/the_risk/natural_hazards/landslide,the_risk/natural_hazards/landslide,Overview,Card,LHMP_IA,1441681,(null),true,default - re-queries on mount,Component setting,Section Settings > Data > Fetch Mode: set explicitly once a pattern-wide default is agreed.,,,,
2384695,https://county_template.devmny.org/the_risk/natural_hazards/landslide,the_risk/natural_hazards/landslide,(untitled Card),Card,src 870,1648,(null),true,default - re-queries on mount,Component setting,Section Settings > Data > Fetch Mode: set explicitly once a pattern-wide default is agreed.,,,,
2384719,https://county_template.devmny.org/the_risk/natural_hazards/landslide,the_risk/natural_hazards/landslide,Presidential Disaster Declarations,Card,LHMP_IA,1441681,(null),true,default - re-queries on mount,Component setting,Section Settings > Data > Fetch Mode: set explicitly once a pattern-wide default is agreed.,,,,
2384720,https://county_template.devmny.org/the_risk/natural_hazards/landslide,the_risk/natural_hazards/landslide,(untitled Card),Card,LHMP_IA,1441681,(null),true,default - re-queries on mount,Component setting,Section Settings > Data > Fetch Mode: set explicitly once a pattern-wide default is agreed.,,,,
2384721,https://county_template.devmny.org/the_risk/natural_hazards/landslide,the_risk/natural_hazards/landslide,(untitled Spreadsheet),Spreadsheet,src 870,1648,(null),true,default - re-queries on mount,Component setting,Section Settings > Data > Fetch Mode: set explicitly once a pattern-wide default is agreed.,,,,
2384696,https://county_template.devmny.org/the_risk/natural_hazards/landslide,the_risk/natural_hazards/landslide,Hazard of Concern,Card,Hazards_of_Concern,1473471,(null),true,default - re-queries on mount,Component setting,Section Settings > Data > Fetch Mode: set explicitly once a pattern-wide default is agreed.,,,,
2384697,https://county_template.devmny.org/the_risk/natural_hazards/landslide,the_risk/natural_hazards/landslide,Modeled RIsk,Card,src 1508,1982,(null),true,default - re-queries on mount,Component setting,Section Settings > Data > Fetch Mode: set explicitly once a pattern-wide default is agreed.,,,,
2384703,https://county_template.devmny.org/the_risk/natural_hazards/landslide,the_risk/natural_hazards/landslide,General Vulnerability,Card,LHMP_IA,1441681,(null),true,default - re-queries on mount,Component setting,Section Settings > Data > Fetch Mode: set explicitly once a pattern-wide default is agreed.,,,,
2384704,https://county_template.devmny.org/the_risk/natural_hazards/landslide,the_risk/natural_hazards/landslide,(untitled Card),Card,LHMP_IA,1441681,(null),true,default - re-queries on mount,Component setting,Section Settings > Data > Fetch Mode: set explicitly once a pattern-wide default is agreed.,,,,
2384705,https://county_template.devmny.org/the_risk/natural_hazards/landslide,the_risk/natural_hazards/landslide,Potential Impacts,Card,LHMP_IA,1441681,(null),true,default - re-queries on mount,Component setting,Section Settings > Data > Fetch Mode: set explicitly once a pattern-wide default is agreed.,,,,
2384706,https://county_template.devmny.org/the_risk/natural_hazards/landslide,the_risk/natural_hazards/landslide,(untitled Spreadsheet),Spreadsheet,R_and_V_Matrix,1160864,(null),true,default - re-queries on mount,Component setting,Section Settings > Data > Fetch Mode: set explicitly once a pattern-wide default is agreed.,,,,
2384707,https://county_template.devmny.org/the_risk/natural_hazards/landslide,the_risk/natural_hazards/landslide,Historic Occurrences,Card,LHMP_IA,1441681,(null),true,default - re-queries on mount,Component setting,Section Settings > Data > Fetch Mode: set explicitly once a pattern-wide default is agreed.,,,,
2384709,https://county_template.devmny.org/the_risk/natural_hazards/landslide,the_risk/natural_hazards/landslide,Total Events and Losses in $: Declared Disasters and Non-Declared Events,Card,LHMP_IA,1441681,(null),true,default - re-queries on mount,Component setting,Section Settings > Data > Fetch Mode: set explicitly once a pattern-wide default is agreed.,,,,
2384710,https://county_template.devmny.org/the_risk/natural_hazards/landslide,the_risk/natural_hazards/landslide,(untitled Graph),Graph,src 870,1648,(null),true,default - re-queries on mount,Component setting,Section Settings > Data > Fetch Mode: set explicitly once a pattern-wide default is agreed.,,,,
2384714,https://county_template.devmny.org/the_risk/natural_hazards/landslide,the_risk/natural_hazards/landslide,Total Losses in $ by Year,Card,LHMP_IA,1441681,(null),true,default - re-queries on mount,Component setting,Section Settings > Data > Fetch Mode: set explicitly once a pattern-wide default is agreed.,,,,
2384717,https://county_template.devmny.org/the_risk/natural_hazards/landslide,the_risk/natural_hazards/landslide,Total Losses in $ by Month,Card,LHMP_IA,1441681,(null),true,default - re-queries on mount,Component setting,Section Settings > Data > Fetch Mode: set explicitly once a pattern-wide default is agreed.,,,,
2384724,https://county_template.devmny.org/the_risk/natural_hazards/landslide,the_risk/natural_hazards/landslide,Other Hazard Events,Card,LHMP_IA,1441681,(null),true,default - re-queries on mount,Component setting,Section Settings > Data > Fetch Mode: set explicitly once a pattern-wide default is agreed.,,,,
2384736,https://county_template.devmny.org/the_risk/natural_hazards/landslide,the_risk/natural_hazards/landslide,Modeled Risk,Card,LHMP_IA,1441681,(null),true,default - re-queries on mount,Component setting,Section Settings > Data > Fetch Mode: set explicitly once a pattern-wide default is agreed.,,,,
2384737,https://county_template.devmny.org/the_risk/natural_hazards/landslide,the_risk/natural_hazards/landslide,(untitled Card),Card,src 1508,1982,(null),true,default - re-queries on mount,Component setting,Section Settings > Data > Fetch Mode: set explicitly once a pattern-wide default is agreed.,,,,
2384739,https://county_template.devmny.org/the_risk/natural_hazards/landslide,the_risk/natural_hazards/landslide,Built Environment,Card,LHMP_IA,1441681,(null),true,default - re-queries on mount,Component setting,Section Settings > Data > Fetch Mode: set explicitly once a pattern-wide default is agreed.,,,,
2384742,https://county_template.devmny.org/the_risk/natural_hazards/landslide,the_risk/natural_hazards/landslide,People and Communities,Card,LHMP_IA,1441681,(null),true,default - re-queries on mount,Component setting,Section Settings > Data > Fetch Mode: set explicitly once a pattern-wide default is agreed.,,,,
2384745,https://county_template.devmny.org/the_risk/natural_hazards/landslide,the_risk/natural_hazards/landslide,Natural Environment,Card,LHMP_IA,1441681,(null),true,default - re-queries on mount,Component setting,Section Settings > Data > Fetch Mode: set explicitly once a pattern-wide default is agreed.,,,,
2384749,https://county_template.devmny.org/the_risk/natural_hazards/landslide,the_risk/natural_hazards/landslide,Strategies,Card,LHMP_IA,1441681,(null),true,default - re-queries on mount,Component setting,Section Settings > Data > Fetch Mode: set explicitly once a pattern-wide default is agreed.,,,,
2384750,https://county_template.devmny.org/the_risk/natural_hazards/landslide,the_risk/natural_hazards/landslide,Measures Inventory,Spreadsheet,Mitigation_Measures,1155800,(null),true,default - re-queries on mount,Component setting,Section Settings > Data > Fetch Mode: set explicitly once a pattern-wide default is agreed.,,,,
2384751,https://county_template.devmny.org/the_risk/natural_hazards/landslide,the_risk/natural_hazards/landslide,Capabilities,Card,LHMP_IA,1441681,(null),true,default - re-queries on mount,Component setting,Section Settings > Data > Fetch Mode: set explicitly once a pattern-wide default is agreed.,,,,
2384756,https://county_template.devmny.org/the_risk/natural_hazards/landslide,the_risk/natural_hazards/landslide,Actions,Card,LHMP_IA,1441681,(null),true,default - re-queries on mount,Component setting,Section Settings > Data > Fetch Mode: set explicitly once a pattern-wide default is agreed.,,,,
2384769,https://county_template.devmny.org/the_risk/natural_hazards/lightning,the_risk/natural_hazards/lightning,Overview,Card,LHMP_IA,1441681,(null),true,default - re-queries on mount,Component setting,Section Settings > Data > Fetch Mode: set explicitly once a pattern-wide default is agreed.,,,,
2384770,https://county_template.devmny.org/the_risk/natural_hazards/lightning,the_risk/natural_hazards/lightning,(untitled Card),Card,src 870,1648,(null),true,default - re-queries on mount,Component setting,Section Settings > Data > Fetch Mode: set explicitly once a pattern-wide default is agreed.,,,,
2384781,https://county_template.devmny.org/the_risk/natural_hazards/lightning,the_risk/natural_hazards/lightning,(untitled Spreadsheet),Spreadsheet,R_and_V_Matrix,1160864,(null),true,default - re-queries on mount,Component setting,Section Settings > Data > Fetch Mode: set explicitly once a pattern-wide default is agreed.,,,,
2384814,https://county_template.devmny.org/the_risk/natural_hazards/lightning,the_risk/natural_hazards/lightning,Built Environment,Card,LHMP_IA,1441681,(null),true,default - re-queries on mount,Component setting,Section Settings > Data > Fetch Mode: set explicitly once a pattern-wide default is agreed.,,,,
2384771,https://county_template.devmny.org/the_risk/natural_hazards/lightning,the_risk/natural_hazards/lightning,Hazard of Concern,Card,Hazards_of_Concern,1473471,(null),true,default - re-queries on mount,Component setting,Section Settings > Data > Fetch Mode: set explicitly once a pattern-wide default is agreed.,,,,
2384789,https://county_template.devmny.org/the_risk/natural_hazards/lightning,the_risk/natural_hazards/lightning,Total Losses in $ by Year,Card,LHMP_IA,1441681,(null),true,default - re-queries on mount,Component setting,Section Settings > Data > Fetch Mode: set explicitly once a pattern-wide default is agreed.,,,,
2384792,https://county_template.devmny.org/the_risk/natural_hazards/lightning,the_risk/natural_hazards/lightning,Total Losses in $ by Month,Card,LHMP_IA,1441681,(null),true,default - re-queries on mount,Component setting,Section Settings > Data > Fetch Mode: set explicitly once a pattern-wide default is agreed.,,,,
2384794,https://county_template.devmny.org/the_risk/natural_hazards/lightning,the_risk/natural_hazards/lightning,Presidential Disaster Declarations,Card,LHMP_IA,1441681,(null),true,default - re-queries on mount,Component setting,Section Settings > Data > Fetch Mode: set explicitly once a pattern-wide default is agreed.,,,,
2384795,https://county_template.devmny.org/the_risk/natural_hazards/lightning,the_risk/natural_hazards/lightning,(untitled Card),Card,LHMP_IA,1441681,(null),true,default - re-queries on mount,Component setting,Section Settings > Data > Fetch Mode: set explicitly once a pattern-wide default is agreed.,,,,
2384796,https://county_template.devmny.org/the_risk/natural_hazards/lightning,the_risk/natural_hazards/lightning,(untitled Spreadsheet),Spreadsheet,src 870,1648,(null),true,default - re-queries on mount,Component setting,Section Settings > Data > Fetch Mode: set explicitly once a pattern-wide default is agreed.,,,,
2384772,https://county_template.devmny.org/the_risk/natural_hazards/lightning,the_risk/natural_hazards/lightning,Modeled RIsk,Card,src 1508,1982,(null),true,default - re-queries on mount,Component setting,Section Settings > Data > Fetch Mode: set explicitly once a pattern-wide default is agreed.,,,,
2384778,https://county_template.devmny.org/the_risk/natural_hazards/lightning,the_risk/natural_hazards/lightning,General Vulnerability,Card,LHMP_IA,1441681,(null),true,default - re-queries on mount,Component setting,Section Settings > Data > Fetch Mode: set explicitly once a pattern-wide default is agreed.,,,,
2384779,https://county_template.devmny.org/the_risk/natural_hazards/lightning,the_risk/natural_hazards/lightning,(untitled Card),Card,LHMP_IA,1441681,(null),true,default - re-queries on mount,Component setting,Section Settings > Data > Fetch Mode: set explicitly once a pattern-wide default is agreed.,,,,
2384780,https://county_template.devmny.org/the_risk/natural_hazards/lightning,the_risk/natural_hazards/lightning,Potential Impacts,Card,LHMP_IA,1441681,(null),true,default - re-queries on mount,Component setting,Section Settings > Data > Fetch Mode: set explicitly once a pattern-wide default is agreed.,,,,
2384785,https://county_template.devmny.org/the_risk/natural_hazards/lightning,the_risk/natural_hazards/lightning,(untitled Graph),Graph,src 870,1648,(null),true,default - re-queries on mount,Component setting,Section Settings > Data > Fetch Mode: set explicitly once a pattern-wide default is agreed.,,,,
2384784,https://county_template.devmny.org/the_risk/natural_hazards/lightning,the_risk/natural_hazards/lightning,Total Events and Losses in $: Declared Disasters and Non-Declared Events,Card,LHMP_IA,1441681,(null),true,default - re-queries on mount,Component setting,Section Settings > Data > Fetch Mode: set explicitly once a pattern-wide default is agreed.,,,,
2384799,https://county_template.devmny.org/the_risk/natural_hazards/lightning,the_risk/natural_hazards/lightning,Other Hazard Events,Card,LHMP_IA,1441681,(null),true,default - re-queries on mount,Component setting,Section Settings > Data > Fetch Mode: set explicitly once a pattern-wide default is agreed.,,,,
2384811,https://county_template.devmny.org/the_risk/natural_hazards/lightning,the_risk/natural_hazards/lightning,Modeled Risk,Card,LHMP_IA,1441681,(null),true,default - re-queries on mount,Component setting,Section Settings > Data > Fetch Mode: set explicitly once a pattern-wide default is agreed.,,,,
2384812,https://county_template.devmny.org/the_risk/natural_hazards/lightning,the_risk/natural_hazards/lightning,(untitled Card),Card,src 1508,1982,(null),true,default - re-queries on mount,Component setting,Section Settings > Data > Fetch Mode: set explicitly once a pattern-wide default is agreed.,,,,
2384817,https://county_template.devmny.org/the_risk/natural_hazards/lightning,the_risk/natural_hazards/lightning,People and Communities,Card,LHMP_IA,1441681,(null),true,default - re-queries on mount,Component setting,Section Settings > Data > Fetch Mode: set explicitly once a pattern-wide default is agreed.,,,,
2384820,https://county_template.devmny.org/the_risk/natural_hazards/lightning,the_risk/natural_hazards/lightning,Natural Environment,Card,LHMP_IA,1441681,(null),true,default - re-queries on mount,Component setting,Section Settings > Data > Fetch Mode: set explicitly once a pattern-wide default is agreed.,,,,
2384824,https://county_template.devmny.org/the_risk/natural_hazards/lightning,the_risk/natural_hazards/lightning,Strategies,Card,LHMP_IA,1441681,(null),true,default - re-queries on mount,Component setting,Section Settings > Data > Fetch Mode: set explicitly once a pattern-wide default is agreed.,,,,
2384825,https://county_template.devmny.org/the_risk/natural_hazards/lightning,the_risk/natural_hazards/lightning,Measures Inventory,Spreadsheet,Mitigation_Measures,1155800,(null),true,default - re-queries on mount,Component setting,Section Settings > Data > Fetch Mode: set explicitly once a pattern-wide default is agreed.,,,,
2384826,https://county_template.devmny.org/the_risk/natural_hazards/lightning,the_risk/natural_hazards/lightning,Capabilities,Card,LHMP_IA,1441681,(null),true,default - re-queries on mount,Component setting,Section Settings > Data > Fetch Mode: set explicitly once a pattern-wide default is agreed.,,,,
2384831,https://county_template.devmny.org/the_risk/natural_hazards/lightning,the_risk/natural_hazards/lightning,Actions,Card,LHMP_IA,1441681,(null),true,default - re-queries on mount,Component setting,Section Settings > Data > Fetch Mode: set explicitly once a pattern-wide default is agreed.,,,,
2384844,https://county_template.devmny.org/the_risk/natural_hazards/snowstorm,the_risk/natural_hazards/snowstorm,Overview,Card,LHMP_IA,1441681,(null),true,default - re-queries on mount,Component setting,Section Settings > Data > Fetch Mode: set explicitly once a pattern-wide default is agreed.,,,,
2384863,https://county_template.devmny.org/the_risk/natural_hazards/snowstorm,the_risk/natural_hazards/snowstorm,Total Losses in $ by Year,Card,LHMP_IA,1441681,(null),true,default - re-queries on mount,Component setting,Section Settings > Data > Fetch Mode: set explicitly once a pattern-wide default is agreed.,,,,
2384868,https://county_template.devmny.org/the_risk/natural_hazards/snowstorm,the_risk/natural_hazards/snowstorm,Presidential Disaster Declarations,Card,LHMP_IA,1441681,(null),true,default - re-queries on mount,Component setting,Section Settings > Data > Fetch Mode: set explicitly once a pattern-wide default is agreed.,,,,
2384869,https://county_template.devmny.org/the_risk/natural_hazards/snowstorm,the_risk/natural_hazards/snowstorm,(untitled Card),Card,LHMP_IA,1441681,(null),true,default - re-queries on mount,Component setting,Section Settings > Data > Fetch Mode: set explicitly once a pattern-wide default is agreed.,,,,
2384870,https://county_template.devmny.org/the_risk/natural_hazards/snowstorm,the_risk/natural_hazards/snowstorm,(untitled Spreadsheet),Spreadsheet,src 870,1648,(null),true,default - re-queries on mount,Component setting,Section Settings > Data > Fetch Mode: set explicitly once a pattern-wide default is agreed.,,,,
2384918,https://county_template.devmny.org/the_risk/natural_hazards/tornado,the_risk/natural_hazards/tornado,Overview,Card,LHMP_IA,1441681,(null),true,default - re-queries on mount,Component setting,Section Settings > Data > Fetch Mode: set explicitly once a pattern-wide default is agreed.,,,,
2384845,https://county_template.devmny.org/the_risk/natural_hazards/snowstorm,the_risk/natural_hazards/snowstorm,(untitled Card),Card,src 870,1648,(null),true,default - re-queries on mount,Component setting,Section Settings > Data > Fetch Mode: set explicitly once a pattern-wide default is agreed.,,,,
2384873,https://county_template.devmny.org/the_risk/natural_hazards/snowstorm,the_risk/natural_hazards/snowstorm,Other Hazard Events,Card,LHMP_IA,1441681,(null),true,default - re-queries on mount,Component setting,Section Settings > Data > Fetch Mode: set explicitly once a pattern-wide default is agreed.,,,,
2384846,https://county_template.devmny.org/the_risk/natural_hazards/snowstorm,the_risk/natural_hazards/snowstorm,Hazard of Concern,Card,Hazards_of_Concern,1473471,(null),true,default - re-queries on mount,Component setting,Section Settings > Data > Fetch Mode: set explicitly once a pattern-wide default is agreed.,,,,
2384847,https://county_template.devmny.org/the_risk/natural_hazards/snowstorm,the_risk/natural_hazards/snowstorm,Modeled RIsk,Card,src 1508,1982,(null),true,default - re-queries on mount,Component setting,Section Settings > Data > Fetch Mode: set explicitly once a pattern-wide default is agreed.,,,,
2384852,https://county_template.devmny.org/the_risk/natural_hazards/snowstorm,the_risk/natural_hazards/snowstorm,General Vulnerability,Card,LHMP_IA,1441681,(null),true,default - re-queries on mount,Component setting,Section Settings > Data > Fetch Mode: set explicitly once a pattern-wide default is agreed.,,,,
2384853,https://county_template.devmny.org/the_risk/natural_hazards/snowstorm,the_risk/natural_hazards/snowstorm,(untitled Card),Card,LHMP_IA,1441681,(null),true,default - re-queries on mount,Component setting,Section Settings > Data > Fetch Mode: set explicitly once a pattern-wide default is agreed.,,,,
2384854,https://county_template.devmny.org/the_risk/natural_hazards/snowstorm,the_risk/natural_hazards/snowstorm,Potential Impacts,Card,LHMP_IA,1441681,(null),true,default - re-queries on mount,Component setting,Section Settings > Data > Fetch Mode: set explicitly once a pattern-wide default is agreed.,,,,
2384855,https://county_template.devmny.org/the_risk/natural_hazards/snowstorm,the_risk/natural_hazards/snowstorm,(untitled Spreadsheet),Spreadsheet,R_and_V_Matrix,1160864,(null),true,default - re-queries on mount,Component setting,Section Settings > Data > Fetch Mode: set explicitly once a pattern-wide default is agreed.,,,,
2384856,https://county_template.devmny.org/the_risk/natural_hazards/snowstorm,the_risk/natural_hazards/snowstorm,Historic Occurrences,Card,LHMP_IA,1441681,(null),true,default - re-queries on mount,Component setting,Section Settings > Data > Fetch Mode: set explicitly once a pattern-wide default is agreed.,,,,
2384858,https://county_template.devmny.org/the_risk/natural_hazards/snowstorm,the_risk/natural_hazards/snowstorm,Total Events and Losses in $: Declared Disasters and Non-Declared Events,Card,LHMP_IA,1441681,(null),true,default - re-queries on mount,Component setting,Section Settings > Data > Fetch Mode: set explicitly once a pattern-wide default is agreed.,,,,
2384859,https://county_template.devmny.org/the_risk/natural_hazards/snowstorm,the_risk/natural_hazards/snowstorm,(untitled Graph),Graph,src 870,1648,(null),true,default - re-queries on mount,Component setting,Section Settings > Data > Fetch Mode: set explicitly once a pattern-wide default is agreed.,,,,
2384866,https://county_template.devmny.org/the_risk/natural_hazards/snowstorm,the_risk/natural_hazards/snowstorm,Total Losses in $ by Month,Card,LHMP_IA,1441681,(null),true,default - re-queries on mount,Component setting,Section Settings > Data > Fetch Mode: set explicitly once a pattern-wide default is agreed.,,,,
2384885,https://county_template.devmny.org/the_risk/natural_hazards/snowstorm,the_risk/natural_hazards/snowstorm,Modeled Risk,Card,LHMP_IA,1441681,(null),true,default - re-queries on mount,Component setting,Section Settings > Data > Fetch Mode: set explicitly once a pattern-wide default is agreed.,,,,
2384886,https://county_template.devmny.org/the_risk/natural_hazards/snowstorm,the_risk/natural_hazards/snowstorm,(untitled Card),Card,src 1508,1982,(null),true,default - re-queries on mount,Component setting,Section Settings > Data > Fetch Mode: set explicitly once a pattern-wide default is agreed.,,,,
2384888,https://county_template.devmny.org/the_risk/natural_hazards/snowstorm,the_risk/natural_hazards/snowstorm,Built Environment,Card,LHMP_IA,1441681,(null),true,default - re-queries on mount,Component setting,Section Settings > Data > Fetch Mode: set explicitly once a pattern-wide default is agreed.,,,,
2384891,https://county_template.devmny.org/the_risk/natural_hazards/snowstorm,the_risk/natural_hazards/snowstorm,People and Communities,Card,LHMP_IA,1441681,(null),true,default - re-queries on mount,Component setting,Section Settings > Data > Fetch Mode: set explicitly once a pattern-wide default is agreed.,,,,
2384894,https://county_template.devmny.org/the_risk/natural_hazards/snowstorm,the_risk/natural_hazards/snowstorm,Natural Environment,Card,LHMP_IA,1441681,(null),true,default - re-queries on mount,Component setting,Section Settings > Data > Fetch Mode: set explicitly once a pattern-wide default is agreed.,,,,
2384898,https://county_template.devmny.org/the_risk/natural_hazards/snowstorm,the_risk/natural_hazards/snowstorm,Strategies,Card,LHMP_IA,1441681,(null),true,default - re-queries on mount,Component setting,Section Settings > Data > Fetch Mode: set explicitly once a pattern-wide default is agreed.,,,,
2384899,https://county_template.devmny.org/the_risk/natural_hazards/snowstorm,the_risk/natural_hazards/snowstorm,Measures Inventory,Spreadsheet,Mitigation_Measures,1155800,(null),true,default - re-queries on mount,Component setting,Section Settings > Data > Fetch Mode: set explicitly once a pattern-wide default is agreed.,,,,
2384900,https://county_template.devmny.org/the_risk/natural_hazards/snowstorm,the_risk/natural_hazards/snowstorm,Capabilities,Card,LHMP_IA,1441681,(null),true,default - re-queries on mount,Component setting,Section Settings > Data > Fetch Mode: set explicitly once a pattern-wide default is agreed.,,,,
2384905,https://county_template.devmny.org/the_risk/natural_hazards/snowstorm,the_risk/natural_hazards/snowstorm,Actions,Card,LHMP_IA,1441681,(null),true,default - re-queries on mount,Component setting,Section Settings > Data > Fetch Mode: set explicitly once a pattern-wide default is agreed.,,,,
2384919,https://county_template.devmny.org/the_risk/natural_hazards/tornado,the_risk/natural_hazards/tornado,(untitled Card),Card,src 870,1648,(null),true,default - re-queries on mount,Component setting,Section Settings > Data > Fetch Mode: set explicitly once a pattern-wide default is agreed.,,,,
2384920,https://county_template.devmny.org/the_risk/natural_hazards/tornado,the_risk/natural_hazards/tornado,Hazard of Concern,Card,Hazards_of_Concern,1473471,(null),true,default - re-queries on mount,Component setting,Section Settings > Data > Fetch Mode: set explicitly once a pattern-wide default is agreed.,,,,
2384921,https://county_template.devmny.org/the_risk/natural_hazards/tornado,the_risk/natural_hazards/tornado,Modeled RIsk,Card,src 1508,1982,(null),true,default - re-queries on mount,Component setting,Section Settings > Data > Fetch Mode: set explicitly once a pattern-wide default is agreed.,,,,
2384927,https://county_template.devmny.org/the_risk/natural_hazards/tornado,the_risk/natural_hazards/tornado,General Vulnerability,Card,LHMP_IA,1441681,(null),true,default - re-queries on mount,Component setting,Section Settings > Data > Fetch Mode: set explicitly once a pattern-wide default is agreed.,,,,
2384928,https://county_template.devmny.org/the_risk/natural_hazards/tornado,the_risk/natural_hazards/tornado,(untitled Card),Card,LHMP_IA,1441681,(null),true,default - re-queries on mount,Component setting,Section Settings > Data > Fetch Mode: set explicitly once a pattern-wide default is agreed.,,,,
2384929,https://county_template.devmny.org/the_risk/natural_hazards/tornado,the_risk/natural_hazards/tornado,Potential Impacts,Card,LHMP_IA,1441681,(null),true,default - re-queries on mount,Component setting,Section Settings > Data > Fetch Mode: set explicitly once a pattern-wide default is agreed.,,,,
2384930,https://county_template.devmny.org/the_risk/natural_hazards/tornado,the_risk/natural_hazards/tornado,(untitled Spreadsheet),Spreadsheet,R_and_V_Matrix,1160864,(null),true,default - re-queries on mount,Component setting,Section Settings > Data > Fetch Mode: set explicitly once a pattern-wide default is agreed.,,,,
2384931,https://county_template.devmny.org/the_risk/natural_hazards/tornado,the_risk/natural_hazards/tornado,Historic Occurrences,Card,LHMP_IA,1441681,(null),true,default - re-queries on mount,Component setting,Section Settings > Data > Fetch Mode: set explicitly once a pattern-wide default is agreed.,,,,
2384933,https://county_template.devmny.org/the_risk/natural_hazards/tornado,the_risk/natural_hazards/tornado,Total Events and Losses in $: Declared Disasters and Non-Declared Events,Card,LHMP_IA,1441681,(null),true,default - re-queries on mount,Component setting,Section Settings > Data > Fetch Mode: set explicitly once a pattern-wide default is agreed.,,,,
2384934,https://county_template.devmny.org/the_risk/natural_hazards/tornado,the_risk/natural_hazards/tornado,(untitled Graph),Graph,src 870,1648,(null),true,default - re-queries on mount,Component setting,Section Settings > Data > Fetch Mode: set explicitly once a pattern-wide default is agreed.,,,,
2384938,https://county_template.devmny.org/the_risk/natural_hazards/tornado,the_risk/natural_hazards/tornado,Total Losses in $ by Year,Card,LHMP_IA,1441681,(null),true,default - re-queries on mount,Component setting,Section Settings > Data > Fetch Mode: set explicitly once a pattern-wide default is agreed.,,,,
2384941,https://county_template.devmny.org/the_risk/natural_hazards/tornado,the_risk/natural_hazards/tornado,Total Losses in $ by Month,Card,LHMP_IA,1441681,(null),true,default - re-queries on mount,Component setting,Section Settings > Data > Fetch Mode: set explicitly once a pattern-wide default is agreed.,,,,
2384943,https://county_template.devmny.org/the_risk/natural_hazards/tornado,the_risk/natural_hazards/tornado,Presidential Disaster Declarations,Card,LHMP_IA,1441681,(null),true,default - re-queries on mount,Component setting,Section Settings > Data > Fetch Mode: set explicitly once a pattern-wide default is agreed.,,,,
2384944,https://county_template.devmny.org/the_risk/natural_hazards/tornado,the_risk/natural_hazards/tornado,(untitled Card),Card,LHMP_IA,1441681,(null),true,default - re-queries on mount,Component setting,Section Settings > Data > Fetch Mode: set explicitly once a pattern-wide default is agreed.,,,,
2384945,https://county_template.devmny.org/the_risk/natural_hazards/tornado,the_risk/natural_hazards/tornado,(untitled Spreadsheet),Spreadsheet,src 870,1648,(null),true,default - re-queries on mount,Component setting,Section Settings > Data > Fetch Mode: set explicitly once a pattern-wide default is agreed.,,,,
2384993,https://county_template.devmny.org/the_risk/natural_hazards/wildfire,the_risk/natural_hazards/wildfire,Overview,Card,LHMP_IA,1441681,(null),true,default - re-queries on mount,Component setting,Section Settings > Data > Fetch Mode: set explicitly once a pattern-wide default is agreed.,,,,
2385016,https://county_template.devmny.org/the_risk/natural_hazards/wildfire,the_risk/natural_hazards/wildfire,Total Losses in $ by Month,Card,LHMP_IA,1441681,(null),true,default - re-queries on mount,Component setting,Section Settings > Data > Fetch Mode: set explicitly once a pattern-wide default is agreed.,,,,
2385018,https://county_template.devmny.org/the_risk/natural_hazards/wildfire,the_risk/natural_hazards/wildfire,Presidential Disaster Declarations,Card,LHMP_IA,1441681,(null),true,default - re-queries on mount,Component setting,Section Settings > Data > Fetch Mode: set explicitly once a pattern-wide default is agreed.,,,,
2385019,https://county_template.devmny.org/the_risk/natural_hazards/wildfire,the_risk/natural_hazards/wildfire,(untitled Card),Card,LHMP_IA,1441681,(null),true,default - re-queries on mount,Component setting,Section Settings > Data > Fetch Mode: set explicitly once a pattern-wide default is agreed.,,,,
2385020,https://county_template.devmny.org/the_risk/natural_hazards/wildfire,the_risk/natural_hazards/wildfire,(untitled Spreadsheet),Spreadsheet,src 870,1648,(null),true,default - re-queries on mount,Component setting,Section Settings > Data > Fetch Mode: set explicitly once a pattern-wide default is agreed.,,,,
2384948,https://county_template.devmny.org/the_risk/natural_hazards/tornado,the_risk/natural_hazards/tornado,Other Hazard Events,Card,LHMP_IA,1441681,(null),true,default - re-queries on mount,Component setting,Section Settings > Data > Fetch Mode: set explicitly once a pattern-wide default is agreed.,,,,
2384960,https://county_template.devmny.org/the_risk/natural_hazards/tornado,the_risk/natural_hazards/tornado,Modeled Risk,Card,LHMP_IA,1441681,(null),true,default - re-queries on mount,Component setting,Section Settings > Data > Fetch Mode: set explicitly once a pattern-wide default is agreed.,,,,
2384961,https://county_template.devmny.org/the_risk/natural_hazards/tornado,the_risk/natural_hazards/tornado,(untitled Card),Card,src 1508,1982,(null),true,default - re-queries on mount,Component setting,Section Settings > Data > Fetch Mode: set explicitly once a pattern-wide default is agreed.,,,,
2384963,https://county_template.devmny.org/the_risk/natural_hazards/tornado,the_risk/natural_hazards/tornado,Built Environment,Card,LHMP_IA,1441681,(null),true,default - re-queries on mount,Component setting,Section Settings > Data > Fetch Mode: set explicitly once a pattern-wide default is agreed.,,,,
2384966,https://county_template.devmny.org/the_risk/natural_hazards/tornado,the_risk/natural_hazards/tornado,People and Communities,Card,LHMP_IA,1441681,(null),true,default - re-queries on mount,Component setting,Section Settings > Data > Fetch Mode: set explicitly once a pattern-wide default is agreed.,,,,
2384969,https://county_template.devmny.org/the_risk/natural_hazards/tornado,the_risk/natural_hazards/tornado,Natural Environment,Card,LHMP_IA,1441681,(null),true,default - re-queries on mount,Component setting,Section Settings > Data > Fetch Mode: set explicitly once a pattern-wide default is agreed.,,,,
2384973,https://county_template.devmny.org/the_risk/natural_hazards/tornado,the_risk/natural_hazards/tornado,Strategies,Card,LHMP_IA,1441681,(null),true,default - re-queries on mount,Component setting,Section Settings > Data > Fetch Mode: set explicitly once a pattern-wide default is agreed.,,,,
2384974,https://county_template.devmny.org/the_risk/natural_hazards/tornado,the_risk/natural_hazards/tornado,Measures Inventory,Spreadsheet,Mitigation_Measures,1155800,(null),true,default - re-queries on mount,Component setting,Section Settings > Data > Fetch Mode: set explicitly once a pattern-wide default is agreed.,,,,
2384975,https://county_template.devmny.org/the_risk/natural_hazards/tornado,the_risk/natural_hazards/tornado,Capabilities,Card,LHMP_IA,1441681,(null),true,default - re-queries on mount,Component setting,Section Settings > Data > Fetch Mode: set explicitly once a pattern-wide default is agreed.,,,,
2384980,https://county_template.devmny.org/the_risk/natural_hazards/tornado,the_risk/natural_hazards/tornado,Actions,Card,LHMP_IA,1441681,(null),true,default - re-queries on mount,Component setting,Section Settings > Data > Fetch Mode: set explicitly once a pattern-wide default is agreed.,,,,
2384994,https://county_template.devmny.org/the_risk/natural_hazards/wildfire,the_risk/natural_hazards/wildfire,(untitled Card),Card,src 870,1648,(null),true,default - re-queries on mount,Component setting,Section Settings > Data > Fetch Mode: set explicitly once a pattern-wide default is agreed.,,,,
2384995,https://county_template.devmny.org/the_risk/natural_hazards/wildfire,the_risk/natural_hazards/wildfire,Hazard of Concern,Card,Hazards_of_Concern,1473471,(null),true,default - re-queries on mount,Component setting,Section Settings > Data > Fetch Mode: set explicitly once a pattern-wide default is agreed.,,,,
2384996,https://county_template.devmny.org/the_risk/natural_hazards/wildfire,the_risk/natural_hazards/wildfire,Modeled RIsk,Card,src 1508,1982,(null),true,default - re-queries on mount,Component setting,Section Settings > Data > Fetch Mode: set explicitly once a pattern-wide default is agreed.,,,,
2385002,https://county_template.devmny.org/the_risk/natural_hazards/wildfire,the_risk/natural_hazards/wildfire,General Vulnerability,Card,LHMP_IA,1441681,(null),true,default - re-queries on mount,Component setting,Section Settings > Data > Fetch Mode: set explicitly once a pattern-wide default is agreed.,,,,
2385003,https://county_template.devmny.org/the_risk/natural_hazards/wildfire,the_risk/natural_hazards/wildfire,(untitled Card),Card,LHMP_IA,1441681,(null),true,default - re-queries on mount,Component setting,Section Settings > Data > Fetch Mode: set explicitly once a pattern-wide default is agreed.,,,,
2385005,https://county_template.devmny.org/the_risk/natural_hazards/wildfire,the_risk/natural_hazards/wildfire,(untitled Spreadsheet),Spreadsheet,R_and_V_Matrix,1160864,(null),true,default - re-queries on mount,Component setting,Section Settings > Data > Fetch Mode: set explicitly once a pattern-wide default is agreed.,,,,
2385006,https://county_template.devmny.org/the_risk/natural_hazards/wildfire,the_risk/natural_hazards/wildfire,Historic Occurrences,Card,LHMP_IA,1441681,(null),true,default - re-queries on mount,Component setting,Section Settings > Data > Fetch Mode: set explicitly once a pattern-wide default is agreed.,,,,
2385008,https://county_template.devmny.org/the_risk/natural_hazards/wildfire,the_risk/natural_hazards/wildfire,Total Events and Losses in $: Declared Disasters and Non-Declared Events,Card,LHMP_IA,1441681,(null),true,default - re-queries on mount,Component setting,Section Settings > Data > Fetch Mode: set explicitly once a pattern-wide default is agreed.,,,,
2385009,https://county_template.devmny.org/the_risk/natural_hazards/wildfire,the_risk/natural_hazards/wildfire,(untitled Graph),Graph,src 870,1648,(null),true,default - re-queries on mount,Component setting,Section Settings > Data > Fetch Mode: set explicitly once a pattern-wide default is agreed.,,,,
2385004,https://county_template.devmny.org/the_risk/natural_hazards/wildfire,the_risk/natural_hazards/wildfire,Potential Impacts,Card,LHMP_IA,1441681,(null),true,default - re-queries on mount,Component setting,Section Settings > Data > Fetch Mode: set explicitly once a pattern-wide default is agreed.,,,,
2385041,https://county_template.devmny.org/the_risk/natural_hazards/wildfire,the_risk/natural_hazards/wildfire,People and Communities,Card,LHMP_IA,1441681,(null),true,default - re-queries on mount,Component setting,Section Settings > Data > Fetch Mode: set explicitly once a pattern-wide default is agreed.,,,,
2385013,https://county_template.devmny.org/the_risk/natural_hazards/wildfire,the_risk/natural_hazards/wildfire,Total Losses in $ by Year,Card,LHMP_IA,1441681,(null),true,default - re-queries on mount,Component setting,Section Settings > Data > Fetch Mode: set explicitly once a pattern-wide default is agreed.,,,,
2385023,https://county_template.devmny.org/the_risk/natural_hazards/wildfire,the_risk/natural_hazards/wildfire,Other Hazard Events,Card,LHMP_IA,1441681,(null),true,default - re-queries on mount,Component setting,Section Settings > Data > Fetch Mode: set explicitly once a pattern-wide default is agreed.,,,,
2385035,https://county_template.devmny.org/the_risk/natural_hazards/wildfire,the_risk/natural_hazards/wildfire,Modeled Risk,Card,LHMP_IA,1441681,(null),true,default - re-queries on mount,Component setting,Section Settings > Data > Fetch Mode: set explicitly once a pattern-wide default is agreed.,,,,
2385038,https://county_template.devmny.org/the_risk/natural_hazards/wildfire,the_risk/natural_hazards/wildfire,Built Environment,Card,LHMP_IA,1441681,(null),true,default - re-queries on mount,Component setting,Section Settings > Data > Fetch Mode: set explicitly once a pattern-wide default is agreed.,,,,
2385055,https://county_template.devmny.org/the_risk/natural_hazards/wildfire,the_risk/natural_hazards/wildfire,Actions,Card,LHMP_IA,1441681,(null),true,default - re-queries on mount,Component setting,Section Settings > Data > Fetch Mode: set explicitly once a pattern-wide default is agreed.,,,,
2385070,https://county_template.devmny.org/the_risk/natural_hazards/wind,the_risk/natural_hazards/wind,Hazard of Concern,Card,Hazards_of_Concern,1473471,(null),true,default - re-queries on mount,Component setting,Section Settings > Data > Fetch Mode: set explicitly once a pattern-wide default is agreed.,,,,
2385044,https://county_template.devmny.org/the_risk/natural_hazards/wildfire,the_risk/natural_hazards/wildfire,Natural Environment,Card,LHMP_IA,1441681,(null),true,default - re-queries on mount,Component setting,Section Settings > Data > Fetch Mode: set explicitly once a pattern-wide default is agreed.,,,,
2385048,https://county_template.devmny.org/the_risk/natural_hazards/wildfire,the_risk/natural_hazards/wildfire,Strategies,Card,LHMP_IA,1441681,(null),true,default - re-queries on mount,Component setting,Section Settings > Data > Fetch Mode: set explicitly once a pattern-wide default is agreed.,,,,
2385049,https://county_template.devmny.org/the_risk/natural_hazards/wildfire,the_risk/natural_hazards/wildfire,Measures Inventory,Spreadsheet,Mitigation_Measures,1155800,(null),true,default - re-queries on mount,Component setting,Section Settings > Data > Fetch Mode: set explicitly once a pattern-wide default is agreed.,,,,
2385050,https://county_template.devmny.org/the_risk/natural_hazards/wildfire,the_risk/natural_hazards/wildfire,Capabilities,Card,LHMP_IA,1441681,(null),true,default - re-queries on mount,Component setting,Section Settings > Data > Fetch Mode: set explicitly once a pattern-wide default is agreed.,,,,
2385068,https://county_template.devmny.org/the_risk/natural_hazards/wind,the_risk/natural_hazards/wind,Overview,Card,LHMP_IA,1441681,(null),true,default - re-queries on mount,Component setting,Section Settings > Data > Fetch Mode: set explicitly once a pattern-wide default is agreed.,,,,
2385069,https://county_template.devmny.org/the_risk/natural_hazards/wind,the_risk/natural_hazards/wind,(untitled Card),Card,src 870,1648,(null),true,default - re-queries on mount,Component setting,Section Settings > Data > Fetch Mode: set explicitly once a pattern-wide default is agreed.,,,,
2385071,https://county_template.devmny.org/the_risk/natural_hazards/wind,the_risk/natural_hazards/wind,Modeled RIsk,Card,src 1508,1982,(null),true,default - re-queries on mount,Component setting,Section Settings > Data > Fetch Mode: set explicitly once a pattern-wide default is agreed.,,,,
2385120,https://county_template.devmny.org/the_risk/natural_hazards/wind,the_risk/natural_hazards/wind,Strategies,Card,LHMP_IA,1441681,(null),true,default - re-queries on mount,Component setting,Section Settings > Data > Fetch Mode: set explicitly once a pattern-wide default is agreed.,,,,
2385121,https://county_template.devmny.org/the_risk/natural_hazards/wind,the_risk/natural_hazards/wind,Measures Inventory,Spreadsheet,Mitigation_Measures,1155800,(null),true,default - re-queries on mount,Component setting,Section Settings > Data > Fetch Mode: set explicitly once a pattern-wide default is agreed.,,,,
2385122,https://county_template.devmny.org/the_risk/natural_hazards/wind,the_risk/natural_hazards/wind,Capabilities,Card,LHMP_IA,1441681,(null),true,default - re-queries on mount,Component setting,Section Settings > Data > Fetch Mode: set explicitly once a pattern-wide default is agreed.,,,,
2385127,https://county_template.devmny.org/the_risk/natural_hazards/wind,the_risk/natural_hazards/wind,Actions,Card,LHMP_IA,1441681,(null),true,default - re-queries on mount,Component setting,Section Settings > Data > Fetch Mode: set explicitly once a pattern-wide default is agreed.,,,,
2385076,https://county_template.devmny.org/the_risk/natural_hazards/wind,the_risk/natural_hazards/wind,General Vulnerability,Card,LHMP_IA,1441681,(null),true,default - re-queries on mount,Component setting,Section Settings > Data > Fetch Mode: set explicitly once a pattern-wide default is agreed.,,,,
2385077,https://county_template.devmny.org/the_risk/natural_hazards/wind,the_risk/natural_hazards/wind,(untitled Card),Card,LHMP_IA,1441681,(null),true,default - re-queries on mount,Component setting,Section Settings > Data > Fetch Mode: set explicitly once a pattern-wide default is agreed.,,,,
2385078,https://county_template.devmny.org/the_risk/natural_hazards/wind,the_risk/natural_hazards/wind,Potential Impacts,Card,LHMP_IA,1441681,(null),true,default - re-queries on mount,Component setting,Section Settings > Data > Fetch Mode: set explicitly once a pattern-wide default is agreed.,,,,
2385079,https://county_template.devmny.org/the_risk/natural_hazards/wind,the_risk/natural_hazards/wind,(untitled Spreadsheet),Spreadsheet,R_and_V_Matrix,1160864,(null),true,default - re-queries on mount,Component setting,Section Settings > Data > Fetch Mode: set explicitly once a pattern-wide default is agreed.,,,,
2385080,https://county_template.devmny.org/the_risk/natural_hazards/wind,the_risk/natural_hazards/wind,Historic Occurrences,Card,LHMP_IA,1441681,(null),true,default - re-queries on mount,Component setting,Section Settings > Data > Fetch Mode: set explicitly once a pattern-wide default is agreed.,,,,
2385082,https://county_template.devmny.org/the_risk/natural_hazards/wind,the_risk/natural_hazards/wind,Total Events and Losses in $: Declared Disasters and Non-Declared Events,Card,LHMP_IA,1441681,(null),true,default - re-queries on mount,Component setting,Section Settings > Data > Fetch Mode: set explicitly once a pattern-wide default is agreed.,,,,
2385083,https://county_template.devmny.org/the_risk/natural_hazards/wind,the_risk/natural_hazards/wind,(untitled Graph),Graph,src 870,1648,(null),true,default - re-queries on mount,Component setting,Section Settings > Data > Fetch Mode: set explicitly once a pattern-wide default is agreed.,,,,
2385091,https://county_template.devmny.org/the_risk/natural_hazards/wind,the_risk/natural_hazards/wind,Presidential Disaster Declarations,Card,LHMP_IA,1441681,(null),true,default - re-queries on mount,Component setting,Section Settings > Data > Fetch Mode: set explicitly once a pattern-wide default is agreed.,,,,
2385092,https://county_template.devmny.org/the_risk/natural_hazards/wind,the_risk/natural_hazards/wind,(untitled Card),Card,LHMP_IA,1441681,(null),true,default - re-queries on mount,Component setting,Section Settings > Data > Fetch Mode: set explicitly once a pattern-wide default is agreed.,,,,
2385093,https://county_template.devmny.org/the_risk/natural_hazards/wind,the_risk/natural_hazards/wind,(untitled Spreadsheet),Spreadsheet,src 870,1648,(null),true,default - re-queries on mount,Component setting,Section Settings > Data > Fetch Mode: set explicitly once a pattern-wide default is agreed.,,,,
2385096,https://county_template.devmny.org/the_risk/natural_hazards/wind,the_risk/natural_hazards/wind,Other Hazard Events,Card,LHMP_IA,1441681,(null),true,default - re-queries on mount,Component setting,Section Settings > Data > Fetch Mode: set explicitly once a pattern-wide default is agreed.,,,,
2385107,https://county_template.devmny.org/the_risk/natural_hazards/wind,the_risk/natural_hazards/wind,Modeled Risk,Card,LHMP_IA,1441681,(null),true,default - re-queries on mount,Component setting,Section Settings > Data > Fetch Mode: set explicitly once a pattern-wide default is agreed.,,,,
2385108,https://county_template.devmny.org/the_risk/natural_hazards/wind,the_risk/natural_hazards/wind,(untitled Card),Card,src 1508,1982,(null),true,default - re-queries on mount,Component setting,Section Settings > Data > Fetch Mode: set explicitly once a pattern-wide default is agreed.,,,,
2385110,https://county_template.devmny.org/the_risk/natural_hazards/wind,the_risk/natural_hazards/wind,Built Environment,Card,LHMP_IA,1441681,(null),true,default - re-queries on mount,Component setting,Section Settings > Data > Fetch Mode: set explicitly once a pattern-wide default is agreed.,,,,
2385113,https://county_template.devmny.org/the_risk/natural_hazards/wind,the_risk/natural_hazards/wind,People and Communities,Card,LHMP_IA,1441681,(null),true,default - re-queries on mount,Component setting,Section Settings > Data > Fetch Mode: set explicitly once a pattern-wide default is agreed.,,,,
2385116,https://county_template.devmny.org/the_risk/natural_hazards/wind,the_risk/natural_hazards/wind,Natural Environment,Card,LHMP_IA,1441681,(null),true,default - re-queries on mount,Component setting,Section Settings > Data > Fetch Mode: set explicitly once a pattern-wide default is agreed.,,,,
2335941,https://county_template.devmny.org/the_local_environment/natural_environment,the_local_environment/natural_environment,(untitled Card),Card,LHMP_IA,1441681,(null),true,default - re-queries on mount,Component setting,Section Settings > Data > Fetch Mode: set explicitly once a pattern-wide default is agreed.,,,,
2335942,https://county_template.devmny.org/the_local_environment/natural_environment,the_local_environment/natural_environment,Community Rating System,Card,LHMP_IA,1441681,(null),true,default - re-queries on mount,Component setting,Section Settings > Data > Fetch Mode: set explicitly once a pattern-wide default is agreed.,,,,
2335930,https://county_template.devmny.org/the_local_environment/natural_environment,the_local_environment/natural_environment,Overview,Card,LHMP_IA,1441681,(null),true,default - re-queries on mount,Component setting,Section Settings > Data > Fetch Mode: set explicitly once a pattern-wide default is agreed.,,,,
2335933,https://county_template.devmny.org/the_local_environment/natural_environment,the_local_environment/natural_environment,Open Space Summary,Card,LHMP_IA,1441681,(null),true,default - re-queries on mount,Component setting,Section Settings > Data > Fetch Mode: set explicitly once a pattern-wide default is agreed.,,,,
2335937,https://county_template.devmny.org/the_local_environment/natural_environment,the_local_environment/natural_environment,Open Space Parcel Statistics,Spreadsheet,src 423,2268,(null),true,default - re-queries on mount,Component setting,Section Settings > Data > Fetch Mode: set explicitly once a pattern-wide default is agreed.,,,,
2335940,https://county_template.devmny.org/the_local_environment/natural_environment,the_local_environment/natural_environment,Buyouts/ Acquisitions,Card,LHMP_IA,1441681,(null),true,default - re-queries on mount,Component setting,Section Settings > Data > Fetch Mode: set explicitly once a pattern-wide default is agreed.,,,,
2335947,https://county_template.devmny.org/the_local_environment/natural_environment,the_local_environment/natural_environment,(untitled Card),Card,LHMP_IA,1441681,(null),true,default - re-queries on mount,Component setting,Section Settings > Data > Fetch Mode: set explicitly once a pattern-wide default is agreed.,,,,
2335948,https://county_template.devmny.org/the_local_environment/natural_environment,the_local_environment/natural_environment,Water and Air,Card,LHMP_IA,1441681,(null),true,default - re-queries on mount,Component setting,Section Settings > Data > Fetch Mode: set explicitly once a pattern-wide default is agreed.,,,,
2335955,https://county_template.devmny.org/the_local_environment/natural_environment,the_local_environment/natural_environment,Wildlife,Card,LHMP_IA,1441681,(null),true,default - re-queries on mount,Component setting,Section Settings > Data > Fetch Mode: set explicitly once a pattern-wide default is agreed.,,,,
2335958,https://county_template.devmny.org/the_local_environment/natural_environment,the_local_environment/natural_environment,Forestry,Card,LHMP_IA,1441681,(null),true,default - re-queries on mount,Component setting,Section Settings > Data > Fetch Mode: set explicitly once a pattern-wide default is agreed.,,,,
2335961,https://county_template.devmny.org/the_local_environment/natural_environment,the_local_environment/natural_environment,Vulnerability,Card,LHMP_IA,1441681,(null),true,default - re-queries on mount,Component setting,Section Settings > Data > Fetch Mode: set explicitly once a pattern-wide default is agreed.,,,,
2335962,https://county_template.devmny.org/the_local_environment/natural_environment,the_local_environment/natural_environment,Hazard Impacts to the Natural Environment,Card,LHMP_IA,1441681,(null),true,default - re-queries on mount,Component setting,Section Settings > Data > Fetch Mode: set explicitly once a pattern-wide default is agreed.,,,,
2335963,https://county_template.devmny.org/the_local_environment/natural_environment,the_local_environment/natural_environment,Potential Impacts Table,Spreadsheet,R_and_V_Matrix,1068985,(null),true,default - re-queries on mount,Component setting,Section Settings > Data > Fetch Mode: set explicitly once a pattern-wide default is agreed.,,,,
