row_type,severity,area,item,detail,source_ref,page_id,page_title,page_url,draft_section_id,draft_section_title,section_order,anchor_url,edit_url,expected_rows,observed_rows,recommendation
iem_not_migrated_workbook,BLOCKER,IEM workbook,The Actions sheet per-hazard X marks never reached the hazard-type columns,"Workbook ""Actions"" flags each action against individual hazards: Wind 175, Snowstorm 135, Hurricane 128, Coastal Hazards 112, Extreme Heat 110, Ice storm 104, Extreme Cold 89, Wildfire 67, Lightning 60, Earthquake 57, Landslide 50, Tornado 49, Drought 43, Hail 16. In the live Actions source those flag columns are almost all empty for Westchester (Coastal Hazards 1, Ice storm 1, Tornado 1, Wind 1, Hail 0, Drought 0, Landslide 0), and primary_hazard_type is dominated by Flooding (776 of 1,095). The hazard pages filter on primary / secondary / tertiary hazard type only, so those actions never surface.","workbook sheet ""Actions"" (768 rows) vs Actions_Revised (internal_source/1029065/version/1074456) (1,095 Westchester rows)",2448389,Natural Hazards,https://westchester.mitigateny.org/the_risk/natural_hazards,,,,,https://westchester.mitigateny.org/edit/the_risk/natural_hazards,768 workbook actions with hazard tags,hazard pages show Flooding only,"Re-run the Actions load with the per-hazard columns rolled up into primary/secondary/tertiary hazard type, or add a calculated hazards branch to the Actions filters the way the Capabilities tables already have one."
mny_table_no_data,BLOCKER,MNY 2.0 site,Local Capabilities Table (Planning and Regulatory) is scoped to the county government only,"The filter is `geoid_juris = <page geoid>` AND `geoid_county = <page geoid>`. `geoid_juris` holds jurisdiction geoids, so passing the county geoid 36119 keeps only the 43 records whose jurisdiction IS the county and drops all 1,996 municipal capability records IEM supplied. Rows reachable with this filter: 39. Rows reachable if the `geoid_juris` clause is removed: 1219. Verified live on 10 Sep 2026: all four Local Capabilities Tables on this page render nothing, while the four State Mitigation Capabilities tables beside them render 6,885 / 631 / 1,033 / 7,956 rows from the statewide catalog.",Capabilities_Catalogue (internal_source/1068273/version/1172519),2448392,Capabilities Assessment,https://westchester.mitigateny.org/the_plan/capabilities_assessment,2469050,Local Capabilities Table,7,https://westchester.mitigateny.org/the_plan/capabilities_assessment#2469050,https://westchester.mitigateny.org/edit/the_plan/capabilities_assessment,1219,0,"Remove the `geoid_juris` clause (or set it from a jurisdiction page variable, not the county geoid). Keep `geoid_county`."
mny_table_no_data,BLOCKER,MNY 2.0 site,Local Capabilities Table (Administrative and Technical) is scoped to the county government only,"The filter is `geoid_juris = <page geoid>` AND `geoid_county = <page geoid>`. `geoid_juris` holds jurisdiction geoids, so passing the county geoid 36119 keeps only the 43 records whose jurisdiction IS the county and drops all 1,996 municipal capability records IEM supplied. Rows reachable with this filter: 0. Rows reachable if the `geoid_juris` clause is removed: 24. Verified live on 10 Sep 2026: all four Local Capabilities Tables on this page render nothing, while the four State Mitigation Capabilities tables beside them render 6,885 / 631 / 1,033 / 7,956 rows from the statewide catalog.",Capabilities_Catalogue (internal_source/1068273/version/1172519),2448392,Capabilities Assessment,https://westchester.mitigateny.org/the_plan/capabilities_assessment,2463313,Local Capabilities Table,13,https://westchester.mitigateny.org/the_plan/capabilities_assessment#2463313,https://westchester.mitigateny.org/edit/the_plan/capabilities_assessment,24,0,"Remove the `geoid_juris` clause (or set it from a jurisdiction page variable, not the county geoid). Keep `geoid_county`."
mny_table_no_data,BLOCKER,MNY 2.0 site,Local Capabilities Table (Financial) is scoped to the county government only,"The filter is `geoid_juris = <page geoid>` AND `geoid_county = <page geoid>`. `geoid_juris` holds jurisdiction geoids, so passing the county geoid 36119 keeps only the 43 records whose jurisdiction IS the county and drops all 1,996 municipal capability records IEM supplied. Rows reachable with this filter: 43. Rows reachable if the `geoid_juris` clause is removed: 2039. Verified live on 10 Sep 2026: all four Local Capabilities Tables on this page render nothing, while the four State Mitigation Capabilities tables beside them render 6,885 / 631 / 1,033 / 7,956 rows from the statewide catalog.",Capabilities_Catalogue (internal_source/1068273/version/1172519),2448392,Capabilities Assessment,https://westchester.mitigateny.org/the_plan/capabilities_assessment,2450074,Local Capabilities Table,19,https://westchester.mitigateny.org/the_plan/capabilities_assessment#2450074,https://westchester.mitigateny.org/edit/the_plan/capabilities_assessment,2039,0,"Remove the `geoid_juris` clause (or set it from a jurisdiction page variable, not the county geoid). Keep `geoid_county`."
mny_table_no_data,BLOCKER,MNY 2.0 site,Local Capabilities Table (Education / Outreach) is scoped to the county government only,"The filter is `geoid_juris = <page geoid>` AND `geoid_county = <page geoid>`. `geoid_juris` holds jurisdiction geoids, so passing the county geoid 36119 keeps only the 43 records whose jurisdiction IS the county and drops all 1,996 municipal capability records IEM supplied. Rows reachable with this filter: 1. Rows reachable if the `geoid_juris` clause is removed: 151. Verified live on 10 Sep 2026: all four Local Capabilities Tables on this page render nothing, while the four State Mitigation Capabilities tables beside them render 6,885 / 631 / 1,033 / 7,956 rows from the statewide catalog.",Capabilities_Catalogue (internal_source/1068273/version/1172519),2448392,Capabilities Assessment,https://westchester.mitigateny.org/the_plan/capabilities_assessment,2463317,Local Capabilities Table,25,https://westchester.mitigateny.org/the_plan/capabilities_assessment#2463317,https://westchester.mitigateny.org/edit/the_plan/capabilities_assessment,151,0,"Remove the `geoid_juris` clause (or set it from a jurisdiction page variable, not the county geoid). Keep `geoid_county`."
mny_table_no_data,BLOCKER,MNY 2.0 site,Capabilities table renders 0 rows although 53 Westchester records match,"Verified live on 10 Sep 2026: the table shows nothing, but 53 Westchester capability records carry ""Earthquake"" in primary / secondary / tertiary capability hazard type. The filter is an OR group whose fourth branch is a raw-SQL calculated column; where that branch fails the whole table returns empty.",Capabilities_Catalogue (internal_source/1068273/version/1172519),2448343,Earthquake,https://westchester.mitigateny.org/the_risk/natural_hazards/earthquake,2459857,(untitled),59,https://westchester.mitigateny.org/the_risk/natural_hazards/earthquake#2459857,https://westchester.mitigateny.org/edit/the_risk/natural_hazards/earthquake,53,0,"Investigate the calculated-column branch of this component's OR filter group; compare against the Flooding page, where the same shape returns 43 rows."
mny_table_no_data,BLOCKER,MNY 2.0 site,Local Actions card renders 0 rows although 2 Westchester actions match,"Verified live on 10 Sep 2026. 2 Westchester actions carry ""Earthquake"" as primary hazard type.",Actions_Revised (internal_source/1029065/version/1074456),2448343,Earthquake,https://westchester.mitigateny.org/the_risk/natural_hazards/earthquake,2459846,(untitled),63,https://westchester.mitigateny.org/the_risk/natural_hazards/earthquake#2459846,https://westchester.mitigateny.org/edit/the_risk/natural_hazards/earthquake,2,0,"Check this component's OR filter group. Its `secondary_hazard_type` branch names a column that does not exist in the source, which is spelled `seondary_hazard_type`."
mny_table_no_data,BLOCKER,MNY 2.0 site,Local Actions table renders 0 rows although 2 Westchester actions match,"Verified live on 10 Sep 2026. 2 Westchester actions carry ""Earthquake"" as primary hazard type.",Actions_Revised (internal_source/1029065/version/1074456),2448343,Earthquake,https://westchester.mitigateny.org/the_risk/natural_hazards/earthquake,2460666,Local Actions Table,65,https://westchester.mitigateny.org/the_risk/natural_hazards/earthquake#2460666,https://westchester.mitigateny.org/edit/the_risk/natural_hazards/earthquake,2,0,"Check this component's OR filter group. Its `secondary_hazard_type` branch names a column that does not exist in the source, which is spelled `seondary_hazard_type`."
mny_unpublished_content,BLOCKER,MNY 2.0 site,"“Executive Summary” holds 1,242 ch in draft but renders empty to every visitor","1,242 characters written 2026-09-08; the published copy of this section is empty",2026 Westchester HMP Base Plan Draft (IEM),2448368,The Local Environment,https://westchester.mitigateny.org/the_local_environment,2449714,Executive Summary,4,https://westchester.mitigateny.org/the_local_environment#2449714,https://westchester.mitigateny.org/edit/the_local_environment,,,Publish the page. Nothing else is required — the text is already correct in draft.
mny_unpublished_content,BLOCKER,MNY 2.0 site,"“Local Context” holds 2,619 ch in draft but renders empty to every visitor","2,619 characters written 2026-09-08; the published copy of this section is empty",2026 Westchester HMP Base Plan Draft (IEM),2448363,Built Environment,https://westchester.mitigateny.org/the_local_environment/built_environment,2449884,Local Context,4,https://westchester.mitigateny.org/the_local_environment/built_environment#2449884,https://westchester.mitigateny.org/edit/the_local_environment/built_environment,,,Publish the page. Nothing else is required — the text is already correct in draft.
mny_unpublished_content,BLOCKER,MNY 2.0 site,"“Local Context” holds 3,609 ch in draft but renders empty to every visitor","3,609 characters written 2026-09-08; the published copy of this section is empty",2026 Westchester HMP Base Plan Draft (IEM),2448363,Built Environment,https://westchester.mitigateny.org/the_local_environment/built_environment,2449882,Local Context,8,https://westchester.mitigateny.org/the_local_environment/built_environment#2449882,https://westchester.mitigateny.org/edit/the_local_environment/built_environment,,,Publish the page. Nothing else is required — the text is already correct in draft.
mny_unpublished_content,BLOCKER,MNY 2.0 site,“Local Context” holds 911 ch in draft but renders empty to every visitor,911 characters written 2026-09-08; the published copy of this section is empty,2026 Westchester HMP Base Plan Draft (IEM),2448363,Built Environment,https://westchester.mitigateny.org/the_local_environment/built_environment,2458839,Local Context,12,https://westchester.mitigateny.org/the_local_environment/built_environment#2458839,https://westchester.mitigateny.org/edit/the_local_environment/built_environment,,,Publish the page. Nothing else is required — the text is already correct in draft.
mny_unpublished_content,BLOCKER,MNY 2.0 site,"“Local Context” holds 2,214 ch in draft but renders empty to every visitor","2,214 characters written 2026-09-08; the published copy of this section is empty",2026 Westchester HMP Base Plan Draft (IEM),2448363,Built Environment,https://westchester.mitigateny.org/the_local_environment/built_environment,2449888,Local Context,15,https://westchester.mitigateny.org/the_local_environment/built_environment#2449888,https://westchester.mitigateny.org/edit/the_local_environment/built_environment,,,Publish the page. Nothing else is required — the text is already correct in draft.
mny_unpublished_content,BLOCKER,MNY 2.0 site,"“Local Context” holds 2,212 ch in draft but renders empty to every visitor","2,212 characters written 2026-09-08; the published copy of this section is empty",2026 Westchester HMP Base Plan Draft (IEM),2448363,Built Environment,https://westchester.mitigateny.org/the_local_environment/built_environment,2449895,Local Context,19,https://westchester.mitigateny.org/the_local_environment/built_environment#2449895,https://westchester.mitigateny.org/edit/the_local_environment/built_environment,,,Publish the page. Nothing else is required — the text is already correct in draft.
mny_unpublished_content,BLOCKER,MNY 2.0 site,"“Local Context” holds 2,394 ch in draft but renders empty to every visitor","2,394 characters written 2026-09-08; the published copy of this section is empty",2026 Westchester HMP Base Plan Draft (IEM),2448363,Built Environment,https://westchester.mitigateny.org/the_local_environment/built_environment,2449905,Local Context,22,https://westchester.mitigateny.org/the_local_environment/built_environment#2449905,https://westchester.mitigateny.org/edit/the_local_environment/built_environment,,,Publish the page. Nothing else is required — the text is already correct in draft.
mny_unpublished_content,BLOCKER,MNY 2.0 site,"“Local Context” holds 1,792 ch in draft but renders empty to every visitor","1,792 characters written 2026-09-08; the published copy of this section is empty",2026 Westchester HMP Base Plan Draft (IEM),2448363,Built Environment,https://westchester.mitigateny.org/the_local_environment/built_environment,2449899,Local Context,25,https://westchester.mitigateny.org/the_local_environment/built_environment#2449899,https://westchester.mitigateny.org/edit/the_local_environment/built_environment,,,Publish the page. Nothing else is required — the text is already correct in draft.
mny_unpublished_content,BLOCKER,MNY 2.0 site,"“Local Context” holds 1,635 ch in draft but renders empty to every visitor","1,635 characters written 2026-09-08; the published copy of this section is empty",2026 Westchester HMP Base Plan Draft (IEM),2448363,Built Environment,https://westchester.mitigateny.org/the_local_environment/built_environment,2449901,Local Context,28,https://westchester.mitigateny.org/the_local_environment/built_environment#2449901,https://westchester.mitigateny.org/edit/the_local_environment/built_environment,,,Publish the page. Nothing else is required — the text is already correct in draft.
mny_unpublished_content,BLOCKER,MNY 2.0 site,"“Historic Properties” holds 1,685 ch in draft but renders empty to every visitor","1,685 characters written 2026-09-08; the published copy of this section is empty",2026 Westchester HMP Base Plan Draft (IEM),2448363,Built Environment,https://westchester.mitigateny.org/the_local_environment/built_environment,2449908,Historic Properties,32,https://westchester.mitigateny.org/the_local_environment/built_environment#2449908,https://westchester.mitigateny.org/edit/the_local_environment/built_environment,,,Publish the page. Nothing else is required — the text is already correct in draft.
mny_unpublished_content,BLOCKER,MNY 2.0 site,"“What's Changed” holds 1,566 ch in draft but renders empty to every visitor","1,566 characters written 2026-09-08; the published copy of this section is empty",2026 Westchester HMP Base Plan Draft (IEM),2448363,Built Environment,https://westchester.mitigateny.org/the_local_environment/built_environment,2449913,What's Changed,37,https://westchester.mitigateny.org/the_local_environment/built_environment#2449913,https://westchester.mitigateny.org/edit/the_local_environment/built_environment,,,Publish the page. Nothing else is required — the text is already correct in draft.
mny_unpublished_content,BLOCKER,MNY 2.0 site,"“Codes Enforcement” holds 1,672 ch in draft but renders empty to every visitor","1,672 characters written 2026-09-08; the published copy of this section is empty",2026 Westchester HMP Base Plan Draft (IEM),2448363,Built Environment,https://westchester.mitigateny.org/the_local_environment/built_environment,2449918,Codes Enforcement,43,https://westchester.mitigateny.org/the_local_environment/built_environment#2449918,https://westchester.mitigateny.org/edit/the_local_environment/built_environment,,,Publish the page. Nothing else is required — the text is already correct in draft.
mny_unpublished_content,BLOCKER,MNY 2.0 site,"“National Flood Insurance Program (NFIP)” holds 1,133 ch in draft but renders empty to every visitor","1,133 characters written 2026-09-08; the published copy of this section is empty",2026 Westchester HMP Base Plan Draft (IEM),2448363,Built Environment,https://westchester.mitigateny.org/the_local_environment/built_environment,2449915,National Flood Insurance Program (NFIP),45,https://westchester.mitigateny.org/the_local_environment/built_environment#2449915,https://westchester.mitigateny.org/edit/the_local_environment/built_environment,,,Publish the page. Nothing else is required — the text is already correct in draft.
mny_unpublished_content,BLOCKER,MNY 2.0 site,"“Local Context” holds 3,156 ch in draft but renders empty to every visitor","3,156 characters written 2026-09-08; the published copy of this section is empty",2026 Westchester HMP Base Plan Draft (IEM),2448352,High Hazard Dams,https://westchester.mitigateny.org/the_local_environment/high_hazard_dams,2449750,Local Context,5,https://westchester.mitigateny.org/the_local_environment/high_hazard_dams#2449750,https://westchester.mitigateny.org/edit/the_local_environment/high_hazard_dams,,,Publish the page. Nothing else is required — the text is already correct in draft.
mny_unpublished_content,BLOCKER,MNY 2.0 site,"“Local Context” holds 2,838 ch in draft but renders empty to every visitor","2,838 characters written 2026-09-08; the published copy of this section is empty",2026 Westchester HMP Base Plan Draft (IEM),2448342,Natural Environment,https://westchester.mitigateny.org/the_local_environment/natural_environment,2449784,Local Context,3,https://westchester.mitigateny.org/the_local_environment/natural_environment#2449784,https://westchester.mitigateny.org/edit/the_local_environment/natural_environment,,,Publish the page. Nothing else is required — the text is already correct in draft.
mny_unpublished_content,BLOCKER,MNY 2.0 site,"“County Open Space Plan” holds 1,438 ch in draft but renders empty to every visitor","1,438 characters written 2026-09-08; the published copy of this section is empty",2026 Westchester HMP Base Plan Draft (IEM),2448342,Natural Environment,https://westchester.mitigateny.org/the_local_environment/natural_environment,2464950,County Open Space Plan,10,https://westchester.mitigateny.org/the_local_environment/natural_environment#2464950,https://westchester.mitigateny.org/edit/the_local_environment/natural_environment,,,Publish the page. Nothing else is required — the text is already correct in draft.
mny_unpublished_content,BLOCKER,MNY 2.0 site,“Firewise Communities ” holds 500 ch in draft but renders empty to every visitor,500 characters written 2026-09-08; the published copy of this section is empty,2026 Westchester HMP Base Plan Draft (IEM),2448342,Natural Environment,https://westchester.mitigateny.org/the_local_environment/natural_environment,2449798,Firewise Communities ,17,https://westchester.mitigateny.org/the_local_environment/natural_environment#2449798,https://westchester.mitigateny.org/edit/the_local_environment/natural_environment,,,Publish the page. Nothing else is required — the text is already correct in draft.
mny_unpublished_content,BLOCKER,MNY 2.0 site,"“Local Context” holds 1,164 ch in draft but renders empty to every visitor","1,164 characters written 2026-09-08; the published copy of this section is empty",2026 Westchester HMP Base Plan Draft (IEM),2448342,Natural Environment,https://westchester.mitigateny.org/the_local_environment/natural_environment,2449802,Local Context,21,https://westchester.mitigateny.org/the_local_environment/natural_environment#2449802,https://westchester.mitigateny.org/edit/the_local_environment/natural_environment,,,Publish the page. Nothing else is required — the text is already correct in draft.
mny_unpublished_content,BLOCKER,MNY 2.0 site,"“Water Quality” holds 1,449 ch in draft but renders empty to every visitor","1,449 characters written 2026-09-08; the published copy of this section is empty",2026 Westchester HMP Base Plan Draft (IEM),2448342,Natural Environment,https://westchester.mitigateny.org/the_local_environment/natural_environment,2449807,Water Quality,24,https://westchester.mitigateny.org/the_local_environment/natural_environment#2449807,https://westchester.mitigateny.org/edit/the_local_environment/natural_environment,,,Publish the page. Nothing else is required — the text is already correct in draft.
mny_unpublished_content,BLOCKER,MNY 2.0 site,"“Air Quality” holds 2,406 ch in draft but renders empty to every visitor","2,406 characters written 2026-09-08; the published copy of this section is empty",2026 Westchester HMP Base Plan Draft (IEM),2448342,Natural Environment,https://westchester.mitigateny.org/the_local_environment/natural_environment,2449810,Air Quality,25,https://westchester.mitigateny.org/the_local_environment/natural_environment#2449810,https://westchester.mitigateny.org/edit/the_local_environment/natural_environment,,,Publish the page. Nothing else is required — the text is already correct in draft.
mny_unpublished_content,BLOCKER,MNY 2.0 site,"“Local Context” holds 1,626 ch in draft but renders empty to every visitor","1,626 characters written 2026-09-08; the published copy of this section is empty",2026 Westchester HMP Base Plan Draft (IEM),2448342,Natural Environment,https://westchester.mitigateny.org/the_local_environment/natural_environment,2449814,Local Context,28,https://westchester.mitigateny.org/the_local_environment/natural_environment#2449814,https://westchester.mitigateny.org/edit/the_local_environment/natural_environment,,,Publish the page. Nothing else is required — the text is already correct in draft.
mny_unpublished_content,BLOCKER,MNY 2.0 site,"“Forestry Local Context” holds 1,961 ch in draft but renders empty to every visitor","1,961 characters written 2026-09-08; the published copy of this section is empty",2026 Westchester HMP Base Plan Draft (IEM),2448342,Natural Environment,https://westchester.mitigateny.org/the_local_environment/natural_environment,2449809,Forestry Local Context,31,https://westchester.mitigateny.org/the_local_environment/natural_environment#2449809,https://westchester.mitigateny.org/edit/the_local_environment/natural_environment,,,Publish the page. Nothing else is required — the text is already correct in draft.
mny_unpublished_content,BLOCKER,MNY 2.0 site,"“NFIP Participation Summary” holds 1,653 ch in draft but renders empty to every visitor","1,653 characters written 2026-09-08; the published copy of this section is empty",2026 Westchester HMP Base Plan Draft (IEM),2448353,NFIP - Floodplain Management,https://westchester.mitigateny.org/the_local_environment/nfip_floodplain_management,2450152,NFIP Participation Summary,3,https://westchester.mitigateny.org/the_local_environment/nfip_floodplain_management#2450152,https://westchester.mitigateny.org/edit/the_local_environment/nfip_floodplain_management,,,Publish the page. Nothing else is required — the text is already correct in draft.
mny_unpublished_content,BLOCKER,MNY 2.0 site,"“Local Context” holds 1,793 ch in draft but renders empty to every visitor","1,793 characters written 2026-09-08; the published copy of this section is empty",2026 Westchester HMP Base Plan Draft (IEM),2448353,NFIP - Floodplain Management,https://westchester.mitigateny.org/the_local_environment/nfip_floodplain_management,2450153,Local Context,10,https://westchester.mitigateny.org/the_local_environment/nfip_floodplain_management#2450153,https://westchester.mitigateny.org/edit/the_local_environment/nfip_floodplain_management,,,Publish the page. Nothing else is required — the text is already correct in draft.
mny_unpublished_content,BLOCKER,MNY 2.0 site,"“Community Rating System” holds 1,266 ch in draft but renders empty to every visitor","1,266 characters written 2026-09-08; the published copy of this section is empty",2026 Westchester HMP Base Plan Draft (IEM),2448353,NFIP - Floodplain Management,https://westchester.mitigateny.org/the_local_environment/nfip_floodplain_management,2450162,Community Rating System,16,https://westchester.mitigateny.org/the_local_environment/nfip_floodplain_management#2450162,https://westchester.mitigateny.org/edit/the_local_environment/nfip_floodplain_management,,,Publish the page. Nothing else is required — the text is already correct in draft.
mny_unpublished_content,BLOCKER,MNY 2.0 site,"“Local Context” holds 1,972 ch in draft but renders empty to every visitor","1,972 characters written 2026-09-08; the published copy of this section is empty",2026 Westchester HMP Base Plan Draft (IEM),2448360,People and Communities,https://westchester.mitigateny.org/the_local_environment/people_and_communities,2454034,Local Context,3,https://westchester.mitigateny.org/the_local_environment/people_and_communities#2454034,https://westchester.mitigateny.org/edit/the_local_environment/people_and_communities,,,Publish the page. Nothing else is required — the text is already correct in draft.
mny_unpublished_content,BLOCKER,MNY 2.0 site,"“Local Populations at Highest Risk” holds 8,918 ch in draft but renders empty to every visitor","8,918 characters written 2026-09-08; the published copy of this section is empty",2026 Westchester HMP Base Plan Draft (IEM),2448360,People and Communities,https://westchester.mitigateny.org/the_local_environment/people_and_communities,2449856,Local Populations at Highest Risk,8,https://westchester.mitigateny.org/the_local_environment/people_and_communities#2449856,https://westchester.mitigateny.org/edit/the_local_environment/people_and_communities,,,Publish the page. Nothing else is required — the text is already correct in draft.
mny_unpublished_content,BLOCKER,MNY 2.0 site,"“Transient and Seasonal Populations at Risk” holds 2,107 ch in draft but renders empty to every visitor","2,107 characters written 2026-09-08; the published copy of this section is empty",2026 Westchester HMP Base Plan Draft (IEM),2448360,People and Communities,https://westchester.mitigateny.org/the_local_environment/people_and_communities,2449861,Transient and Seasonal Populations at Risk,10,https://westchester.mitigateny.org/the_local_environment/people_and_communities#2449861,https://westchester.mitigateny.org/edit/the_local_environment/people_and_communities,,,Publish the page. Nothing else is required — the text is already correct in draft.
mny_unpublished_content,BLOCKER,MNY 2.0 site,"“Population Change” holds 3,305 ch in draft but renders empty to every visitor","3,305 characters written 2026-09-08; the published copy of this section is empty",2026 Westchester HMP Base Plan Draft (IEM),2448360,People and Communities,https://westchester.mitigateny.org/the_local_environment/people_and_communities,2453621,Population Change,18,https://westchester.mitigateny.org/the_local_environment/people_and_communities#2453621,https://westchester.mitigateny.org/edit/the_local_environment/people_and_communities,,,Publish the page. Nothing else is required — the text is already correct in draft.
mny_unpublished_content,BLOCKER,MNY 2.0 site,"“Local Context” holds 2,233 ch in draft but renders empty to every visitor","2,233 characters written 2026-09-08; the published copy of this section is empty",2026 Westchester HMP Base Plan Draft (IEM),2448360,People and Communities,https://westchester.mitigateny.org/the_local_environment/people_and_communities,2449862,Local Context,20,https://westchester.mitigateny.org/the_local_environment/people_and_communities#2449862,https://westchester.mitigateny.org/edit/the_local_environment/people_and_communities,,,Publish the page. Nothing else is required — the text is already correct in draft.
mny_unpublished_content,BLOCKER,MNY 2.0 site,“Governance Structure ” holds 431 ch in draft but renders empty to every visitor,431 characters written 2026-09-08; the published copy of this section is empty,2026 Westchester HMP Base Plan Draft (IEM),2448360,People and Communities,https://westchester.mitigateny.org/the_local_environment/people_and_communities,2449864,Governance Structure ,22,https://westchester.mitigateny.org/the_local_environment/people_and_communities#2449864,https://westchester.mitigateny.org/edit/the_local_environment/people_and_communities,,,Publish the page. Nothing else is required — the text is already correct in draft.
mny_unpublished_content,BLOCKER,MNY 2.0 site,"“Local Context” holds 1,125 ch in draft but renders empty to every visitor","1,125 characters written 2026-09-08; the published copy of this section is empty",2026 Westchester HMP Base Plan Draft (IEM),2448360,People and Communities,https://westchester.mitigateny.org/the_local_environment/people_and_communities,2449877,Local Context,29,https://westchester.mitigateny.org/the_local_environment/people_and_communities#2449877,https://westchester.mitigateny.org/edit/the_local_environment/people_and_communities,,,Publish the page. Nothing else is required — the text is already correct in draft.
mny_unpublished_content,BLOCKER,MNY 2.0 site,"“Executive Summary” holds 1,266 ch in draft but renders empty to every visitor","1,266 characters written 2026-09-08; the published copy of this section is empty",2026 Westchester HMP Base Plan Draft (IEM),2448344,The Plan,https://westchester.mitigateny.org/the_plan,2449721,Executive Summary,5,https://westchester.mitigateny.org/the_plan#2449721,https://westchester.mitigateny.org/edit/the_plan,,,Publish the page. Nothing else is required — the text is already correct in draft.
mny_unpublished_content,BLOCKER,MNY 2.0 site,"“Local Context” holds 2,963 ch in draft but renders empty to every visitor","2,963 characters written 2026-09-08; the published copy of this section is empty",2026 Westchester HMP Base Plan Draft (IEM),2448364,About the Process,https://westchester.mitigateny.org/the_plan/about_the_process,2449737,Local Context,3,https://westchester.mitigateny.org/the_plan/about_the_process#2449737,https://westchester.mitigateny.org/edit/the_plan/about_the_process,,,Publish the page. Nothing else is required — the text is already correct in draft.
mny_unpublished_content,BLOCKER,MNY 2.0 site,“Other Related Planning Processes” holds 630 ch in draft but renders empty to every visitor,630 characters written 2026-09-08; the published copy of this section is empty,2026 Westchester HMP Base Plan Draft (IEM),2448364,About the Process,https://westchester.mitigateny.org/the_plan/about_the_process,2449754,Other Related Planning Processes,5,https://westchester.mitigateny.org/the_plan/about_the_process#2449754,https://westchester.mitigateny.org/edit/the_plan/about_the_process,,,Publish the page. Nothing else is required — the text is already correct in draft.
mny_unpublished_content,BLOCKER,MNY 2.0 site,“Jurisdictional Representation” holds 365 ch in draft but renders empty to every visitor,365 characters written 2026-09-08; the published copy of this section is empty,2026 Westchester HMP Base Plan Draft (IEM),2448364,About the Process,https://westchester.mitigateny.org/the_plan/about_the_process,2465735,Jurisdictional Representation,10,https://westchester.mitigateny.org/the_plan/about_the_process#2465735,https://westchester.mitigateny.org/edit/the_plan/about_the_process,,,Publish the page. Nothing else is required — the text is already correct in draft.
mny_unpublished_content,BLOCKER,MNY 2.0 site,"“Jurisdictional Engagement Process” holds 1,946 ch in draft but renders empty to every visitor","1,946 characters written 2026-09-08; the published copy of this section is empty",2026 Westchester HMP Base Plan Draft (IEM),2448364,About the Process,https://westchester.mitigateny.org/the_plan/about_the_process,2449733,Jurisdictional Engagement Process,13,https://westchester.mitigateny.org/the_plan/about_the_process#2449733,https://westchester.mitigateny.org/edit/the_plan/about_the_process,,,Publish the page. Nothing else is required — the text is already correct in draft.
mny_unpublished_content,BLOCKER,MNY 2.0 site,"“Stakeholder Outreach and Engagement” holds 1,034 ch in draft but renders empty to every visitor","1,034 characters written 2026-09-08; the published copy of this section is empty",2026 Westchester HMP Base Plan Draft (IEM),2448364,About the Process,https://westchester.mitigateny.org/the_plan/about_the_process,2449735,Stakeholder Outreach and Engagement,15,https://westchester.mitigateny.org/the_plan/about_the_process#2449735,https://westchester.mitigateny.org/edit/the_plan/about_the_process,,,Publish the page. Nothing else is required — the text is already correct in draft.
mny_unpublished_content,BLOCKER,MNY 2.0 site,"“Public Participation” holds 1,624 ch in draft but renders empty to every visitor","1,624 characters written 2026-09-08; the published copy of this section is empty",2026 Westchester HMP Base Plan Draft (IEM),2448364,About the Process,https://westchester.mitigateny.org/the_plan/about_the_process,2449757,Public Participation,20,https://westchester.mitigateny.org/the_plan/about_the_process#2449757,https://westchester.mitigateny.org/edit/the_plan/about_the_process,,,Publish the page. Nothing else is required — the text is already correct in draft.
mny_unpublished_content,BLOCKER,MNY 2.0 site,“Public Comment” holds 404 ch in draft but renders empty to every visitor,404 characters written 2026-09-08; the published copy of this section is empty,2026 Westchester HMP Base Plan Draft (IEM),2448364,About the Process,https://westchester.mitigateny.org/the_plan/about_the_process,2449758,Public Comment,22,https://westchester.mitigateny.org/the_plan/about_the_process#2449758,https://westchester.mitigateny.org/edit/the_plan/about_the_process,,,Publish the page. Nothing else is required — the text is already correct in draft.
mny_unpublished_content,BLOCKER,MNY 2.0 site,"“Local Context” holds 2,918 ch in draft but renders empty to every visitor","2,918 characters written 2026-09-08; the published copy of this section is empty",2026 Westchester HMP Base Plan Draft (IEM),2448364,About the Process,https://westchester.mitigateny.org/the_plan/about_the_process,2463655,Local Context,32,https://westchester.mitigateny.org/the_plan/about_the_process#2463655,https://westchester.mitigateny.org/edit/the_plan/about_the_process,,,Publish the page. Nothing else is required — the text is already correct in draft.
mny_unpublished_content,BLOCKER,MNY 2.0 site,"“Monitoring, Evaluating, and Updating the Plan” holds 2,891 ch in draft but renders empty to every visitor","2,891 characters written 2026-09-08; the published copy of this section is empty",2026 Westchester HMP Base Plan Draft (IEM),2448364,About the Process,https://westchester.mitigateny.org/the_plan/about_the_process,2449748,"Monitoring, Evaluating, and Updating the Plan",35,https://westchester.mitigateny.org/the_plan/about_the_process#2449748,https://westchester.mitigateny.org/edit/the_plan/about_the_process,,,Publish the page. Nothing else is required — the text is already correct in draft.
mny_unpublished_content,BLOCKER,MNY 2.0 site,"“Plan for Integration with Other Plans” holds 2,822 ch in draft but renders empty to every visitor","2,822 characters written 2026-09-08; the published copy of this section is empty",2026 Westchester HMP Base Plan Draft (IEM),2448364,About the Process,https://westchester.mitigateny.org/the_plan/about_the_process,2449747,Plan for Integration with Other Plans,37,https://westchester.mitigateny.org/the_plan/about_the_process#2449747,https://westchester.mitigateny.org/edit/the_plan/about_the_process,,,Publish the page. Nothing else is required — the text is already correct in draft.
mny_unpublished_content,BLOCKER,MNY 2.0 site,"“Local Context” holds 3,931 ch in draft but renders empty to every visitor","3,931 characters written 2026-09-08; the published copy of this section is empty",2026 Westchester HMP Base Plan Draft (IEM),2448392,Capabilities Assessment,https://westchester.mitigateny.org/the_plan/capabilities_assessment,2450060,Local Context,5,https://westchester.mitigateny.org/the_plan/capabilities_assessment#2450060,https://westchester.mitigateny.org/edit/the_plan/capabilities_assessment,,,Publish the page. Nothing else is required — the text is already correct in draft.
mny_unpublished_content,BLOCKER,MNY 2.0 site,"“Local Context” holds 2,703 ch in draft but renders empty to every visitor","2,703 characters written 2026-09-08; the published copy of this section is empty",2026 Westchester HMP Base Plan Draft (IEM),2448392,Capabilities Assessment,https://westchester.mitigateny.org/the_plan/capabilities_assessment,2450058,Local Context,11,https://westchester.mitigateny.org/the_plan/capabilities_assessment#2450058,https://westchester.mitigateny.org/edit/the_plan/capabilities_assessment,,,Publish the page. Nothing else is required — the text is already correct in draft.
mny_unpublished_content,BLOCKER,MNY 2.0 site,"“Local Context” holds 2,538 ch in draft but renders empty to every visitor","2,538 characters written 2026-09-08; the published copy of this section is empty",2026 Westchester HMP Base Plan Draft (IEM),2448392,Capabilities Assessment,https://westchester.mitigateny.org/the_plan/capabilities_assessment,2450069,Local Context,17,https://westchester.mitigateny.org/the_plan/capabilities_assessment#2450069,https://westchester.mitigateny.org/edit/the_plan/capabilities_assessment,,,Publish the page. Nothing else is required — the text is already correct in draft.
mny_unpublished_content,BLOCKER,MNY 2.0 site,"“Local Context” holds 3,157 ch in draft but renders empty to every visitor","3,157 characters written 2026-09-08; the published copy of this section is empty",2026 Westchester HMP Base Plan Draft (IEM),2448392,Capabilities Assessment,https://westchester.mitigateny.org/the_plan/capabilities_assessment,2450067,Local Context,23,https://westchester.mitigateny.org/the_plan/capabilities_assessment#2450067,https://westchester.mitigateny.org/edit/the_plan/capabilities_assessment,,,Publish the page. Nothing else is required — the text is already correct in draft.
mny_unpublished_content,BLOCKER,MNY 2.0 site,“Local Context” holds 863 ch in draft but renders empty to every visitor,863 characters written 2026-09-08; the published copy of this section is empty,2026 Westchester HMP Base Plan Draft (IEM),2448362,Strategies,https://westchester.mitigateny.org/the_plan/strategies,2450098,Local Context,3,https://westchester.mitigateny.org/the_plan/strategies#2450098,https://westchester.mitigateny.org/edit/the_plan/strategies,,,Publish the page. Nothing else is required — the text is already correct in draft.
mny_unpublished_content,BLOCKER,MNY 2.0 site,"“County Goals and Objectives” holds 4,300 ch in draft but renders empty to every visitor","4,300 characters written 2026-09-08; the published copy of this section is empty",2026 Westchester HMP Base Plan Draft (IEM),2448362,Strategies,https://westchester.mitigateny.org/the_plan/strategies,2450104,County Goals and Objectives,7,https://westchester.mitigateny.org/the_plan/strategies#2450104,https://westchester.mitigateny.org/edit/the_plan/strategies,,,Publish the page. Nothing else is required — the text is already correct in draft.
mny_unpublished_content,BLOCKER,MNY 2.0 site,"“Local Context” holds 2,015 ch in draft but renders empty to every visitor","2,015 characters written 2026-09-08; the published copy of this section is empty",2026 Westchester HMP Base Plan Draft (IEM),2448362,Strategies,https://westchester.mitigateny.org/the_plan/strategies,2450077,Local Context,10,https://westchester.mitigateny.org/the_plan/strategies#2450077,https://westchester.mitigateny.org/edit/the_plan/strategies,,,Publish the page. Nothing else is required — the text is already correct in draft.
mny_unpublished_content,BLOCKER,MNY 2.0 site,“Problem Area Identification” holds 810 ch in draft but renders empty to every visitor,810 characters written 2026-09-08; the published copy of this section is empty,2026 Westchester HMP Base Plan Draft (IEM),2448362,Strategies,https://westchester.mitigateny.org/the_plan/strategies,2450179,Problem Area Identification,13,https://westchester.mitigateny.org/the_plan/strategies#2450179,https://westchester.mitigateny.org/edit/the_plan/strategies,,,Publish the page. Nothing else is required — the text is already correct in draft.
mny_unpublished_content,BLOCKER,MNY 2.0 site,“Prioritization & Cost Evaluation” holds 775 ch in draft but renders empty to every visitor,775 characters written 2026-09-08; the published copy of this section is empty,2026 Westchester HMP Base Plan Draft (IEM),2448362,Strategies,https://westchester.mitigateny.org/the_plan/strategies,2450072,Prioritization & Cost Evaluation,15,https://westchester.mitigateny.org/the_plan/strategies#2450072,https://westchester.mitigateny.org/edit/the_plan/strategies,,,Publish the page. Nothing else is required — the text is already correct in draft.
mny_unpublished_content,BLOCKER,MNY 2.0 site,“Funding Sources Local context” holds 862 ch in draft but renders empty to every visitor,862 characters written 2026-09-08; the published copy of this section is empty,2026 Westchester HMP Base Plan Draft (IEM),2448362,Strategies,https://westchester.mitigateny.org/the_plan/strategies,2450073,Funding Sources Local context,20,https://westchester.mitigateny.org/the_plan/strategies#2450073,https://westchester.mitigateny.org/edit/the_plan/strategies,,,Publish the page. Nothing else is required — the text is already correct in draft.
mny_unpublished_content,BLOCKER,MNY 2.0 site,“Capabilities Highlights” holds 862 ch in draft but renders empty to every visitor,862 characters written 2026-09-08; the published copy of this section is empty,2026 Westchester HMP Base Plan Draft (IEM),2448362,Strategies,https://westchester.mitigateny.org/the_plan/strategies,2450076,Capabilities Highlights,24,https://westchester.mitigateny.org/the_plan/strategies#2450076,https://westchester.mitigateny.org/edit/the_plan/strategies,,,Publish the page. Nothing else is required — the text is already correct in draft.
mny_unpublished_content,BLOCKER,MNY 2.0 site,“Local Context” holds 725 ch in draft but renders empty to every visitor,725 characters written 2026-09-08; the published copy of this section is empty,2026 Westchester HMP Base Plan Draft (IEM),2448362,Strategies,https://westchester.mitigateny.org/the_plan/strategies,2450075,Local Context,27,https://westchester.mitigateny.org/the_plan/strategies#2450075,https://westchester.mitigateny.org/edit/the_plan/strategies,,,Publish the page. Nothing else is required — the text is already correct in draft.
mny_unpublished_content,BLOCKER,MNY 2.0 site,“Plan for Displaced Residents” holds 731 ch in draft but renders empty to every visitor,731 characters written 2026-09-08; the published copy of this section is empty,2026 Westchester HMP Base Plan Draft (IEM),2448362,Strategies,https://westchester.mitigateny.org/the_plan/strategies,2450167,Plan for Displaced Residents,30,https://westchester.mitigateny.org/the_plan/strategies#2450167,https://westchester.mitigateny.org/edit/the_plan/strategies,,,Publish the page. Nothing else is required — the text is already correct in draft.
mny_unpublished_content,BLOCKER,MNY 2.0 site,“Temporary Housing and Relocation” holds 942 ch in draft but renders empty to every visitor,942 characters written 2026-09-08; the published copy of this section is empty,2026 Westchester HMP Base Plan Draft (IEM),2448362,Strategies,https://westchester.mitigateny.org/the_plan/strategies,2450165,Temporary Housing and Relocation,32,https://westchester.mitigateny.org/the_plan/strategies#2450165,https://westchester.mitigateny.org/edit/the_plan/strategies,,,Publish the page. Nothing else is required — the text is already correct in draft.
mny_unpublished_content,BLOCKER,MNY 2.0 site,“Evacuation Procedures” holds 739 ch in draft but renders empty to every visitor,739 characters written 2026-09-08; the published copy of this section is empty,2026 Westchester HMP Base Plan Draft (IEM),2448362,Strategies,https://westchester.mitigateny.org/the_plan/strategies,2450166,Evacuation Procedures,34,https://westchester.mitigateny.org/the_plan/strategies#2450166,https://westchester.mitigateny.org/edit/the_plan/strategies,,,Publish the page. Nothing else is required — the text is already correct in draft.
mny_unpublished_content,BLOCKER,MNY 2.0 site,"“Shelters” holds 2,409 ch in draft but renders empty to every visitor","2,409 characters written 2026-09-08; the published copy of this section is empty",2026 Westchester HMP Base Plan Draft (IEM),2448362,Strategies,https://westchester.mitigateny.org/the_plan/strategies,2450169,Shelters,36,https://westchester.mitigateny.org/the_plan/strategies#2450169,https://westchester.mitigateny.org/edit/the_plan/strategies,,,Publish the page. Nothing else is required — the text is already correct in draft.
mny_unpublished_content,BLOCKER,MNY 2.0 site,"“Executive Summary” holds 2,148 ch in draft but renders empty to every visitor","2,148 characters written 2026-09-08; the published copy of this section is empty",2026 Westchester HMP Base Plan Draft (IEM),2448388,The Risk,https://westchester.mitigateny.org/the_risk,2465617,Executive Summary,3,https://westchester.mitigateny.org/the_risk#2465617,https://westchester.mitigateny.org/edit/the_risk,,,Publish the page. Nothing else is required — the text is already correct in draft.
mny_unpublished_content,BLOCKER,MNY 2.0 site,"“Risk Analysis Process Summary” holds 2,935 ch in draft but renders empty to every visitor","2,935 characters written 2026-09-08; the published copy of this section is empty",2026 Westchester HMP Base Plan Draft (IEM),2448388,The Risk,https://westchester.mitigateny.org/the_risk,2450266,Risk Analysis Process Summary,5,https://westchester.mitigateny.org/the_risk#2450266,https://westchester.mitigateny.org/edit/the_risk,,,Publish the page. Nothing else is required — the text is already correct in draft.
mny_unpublished_content,BLOCKER,MNY 2.0 site,"“Local Context” holds 13,428 ch in draft but renders empty to every visitor","13,428 characters written 2026-09-08; the published copy of this section is empty",2026 Westchester HMP Base Plan Draft (IEM),2448369,Climate Change,https://westchester.mitigateny.org/the_risk/climate_change,2449756,Local Context,5,https://westchester.mitigateny.org/the_risk/climate_change#2449756,https://westchester.mitigateny.org/edit/the_risk/climate_change,,,Publish the page. Nothing else is required — the text is already correct in draft.
mny_unpublished_content,BLOCKER,MNY 2.0 site,"“Executive Summary” holds 7,797 ch in draft but renders empty to every visitor","7,797 characters written 2026-09-08; the published copy of this section is empty",2026 Westchester HMP Base Plan Draft (IEM),2448338,Disasters,https://westchester.mitigateny.org/the_risk/disasters,2450055,Executive Summary,3,https://westchester.mitigateny.org/the_risk/disasters#2450055,https://westchester.mitigateny.org/edit/the_risk/disasters,,,Publish the page. Nothing else is required — the text is already correct in draft.
mny_unpublished_content,BLOCKER,MNY 2.0 site,"“Local Context” holds 5,197 ch in draft but renders empty to every visitor","5,197 characters written 2026-09-08; the published copy of this section is empty",2026 Westchester HMP Base Plan Draft (IEM),2448338,Disasters,https://westchester.mitigateny.org/the_risk/disasters,2450057,Local Context,7,https://westchester.mitigateny.org/the_risk/disasters#2450057,https://westchester.mitigateny.org/edit/the_risk/disasters,,,Publish the page. Nothing else is required — the text is already correct in draft.
mny_unpublished_content,BLOCKER,MNY 2.0 site,"“Local Context” holds 5,368 ch in draft but renders empty to every visitor","5,368 characters written 2026-09-08; the published copy of this section is empty",2026 Westchester HMP Base Plan Draft (IEM),2448338,Disasters,https://westchester.mitigateny.org/the_risk/disasters,2450061,Local Context,10,https://westchester.mitigateny.org/the_risk/disasters#2450061,https://westchester.mitigateny.org/edit/the_risk/disasters,,,Publish the page. Nothing else is required — the text is already correct in draft.
mny_unpublished_content,BLOCKER,MNY 2.0 site,"“Executive Summary” holds 1,941 ch in draft but renders empty to every visitor","1,941 characters written 2026-09-08; the published copy of this section is empty",2026 Westchester HMP Base Plan Draft (IEM),2448389,Natural Hazards,https://westchester.mitigateny.org/the_risk/natural_hazards,2465395,Executive Summary,2,https://westchester.mitigateny.org/the_risk/natural_hazards#2465395,https://westchester.mitigateny.org/edit/the_risk/natural_hazards,,,Publish the page. Nothing else is required — the text is already correct in draft.
mny_unpublished_content,BLOCKER,MNY 2.0 site,"“Local Context” holds 2,154 ch in draft but renders empty to every visitor","2,154 characters written 2026-09-08; the published copy of this section is empty",2026 Westchester HMP Base Plan Draft (IEM),2448389,Natural Hazards,https://westchester.mitigateny.org/the_risk/natural_hazards,2465369,Local Context,9,https://westchester.mitigateny.org/the_risk/natural_hazards#2465369,https://westchester.mitigateny.org/edit/the_risk/natural_hazards,,,Publish the page. Nothing else is required — the text is already correct in draft.
mny_unpublished_content,BLOCKER,MNY 2.0 site,"“Local Hazard Summary” holds 5,733 ch in draft but renders empty to every visitor","5,733 characters written 2026-09-08; the published copy of this section is empty",2026 Westchester HMP Base Plan Draft (IEM),2448355,Coastal Hazards,https://westchester.mitigateny.org/the_risk/natural_hazards/coastal_hazards,2466032,Local Hazard Summary,9,https://westchester.mitigateny.org/the_risk/natural_hazards/coastal_hazards#2466032,https://westchester.mitigateny.org/edit/the_risk/natural_hazards/coastal_hazards,,,Publish the page. Nothing else is required — the text is already correct in draft.
mny_unpublished_content,BLOCKER,MNY 2.0 site,"“Declarations and Their Effects on the County” holds 2,484 ch in draft but renders empty to every visitor","2,484 characters written 2026-09-08; the published copy of this section is empty",2026 Westchester HMP Base Plan Draft (IEM),2448355,Coastal Hazards,https://westchester.mitigateny.org/the_risk/natural_hazards/coastal_hazards,2450488,Declarations and Their Effects on the County,29,https://westchester.mitigateny.org/the_risk/natural_hazards/coastal_hazards#2450488,https://westchester.mitigateny.org/edit/the_risk/natural_hazards/coastal_hazards,,,Publish the page. Nothing else is required — the text is already correct in draft.
mny_unpublished_content,BLOCKER,MNY 2.0 site,"“Featured Event” holds 1,026 ch in draft but renders empty to every visitor","1,026 characters written 2026-09-08; the published copy of this section is empty",2026 Westchester HMP Base Plan Draft (IEM),2448355,Coastal Hazards,https://westchester.mitigateny.org/the_risk/natural_hazards/coastal_hazards,2450492,Featured Event,34,https://westchester.mitigateny.org/the_risk/natural_hazards/coastal_hazards#2450492,https://westchester.mitigateny.org/edit/the_risk/natural_hazards/coastal_hazards,,,Publish the page. Nothing else is required — the text is already correct in draft.
mny_unpublished_content,BLOCKER,MNY 2.0 site,"“County Assessment” holds 1,530 ch in draft but renders empty to every visitor","1,530 characters written 2026-09-08; the published copy of this section is empty",2026 Westchester HMP Base Plan Draft (IEM),2448355,Coastal Hazards,https://westchester.mitigateny.org/the_risk/natural_hazards/coastal_hazards,2450496,County Assessment,37,https://westchester.mitigateny.org/the_risk/natural_hazards/coastal_hazards#2450496,https://westchester.mitigateny.org/edit/the_risk/natural_hazards/coastal_hazards,,,Publish the page. Nothing else is required — the text is already correct in draft.
mny_unpublished_content,BLOCKER,MNY 2.0 site,"“Jurisdictional Assessment” holds 2,185 ch in draft but renders empty to every visitor","2,185 characters written 2026-09-08; the published copy of this section is empty",2026 Westchester HMP Base Plan Draft (IEM),2448355,Coastal Hazards,https://westchester.mitigateny.org/the_risk/natural_hazards/coastal_hazards,2450502,Jurisdictional Assessment,40,https://westchester.mitigateny.org/the_risk/natural_hazards/coastal_hazards#2450502,https://westchester.mitigateny.org/edit/the_risk/natural_hazards/coastal_hazards,,,Publish the page. Nothing else is required — the text is already correct in draft.
mny_unpublished_content,BLOCKER,MNY 2.0 site,"“Built Environment - Local Risk Summary” holds 1,360 ch in draft but renders empty to every visitor","1,360 characters written 2026-09-08; the published copy of this section is empty",2026 Westchester HMP Base Plan Draft (IEM),2448355,Coastal Hazards,https://westchester.mitigateny.org/the_risk/natural_hazards/coastal_hazards,2466041,Built Environment - Local Risk Summary,47,https://westchester.mitigateny.org/the_risk/natural_hazards/coastal_hazards#2466041,https://westchester.mitigateny.org/edit/the_risk/natural_hazards/coastal_hazards,,,Publish the page. Nothing else is required — the text is already correct in draft.
mny_unpublished_content,BLOCKER,MNY 2.0 site,"“People and Communities - Local Risk Summary” holds 2,023 ch in draft but renders empty to every visitor","2,023 characters written 2026-09-08; the published copy of this section is empty",2026 Westchester HMP Base Plan Draft (IEM),2448355,Coastal Hazards,https://westchester.mitigateny.org/the_risk/natural_hazards/coastal_hazards,2466034,People and Communities - Local Risk Summary,50,https://westchester.mitigateny.org/the_risk/natural_hazards/coastal_hazards#2466034,https://westchester.mitigateny.org/edit/the_risk/natural_hazards/coastal_hazards,,,Publish the page. Nothing else is required — the text is already correct in draft.
mny_unpublished_content,BLOCKER,MNY 2.0 site,"“Natural Environment - Local Risk Summary” holds 1,214 ch in draft but renders empty to every visitor","1,214 characters written 2026-09-08; the published copy of this section is empty",2026 Westchester HMP Base Plan Draft (IEM),2448355,Coastal Hazards,https://westchester.mitigateny.org/the_risk/natural_hazards/coastal_hazards,2450514,Natural Environment - Local Risk Summary,53,https://westchester.mitigateny.org/the_risk/natural_hazards/coastal_hazards#2450514,https://westchester.mitigateny.org/edit/the_risk/natural_hazards/coastal_hazards,,,Publish the page. Nothing else is required — the text is already correct in draft.
mny_unpublished_content,BLOCKER,MNY 2.0 site,"“Local Hazard Summary” holds 3,918 ch in draft but renders empty to every visitor","3,918 characters written 2026-09-08; the published copy of this section is empty",2026 Westchester HMP Base Plan Draft (IEM),2448356,Drought,https://westchester.mitigateny.org/the_risk/natural_hazards/drought,2466023,Local Hazard Summary,9,https://westchester.mitigateny.org/the_risk/natural_hazards/drought#2466023,https://westchester.mitigateny.org/edit/the_risk/natural_hazards/drought,,,Publish the page. Nothing else is required — the text is already correct in draft.
mny_unpublished_content,BLOCKER,MNY 2.0 site,“Declarations and Their Effects on the County” holds 675 ch in draft but renders empty to every visitor,675 characters written 2026-09-08; the published copy of this section is empty,2026 Westchester HMP Base Plan Draft (IEM),2448356,Drought,https://westchester.mitigateny.org/the_risk/natural_hazards/drought,2451400,Declarations and Their Effects on the County,28,https://westchester.mitigateny.org/the_risk/natural_hazards/drought#2451400,https://westchester.mitigateny.org/edit/the_risk/natural_hazards/drought,,,Publish the page. Nothing else is required — the text is already correct in draft.
mny_unpublished_content,BLOCKER,MNY 2.0 site,“Featured Event” holds 520 ch in draft but renders empty to every visitor,520 characters written 2026-09-08; the published copy of this section is empty,2026 Westchester HMP Base Plan Draft (IEM),2448356,Drought,https://westchester.mitigateny.org/the_risk/natural_hazards/drought,2451415,Featured Event,33,https://westchester.mitigateny.org/the_risk/natural_hazards/drought#2451415,https://westchester.mitigateny.org/edit/the_risk/natural_hazards/drought,,,Publish the page. Nothing else is required — the text is already correct in draft.
mny_unpublished_content,BLOCKER,MNY 2.0 site,“County Assessment” holds 844 ch in draft but renders empty to every visitor,844 characters written 2026-09-08; the published copy of this section is empty,2026 Westchester HMP Base Plan Draft (IEM),2448356,Drought,https://westchester.mitigateny.org/the_risk/natural_hazards/drought,2451412,County Assessment,36,https://westchester.mitigateny.org/the_risk/natural_hazards/drought#2451412,https://westchester.mitigateny.org/edit/the_risk/natural_hazards/drought,,,Publish the page. Nothing else is required — the text is already correct in draft.
mny_unpublished_content,BLOCKER,MNY 2.0 site,"“Jurisdictional Assessment” holds 1,653 ch in draft but renders empty to every visitor","1,653 characters written 2026-09-08; the published copy of this section is empty",2026 Westchester HMP Base Plan Draft (IEM),2448356,Drought,https://westchester.mitigateny.org/the_risk/natural_hazards/drought,2451418,Jurisdictional Assessment,39,https://westchester.mitigateny.org/the_risk/natural_hazards/drought#2451418,https://westchester.mitigateny.org/edit/the_risk/natural_hazards/drought,,,Publish the page. Nothing else is required — the text is already correct in draft.
mny_unpublished_content,BLOCKER,MNY 2.0 site,"“Built Environment - Local Risk Summary” holds 1,414 ch in draft but renders empty to every visitor","1,414 characters written 2026-09-08; the published copy of this section is empty",2026 Westchester HMP Base Plan Draft (IEM),2448356,Drought,https://westchester.mitigateny.org/the_risk/natural_hazards/drought,2466018,Built Environment - Local Risk Summary,46,https://westchester.mitigateny.org/the_risk/natural_hazards/drought#2466018,https://westchester.mitigateny.org/edit/the_risk/natural_hazards/drought,,,Publish the page. Nothing else is required — the text is already correct in draft.
mny_unpublished_content,BLOCKER,MNY 2.0 site,"“People and Communities - Local Risk Summary” holds 1,387 ch in draft but renders empty to every visitor","1,387 characters written 2026-09-08; the published copy of this section is empty",2026 Westchester HMP Base Plan Draft (IEM),2448356,Drought,https://westchester.mitigateny.org/the_risk/natural_hazards/drought,2451428,People and Communities - Local Risk Summary,49,https://westchester.mitigateny.org/the_risk/natural_hazards/drought#2451428,https://westchester.mitigateny.org/edit/the_risk/natural_hazards/drought,,,Publish the page. Nothing else is required — the text is already correct in draft.
mny_unpublished_content,BLOCKER,MNY 2.0 site,“Natural Environment - Local Risk Summary” holds 829 ch in draft but renders empty to every visitor,829 characters written 2026-09-08; the published copy of this section is empty,2026 Westchester HMP Base Plan Draft (IEM),2448356,Drought,https://westchester.mitigateny.org/the_risk/natural_hazards/drought,2466020,Natural Environment - Local Risk Summary,52,https://westchester.mitigateny.org/the_risk/natural_hazards/drought#2466020,https://westchester.mitigateny.org/edit/the_risk/natural_hazards/drought,,,Publish the page. Nothing else is required — the text is already correct in draft.
mny_unpublished_content,BLOCKER,MNY 2.0 site,"“Local Hazard Summary” holds 1,595 ch in draft but renders empty to every visitor","1,595 characters written 2026-09-08; the published copy of this section is empty",2026 Westchester HMP Base Plan Draft (IEM),2448343,Earthquake,https://westchester.mitigateny.org/the_risk/natural_hazards/earthquake,2466031,Local Hazard Summary,9,https://westchester.mitigateny.org/the_risk/natural_hazards/earthquake#2466031,https://westchester.mitigateny.org/edit/the_risk/natural_hazards/earthquake,,,Publish the page. Nothing else is required — the text is already correct in draft.
mny_unpublished_content,BLOCKER,MNY 2.0 site,“Declarations and Their Effects on the County” holds 673 ch in draft but renders empty to every visitor,673 characters written 2026-09-08; the published copy of this section is empty,2026 Westchester HMP Base Plan Draft (IEM),2448343,Earthquake,https://westchester.mitigateny.org/the_risk/natural_hazards/earthquake,2450915,Declarations and Their Effects on the County,28,https://westchester.mitigateny.org/the_risk/natural_hazards/earthquake#2450915,https://westchester.mitigateny.org/edit/the_risk/natural_hazards/earthquake,,,Publish the page. Nothing else is required — the text is already correct in draft.
mny_unpublished_content,BLOCKER,MNY 2.0 site,"“Featured Event” holds 1,350 ch in draft but renders empty to every visitor","1,350 characters written 2026-09-08; the published copy of this section is empty",2026 Westchester HMP Base Plan Draft (IEM),2448343,Earthquake,https://westchester.mitigateny.org/the_risk/natural_hazards/earthquake,2450917,Featured Event,33,https://westchester.mitigateny.org/the_risk/natural_hazards/earthquake#2450917,https://westchester.mitigateny.org/edit/the_risk/natural_hazards/earthquake,,,Publish the page. Nothing else is required — the text is already correct in draft.
mny_unpublished_content,BLOCKER,MNY 2.0 site,"“County Assessment” holds 3,596 ch in draft but renders empty to every visitor","3,596 characters written 2026-09-08; the published copy of this section is empty",2026 Westchester HMP Base Plan Draft (IEM),2448343,Earthquake,https://westchester.mitigateny.org/the_risk/natural_hazards/earthquake,2450929,County Assessment,36,https://westchester.mitigateny.org/the_risk/natural_hazards/earthquake#2450929,https://westchester.mitigateny.org/edit/the_risk/natural_hazards/earthquake,,,Publish the page. Nothing else is required — the text is already correct in draft.
mny_unpublished_content,BLOCKER,MNY 2.0 site,"“Jurisdictional Assessment” holds 1,637 ch in draft but renders empty to every visitor","1,637 characters written 2026-09-08; the published copy of this section is empty",2026 Westchester HMP Base Plan Draft (IEM),2448343,Earthquake,https://westchester.mitigateny.org/the_risk/natural_hazards/earthquake,2450922,Jurisdictional Assessment,39,https://westchester.mitigateny.org/the_risk/natural_hazards/earthquake#2450922,https://westchester.mitigateny.org/edit/the_risk/natural_hazards/earthquake,,,Publish the page. Nothing else is required — the text is already correct in draft.
mny_unpublished_content,BLOCKER,MNY 2.0 site,"“Built Environment - Local Risk Summary” holds 1,577 ch in draft but renders empty to every visitor","1,577 characters written 2026-09-08; the published copy of this section is empty",2026 Westchester HMP Base Plan Draft (IEM),2448343,Earthquake,https://westchester.mitigateny.org/the_risk/natural_hazards/earthquake,2466035,Built Environment - Local Risk Summary,46,https://westchester.mitigateny.org/the_risk/natural_hazards/earthquake#2466035,https://westchester.mitigateny.org/edit/the_risk/natural_hazards/earthquake,,,Publish the page. Nothing else is required — the text is already correct in draft.
mny_unpublished_content,BLOCKER,MNY 2.0 site,"“People and Communities - Local Risk Summary” holds 1,067 ch in draft but renders empty to every visitor","1,067 characters written 2026-09-08; the published copy of this section is empty",2026 Westchester HMP Base Plan Draft (IEM),2448343,Earthquake,https://westchester.mitigateny.org/the_risk/natural_hazards/earthquake,2450935,People and Communities - Local Risk Summary,49,https://westchester.mitigateny.org/the_risk/natural_hazards/earthquake#2450935,https://westchester.mitigateny.org/edit/the_risk/natural_hazards/earthquake,,,Publish the page. Nothing else is required — the text is already correct in draft.
mny_unpublished_content,BLOCKER,MNY 2.0 site,“Natural Environment - Local Risk Summary” holds 977 ch in draft but renders empty to every visitor,977 characters written 2026-09-08; the published copy of this section is empty,2026 Westchester HMP Base Plan Draft (IEM),2448343,Earthquake,https://westchester.mitigateny.org/the_risk/natural_hazards/earthquake,2466036,Natural Environment - Local Risk Summary,52,https://westchester.mitigateny.org/the_risk/natural_hazards/earthquake#2466036,https://westchester.mitigateny.org/edit/the_risk/natural_hazards/earthquake,,,Publish the page. Nothing else is required — the text is already correct in draft.
mny_unpublished_content,BLOCKER,MNY 2.0 site,"“Local Hazard Summary” holds 1,494 ch in draft but renders empty to every visitor","1,494 characters written 2026-09-08; the published copy of this section is empty",2026 Westchester HMP Base Plan Draft (IEM),2448347,Extreme Cold,https://westchester.mitigateny.org/the_risk/natural_hazards/extreme_cold,2466027,Local Hazard Summary,9,https://westchester.mitigateny.org/the_risk/natural_hazards/extreme_cold#2466027,https://westchester.mitigateny.org/edit/the_risk/natural_hazards/extreme_cold,,,Publish the page. Nothing else is required — the text is already correct in draft.
mny_unpublished_content,BLOCKER,MNY 2.0 site,“Declarations and Their Effects on the County” holds 627 ch in draft but renders empty to every visitor,627 characters written 2026-09-08; the published copy of this section is empty,2026 Westchester HMP Base Plan Draft (IEM),2448347,Extreme Cold,https://westchester.mitigateny.org/the_risk/natural_hazards/extreme_cold,2450968,Declarations and Their Effects on the County,28,https://westchester.mitigateny.org/the_risk/natural_hazards/extreme_cold#2450968,https://westchester.mitigateny.org/edit/the_risk/natural_hazards/extreme_cold,,,Publish the page. Nothing else is required — the text is already correct in draft.
mny_unpublished_content,BLOCKER,MNY 2.0 site,"“Featured Event” holds 1,186 ch in draft but renders empty to every visitor","1,186 characters written 2026-09-08; the published copy of this section is empty",2026 Westchester HMP Base Plan Draft (IEM),2448347,Extreme Cold,https://westchester.mitigateny.org/the_risk/natural_hazards/extreme_cold,2450965,Featured Event,33,https://westchester.mitigateny.org/the_risk/natural_hazards/extreme_cold#2450965,https://westchester.mitigateny.org/edit/the_risk/natural_hazards/extreme_cold,,,Publish the page. Nothing else is required — the text is already correct in draft.
mny_unpublished_content,BLOCKER,MNY 2.0 site,"“County Assessment” holds 3,946 ch in draft but renders empty to every visitor","3,946 characters written 2026-09-08; the published copy of this section is empty",2026 Westchester HMP Base Plan Draft (IEM),2448347,Extreme Cold,https://westchester.mitigateny.org/the_risk/natural_hazards/extreme_cold,2450974,County Assessment,36,https://westchester.mitigateny.org/the_risk/natural_hazards/extreme_cold#2450974,https://westchester.mitigateny.org/edit/the_risk/natural_hazards/extreme_cold,,,Publish the page. Nothing else is required — the text is already correct in draft.
mny_unpublished_content,BLOCKER,MNY 2.0 site,"“Jurisdictional Assessment” holds 1,658 ch in draft but renders empty to every visitor","1,658 characters written 2026-09-08; the published copy of this section is empty",2026 Westchester HMP Base Plan Draft (IEM),2448347,Extreme Cold,https://westchester.mitigateny.org/the_risk/natural_hazards/extreme_cold,2450976,Jurisdictional Assessment,39,https://westchester.mitigateny.org/the_risk/natural_hazards/extreme_cold#2450976,https://westchester.mitigateny.org/edit/the_risk/natural_hazards/extreme_cold,,,Publish the page. Nothing else is required — the text is already correct in draft.
mny_unpublished_content,BLOCKER,MNY 2.0 site,"“Built Environment - Local Risk Summary” holds 1,562 ch in draft but renders empty to every visitor","1,562 characters written 2026-09-08; the published copy of this section is empty",2026 Westchester HMP Base Plan Draft (IEM),2448347,Extreme Cold,https://westchester.mitigateny.org/the_risk/natural_hazards/extreme_cold,2466038,Built Environment - Local Risk Summary,46,https://westchester.mitigateny.org/the_risk/natural_hazards/extreme_cold#2466038,https://westchester.mitigateny.org/edit/the_risk/natural_hazards/extreme_cold,,,Publish the page. Nothing else is required — the text is already correct in draft.
mny_unpublished_content,BLOCKER,MNY 2.0 site,"“People and Communities - Local Risk Summary” holds 1,508 ch in draft but renders empty to every visitor","1,508 characters written 2026-09-08; the published copy of this section is empty",2026 Westchester HMP Base Plan Draft (IEM),2448347,Extreme Cold,https://westchester.mitigateny.org/the_risk/natural_hazards/extreme_cold,2450983,People and Communities - Local Risk Summary,49,https://westchester.mitigateny.org/the_risk/natural_hazards/extreme_cold#2450983,https://westchester.mitigateny.org/edit/the_risk/natural_hazards/extreme_cold,,,Publish the page. Nothing else is required — the text is already correct in draft.
mny_unpublished_content,BLOCKER,MNY 2.0 site,“Natural Environment - Local Risk Summary” holds 819 ch in draft but renders empty to every visitor,819 characters written 2026-09-08; the published copy of this section is empty,2026 Westchester HMP Base Plan Draft (IEM),2448347,Extreme Cold,https://westchester.mitigateny.org/the_risk/natural_hazards/extreme_cold,2450979,Natural Environment - Local Risk Summary,52,https://westchester.mitigateny.org/the_risk/natural_hazards/extreme_cold#2450979,https://westchester.mitigateny.org/edit/the_risk/natural_hazards/extreme_cold,,,Publish the page. Nothing else is required — the text is already correct in draft.
mny_unpublished_content,BLOCKER,MNY 2.0 site,“Local Capabilities” holds 610 ch in draft but renders empty to every visitor,610 characters written 2026-09-08; the published copy of this section is empty,2026 Westchester HMP Base Plan Draft (IEM),2448347,Extreme Cold,https://westchester.mitigateny.org/the_risk/natural_hazards/extreme_cold,2450989,Local Capabilities,57,https://westchester.mitigateny.org/the_risk/natural_hazards/extreme_cold#2450989,https://westchester.mitigateny.org/edit/the_risk/natural_hazards/extreme_cold,,,Publish the page. Nothing else is required — the text is already correct in draft.
mny_unpublished_content,BLOCKER,MNY 2.0 site,"“Local Hazard Summary” holds 1,621 ch in draft but renders empty to every visitor","1,621 characters written 2026-09-08; the published copy of this section is empty",2026 Westchester HMP Base Plan Draft (IEM),2448393,Extreme Heat,https://westchester.mitigateny.org/the_risk/natural_hazards/extreme_heat,2466030,Local Hazard Summary,9,https://westchester.mitigateny.org/the_risk/natural_hazards/extreme_heat#2466030,https://westchester.mitigateny.org/edit/the_risk/natural_hazards/extreme_heat,,,Publish the page. Nothing else is required — the text is already correct in draft.
mny_unpublished_content,BLOCKER,MNY 2.0 site,“Declarations and Their Effects on the County” holds 621 ch in draft but renders empty to every visitor,621 characters written 2026-09-08; the published copy of this section is empty,2026 Westchester HMP Base Plan Draft (IEM),2448393,Extreme Heat,https://westchester.mitigateny.org/the_risk/natural_hazards/extreme_heat,2451014,Declarations and Their Effects on the County,28,https://westchester.mitigateny.org/the_risk/natural_hazards/extreme_heat#2451014,https://westchester.mitigateny.org/edit/the_risk/natural_hazards/extreme_heat,,,Publish the page. Nothing else is required — the text is already correct in draft.
mny_unpublished_content,BLOCKER,MNY 2.0 site,"“Featured Event” holds 1,070 ch in draft but renders empty to every visitor","1,070 characters written 2026-09-08; the published copy of this section is empty",2026 Westchester HMP Base Plan Draft (IEM),2448393,Extreme Heat,https://westchester.mitigateny.org/the_risk/natural_hazards/extreme_heat,2451026,Featured Event,33,https://westchester.mitigateny.org/the_risk/natural_hazards/extreme_heat#2451026,https://westchester.mitigateny.org/edit/the_risk/natural_hazards/extreme_heat,,,Publish the page. Nothing else is required — the text is already correct in draft.
mny_unpublished_content,BLOCKER,MNY 2.0 site,"“County Assessment” holds 3,740 ch in draft but renders empty to every visitor","3,740 characters written 2026-09-08; the published copy of this section is empty",2026 Westchester HMP Base Plan Draft (IEM),2448393,Extreme Heat,https://westchester.mitigateny.org/the_risk/natural_hazards/extreme_heat,2451021,County Assessment,36,https://westchester.mitigateny.org/the_risk/natural_hazards/extreme_heat#2451021,https://westchester.mitigateny.org/edit/the_risk/natural_hazards/extreme_heat,,,Publish the page. Nothing else is required — the text is already correct in draft.
mny_unpublished_content,BLOCKER,MNY 2.0 site,"“Jurisdictional Assessment” holds 1,412 ch in draft but renders empty to every visitor","1,412 characters written 2026-09-08; the published copy of this section is empty",2026 Westchester HMP Base Plan Draft (IEM),2448393,Extreme Heat,https://westchester.mitigateny.org/the_risk/natural_hazards/extreme_heat,2451023,Jurisdictional Assessment,39,https://westchester.mitigateny.org/the_risk/natural_hazards/extreme_heat#2451023,https://westchester.mitigateny.org/edit/the_risk/natural_hazards/extreme_heat,,,Publish the page. Nothing else is required — the text is already correct in draft.
mny_unpublished_content,BLOCKER,MNY 2.0 site,"“Built Environment - Local Risk Summary” holds 1,242 ch in draft but renders empty to every visitor","1,242 characters written 2026-09-08; the published copy of this section is empty",2026 Westchester HMP Base Plan Draft (IEM),2448393,Extreme Heat,https://westchester.mitigateny.org/the_risk/natural_hazards/extreme_heat,2466042,Built Environment - Local Risk Summary,46,https://westchester.mitigateny.org/the_risk/natural_hazards/extreme_heat#2466042,https://westchester.mitigateny.org/edit/the_risk/natural_hazards/extreme_heat,,,Publish the page. Nothing else is required — the text is already correct in draft.
mny_unpublished_content,BLOCKER,MNY 2.0 site,"“People and Communities - Local Risk Summary” holds 1,209 ch in draft but renders empty to every visitor","1,209 characters written 2026-09-08; the published copy of this section is empty",2026 Westchester HMP Base Plan Draft (IEM),2448393,Extreme Heat,https://westchester.mitigateny.org/the_risk/natural_hazards/extreme_heat,2466043,People and Communities - Local Risk Summary,49,https://westchester.mitigateny.org/the_risk/natural_hazards/extreme_heat#2466043,https://westchester.mitigateny.org/edit/the_risk/natural_hazards/extreme_heat,,,Publish the page. Nothing else is required — the text is already correct in draft.
mny_unpublished_content,BLOCKER,MNY 2.0 site,“Natural Environment - Local Risk Summary” holds 728 ch in draft but renders empty to every visitor,728 characters written 2026-09-08; the published copy of this section is empty,2026 Westchester HMP Base Plan Draft (IEM),2448393,Extreme Heat,https://westchester.mitigateny.org/the_risk/natural_hazards/extreme_heat,2451316,Natural Environment - Local Risk Summary,52,https://westchester.mitigateny.org/the_risk/natural_hazards/extreme_heat#2451316,https://westchester.mitigateny.org/edit/the_risk/natural_hazards/extreme_heat,,,Publish the page. Nothing else is required — the text is already correct in draft.
mny_unpublished_content,BLOCKER,MNY 2.0 site,"“Local Hazard Summary” holds 2,383 ch in draft but renders empty to every visitor","2,383 characters written 2026-09-08; the published copy of this section is empty",2026 Westchester HMP Base Plan Draft (IEM),2448350,Flooding,https://westchester.mitigateny.org/the_risk/natural_hazards/flooding,2465969,Local Hazard Summary,9,https://westchester.mitigateny.org/the_risk/natural_hazards/flooding#2465969,https://westchester.mitigateny.org/edit/the_risk/natural_hazards/flooding,,,Publish the page. Nothing else is required — the text is already correct in draft.
mny_unpublished_content,BLOCKER,MNY 2.0 site,"“Declarations and Their Effects on the County” holds 3,117 ch in draft but renders empty to every visitor","3,117 characters written 2026-09-08; the published copy of this section is empty",2026 Westchester HMP Base Plan Draft (IEM),2448350,Flooding,https://westchester.mitigateny.org/the_risk/natural_hazards/flooding,2450681,Declarations and Their Effects on the County,29,https://westchester.mitigateny.org/the_risk/natural_hazards/flooding#2450681,https://westchester.mitigateny.org/edit/the_risk/natural_hazards/flooding,,,Publish the page. Nothing else is required — the text is already correct in draft.
mny_unpublished_content,BLOCKER,MNY 2.0 site,"“Featured Event” holds 2,046 ch in draft but renders empty to every visitor","2,046 characters written 2026-09-08; the published copy of this section is empty",2026 Westchester HMP Base Plan Draft (IEM),2448350,Flooding,https://westchester.mitigateny.org/the_risk/natural_hazards/flooding,2450687,Featured Event,34,https://westchester.mitigateny.org/the_risk/natural_hazards/flooding#2450687,https://westchester.mitigateny.org/edit/the_risk/natural_hazards/flooding,,,Publish the page. Nothing else is required — the text is already correct in draft.
mny_unpublished_content,BLOCKER,MNY 2.0 site,"“County Assessment” holds 4,819 ch in draft but renders empty to every visitor","4,819 characters written 2026-09-08; the published copy of this section is empty",2026 Westchester HMP Base Plan Draft (IEM),2448350,Flooding,https://westchester.mitigateny.org/the_risk/natural_hazards/flooding,2450688,County Assessment,37,https://westchester.mitigateny.org/the_risk/natural_hazards/flooding#2450688,https://westchester.mitigateny.org/edit/the_risk/natural_hazards/flooding,,,Publish the page. Nothing else is required — the text is already correct in draft.
mny_unpublished_content,BLOCKER,MNY 2.0 site,"“Jurisdictional Assessment” holds 1,569 ch in draft but renders empty to every visitor","1,569 characters written 2026-09-08; the published copy of this section is empty",2026 Westchester HMP Base Plan Draft (IEM),2448350,Flooding,https://westchester.mitigateny.org/the_risk/natural_hazards/flooding,2450684,Jurisdictional Assessment,40,https://westchester.mitigateny.org/the_risk/natural_hazards/flooding#2450684,https://westchester.mitigateny.org/edit/the_risk/natural_hazards/flooding,,,Publish the page. Nothing else is required — the text is already correct in draft.
mny_unpublished_content,BLOCKER,MNY 2.0 site,"“Built Environment - Local Risk Summary” holds 2,438 ch in draft but renders empty to every visitor","2,438 characters written 2026-09-08; the published copy of this section is empty",2026 Westchester HMP Base Plan Draft (IEM),2448350,Flooding,https://westchester.mitigateny.org/the_risk/natural_hazards/flooding,2450695,Built Environment - Local Risk Summary,51,https://westchester.mitigateny.org/the_risk/natural_hazards/flooding#2450695,https://westchester.mitigateny.org/edit/the_risk/natural_hazards/flooding,,,Publish the page. Nothing else is required — the text is already correct in draft.
mny_unpublished_content,BLOCKER,MNY 2.0 site,“People and Communities - Local Risk Summary” holds 765 ch in draft but renders empty to every visitor,765 characters written 2026-09-08; the published copy of this section is empty,2026 Westchester HMP Base Plan Draft (IEM),2448350,Flooding,https://westchester.mitigateny.org/the_risk/natural_hazards/flooding,2466058,People and Communities - Local Risk Summary,54,https://westchester.mitigateny.org/the_risk/natural_hazards/flooding#2466058,https://westchester.mitigateny.org/edit/the_risk/natural_hazards/flooding,,,Publish the page. Nothing else is required — the text is already correct in draft.
mny_unpublished_content,BLOCKER,MNY 2.0 site,“Natural Environment - Local Risk Summary” holds 759 ch in draft but renders empty to every visitor,759 characters written 2026-09-08; the published copy of this section is empty,2026 Westchester HMP Base Plan Draft (IEM),2448350,Flooding,https://westchester.mitigateny.org/the_risk/natural_hazards/flooding,2450696,Natural Environment - Local Risk Summary,57,https://westchester.mitigateny.org/the_risk/natural_hazards/flooding#2450696,https://westchester.mitigateny.org/edit/the_risk/natural_hazards/flooding,,,Publish the page. Nothing else is required — the text is already correct in draft.
mny_unpublished_content,BLOCKER,MNY 2.0 site,“Declarations and Their Effects on the County” holds 557 ch in draft but renders empty to every visitor,557 characters written 2026-09-08; the published copy of this section is empty,2026 Westchester HMP Base Plan Draft (IEM),2448348,Hail,https://westchester.mitigateny.org/the_risk/natural_hazards/hail,2451354,Declarations and Their Effects on the County,28,https://westchester.mitigateny.org/the_risk/natural_hazards/hail#2451354,https://westchester.mitigateny.org/edit/the_risk/natural_hazards/hail,,,Publish the page. Nothing else is required — the text is already correct in draft.
mny_unpublished_content,BLOCKER,MNY 2.0 site,“Featured Event” holds 578 ch in draft but renders empty to every visitor,578 characters written 2026-09-08; the published copy of this section is empty,2026 Westchester HMP Base Plan Draft (IEM),2448348,Hail,https://westchester.mitigateny.org/the_risk/natural_hazards/hail,2451358,Featured Event,33,https://westchester.mitigateny.org/the_risk/natural_hazards/hail#2451358,https://westchester.mitigateny.org/edit/the_risk/natural_hazards/hail,,,Publish the page. Nothing else is required — the text is already correct in draft.
mny_unpublished_content,BLOCKER,MNY 2.0 site,"“County Assessment” holds 2,010 ch in draft but renders empty to every visitor","2,010 characters written 2026-09-08; the published copy of this section is empty",2026 Westchester HMP Base Plan Draft (IEM),2448348,Hail,https://westchester.mitigateny.org/the_risk/natural_hazards/hail,2451361,County Assessment,36,https://westchester.mitigateny.org/the_risk/natural_hazards/hail#2451361,https://westchester.mitigateny.org/edit/the_risk/natural_hazards/hail,,,Publish the page. Nothing else is required — the text is already correct in draft.
mny_unpublished_content,BLOCKER,MNY 2.0 site,"“Jurisdictional Assessment” holds 1,369 ch in draft but renders empty to every visitor","1,369 characters written 2026-09-08; the published copy of this section is empty",2026 Westchester HMP Base Plan Draft (IEM),2448348,Hail,https://westchester.mitigateny.org/the_risk/natural_hazards/hail,2451364,Jurisdictional Assessment,39,https://westchester.mitigateny.org/the_risk/natural_hazards/hail#2451364,https://westchester.mitigateny.org/edit/the_risk/natural_hazards/hail,,,Publish the page. Nothing else is required — the text is already correct in draft.
mny_unpublished_content,BLOCKER,MNY 2.0 site,“Built Environment - Local Risk Summary” holds 884 ch in draft but renders empty to every visitor,884 characters written 2026-09-08; the published copy of this section is empty,2026 Westchester HMP Base Plan Draft (IEM),2448348,Hail,https://westchester.mitigateny.org/the_risk/natural_hazards/hail,2466051,Built Environment - Local Risk Summary,46,https://westchester.mitigateny.org/the_risk/natural_hazards/hail#2466051,https://westchester.mitigateny.org/edit/the_risk/natural_hazards/hail,,,Publish the page. Nothing else is required — the text is already correct in draft.
mny_unpublished_content,BLOCKER,MNY 2.0 site,“People and Communities - Local Risk Summary” holds 927 ch in draft but renders empty to every visitor,927 characters written 2026-09-08; the published copy of this section is empty,2026 Westchester HMP Base Plan Draft (IEM),2448348,Hail,https://westchester.mitigateny.org/the_risk/natural_hazards/hail,2451371,People and Communities - Local Risk Summary,49,https://westchester.mitigateny.org/the_risk/natural_hazards/hail#2451371,https://westchester.mitigateny.org/edit/the_risk/natural_hazards/hail,,,Publish the page. Nothing else is required — the text is already correct in draft.
mny_unpublished_content,BLOCKER,MNY 2.0 site,“Natural Environment - Local Risk Summary” holds 758 ch in draft but renders empty to every visitor,758 characters written 2026-09-08; the published copy of this section is empty,2026 Westchester HMP Base Plan Draft (IEM),2448348,Hail,https://westchester.mitigateny.org/the_risk/natural_hazards/hail,2451372,Natural Environment - Local Risk Summary,52,https://westchester.mitigateny.org/the_risk/natural_hazards/hail#2451372,https://westchester.mitigateny.org/edit/the_risk/natural_hazards/hail,,,Publish the page. Nothing else is required — the text is already correct in draft.
mny_unpublished_content,BLOCKER,MNY 2.0 site,"“Declarations and Their Effects on the County” holds 3,905 ch in draft but renders empty to every visitor","3,905 characters written 2026-09-08; the published copy of this section is empty",2026 Westchester HMP Base Plan Draft (IEM),2448394,Hurricane,https://westchester.mitigateny.org/the_risk/natural_hazards/hurricane,2451472,Declarations and Their Effects on the County,29,https://westchester.mitigateny.org/the_risk/natural_hazards/hurricane#2451472,https://westchester.mitigateny.org/edit/the_risk/natural_hazards/hurricane,,,Publish the page. Nothing else is required — the text is already correct in draft.
mny_unpublished_content,BLOCKER,MNY 2.0 site,“Featured Event” holds 473 ch in draft but renders empty to every visitor,473 characters written 2026-09-08; the published copy of this section is empty,2026 Westchester HMP Base Plan Draft (IEM),2448394,Hurricane,https://westchester.mitigateny.org/the_risk/natural_hazards/hurricane,2451482,Featured Event,34,https://westchester.mitigateny.org/the_risk/natural_hazards/hurricane#2451482,https://westchester.mitigateny.org/edit/the_risk/natural_hazards/hurricane,,,Publish the page. Nothing else is required — the text is already correct in draft.
mny_unpublished_content,BLOCKER,MNY 2.0 site,"“County Assessment” holds 4,285 ch in draft but renders empty to every visitor","4,285 characters written 2026-09-08; the published copy of this section is empty",2026 Westchester HMP Base Plan Draft (IEM),2448394,Hurricane,https://westchester.mitigateny.org/the_risk/natural_hazards/hurricane,2451478,County Assessment,37,https://westchester.mitigateny.org/the_risk/natural_hazards/hurricane#2451478,https://westchester.mitigateny.org/edit/the_risk/natural_hazards/hurricane,,,Publish the page. Nothing else is required — the text is already correct in draft.
mny_unpublished_content,BLOCKER,MNY 2.0 site,"“Jurisdictional Assessment” holds 1,937 ch in draft but renders empty to every visitor","1,937 characters written 2026-09-08; the published copy of this section is empty",2026 Westchester HMP Base Plan Draft (IEM),2448394,Hurricane,https://westchester.mitigateny.org/the_risk/natural_hazards/hurricane,2451481,Jurisdictional Assessment,40,https://westchester.mitigateny.org/the_risk/natural_hazards/hurricane#2451481,https://westchester.mitigateny.org/edit/the_risk/natural_hazards/hurricane,,,Publish the page. Nothing else is required — the text is already correct in draft.
mny_unpublished_content,BLOCKER,MNY 2.0 site,"“Built Environment - Local Risk Summary” holds 2,086 ch in draft but renders empty to every visitor","2,086 characters written 2026-09-08; the published copy of this section is empty",2026 Westchester HMP Base Plan Draft (IEM),2448394,Hurricane,https://westchester.mitigateny.org/the_risk/natural_hazards/hurricane,2466049,Built Environment - Local Risk Summary,47,https://westchester.mitigateny.org/the_risk/natural_hazards/hurricane#2466049,https://westchester.mitigateny.org/edit/the_risk/natural_hazards/hurricane,,,Publish the page. Nothing else is required — the text is already correct in draft.
mny_unpublished_content,BLOCKER,MNY 2.0 site,"“People and Communities - Local Risk Summary” holds 1,460 ch in draft but renders empty to every visitor","1,460 characters written 2026-09-08; the published copy of this section is empty",2026 Westchester HMP Base Plan Draft (IEM),2448394,Hurricane,https://westchester.mitigateny.org/the_risk/natural_hazards/hurricane,2451490,People and Communities - Local Risk Summary,50,https://westchester.mitigateny.org/the_risk/natural_hazards/hurricane#2451490,https://westchester.mitigateny.org/edit/the_risk/natural_hazards/hurricane,,,Publish the page. Nothing else is required — the text is already correct in draft.
mny_unpublished_content,BLOCKER,MNY 2.0 site,"“Natural Environment - Local Risk Summary” holds 1,003 ch in draft but renders empty to every visitor","1,003 characters written 2026-09-08; the published copy of this section is empty",2026 Westchester HMP Base Plan Draft (IEM),2448394,Hurricane,https://westchester.mitigateny.org/the_risk/natural_hazards/hurricane,2466052,Natural Environment - Local Risk Summary,53,https://westchester.mitigateny.org/the_risk/natural_hazards/hurricane#2466052,https://westchester.mitigateny.org/edit/the_risk/natural_hazards/hurricane,,,Publish the page. Nothing else is required — the text is already correct in draft.
mny_unpublished_content,BLOCKER,MNY 2.0 site,“Local Hazard Summary” holds 219 ch in draft but renders empty to every visitor,219 characters written 2026-09-08; the published copy of this section is empty,2026 Westchester HMP Base Plan Draft (IEM),2448357,Ice Storm,https://westchester.mitigateny.org/the_risk/natural_hazards/ice_storm,2466047,Local Hazard Summary,9,https://westchester.mitigateny.org/the_risk/natural_hazards/ice_storm#2466047,https://westchester.mitigateny.org/edit/the_risk/natural_hazards/ice_storm,,,Publish the page. Nothing else is required — the text is already correct in draft.
mny_unpublished_content,BLOCKER,MNY 2.0 site,"“Declarations and Their Effects on the County” holds 1,070 ch in draft but renders empty to every visitor","1,070 characters written 2026-09-08; the published copy of this section is empty",2026 Westchester HMP Base Plan Draft (IEM),2448357,Ice Storm,https://westchester.mitigateny.org/the_risk/natural_hazards/ice_storm,2451826,Declarations and Their Effects on the County,28,https://westchester.mitigateny.org/the_risk/natural_hazards/ice_storm#2451826,https://westchester.mitigateny.org/edit/the_risk/natural_hazards/ice_storm,,,Publish the page. Nothing else is required — the text is already correct in draft.
mny_unpublished_content,BLOCKER,MNY 2.0 site,"“Featured Event” holds 1,268 ch in draft but renders empty to every visitor","1,268 characters written 2026-09-08; the published copy of this section is empty",2026 Westchester HMP Base Plan Draft (IEM),2448357,Ice Storm,https://westchester.mitigateny.org/the_risk/natural_hazards/ice_storm,2451822,Featured Event,33,https://westchester.mitigateny.org/the_risk/natural_hazards/ice_storm#2451822,https://westchester.mitigateny.org/edit/the_risk/natural_hazards/ice_storm,,,Publish the page. Nothing else is required — the text is already correct in draft.
mny_unpublished_content,BLOCKER,MNY 2.0 site,"“County Assessment” holds 2,565 ch in draft but renders empty to every visitor","2,565 characters written 2026-09-08; the published copy of this section is empty",2026 Westchester HMP Base Plan Draft (IEM),2448357,Ice Storm,https://westchester.mitigateny.org/the_risk/natural_hazards/ice_storm,2451825,County Assessment,36,https://westchester.mitigateny.org/the_risk/natural_hazards/ice_storm#2451825,https://westchester.mitigateny.org/edit/the_risk/natural_hazards/ice_storm,,,Publish the page. Nothing else is required — the text is already correct in draft.
mny_unpublished_content,BLOCKER,MNY 2.0 site,"“Jurisdictional Assessment” holds 1,396 ch in draft but renders empty to every visitor","1,396 characters written 2026-09-08; the published copy of this section is empty",2026 Westchester HMP Base Plan Draft (IEM),2448357,Ice Storm,https://westchester.mitigateny.org/the_risk/natural_hazards/ice_storm,2451833,Jurisdictional Assessment,39,https://westchester.mitigateny.org/the_risk/natural_hazards/ice_storm#2451833,https://westchester.mitigateny.org/edit/the_risk/natural_hazards/ice_storm,,,Publish the page. Nothing else is required — the text is already correct in draft.
mny_unpublished_content,BLOCKER,MNY 2.0 site,"“Built Environment - Local Risk Summary” holds 2,371 ch in draft but renders empty to every visitor","2,371 characters written 2026-09-08; the published copy of this section is empty",2026 Westchester HMP Base Plan Draft (IEM),2448357,Ice Storm,https://westchester.mitigateny.org/the_risk/natural_hazards/ice_storm,2466056,Built Environment - Local Risk Summary,46,https://westchester.mitigateny.org/the_risk/natural_hazards/ice_storm#2466056,https://westchester.mitigateny.org/edit/the_risk/natural_hazards/ice_storm,,,Publish the page. Nothing else is required — the text is already correct in draft.
mny_unpublished_content,BLOCKER,MNY 2.0 site,“People and Communities - Local Risk Summary” holds 962 ch in draft but renders empty to every visitor,962 characters written 2026-09-08; the published copy of this section is empty,2026 Westchester HMP Base Plan Draft (IEM),2448357,Ice Storm,https://westchester.mitigateny.org/the_risk/natural_hazards/ice_storm,2451832,People and Communities - Local Risk Summary,49,https://westchester.mitigateny.org/the_risk/natural_hazards/ice_storm#2451832,https://westchester.mitigateny.org/edit/the_risk/natural_hazards/ice_storm,,,Publish the page. Nothing else is required — the text is already correct in draft.
mny_unpublished_content,BLOCKER,MNY 2.0 site,“Natural Environment - Local Risk Summary” holds 528 ch in draft but renders empty to every visitor,528 characters written 2026-09-08; the published copy of this section is empty,2026 Westchester HMP Base Plan Draft (IEM),2448357,Ice Storm,https://westchester.mitigateny.org/the_risk/natural_hazards/ice_storm,2451841,Natural Environment - Local Risk Summary,52,https://westchester.mitigateny.org/the_risk/natural_hazards/ice_storm#2451841,https://westchester.mitigateny.org/edit/the_risk/natural_hazards/ice_storm,,,Publish the page. Nothing else is required — the text is already correct in draft.
mny_unpublished_content,BLOCKER,MNY 2.0 site,“Declarations and Their Effects on the County” holds 416 ch in draft but renders empty to every visitor,416 characters written 2026-09-08; the published copy of this section is empty,2026 Westchester HMP Base Plan Draft (IEM),2448358,Landslide,https://westchester.mitigateny.org/the_risk/natural_hazards/landslide,2451695,Declarations and Their Effects on the County,28,https://westchester.mitigateny.org/the_risk/natural_hazards/landslide#2451695,https://westchester.mitigateny.org/edit/the_risk/natural_hazards/landslide,,,Publish the page. Nothing else is required — the text is already correct in draft.
mny_unpublished_content,BLOCKER,MNY 2.0 site,"“Featured Event” holds 1,046 ch in draft but renders empty to every visitor","1,046 characters written 2026-09-08; the published copy of this section is empty",2026 Westchester HMP Base Plan Draft (IEM),2448358,Landslide,https://westchester.mitigateny.org/the_risk/natural_hazards/landslide,2451700,Featured Event,33,https://westchester.mitigateny.org/the_risk/natural_hazards/landslide#2451700,https://westchester.mitigateny.org/edit/the_risk/natural_hazards/landslide,,,Publish the page. Nothing else is required — the text is already correct in draft.
mny_unpublished_content,BLOCKER,MNY 2.0 site,"“County Assessment” holds 3,843 ch in draft but renders empty to every visitor","3,843 characters written 2026-09-08; the published copy of this section is empty",2026 Westchester HMP Base Plan Draft (IEM),2448358,Landslide,https://westchester.mitigateny.org/the_risk/natural_hazards/landslide,2451697,County Assessment,36,https://westchester.mitigateny.org/the_risk/natural_hazards/landslide#2451697,https://westchester.mitigateny.org/edit/the_risk/natural_hazards/landslide,,,Publish the page. Nothing else is required — the text is already correct in draft.
mny_unpublished_content,BLOCKER,MNY 2.0 site,"“Jurisdictional Assessment” holds 2,270 ch in draft but renders empty to every visitor","2,270 characters written 2026-09-08; the published copy of this section is empty",2026 Westchester HMP Base Plan Draft (IEM),2448358,Landslide,https://westchester.mitigateny.org/the_risk/natural_hazards/landslide,2451704,Jurisdictional Assessment,39,https://westchester.mitigateny.org/the_risk/natural_hazards/landslide#2451704,https://westchester.mitigateny.org/edit/the_risk/natural_hazards/landslide,,,Publish the page. Nothing else is required — the text is already correct in draft.
mny_unpublished_content,BLOCKER,MNY 2.0 site,"“Built Environment - Local Risk Summary” holds 1,137 ch in draft but renders empty to every visitor","1,137 characters written 2026-09-08; the published copy of this section is empty",2026 Westchester HMP Base Plan Draft (IEM),2448358,Landslide,https://westchester.mitigateny.org/the_risk/natural_hazards/landslide,2466054,Built Environment - Local Risk Summary,46,https://westchester.mitigateny.org/the_risk/natural_hazards/landslide#2466054,https://westchester.mitigateny.org/edit/the_risk/natural_hazards/landslide,,,Publish the page. Nothing else is required — the text is already correct in draft.
mny_unpublished_content,BLOCKER,MNY 2.0 site,“People and Communities - Local Risk Summary” holds 832 ch in draft but renders empty to every visitor,832 characters written 2026-09-08; the published copy of this section is empty,2026 Westchester HMP Base Plan Draft (IEM),2448358,Landslide,https://westchester.mitigateny.org/the_risk/natural_hazards/landslide,2451714,People and Communities - Local Risk Summary,49,https://westchester.mitigateny.org/the_risk/natural_hazards/landslide#2451714,https://westchester.mitigateny.org/edit/the_risk/natural_hazards/landslide,,,Publish the page. Nothing else is required — the text is already correct in draft.
mny_unpublished_content,BLOCKER,MNY 2.0 site,“Natural Environment - Local Risk Summary” holds 906 ch in draft but renders empty to every visitor,906 characters written 2026-09-08; the published copy of this section is empty,2026 Westchester HMP Base Plan Draft (IEM),2448358,Landslide,https://westchester.mitigateny.org/the_risk/natural_hazards/landslide,2451709,Natural Environment - Local Risk Summary,52,https://westchester.mitigateny.org/the_risk/natural_hazards/landslide#2451709,https://westchester.mitigateny.org/edit/the_risk/natural_hazards/landslide,,,Publish the page. Nothing else is required — the text is already correct in draft.
mny_unpublished_content,BLOCKER,MNY 2.0 site,“Declarations and Their Effects on the County” holds 568 ch in draft but renders empty to every visitor,568 characters written 2026-09-08; the published copy of this section is empty,2026 Westchester HMP Base Plan Draft (IEM),2448349,Lightning,https://westchester.mitigateny.org/the_risk/natural_hazards/lightning,2451755,Declarations and Their Effects on the County,28,https://westchester.mitigateny.org/the_risk/natural_hazards/lightning#2451755,https://westchester.mitigateny.org/edit/the_risk/natural_hazards/lightning,,,Publish the page. Nothing else is required — the text is already correct in draft.
mny_unpublished_content,BLOCKER,MNY 2.0 site,“Featured Event” holds 508 ch in draft but renders empty to every visitor,508 characters written 2026-09-08; the published copy of this section is empty,2026 Westchester HMP Base Plan Draft (IEM),2448349,Lightning,https://westchester.mitigateny.org/the_risk/natural_hazards/lightning,2451751,Featured Event,33,https://westchester.mitigateny.org/the_risk/natural_hazards/lightning#2451751,https://westchester.mitigateny.org/edit/the_risk/natural_hazards/lightning,,,Publish the page. Nothing else is required — the text is already correct in draft.
mny_unpublished_content,BLOCKER,MNY 2.0 site,"“County Assessment” holds 3,296 ch in draft but renders empty to every visitor","3,296 characters written 2026-09-08; the published copy of this section is empty",2026 Westchester HMP Base Plan Draft (IEM),2448349,Lightning,https://westchester.mitigateny.org/the_risk/natural_hazards/lightning,2451746,County Assessment,36,https://westchester.mitigateny.org/the_risk/natural_hazards/lightning#2451746,https://westchester.mitigateny.org/edit/the_risk/natural_hazards/lightning,,,Publish the page. Nothing else is required — the text is already correct in draft.
mny_unpublished_content,BLOCKER,MNY 2.0 site,"“Jurisdictional Assessment” holds 2,825 ch in draft but renders empty to every visitor","2,825 characters written 2026-09-08; the published copy of this section is empty",2026 Westchester HMP Base Plan Draft (IEM),2448349,Lightning,https://westchester.mitigateny.org/the_risk/natural_hazards/lightning,2451760,Jurisdictional Assessment,39,https://westchester.mitigateny.org/the_risk/natural_hazards/lightning#2451760,https://westchester.mitigateny.org/edit/the_risk/natural_hazards/lightning,,,Publish the page. Nothing else is required — the text is already correct in draft.
mny_unpublished_content,BLOCKER,MNY 2.0 site,"“Built Environment - Local Risk Summary” holds 1,140 ch in draft but renders empty to every visitor","1,140 characters written 2026-09-08; the published copy of this section is empty",2026 Westchester HMP Base Plan Draft (IEM),2448349,Lightning,https://westchester.mitigateny.org/the_risk/natural_hazards/lightning,2466064,Built Environment - Local Risk Summary,46,https://westchester.mitigateny.org/the_risk/natural_hazards/lightning#2466064,https://westchester.mitigateny.org/edit/the_risk/natural_hazards/lightning,,,Publish the page. Nothing else is required — the text is already correct in draft.
mny_unpublished_content,BLOCKER,MNY 2.0 site,"“People and Communities - Local Risk Summary” holds 1,271 ch in draft but renders empty to every visitor","1,271 characters written 2026-09-08; the published copy of this section is empty",2026 Westchester HMP Base Plan Draft (IEM),2448349,Lightning,https://westchester.mitigateny.org/the_risk/natural_hazards/lightning,2466065,People and Communities - Local Risk Summary,49,https://westchester.mitigateny.org/the_risk/natural_hazards/lightning#2466065,https://westchester.mitigateny.org/edit/the_risk/natural_hazards/lightning,,,Publish the page. Nothing else is required — the text is already correct in draft.
mny_unpublished_content,BLOCKER,MNY 2.0 site,"“Natural Environment - Local Risk Summary” holds 1,015 ch in draft but renders empty to every visitor","1,015 characters written 2026-09-08; the published copy of this section is empty",2026 Westchester HMP Base Plan Draft (IEM),2448349,Lightning,https://westchester.mitigateny.org/the_risk/natural_hazards/lightning,2451767,Natural Environment - Local Risk Summary,52,https://westchester.mitigateny.org/the_risk/natural_hazards/lightning#2451767,https://westchester.mitigateny.org/edit/the_risk/natural_hazards/lightning,,,Publish the page. Nothing else is required — the text is already correct in draft.
mny_unpublished_content,BLOCKER,MNY 2.0 site,“Declarations and Their Effects on the County” holds 919 ch in draft but renders empty to every visitor,919 characters written 2026-09-08; the published copy of this section is empty,2026 Westchester HMP Base Plan Draft (IEM),2448346,Snowstorm,https://westchester.mitigateny.org/the_risk/natural_hazards/snowstorm,2452202,Declarations and Their Effects on the County,27,https://westchester.mitigateny.org/the_risk/natural_hazards/snowstorm#2452202,https://westchester.mitigateny.org/edit/the_risk/natural_hazards/snowstorm,,,Publish the page. Nothing else is required — the text is already correct in draft.
mny_unpublished_content,BLOCKER,MNY 2.0 site,"“Featured Event” holds 1,105 ch in draft but renders empty to every visitor","1,105 characters written 2026-09-08; the published copy of this section is empty",2026 Westchester HMP Base Plan Draft (IEM),2448346,Snowstorm,https://westchester.mitigateny.org/the_risk/natural_hazards/snowstorm,2452200,Featured Event,32,https://westchester.mitigateny.org/the_risk/natural_hazards/snowstorm#2452200,https://westchester.mitigateny.org/edit/the_risk/natural_hazards/snowstorm,,,Publish the page. Nothing else is required — the text is already correct in draft.
mny_unpublished_content,BLOCKER,MNY 2.0 site,"“County Assessment” holds 3,951 ch in draft but renders empty to every visitor","3,951 characters written 2026-09-08; the published copy of this section is empty",2026 Westchester HMP Base Plan Draft (IEM),2448346,Snowstorm,https://westchester.mitigateny.org/the_risk/natural_hazards/snowstorm,2452212,County Assessment,35,https://westchester.mitigateny.org/the_risk/natural_hazards/snowstorm#2452212,https://westchester.mitigateny.org/edit/the_risk/natural_hazards/snowstorm,,,Publish the page. Nothing else is required — the text is already correct in draft.
mny_unpublished_content,BLOCKER,MNY 2.0 site,"“Jurisdictional Assessment” holds 2,778 ch in draft but renders empty to every visitor","2,778 characters written 2026-09-08; the published copy of this section is empty",2026 Westchester HMP Base Plan Draft (IEM),2448346,Snowstorm,https://westchester.mitigateny.org/the_risk/natural_hazards/snowstorm,2452207,Jurisdictional Assessment,38,https://westchester.mitigateny.org/the_risk/natural_hazards/snowstorm#2452207,https://westchester.mitigateny.org/edit/the_risk/natural_hazards/snowstorm,,,Publish the page. Nothing else is required — the text is already correct in draft.
mny_unpublished_content,BLOCKER,MNY 2.0 site,"“Built Environment - Local Risk Summary” holds 1,043 ch in draft but renders empty to every visitor","1,043 characters written 2026-09-08; the published copy of this section is empty",2026 Westchester HMP Base Plan Draft (IEM),2448346,Snowstorm,https://westchester.mitigateny.org/the_risk/natural_hazards/snowstorm,2466062,Built Environment - Local Risk Summary,45,https://westchester.mitigateny.org/the_risk/natural_hazards/snowstorm#2466062,https://westchester.mitigateny.org/edit/the_risk/natural_hazards/snowstorm,,,Publish the page. Nothing else is required — the text is already correct in draft.
mny_unpublished_content,BLOCKER,MNY 2.0 site,“People and Communities - Local Risk Summary” holds 855 ch in draft but renders empty to every visitor,855 characters written 2026-09-08; the published copy of this section is empty,2026 Westchester HMP Base Plan Draft (IEM),2448346,Snowstorm,https://westchester.mitigateny.org/the_risk/natural_hazards/snowstorm,2466071,People and Communities - Local Risk Summary,48,https://westchester.mitigateny.org/the_risk/natural_hazards/snowstorm#2466071,https://westchester.mitigateny.org/edit/the_risk/natural_hazards/snowstorm,,,Publish the page. Nothing else is required — the text is already correct in draft.
mny_unpublished_content,BLOCKER,MNY 2.0 site,“Natural Environment - Local Risk Summary” holds 757 ch in draft but renders empty to every visitor,757 characters written 2026-09-08; the published copy of this section is empty,2026 Westchester HMP Base Plan Draft (IEM),2448346,Snowstorm,https://westchester.mitigateny.org/the_risk/natural_hazards/snowstorm,2452216,Natural Environment - Local Risk Summary,51,https://westchester.mitigateny.org/the_risk/natural_hazards/snowstorm#2452216,https://westchester.mitigateny.org/edit/the_risk/natural_hazards/snowstorm,,,Publish the page. Nothing else is required — the text is already correct in draft.
mny_unpublished_content,BLOCKER,MNY 2.0 site,"“County Assessment” holds 4,197 ch in draft but renders empty to every visitor","4,197 characters written 2026-09-08; the published copy of this section is empty",2026 Westchester HMP Base Plan Draft (IEM),2448387,Tornado,https://westchester.mitigateny.org/the_risk/natural_hazards/tornado,2452055,County Assessment,36,https://westchester.mitigateny.org/the_risk/natural_hazards/tornado#2452055,https://westchester.mitigateny.org/edit/the_risk/natural_hazards/tornado,,,Publish the page. Nothing else is required — the text is already correct in draft.
mny_unpublished_content,BLOCKER,MNY 2.0 site,"“Jurisdictional Assessment” holds 2,161 ch in draft but renders empty to every visitor","2,161 characters written 2026-09-08; the published copy of this section is empty",2026 Westchester HMP Base Plan Draft (IEM),2448387,Tornado,https://westchester.mitigateny.org/the_risk/natural_hazards/tornado,2452053,Jurisdictional Assessment,39,https://westchester.mitigateny.org/the_risk/natural_hazards/tornado#2452053,https://westchester.mitigateny.org/edit/the_risk/natural_hazards/tornado,,,Publish the page. Nothing else is required — the text is already correct in draft.
mny_unpublished_content,BLOCKER,MNY 2.0 site,"“Built Environment - Local Risk Summary” holds 1,547 ch in draft but renders empty to every visitor","1,547 characters written 2026-09-08; the published copy of this section is empty",2026 Westchester HMP Base Plan Draft (IEM),2448387,Tornado,https://westchester.mitigateny.org/the_risk/natural_hazards/tornado,2466072,Built Environment - Local Risk Summary,46,https://westchester.mitigateny.org/the_risk/natural_hazards/tornado#2466072,https://westchester.mitigateny.org/edit/the_risk/natural_hazards/tornado,,,Publish the page. Nothing else is required — the text is already correct in draft.
mny_unpublished_content,BLOCKER,MNY 2.0 site,"“People and Communities - Local Risk Summary” holds 1,529 ch in draft but renders empty to every visitor","1,529 characters written 2026-09-08; the published copy of this section is empty",2026 Westchester HMP Base Plan Draft (IEM),2448387,Tornado,https://westchester.mitigateny.org/the_risk/natural_hazards/tornado,2452057,People and Communities - Local Risk Summary,49,https://westchester.mitigateny.org/the_risk/natural_hazards/tornado#2452057,https://westchester.mitigateny.org/edit/the_risk/natural_hazards/tornado,,,Publish the page. Nothing else is required — the text is already correct in draft.
mny_unpublished_content,BLOCKER,MNY 2.0 site,"“Natural Environment - Local Risk Summary” holds 1,173 ch in draft but renders empty to every visitor","1,173 characters written 2026-09-08; the published copy of this section is empty",2026 Westchester HMP Base Plan Draft (IEM),2448387,Tornado,https://westchester.mitigateny.org/the_risk/natural_hazards/tornado,2452068,Natural Environment - Local Risk Summary,52,https://westchester.mitigateny.org/the_risk/natural_hazards/tornado#2452068,https://westchester.mitigateny.org/edit/the_risk/natural_hazards/tornado,,,Publish the page. Nothing else is required — the text is already correct in draft.
mny_unpublished_content,BLOCKER,MNY 2.0 site,“Local Hazard Summary” holds 350 ch in draft but renders empty to every visitor,350 characters written 2026-09-08; the published copy of this section is empty,2026 Westchester HMP Base Plan Draft (IEM),2448390,Wildfire,https://westchester.mitigateny.org/the_risk/natural_hazards/wildfire,2466061,Local Hazard Summary,9,https://westchester.mitigateny.org/the_risk/natural_hazards/wildfire#2466061,https://westchester.mitigateny.org/edit/the_risk/natural_hazards/wildfire,,,Publish the page. Nothing else is required — the text is already correct in draft.
mny_unpublished_content,BLOCKER,MNY 2.0 site,“Declarations and Their Effects on the County” holds 598 ch in draft but renders empty to every visitor,598 characters written 2026-09-08; the published copy of this section is empty,2026 Westchester HMP Base Plan Draft (IEM),2448390,Wildfire,https://westchester.mitigateny.org/the_risk/natural_hazards/wildfire,2452101,Declarations and Their Effects on the County,28,https://westchester.mitigateny.org/the_risk/natural_hazards/wildfire#2452101,https://westchester.mitigateny.org/edit/the_risk/natural_hazards/wildfire,,,Publish the page. Nothing else is required — the text is already correct in draft.
mny_unpublished_content,BLOCKER,MNY 2.0 site,"“County Assessment” holds 4,492 ch in draft but renders empty to every visitor","4,492 characters written 2026-09-08; the published copy of this section is empty",2026 Westchester HMP Base Plan Draft (IEM),2448390,Wildfire,https://westchester.mitigateny.org/the_risk/natural_hazards/wildfire,2452111,County Assessment,36,https://westchester.mitigateny.org/the_risk/natural_hazards/wildfire#2452111,https://westchester.mitigateny.org/edit/the_risk/natural_hazards/wildfire,,,Publish the page. Nothing else is required — the text is already correct in draft.
mny_unpublished_content,BLOCKER,MNY 2.0 site,"“Jurisdictional Assessment” holds 1,715 ch in draft but renders empty to every visitor","1,715 characters written 2026-09-08; the published copy of this section is empty",2026 Westchester HMP Base Plan Draft (IEM),2448390,Wildfire,https://westchester.mitigateny.org/the_risk/natural_hazards/wildfire,2452112,Jurisdictional Assessment,39,https://westchester.mitigateny.org/the_risk/natural_hazards/wildfire#2452112,https://westchester.mitigateny.org/edit/the_risk/natural_hazards/wildfire,,,Publish the page. Nothing else is required — the text is already correct in draft.
mny_unpublished_content,BLOCKER,MNY 2.0 site,"“Built Environment - Local Risk Summary” holds 1,309 ch in draft but renders empty to every visitor","1,309 characters written 2026-09-08; the published copy of this section is empty",2026 Westchester HMP Base Plan Draft (IEM),2448390,Wildfire,https://westchester.mitigateny.org/the_risk/natural_hazards/wildfire,2466073,Built Environment - Local Risk Summary,46,https://westchester.mitigateny.org/the_risk/natural_hazards/wildfire#2466073,https://westchester.mitigateny.org/edit/the_risk/natural_hazards/wildfire,,,Publish the page. Nothing else is required — the text is already correct in draft.
mny_unpublished_content,BLOCKER,MNY 2.0 site,"“People and Communities - Local Risk Summary” holds 1,368 ch in draft but renders empty to every visitor","1,368 characters written 2026-09-08; the published copy of this section is empty",2026 Westchester HMP Base Plan Draft (IEM),2448390,Wildfire,https://westchester.mitigateny.org/the_risk/natural_hazards/wildfire,2452113,People and Communities - Local Risk Summary,49,https://westchester.mitigateny.org/the_risk/natural_hazards/wildfire#2452113,https://westchester.mitigateny.org/edit/the_risk/natural_hazards/wildfire,,,Publish the page. Nothing else is required — the text is already correct in draft.
mny_unpublished_content,BLOCKER,MNY 2.0 site,"“Natural Environment - Local Risk Summary” holds 1,416 ch in draft but renders empty to every visitor","1,416 characters written 2026-09-08; the published copy of this section is empty",2026 Westchester HMP Base Plan Draft (IEM),2448390,Wildfire,https://westchester.mitigateny.org/the_risk/natural_hazards/wildfire,2452115,Natural Environment - Local Risk Summary,52,https://westchester.mitigateny.org/the_risk/natural_hazards/wildfire#2452115,https://westchester.mitigateny.org/edit/the_risk/natural_hazards/wildfire,,,Publish the page. Nothing else is required — the text is already correct in draft.
mny_unpublished_content,BLOCKER,MNY 2.0 site,"“County Assessment” holds 3,667 ch in draft but renders empty to every visitor","3,667 characters written 2026-09-08; the published copy of this section is empty",2026 Westchester HMP Base Plan Draft (IEM),2448391,Wind,https://westchester.mitigateny.org/the_risk/natural_hazards/wind,2452155,County Assessment,33,https://westchester.mitigateny.org/the_risk/natural_hazards/wind#2452155,https://westchester.mitigateny.org/edit/the_risk/natural_hazards/wind,,,Publish the page. Nothing else is required — the text is already correct in draft.
mny_unpublished_content,BLOCKER,MNY 2.0 site,"“Jurisdictional Assessment” holds 1,713 ch in draft but renders empty to every visitor","1,713 characters written 2026-09-08; the published copy of this section is empty",2026 Westchester HMP Base Plan Draft (IEM),2448391,Wind,https://westchester.mitigateny.org/the_risk/natural_hazards/wind,2452159,Jurisdictional Assessment,36,https://westchester.mitigateny.org/the_risk/natural_hazards/wind#2452159,https://westchester.mitigateny.org/edit/the_risk/natural_hazards/wind,,,Publish the page. Nothing else is required — the text is already correct in draft.
mny_unpublished_content,BLOCKER,MNY 2.0 site,"“Built Environment - Local Risk Summary” holds 1,614 ch in draft but renders empty to every visitor","1,614 characters written 2026-09-08; the published copy of this section is empty",2026 Westchester HMP Base Plan Draft (IEM),2448391,Wind,https://westchester.mitigateny.org/the_risk/natural_hazards/wind,2466063,Built Environment - Local Risk Summary,43,https://westchester.mitigateny.org/the_risk/natural_hazards/wind#2466063,https://westchester.mitigateny.org/edit/the_risk/natural_hazards/wind,,,Publish the page. Nothing else is required — the text is already correct in draft.
mny_unpublished_content,BLOCKER,MNY 2.0 site,"“People and Communities - Local Risk Summary” holds 1,457 ch in draft but renders empty to every visitor","1,457 characters written 2026-09-08; the published copy of this section is empty",2026 Westchester HMP Base Plan Draft (IEM),2448391,Wind,https://westchester.mitigateny.org/the_risk/natural_hazards/wind,2452162,People and Communities - Local Risk Summary,46,https://westchester.mitigateny.org/the_risk/natural_hazards/wind#2452162,https://westchester.mitigateny.org/edit/the_risk/natural_hazards/wind,,,Publish the page. Nothing else is required — the text is already correct in draft.
mny_unpublished_content,BLOCKER,MNY 2.0 site,"“Natural Environment - Local Risk Summary” holds 1,339 ch in draft but renders empty to every visitor","1,339 characters written 2026-09-08; the published copy of this section is empty",2026 Westchester HMP Base Plan Draft (IEM),2448391,Wind,https://westchester.mitigateny.org/the_risk/natural_hazards/wind,2452158,Natural Environment - Local Risk Summary,49,https://westchester.mitigateny.org/the_risk/natural_hazards/wind#2452158,https://westchester.mitigateny.org/edit/the_risk/natural_hazards/wind,,,Publish the page. Nothing else is required — the text is already correct in draft.
mny_unpublished_content,BLOCKER,MNY 2.0 site,“Local Context” holds 67 ch in draft but renders empty to every visitor,67 characters written 2026-09-08; the published copy of this section is empty,2026 Westchester HMP Base Plan Draft (IEM),2448351,Non-natural Hazards,https://westchester.mitigateny.org/the_risk/non_natural_hazards,2450125,Local Context,4,https://westchester.mitigateny.org/the_risk/non_natural_hazards#2450125,https://westchester.mitigateny.org/edit/the_risk/non_natural_hazards,,,Publish the page. Nothing else is required — the text is already correct in draft.
iem_not_migrated_annex,HIGH,IEM annexes,Mount Pleasant (Town) has no annex in the delivery,The base plan states 45 participating municipalities. The delivery is 44 municipal annexes plus the county. Jurisdictions row 1347655 (geoid 3611949011) is empty.,Final Plan/Draft Annexes/ (45 .docx),2448361,Select Jurisdiction,https://westchester.mitigateny.org/the_plan/jurisdictional_annexes/select_jurisdiction,,,,,https://westchester.mitigateny.org/edit/the_plan/jurisdictional_annexes/select_jurisdiction,,,Ask IEM whether Mount Pleasant is non-participating or its annex is missing.
iem_source_gap_annex,HIGH,IEM annexes,"Annex box ""Jurisdictional Profile"" is empty on all 45 jurisdictions","The IEM annexes carry the heading with no prose beneath it, so the column received nothing. Jurisdictional Profile is the most prominent box on the annex page, and Growth and Development Trends is a 44 CFR element.",internal_source/1346449/version/1346450 column lhmp_municipality_profile (annex-page order 13),2448361,Select Jurisdiction,https://westchester.mitigateny.org/the_plan/jurisdictional_annexes/select_jurisdiction,,,13,,https://westchester.mitigateny.org/edit/the_plan/jurisdictional_annexes/select_jurisdiction,,,Raise with IEM in the next annex revision.
iem_source_gap_annex,HIGH,IEM annexes,"Annex box ""Growth and Development Trends"" is empty on all 45 jurisdictions","The IEM annexes carry the heading with no prose beneath it, so the column received nothing. Jurisdictional Profile is the most prominent box on the annex page, and Growth and Development Trends is a 44 CFR element.",internal_source/1346449/version/1346450 column growth_and_development_trends (annex-page order 27),2448361,Select Jurisdiction,https://westchester.mitigateny.org/the_plan/jurisdictional_annexes/select_jurisdiction,,,27,,https://westchester.mitigateny.org/edit/the_plan/jurisdictional_annexes/select_jurisdiction,,,Raise with IEM in the next annex revision.
iem_source_gap_baseplan,HIGH,MNY 2.0 site,Blank “Special Districts” box,IEM's plan has the heading “Special Districts” 1× and it is empty in every one,"base plan heading inventory (722 headings, 197 with prose)",2448360,People and Communities,https://westchester.mitigateny.org/the_local_environment/people_and_communities,2449870,Special Districts,25,https://westchester.mitigateny.org/the_local_environment/people_and_communities#2449870,https://westchester.mitigateny.org/edit/the_local_environment/people_and_communities,,,Ask IEM to supply the prose — the heading exists in their document with nothing beneath it.
iem_source_gap_baseplan,HIGH,MNY 2.0 site,Blank “Technical Data and Existing Resources” box,IEM's plan has the heading “Technical Data and Existing Resources” 1× and it is empty in every one,"base plan heading inventory (722 headings, 197 with prose)",2448364,About the Process,https://westchester.mitigateny.org/the_plan/about_the_process,2449743,Technical Data and Existing Resources,25,https://westchester.mitigateny.org/the_plan/about_the_process#2449743,https://westchester.mitigateny.org/edit/the_plan/about_the_process,,,Ask IEM to supply the prose — the heading exists in their document with nothing beneath it.
iem_source_gap_baseplan,HIGH,MNY 2.0 site,Blank “Local Hazard Summary” box,IEM's plan has the heading “Local Hazard Summary” 1× and it is empty in every one,"base plan heading inventory (722 headings, 197 with prose)",2448386,Avalanche,https://westchester.mitigateny.org/the_risk/natural_hazards/avalanche,2466021,Local Hazard Summary,9,https://westchester.mitigateny.org/the_risk/natural_hazards/avalanche#2466021,https://westchester.mitigateny.org/edit/the_risk/natural_hazards/avalanche,,,Ask IEM to supply the prose — the heading exists in their document with nothing beneath it.
iem_source_gap_baseplan,HIGH,MNY 2.0 site,Blank “Local Actions” box,IEM's plan has the heading “Local Actions” 16× and it is empty in every one,"base plan heading inventory (722 headings, 197 with prose)",2448386,Avalanche,https://westchester.mitigateny.org/the_risk/natural_hazards/avalanche,2454797,Local Actions,62,https://westchester.mitigateny.org/the_risk/natural_hazards/avalanche#2454797,https://westchester.mitigateny.org/edit/the_risk/natural_hazards/avalanche,,,Ask IEM to supply the prose — the heading exists in their document with nothing beneath it.
iem_source_gap_baseplan,HIGH,MNY 2.0 site,Blank “Featured Strategy” box,IEM's plan has the heading “Featured Strategy” 16× and it is empty in every one,"base plan heading inventory (722 headings, 197 with prose)",2448386,Avalanche,https://westchester.mitigateny.org/the_risk/natural_hazards/avalanche,2454811,Featured Strategy,67,https://westchester.mitigateny.org/the_risk/natural_hazards/avalanche#2454811,https://westchester.mitigateny.org/edit/the_risk/natural_hazards/avalanche,,,Ask IEM to supply the prose — the heading exists in their document with nothing beneath it.
iem_source_gap_baseplan,HIGH,MNY 2.0 site,Blank “Local Actions” box,IEM's plan has the heading “Local Actions” 16× and it is empty in every one,"base plan heading inventory (722 headings, 197 with prose)",2448355,Coastal Hazards,https://westchester.mitigateny.org/the_risk/natural_hazards/coastal_hazards,2450547,Local Actions,63,https://westchester.mitigateny.org/the_risk/natural_hazards/coastal_hazards#2450547,https://westchester.mitigateny.org/edit/the_risk/natural_hazards/coastal_hazards,,,Ask IEM to supply the prose — the heading exists in their document with nothing beneath it.
iem_source_gap_baseplan,HIGH,MNY 2.0 site,Blank “Featured Strategy” box,IEM's plan has the heading “Featured Strategy” 16× and it is empty in every one,"base plan heading inventory (722 headings, 197 with prose)",2448355,Coastal Hazards,https://westchester.mitigateny.org/the_risk/natural_hazards/coastal_hazards,2450566,Featured Strategy,68,https://westchester.mitigateny.org/the_risk/natural_hazards/coastal_hazards#2450566,https://westchester.mitigateny.org/edit/the_risk/natural_hazards/coastal_hazards,,,Ask IEM to supply the prose — the heading exists in their document with nothing beneath it.
iem_source_gap_baseplan,HIGH,MNY 2.0 site,Blank “Local Actions” box,IEM's plan has the heading “Local Actions” 16× and it is empty in every one,"base plan heading inventory (722 headings, 197 with prose)",2448356,Drought,https://westchester.mitigateny.org/the_risk/natural_hazards/drought,2451434,Local Actions,62,https://westchester.mitigateny.org/the_risk/natural_hazards/drought#2451434,https://westchester.mitigateny.org/edit/the_risk/natural_hazards/drought,,,Ask IEM to supply the prose — the heading exists in their document with nothing beneath it.
iem_source_gap_baseplan,HIGH,MNY 2.0 site,Blank “Featured Strategy” box,IEM's plan has the heading “Featured Strategy” 16× and it is empty in every one,"base plan heading inventory (722 headings, 197 with prose)",2448356,Drought,https://westchester.mitigateny.org/the_risk/natural_hazards/drought,2451444,Featured Strategy,67,https://westchester.mitigateny.org/the_risk/natural_hazards/drought#2451444,https://westchester.mitigateny.org/edit/the_risk/natural_hazards/drought,,,Ask IEM to supply the prose — the heading exists in their document with nothing beneath it.
iem_source_gap_baseplan,HIGH,MNY 2.0 site,Blank “Local Actions” box,IEM's plan has the heading “Local Actions” 16× and it is empty in every one,"base plan heading inventory (722 headings, 197 with prose)",2448343,Earthquake,https://westchester.mitigateny.org/the_risk/natural_hazards/earthquake,2451110,Local Actions,62,https://westchester.mitigateny.org/the_risk/natural_hazards/earthquake#2451110,https://westchester.mitigateny.org/edit/the_risk/natural_hazards/earthquake,,,Ask IEM to supply the prose — the heading exists in their document with nothing beneath it.
iem_source_gap_baseplan,HIGH,MNY 2.0 site,Blank “Featured Strategy” box,IEM's plan has the heading “Featured Strategy” 16× and it is empty in every one,"base plan heading inventory (722 headings, 197 with prose)",2448343,Earthquake,https://westchester.mitigateny.org/the_risk/natural_hazards/earthquake,2450939,Featured Strategy,67,https://westchester.mitigateny.org/the_risk/natural_hazards/earthquake#2450939,https://westchester.mitigateny.org/edit/the_risk/natural_hazards/earthquake,,,Ask IEM to supply the prose — the heading exists in their document with nothing beneath it.
iem_source_gap_baseplan,HIGH,MNY 2.0 site,Blank “Featured Strategy” box,IEM's plan has the heading “Featured Strategy” 16× and it is empty in every one,"base plan heading inventory (722 headings, 197 with prose)",2448347,Extreme Cold,https://westchester.mitigateny.org/the_risk/natural_hazards/extreme_cold,2450992,Featured Strategy,66,https://westchester.mitigateny.org/the_risk/natural_hazards/extreme_cold#2450992,https://westchester.mitigateny.org/edit/the_risk/natural_hazards/extreme_cold,,,Ask IEM to supply the prose — the heading exists in their document with nothing beneath it.
iem_source_gap_baseplan,HIGH,MNY 2.0 site,Blank “Local Actions” box,IEM's plan has the heading “Local Actions” 16× and it is empty in every one,"base plan heading inventory (722 headings, 197 with prose)",2448393,Extreme Heat,https://westchester.mitigateny.org/the_risk/natural_hazards/extreme_heat,2451326,Local Actions,62,https://westchester.mitigateny.org/the_risk/natural_hazards/extreme_heat#2451326,https://westchester.mitigateny.org/edit/the_risk/natural_hazards/extreme_heat,,,Ask IEM to supply the prose — the heading exists in their document with nothing beneath it.
iem_source_gap_baseplan,HIGH,MNY 2.0 site,Blank “Featured Strategy” box,IEM's plan has the heading “Featured Strategy” 16× and it is empty in every one,"base plan heading inventory (722 headings, 197 with prose)",2448393,Extreme Heat,https://westchester.mitigateny.org/the_risk/natural_hazards/extreme_heat,2451327,Featured Strategy,67,https://westchester.mitigateny.org/the_risk/natural_hazards/extreme_heat#2451327,https://westchester.mitigateny.org/edit/the_risk/natural_hazards/extreme_heat,,,Ask IEM to supply the prose — the heading exists in their document with nothing beneath it.
iem_source_gap_baseplan,HIGH,MNY 2.0 site,Blank “Local Actions” box,IEM's plan has the heading “Local Actions” 16× and it is empty in every one,"base plan heading inventory (722 headings, 197 with prose)",2448350,Flooding,https://westchester.mitigateny.org/the_risk/natural_hazards/flooding,2450750,Local Actions,67,https://westchester.mitigateny.org/the_risk/natural_hazards/flooding#2450750,https://westchester.mitigateny.org/edit/the_risk/natural_hazards/flooding,,,Ask IEM to supply the prose — the heading exists in their document with nothing beneath it.
iem_source_gap_baseplan,HIGH,MNY 2.0 site,Blank “Featured Strategy” box,IEM's plan has the heading “Featured Strategy” 16× and it is empty in every one,"base plan heading inventory (722 headings, 197 with prose)",2448350,Flooding,https://westchester.mitigateny.org/the_risk/natural_hazards/flooding,2450707,Featured Strategy,72,https://westchester.mitigateny.org/the_risk/natural_hazards/flooding#2450707,https://westchester.mitigateny.org/edit/the_risk/natural_hazards/flooding,,,Ask IEM to supply the prose — the heading exists in their document with nothing beneath it.
iem_source_gap_baseplan,HIGH,MNY 2.0 site,Blank “Local Hazard Summary” box,IEM's plan has the heading “Local Hazard Summary” 1× and it is empty in every one,"base plan heading inventory (722 headings, 197 with prose)",2448348,Hail,https://westchester.mitigateny.org/the_risk/natural_hazards/hail,2466040,Local Hazard Summary,9,https://westchester.mitigateny.org/the_risk/natural_hazards/hail#2466040,https://westchester.mitigateny.org/edit/the_risk/natural_hazards/hail,,,Ask IEM to supply the prose — the heading exists in their document with nothing beneath it.
iem_source_gap_baseplan,HIGH,MNY 2.0 site,Blank “Local Actions” box,IEM's plan has the heading “Local Actions” 16× and it is empty in every one,"base plan heading inventory (722 headings, 197 with prose)",2448348,Hail,https://westchester.mitigateny.org/the_risk/natural_hazards/hail,2451522,Local Actions,62,https://westchester.mitigateny.org/the_risk/natural_hazards/hail#2451522,https://westchester.mitigateny.org/edit/the_risk/natural_hazards/hail,,,Ask IEM to supply the prose — the heading exists in their document with nothing beneath it.
iem_source_gap_baseplan,HIGH,MNY 2.0 site,Blank “Featured Strategy” box,IEM's plan has the heading “Featured Strategy” 16× and it is empty in every one,"base plan heading inventory (722 headings, 197 with prose)",2448348,Hail,https://westchester.mitigateny.org/the_risk/natural_hazards/hail,2451375,Featured Strategy,67,https://westchester.mitigateny.org/the_risk/natural_hazards/hail#2451375,https://westchester.mitigateny.org/edit/the_risk/natural_hazards/hail,,,Ask IEM to supply the prose — the heading exists in their document with nothing beneath it.
iem_source_gap_baseplan,HIGH,MNY 2.0 site,Blank “Local Hazard Summary” box,IEM's plan has the heading “Local Hazard Summary” 1× and it is empty in every one,"base plan heading inventory (722 headings, 197 with prose)",2448394,Hurricane,https://westchester.mitigateny.org/the_risk/natural_hazards/hurricane,2466048,Local Hazard Summary,9,https://westchester.mitigateny.org/the_risk/natural_hazards/hurricane#2466048,https://westchester.mitigateny.org/edit/the_risk/natural_hazards/hurricane,,,Ask IEM to supply the prose — the heading exists in their document with nothing beneath it.
iem_source_gap_baseplan,HIGH,MNY 2.0 site,Blank “Local Actions” box,IEM's plan has the heading “Local Actions” 16× and it is empty in every one,"base plan heading inventory (722 headings, 197 with prose)",2448394,Hurricane,https://westchester.mitigateny.org/the_risk/natural_hazards/hurricane,2451524,Local Actions,63,https://westchester.mitigateny.org/the_risk/natural_hazards/hurricane#2451524,https://westchester.mitigateny.org/edit/the_risk/natural_hazards/hurricane,,,Ask IEM to supply the prose — the heading exists in their document with nothing beneath it.
iem_source_gap_baseplan,HIGH,MNY 2.0 site,Blank “Featured Strategy” box,IEM's plan has the heading “Featured Strategy” 16× and it is empty in every one,"base plan heading inventory (722 headings, 197 with prose)",2448394,Hurricane,https://westchester.mitigateny.org/the_risk/natural_hazards/hurricane,2451507,Featured Strategy,68,https://westchester.mitigateny.org/the_risk/natural_hazards/hurricane#2451507,https://westchester.mitigateny.org/edit/the_risk/natural_hazards/hurricane,,,Ask IEM to supply the prose — the heading exists in their document with nothing beneath it.
iem_source_gap_baseplan,HIGH,MNY 2.0 site,Blank “Local Actions” box,IEM's plan has the heading “Local Actions” 16× and it is empty in every one,"base plan heading inventory (722 headings, 197 with prose)",2448357,Ice Storm,https://westchester.mitigateny.org/the_risk/natural_hazards/ice_storm,2451845,Local Actions,62,https://westchester.mitigateny.org/the_risk/natural_hazards/ice_storm#2451845,https://westchester.mitigateny.org/edit/the_risk/natural_hazards/ice_storm,,,Ask IEM to supply the prose — the heading exists in their document with nothing beneath it.
iem_source_gap_baseplan,HIGH,MNY 2.0 site,Blank “Featured Strategy” box,IEM's plan has the heading “Featured Strategy” 16× and it is empty in every one,"base plan heading inventory (722 headings, 197 with prose)",2448357,Ice Storm,https://westchester.mitigateny.org/the_risk/natural_hazards/ice_storm,2451852,Featured Strategy,67,https://westchester.mitigateny.org/the_risk/natural_hazards/ice_storm#2451852,https://westchester.mitigateny.org/edit/the_risk/natural_hazards/ice_storm,,,Ask IEM to supply the prose — the heading exists in their document with nothing beneath it.
iem_source_gap_baseplan,HIGH,MNY 2.0 site,Blank “Local Hazard Summary” box,IEM's plan has the heading “Local Hazard Summary” 1× and it is empty in every one,"base plan heading inventory (722 headings, 197 with prose)",2448358,Landslide,https://westchester.mitigateny.org/the_risk/natural_hazards/landslide,2466055,Local Hazard Summary,9,https://westchester.mitigateny.org/the_risk/natural_hazards/landslide#2466055,https://westchester.mitigateny.org/edit/the_risk/natural_hazards/landslide,,,Ask IEM to supply the prose — the heading exists in their document with nothing beneath it.
iem_source_gap_baseplan,HIGH,MNY 2.0 site,Blank “Local Actions” box,IEM's plan has the heading “Local Actions” 16× and it is empty in every one,"base plan heading inventory (722 headings, 197 with prose)",2448358,Landslide,https://westchester.mitigateny.org/the_risk/natural_hazards/landslide,2451717,Local Actions,62,https://westchester.mitigateny.org/the_risk/natural_hazards/landslide#2451717,https://westchester.mitigateny.org/edit/the_risk/natural_hazards/landslide,,,Ask IEM to supply the prose — the heading exists in their document with nothing beneath it.
iem_source_gap_baseplan,HIGH,MNY 2.0 site,Blank “Featured Strategy” box,IEM's plan has the heading “Featured Strategy” 16× and it is empty in every one,"base plan heading inventory (722 headings, 197 with prose)",2448358,Landslide,https://westchester.mitigateny.org/the_risk/natural_hazards/landslide,2451725,Featured Strategy,67,https://westchester.mitigateny.org/the_risk/natural_hazards/landslide#2451725,https://westchester.mitigateny.org/edit/the_risk/natural_hazards/landslide,,,Ask IEM to supply the prose — the heading exists in their document with nothing beneath it.
iem_source_gap_baseplan,HIGH,MNY 2.0 site,Blank “Local Hazard Summary” box,IEM's plan has the heading “Local Hazard Summary” 1× and it is empty in every one,"base plan heading inventory (722 headings, 197 with prose)",2448349,Lightning,https://westchester.mitigateny.org/the_risk/natural_hazards/lightning,2466050,Local Hazard Summary,9,https://westchester.mitigateny.org/the_risk/natural_hazards/lightning#2466050,https://westchester.mitigateny.org/edit/the_risk/natural_hazards/lightning,,,Ask IEM to supply the prose — the heading exists in their document with nothing beneath it.
iem_source_gap_baseplan,HIGH,MNY 2.0 site,Blank “Local Actions” box,IEM's plan has the heading “Local Actions” 16× and it is empty in every one,"base plan heading inventory (722 headings, 197 with prose)",2448349,Lightning,https://westchester.mitigateny.org/the_risk/natural_hazards/lightning,2451771,Local Actions,62,https://westchester.mitigateny.org/the_risk/natural_hazards/lightning#2451771,https://westchester.mitigateny.org/edit/the_risk/natural_hazards/lightning,,,Ask IEM to supply the prose — the heading exists in their document with nothing beneath it.
iem_source_gap_baseplan,HIGH,MNY 2.0 site,Blank “Featured Strategy” box,IEM's plan has the heading “Featured Strategy” 16× and it is empty in every one,"base plan heading inventory (722 headings, 197 with prose)",2448349,Lightning,https://westchester.mitigateny.org/the_risk/natural_hazards/lightning,2451773,Featured Strategy,67,https://westchester.mitigateny.org/the_risk/natural_hazards/lightning#2451773,https://westchester.mitigateny.org/edit/the_risk/natural_hazards/lightning,,,Ask IEM to supply the prose — the heading exists in their document with nothing beneath it.
iem_source_gap_baseplan,HIGH,MNY 2.0 site,Blank “Local Actions” box,IEM's plan has the heading “Local Actions” 16× and it is empty in every one,"base plan heading inventory (722 headings, 197 with prose)",2448346,Snowstorm,https://westchester.mitigateny.org/the_risk/natural_hazards/snowstorm,2452225,Local Actions,61,https://westchester.mitigateny.org/the_risk/natural_hazards/snowstorm#2452225,https://westchester.mitigateny.org/edit/the_risk/natural_hazards/snowstorm,,,Ask IEM to supply the prose — the heading exists in their document with nothing beneath it.
iem_source_gap_baseplan,HIGH,MNY 2.0 site,Blank “Featured Strategy” box,IEM's plan has the heading “Featured Strategy” 16× and it is empty in every one,"base plan heading inventory (722 headings, 197 with prose)",2448346,Snowstorm,https://westchester.mitigateny.org/the_risk/natural_hazards/snowstorm,2452227,Featured Strategy,66,https://westchester.mitigateny.org/the_risk/natural_hazards/snowstorm#2452227,https://westchester.mitigateny.org/edit/the_risk/natural_hazards/snowstorm,,,Ask IEM to supply the prose — the heading exists in their document with nothing beneath it.
iem_source_gap_baseplan,HIGH,MNY 2.0 site,Blank “Local Hazard Summary” box,IEM's plan has the heading “Local Hazard Summary” 1× and it is empty in every one,"base plan heading inventory (722 headings, 197 with prose)",2448387,Tornado,https://westchester.mitigateny.org/the_risk/natural_hazards/tornado,2466059,Local Hazard Summary,9,https://westchester.mitigateny.org/the_risk/natural_hazards/tornado#2466059,https://westchester.mitigateny.org/edit/the_risk/natural_hazards/tornado,,,Ask IEM to supply the prose — the heading exists in their document with nothing beneath it.
iem_source_gap_baseplan,HIGH,MNY 2.0 site,Blank “Local Actions” box,IEM's plan has the heading “Local Actions” 16× and it is empty in every one,"base plan heading inventory (722 headings, 197 with prose)",2448387,Tornado,https://westchester.mitigateny.org/the_risk/natural_hazards/tornado,2452071,Local Actions,62,https://westchester.mitigateny.org/the_risk/natural_hazards/tornado#2452071,https://westchester.mitigateny.org/edit/the_risk/natural_hazards/tornado,,,Ask IEM to supply the prose — the heading exists in their document with nothing beneath it.
iem_source_gap_baseplan,HIGH,MNY 2.0 site,Blank “Featured Strategy” box,IEM's plan has the heading “Featured Strategy” 16× and it is empty in every one,"base plan heading inventory (722 headings, 197 with prose)",2448387,Tornado,https://westchester.mitigateny.org/the_risk/natural_hazards/tornado,2452073,Featured Strategy,67,https://westchester.mitigateny.org/the_risk/natural_hazards/tornado#2452073,https://westchester.mitigateny.org/edit/the_risk/natural_hazards/tornado,,,Ask IEM to supply the prose — the heading exists in their document with nothing beneath it.
iem_source_gap_baseplan,HIGH,MNY 2.0 site,Blank “Local Actions” box,IEM's plan has the heading “Local Actions” 16× and it is empty in every one,"base plan heading inventory (722 headings, 197 with prose)",2448390,Wildfire,https://westchester.mitigateny.org/the_risk/natural_hazards/wildfire,2452124,Local Actions,62,https://westchester.mitigateny.org/the_risk/natural_hazards/wildfire#2452124,https://westchester.mitigateny.org/edit/the_risk/natural_hazards/wildfire,,,Ask IEM to supply the prose — the heading exists in their document with nothing beneath it.
iem_source_gap_baseplan,HIGH,MNY 2.0 site,Blank “Featured Strategy” box,IEM's plan has the heading “Featured Strategy” 16× and it is empty in every one,"base plan heading inventory (722 headings, 197 with prose)",2448390,Wildfire,https://westchester.mitigateny.org/the_risk/natural_hazards/wildfire,2452132,Featured Strategy,67,https://westchester.mitigateny.org/the_risk/natural_hazards/wildfire#2452132,https://westchester.mitigateny.org/edit/the_risk/natural_hazards/wildfire,,,Ask IEM to supply the prose — the heading exists in their document with nothing beneath it.
iem_source_gap_baseplan,HIGH,MNY 2.0 site,Blank “Local Actions” box,IEM's plan has the heading “Local Actions” 16× and it is empty in every one,"base plan heading inventory (722 headings, 197 with prose)",2448391,Wind,https://westchester.mitigateny.org/the_risk/natural_hazards/wind,2452174,Local Actions,59,https://westchester.mitigateny.org/the_risk/natural_hazards/wind#2452174,https://westchester.mitigateny.org/edit/the_risk/natural_hazards/wind,,,Ask IEM to supply the prose — the heading exists in their document with nothing beneath it.
iem_source_gap_baseplan,HIGH,MNY 2.0 site,Blank “Featured Strategy” box,IEM's plan has the heading “Featured Strategy” 16× and it is empty in every one,"base plan heading inventory (722 headings, 197 with prose)",2448391,Wind,https://westchester.mitigateny.org/the_risk/natural_hazards/wind,2452168,Featured Strategy,64,https://westchester.mitigateny.org/the_risk/natural_hazards/wind#2452168,https://westchester.mitigateny.org/edit/the_risk/natural_hazards/wind,,,Ask IEM to supply the prose — the heading exists in their document with nothing beneath it.
iem_source_gap_workbook,HIGH,IEM workbook,Capabilities table is empty on the Avalanche page,"No Westchester capability record carries ""Avalanche"" in primary / secondary / tertiary capability hazard type, and the workbook's own ""Avalanche"" column is blank in all 2,133 rows. The table has nothing to draw.","Capabilities_Catalogue (internal_source/1068273/version/1172519) / workbook sheet ""Capabilities""",2448386,Avalanche,https://westchester.mitigateny.org/the_risk/natural_hazards/avalanche,2454788,(untitled),59,https://westchester.mitigateny.org/the_risk/natural_hazards/avalanche#2454788,https://westchester.mitigateny.org/edit/the_risk/natural_hazards/avalanche,0,,Ask IEM to tag capabilities against Avalanche in the workbook. Nothing to fix on the platform side.
iem_source_gap_workbook,HIGH,IEM workbook,Capabilities table is empty on the Extreme Cold page,"No Westchester capability record carries ""Extreme Cold"" in primary / secondary / tertiary capability hazard type, and the workbook's own ""Extreme Cold"" column is blank in all 2,133 rows. The table has nothing to draw.","Capabilities_Catalogue (internal_source/1068273/version/1172519) / workbook sheet ""Capabilities""",2448347,Extreme Cold,https://westchester.mitigateny.org/the_risk/natural_hazards/extreme_cold,2463699,(untitled),59,https://westchester.mitigateny.org/the_risk/natural_hazards/extreme_cold#2463699,https://westchester.mitigateny.org/edit/the_risk/natural_hazards/extreme_cold,0,,Ask IEM to tag capabilities against Extreme Cold in the workbook. Nothing to fix on the platform side.
iem_source_gap_workbook,HIGH,IEM workbook,Capabilities table is empty on the Hurricane page,"No Westchester capability record carries ""Hurricane"" in primary / secondary / tertiary capability hazard type, and the workbook's own ""Hurricane"" column is blank in all 2,133 rows. The table has nothing to draw.","Capabilities_Catalogue (internal_source/1068273/version/1172519) / workbook sheet ""Capabilities""",2448394,Hurricane,https://westchester.mitigateny.org/the_risk/natural_hazards/hurricane,2464278,(untitled),60,https://westchester.mitigateny.org/the_risk/natural_hazards/hurricane#2464278,https://westchester.mitigateny.org/edit/the_risk/natural_hazards/hurricane,0,,Ask IEM to tag capabilities against Hurricane in the workbook. Nothing to fix on the platform side.
iem_source_gap_workbook,HIGH,IEM workbook,Capabilities table is empty on the Ice Storm page,"No Westchester capability record carries ""Ice Storm"" in primary / secondary / tertiary capability hazard type, and the workbook's own ""Ice Storm"" column is blank in all 2,133 rows. The table has nothing to draw.","Capabilities_Catalogue (internal_source/1068273/version/1172519) / workbook sheet ""Capabilities""",2448357,Ice Storm,https://westchester.mitigateny.org/the_risk/natural_hazards/ice_storm,2463702,(untitled),59,https://westchester.mitigateny.org/the_risk/natural_hazards/ice_storm#2463702,https://westchester.mitigateny.org/edit/the_risk/natural_hazards/ice_storm,0,,Ask IEM to tag capabilities against Ice Storm in the workbook. Nothing to fix on the platform side.
iem_source_gap_workbook,HIGH,IEM workbook,Capabilities table is empty on the Landslide page,"No Westchester capability record carries ""Landslide"" in primary / secondary / tertiary capability hazard type, and the workbook's own ""Landslide"" column is blank in all 2,133 rows. The table has nothing to draw.","Capabilities_Catalogue (internal_source/1068273/version/1172519) / workbook sheet ""Capabilities""",2448358,Landslide,https://westchester.mitigateny.org/the_risk/natural_hazards/landslide,2464439,(untitled),59,https://westchester.mitigateny.org/the_risk/natural_hazards/landslide#2464439,https://westchester.mitigateny.org/edit/the_risk/natural_hazards/landslide,0,,Ask IEM to tag capabilities against Landslide in the workbook. Nothing to fix on the platform side.
iem_source_gap_workbook,HIGH,IEM workbook,Capabilities table is empty on the Snowstorm page,"No Westchester capability record carries ""Snowstorm"" in primary / secondary / tertiary capability hazard type, and the workbook's own ""Snowstorm"" column is blank in all 2,133 rows. The table has nothing to draw.","Capabilities_Catalogue (internal_source/1068273/version/1172519) / workbook sheet ""Capabilities""",2448346,Snowstorm,https://westchester.mitigateny.org/the_risk/natural_hazards/snowstorm,2464584,(untitled),58,https://westchester.mitigateny.org/the_risk/natural_hazards/snowstorm#2464584,https://westchester.mitigateny.org/edit/the_risk/natural_hazards/snowstorm,0,,Ask IEM to tag capabilities against Snowstorm in the workbook. Nothing to fix on the platform side.
mny_blank_section,HIGH,MNY 2.0 site,The Home page still reads as the unedited county template,"Its published intro is the template boilerplate: ""This is a county template for local hazard mitigation plans. It includes places for counties and jurisdictions to input mitigation planning content..."" This is the first thing IEM and the public see. The base plan carries two candidate openers that were deliberately not loaded: the plan-wide Executive Summary [562] (3,983 ch, distributed to chapter landing pages instead) and the Letter from the Director [580] (2,150 ch, skipped because the document says the signed letter will be inserted later).",base plan blocks [562] and [580],2448367,Home,https://westchester.mitigateny.org/home,,,,,https://westchester.mitigateny.org/edit/home,,,"Ask IEM for the County Executive transmittal letter and a Westchester-specific landing paragraph, then replace the template copy on Home."
mny_config_defect,HIGH,MNY 2.0 site,"Floodplain Administrators card filters on the literal string ""geoid""","The NFIP page's `geoid` page filter has `values: ""geoid""` rather than a geoid, so the card asks Roles for `geoid_county = ""geoid""` and matches nothing. 191 Westchester role records are loaded, including the floodplain administrators.",Roles (internal_source/1473295/version/1473296),2448353,NFIP - Floodplain Management,https://westchester.mitigateny.org/the_local_environment/nfip_floodplain_management,2450157,Floodplain Administrators,7,https://westchester.mitigateny.org/the_local_environment/nfip_floodplain_management#2450157,https://westchester.mitigateny.org/edit/the_local_environment/nfip_floodplain_management,191 role records available,0,Set the NFIP page's `geoid` filter value to 36119 (or clear it so the pattern default applies).
mny_config_defect,HIGH,MNY 2.0 site,Capability-type filter value never matches the loaded data,"The component filters on ""Codes/ Ordinance/ Zoning/ Policy/ Law/ Governance"" (with spaces after the slashes). The workbook-loaded rows spell it ""Codes/Ordinance/Zoning/Policy/Law/Governance"". 495 Westchester capability records carry the loaded spelling and are therefore invisible to every table that filters on the other one.",Capabilities_Catalogue (internal_source/1068273/version/1172519) column primary_capability_type,2448392,Capabilities Assessment,https://westchester.mitigateny.org/the_plan/capabilities_assessment,2469050,Local Capabilities Table,7,https://westchester.mitigateny.org/the_plan/capabilities_assessment#2469050,https://westchester.mitigateny.org/edit/the_plan/capabilities_assessment,495,0,"Align the two spellings. Either fix the filter vocabulary or normalise the column on load; this affects every county, not just Westchester."
mny_config_defect,HIGH,MNY 2.0 site,Capability-type filter value never matches the loaded data,"The component filters on ""Studies and/ or Risk Assessment"" (with spaces after the slashes). The workbook-loaded rows spell it ""Studies and/or Risk Assessment"". 102 Westchester capability records carry the loaded spelling and are therefore invisible to every table that filters on the other one.",Capabilities_Catalogue (internal_source/1068273/version/1172519) column primary_capability_type,2448392,Capabilities Assessment,https://westchester.mitigateny.org/the_plan/capabilities_assessment,2463313,Local Capabilities Table,13,https://westchester.mitigateny.org/the_plan/capabilities_assessment#2463313,https://westchester.mitigateny.org/edit/the_plan/capabilities_assessment,102,0,"Align the two spellings. Either fix the filter vocabulary or normalise the column on load; this affects every county, not just Westchester."
mny_table_no_data,HIGH,MNY 2.0 site,Hazards-of-Concern summary card returns no rows on every hazard page,"It filters `geoid_juris` with the page geoid (36119). `geoid_juris` holds jurisdiction geoids, never a county geoid, so the match count is 0 of 844 Westchester rows. Its one value column, `general_vulnerability`, is also empty in IEM's workbook (0 of 678), so the card would still render blank once the filter is corrected.",Hazards_of_Concern (internal_source/1473470/version/1473471),2448386,Avalanche,https://westchester.mitigateny.org/the_risk/natural_hazards/avalanche,2457844,(untitled),2,https://westchester.mitigateny.org/the_risk/natural_hazards/avalanche#2457844,https://westchester.mitigateny.org/edit/the_risk/natural_hazards/avalanche,45,0,"Change the filter column from `geoid_juris` to `geoid_county`, and ask IEM to fill ""General Vulnerability & Impact"" in the workbook."
mny_table_no_data,HIGH,MNY 2.0 site,Local Actions card is empty on the Avalanche page,"No Westchester action carries ""Avalanche"" as its primary hazard type, so the hazard filter matches nothing. The workbook flags actions against this hazard in its own per-hazard columns, but those X marks were not rolled up into primary / secondary / tertiary hazard type when the Actions sheet was loaded.","Actions_Revised (internal_source/1029065/version/1074456) / workbook sheet ""Actions""",2448386,Avalanche,https://westchester.mitigateny.org/the_risk/natural_hazards/avalanche,2449692,(untitled),63,https://westchester.mitigateny.org/the_risk/natural_hazards/avalanche#2449692,https://westchester.mitigateny.org/edit/the_risk/natural_hazards/avalanche,0,,"Re-run the Actions load so the workbook per-hazard columns populate primary/secondary/tertiary hazard type, or add a calculated hazards branch to the filter the way the Capabilities tables have one."
mny_table_no_data,HIGH,MNY 2.0 site,Local Actions table is empty on the Avalanche page,"No Westchester action carries ""Avalanche"" as its primary hazard type, so the hazard filter matches nothing. The workbook flags actions against this hazard in its own per-hazard columns, but those X marks were not rolled up into primary / secondary / tertiary hazard type when the Actions sheet was loaded.","Actions_Revised (internal_source/1029065/version/1074456) / workbook sheet ""Actions""",2448386,Avalanche,https://westchester.mitigateny.org/the_risk/natural_hazards/avalanche,2460408,Local Actions Table,64,https://westchester.mitigateny.org/the_risk/natural_hazards/avalanche#2460408,https://westchester.mitigateny.org/edit/the_risk/natural_hazards/avalanche,0,,"Re-run the Actions load so the workbook per-hazard columns populate primary/secondary/tertiary hazard type, or add a calculated hazards branch to the filter the way the Capabilities tables have one."
mny_table_no_data,HIGH,MNY 2.0 site,Hazards-of-Concern summary card returns no rows on every hazard page,"It filters `geoid_juris` with the page geoid (36119). `geoid_juris` holds jurisdiction geoids, never a county geoid, so the match count is 0 of 844 Westchester rows. Its one value column, `general_vulnerability`, is also empty in IEM's workbook (0 of 678), so the card would still render blank once the filter is corrected.",Hazards_of_Concern (internal_source/1473470/version/1473471),2448355,Coastal Hazards,https://westchester.mitigateny.org/the_risk/natural_hazards/coastal_hazards,2450651,(untitled),2,https://westchester.mitigateny.org/the_risk/natural_hazards/coastal_hazards#2450651,https://westchester.mitigateny.org/edit/the_risk/natural_hazards/coastal_hazards,45,0,"Change the filter column from `geoid_juris` to `geoid_county`, and ask IEM to fill ""General Vulnerability & Impact"" in the workbook."
mny_table_no_data,HIGH,MNY 2.0 site,Local Actions card is empty on the Coastal Hazards page,"No Westchester action carries ""Coastal Hazards"" as its primary hazard type, so the hazard filter matches nothing. The workbook flags actions against this hazard in its own per-hazard columns, but those X marks were not rolled up into primary / secondary / tertiary hazard type when the Actions sheet was loaded.","Actions_Revised (internal_source/1029065/version/1074456) / workbook sheet ""Actions""",2448355,Coastal Hazards,https://westchester.mitigateny.org/the_risk/natural_hazards/coastal_hazards,2449693,(untitled),64,https://westchester.mitigateny.org/the_risk/natural_hazards/coastal_hazards#2449693,https://westchester.mitigateny.org/edit/the_risk/natural_hazards/coastal_hazards,0,,"Re-run the Actions load so the workbook per-hazard columns populate primary/secondary/tertiary hazard type, or add a calculated hazards branch to the filter the way the Capabilities tables have one."
mny_table_no_data,HIGH,MNY 2.0 site,Local Actions table is empty on the Coastal Hazards page,"No Westchester action carries ""Coastal Hazards"" as its primary hazard type, so the hazard filter matches nothing. The workbook flags actions against this hazard in its own per-hazard columns, but those X marks were not rolled up into primary / secondary / tertiary hazard type when the Actions sheet was loaded.","Actions_Revised (internal_source/1029065/version/1074456) / workbook sheet ""Actions""",2448355,Coastal Hazards,https://westchester.mitigateny.org/the_risk/natural_hazards/coastal_hazards,2459853,Local Actions Table,66,https://westchester.mitigateny.org/the_risk/natural_hazards/coastal_hazards#2459853,https://westchester.mitigateny.org/edit/the_risk/natural_hazards/coastal_hazards,0,,"Re-run the Actions load so the workbook per-hazard columns populate primary/secondary/tertiary hazard type, or add a calculated hazards branch to the filter the way the Capabilities tables have one."
mny_table_no_data,HIGH,MNY 2.0 site,Hazards-of-Concern summary card returns no rows on every hazard page,"It filters `geoid_juris` with the page geoid (36119). `geoid_juris` holds jurisdiction geoids, never a county geoid, so the match count is 0 of 844 Westchester rows. Its one value column, `general_vulnerability`, is also empty in IEM's workbook (0 of 678), so the card would still render blank once the filter is corrected.",Hazards_of_Concern (internal_source/1473470/version/1473471),2448356,Drought,https://westchester.mitigateny.org/the_risk/natural_hazards/drought,2451380,(untitled),2,https://westchester.mitigateny.org/the_risk/natural_hazards/drought#2451380,https://westchester.mitigateny.org/edit/the_risk/natural_hazards/drought,45,0,"Change the filter column from `geoid_juris` to `geoid_county`, and ask IEM to fill ""General Vulnerability & Impact"" in the workbook."
mny_table_no_data,HIGH,MNY 2.0 site,Local Actions card is empty on the Drought page,"No Westchester action carries ""Drought"" as its primary hazard type, so the hazard filter matches nothing. The workbook flags actions against this hazard in its own per-hazard columns, but those X marks were not rolled up into primary / secondary / tertiary hazard type when the Actions sheet was loaded.","Actions_Revised (internal_source/1029065/version/1074456) / workbook sheet ""Actions""",2448356,Drought,https://westchester.mitigateny.org/the_risk/natural_hazards/drought,2449694,(untitled),63,https://westchester.mitigateny.org/the_risk/natural_hazards/drought#2449694,https://westchester.mitigateny.org/edit/the_risk/natural_hazards/drought,0,,"Re-run the Actions load so the workbook per-hazard columns populate primary/secondary/tertiary hazard type, or add a calculated hazards branch to the filter the way the Capabilities tables have one."
mny_table_no_data,HIGH,MNY 2.0 site,Local Actions table is empty on the Drought page,"No Westchester action carries ""Drought"" as its primary hazard type, so the hazard filter matches nothing. The workbook flags actions against this hazard in its own per-hazard columns, but those X marks were not rolled up into primary / secondary / tertiary hazard type when the Actions sheet was loaded.","Actions_Revised (internal_source/1029065/version/1074456) / workbook sheet ""Actions""",2448356,Drought,https://westchester.mitigateny.org/the_risk/natural_hazards/drought,2449698,Local Actions Table,65,https://westchester.mitigateny.org/the_risk/natural_hazards/drought#2449698,https://westchester.mitigateny.org/edit/the_risk/natural_hazards/drought,0,,"Re-run the Actions load so the workbook per-hazard columns populate primary/secondary/tertiary hazard type, or add a calculated hazards branch to the filter the way the Capabilities tables have one."
mny_table_no_data,HIGH,MNY 2.0 site,Hazards-of-Concern summary card returns no rows on every hazard page,"It filters `geoid_juris` with the page geoid (36119). `geoid_juris` holds jurisdiction geoids, never a county geoid, so the match count is 0 of 844 Westchester rows. Its one value column, `general_vulnerability`, is also empty in IEM's workbook (0 of 678), so the card would still render blank once the filter is corrected.",Hazards_of_Concern (internal_source/1473470/version/1473471),2448343,Earthquake,https://westchester.mitigateny.org/the_risk/natural_hazards/earthquake,2451024,(untitled),2,https://westchester.mitigateny.org/the_risk/natural_hazards/earthquake#2451024,https://westchester.mitigateny.org/edit/the_risk/natural_hazards/earthquake,45,0,"Change the filter column from `geoid_juris` to `geoid_county`, and ask IEM to fill ""General Vulnerability & Impact"" in the workbook."
mny_table_no_data,HIGH,MNY 2.0 site,Hazards-of-Concern summary card returns no rows on every hazard page,"It filters `geoid_juris` with the page geoid (36119). `geoid_juris` holds jurisdiction geoids, never a county geoid, so the match count is 0 of 844 Westchester rows. Its one value column, `general_vulnerability`, is also empty in IEM's workbook (0 of 678), so the card would still render blank once the filter is corrected.",Hazards_of_Concern (internal_source/1473470/version/1473471),2448347,Extreme Cold,https://westchester.mitigateny.org/the_risk/natural_hazards/extreme_cold,2451033,(untitled),2,https://westchester.mitigateny.org/the_risk/natural_hazards/extreme_cold#2451033,https://westchester.mitigateny.org/edit/the_risk/natural_hazards/extreme_cold,45,0,"Change the filter column from `geoid_juris` to `geoid_county`, and ask IEM to fill ""General Vulnerability & Impact"" in the workbook."
mny_table_no_data,HIGH,MNY 2.0 site,Local Actions card is empty on the Extreme Cold page,"No Westchester action carries ""Extreme Cold"" as its primary hazard type, so the hazard filter matches nothing. The workbook flags actions against this hazard in its own per-hazard columns, but those X marks were not rolled up into primary / secondary / tertiary hazard type when the Actions sheet was loaded.","Actions_Revised (internal_source/1029065/version/1074456) / workbook sheet ""Actions""",2448347,Extreme Cold,https://westchester.mitigateny.org/the_risk/natural_hazards/extreme_cold,2459855,(untitled),62,https://westchester.mitigateny.org/the_risk/natural_hazards/extreme_cold#2459855,https://westchester.mitigateny.org/edit/the_risk/natural_hazards/extreme_cold,0,,"Re-run the Actions load so the workbook per-hazard columns populate primary/secondary/tertiary hazard type, or add a calculated hazards branch to the filter the way the Capabilities tables have one."
mny_table_no_data,HIGH,MNY 2.0 site,Local Actions table is empty on the Extreme Cold page,"No Westchester action carries ""Extreme Cold"" as its primary hazard type, so the hazard filter matches nothing. The workbook flags actions against this hazard in its own per-hazard columns, but those X marks were not rolled up into primary / secondary / tertiary hazard type when the Actions sheet was loaded.","Actions_Revised (internal_source/1029065/version/1074456) / workbook sheet ""Actions""",2448347,Extreme Cold,https://westchester.mitigateny.org/the_risk/natural_hazards/extreme_cold,2453302,Local Actions Table,63,https://westchester.mitigateny.org/the_risk/natural_hazards/extreme_cold#2453302,https://westchester.mitigateny.org/edit/the_risk/natural_hazards/extreme_cold,0,,"Re-run the Actions load so the workbook per-hazard columns populate primary/secondary/tertiary hazard type, or add a calculated hazards branch to the filter the way the Capabilities tables have one."
mny_table_no_data,HIGH,MNY 2.0 site,Hazards-of-Concern summary card returns no rows on every hazard page,"It filters `geoid_juris` with the page geoid (36119). `geoid_juris` holds jurisdiction geoids, never a county geoid, so the match count is 0 of 844 Westchester rows. Its one value column, `general_vulnerability`, is also empty in IEM's workbook (0 of 678), so the card would still render blank once the filter is corrected.",Hazards_of_Concern (internal_source/1473470/version/1473471),2448393,Extreme Heat,https://westchester.mitigateny.org/the_risk/natural_hazards/extreme_heat,2451034,(untitled),2,https://westchester.mitigateny.org/the_risk/natural_hazards/extreme_heat#2451034,https://westchester.mitigateny.org/edit/the_risk/natural_hazards/extreme_heat,45,0,"Change the filter column from `geoid_juris` to `geoid_county`, and ask IEM to fill ""General Vulnerability & Impact"" in the workbook."
mny_table_no_data,HIGH,MNY 2.0 site,Hazards-of-Concern summary card returns no rows on every hazard page,"It filters `geoid_juris` with the page geoid (36119). `geoid_juris` holds jurisdiction geoids, never a county geoid, so the match count is 0 of 844 Westchester rows. Its one value column, `general_vulnerability`, is also empty in IEM's workbook (0 of 678), so the card would still render blank once the filter is corrected.",Hazards_of_Concern (internal_source/1473470/version/1473471),2448350,Flooding,https://westchester.mitigateny.org/the_risk/natural_hazards/flooding,2450656,(untitled),2,https://westchester.mitigateny.org/the_risk/natural_hazards/flooding#2450656,https://westchester.mitigateny.org/edit/the_risk/natural_hazards/flooding,45,0,"Change the filter column from `geoid_juris` to `geoid_county`, and ask IEM to fill ""General Vulnerability & Impact"" in the workbook."
mny_table_no_data,HIGH,MNY 2.0 site,Hazards-of-Concern summary card returns no rows on every hazard page,"It filters `geoid_juris` with the page geoid (36119). `geoid_juris` holds jurisdiction geoids, never a county geoid, so the match count is 0 of 844 Westchester rows. Its one value column, `general_vulnerability`, is also empty in IEM's workbook (0 of 678), so the card would still render blank once the filter is corrected.",Hazards_of_Concern (internal_source/1473470/version/1473471),2448348,Hail,https://westchester.mitigateny.org/the_risk/natural_hazards/hail,2451385,(untitled),2,https://westchester.mitigateny.org/the_risk/natural_hazards/hail#2451385,https://westchester.mitigateny.org/edit/the_risk/natural_hazards/hail,45,0,"Change the filter column from `geoid_juris` to `geoid_county`, and ask IEM to fill ""General Vulnerability & Impact"" in the workbook."
mny_table_no_data,HIGH,MNY 2.0 site,Local Actions card is empty on the Hail page,"No Westchester action carries ""Hail"" as its primary hazard type, so the hazard filter matches nothing. The workbook flags actions against this hazard in its own per-hazard columns, but those X marks were not rolled up into primary / secondary / tertiary hazard type when the Actions sheet was loaded.","Actions_Revised (internal_source/1029065/version/1074456) / workbook sheet ""Actions""",2448348,Hail,https://westchester.mitigateny.org/the_risk/natural_hazards/hail,2449690,(untitled),63,https://westchester.mitigateny.org/the_risk/natural_hazards/hail#2449690,https://westchester.mitigateny.org/edit/the_risk/natural_hazards/hail,0,0,"Re-run the Actions load so the workbook per-hazard columns populate primary/secondary/tertiary hazard type, or add a calculated hazards branch to the filter the way the Capabilities tables have one."
mny_table_no_data,HIGH,MNY 2.0 site,Local Actions table is empty on the Hail page,"No Westchester action carries ""Hail"" as its primary hazard type, so the hazard filter matches nothing. The workbook flags actions against this hazard in its own per-hazard columns, but those X marks were not rolled up into primary / secondary / tertiary hazard type when the Actions sheet was loaded.","Actions_Revised (internal_source/1029065/version/1074456) / workbook sheet ""Actions""",2448348,Hail,https://westchester.mitigateny.org/the_risk/natural_hazards/hail,2459849,Local Actions Table,65,https://westchester.mitigateny.org/the_risk/natural_hazards/hail#2459849,https://westchester.mitigateny.org/edit/the_risk/natural_hazards/hail,0,0,"Re-run the Actions load so the workbook per-hazard columns populate primary/secondary/tertiary hazard type, or add a calculated hazards branch to the filter the way the Capabilities tables have one."
mny_table_no_data,HIGH,MNY 2.0 site,Hazards-of-Concern summary card returns no rows on every hazard page,"It filters `geoid_juris` with the page geoid (36119). `geoid_juris` holds jurisdiction geoids, never a county geoid, so the match count is 0 of 844 Westchester rows. Its one value column, `general_vulnerability`, is also empty in IEM's workbook (0 of 678), so the card would still render blank once the filter is corrected.",Hazards_of_Concern (internal_source/1473470/version/1473471),2448394,Hurricane,https://westchester.mitigateny.org/the_risk/natural_hazards/hurricane,2459842,(untitled),2,https://westchester.mitigateny.org/the_risk/natural_hazards/hurricane#2459842,https://westchester.mitigateny.org/edit/the_risk/natural_hazards/hurricane,45,0,"Change the filter column from `geoid_juris` to `geoid_county`, and ask IEM to fill ""General Vulnerability & Impact"" in the workbook."
mny_table_no_data,HIGH,MNY 2.0 site,Hazards-of-Concern summary card returns no rows on every hazard page,"It filters `geoid_juris` with the page geoid (36119). `geoid_juris` holds jurisdiction geoids, never a county geoid, so the match count is 0 of 844 Westchester rows. Its one value column, `general_vulnerability`, is also empty in IEM's workbook (0 of 678), so the card would still render blank once the filter is corrected.",Hazards_of_Concern (internal_source/1473470/version/1473471),2448357,Ice Storm,https://westchester.mitigateny.org/the_risk/natural_hazards/ice_storm,2451851,(untitled),2,https://westchester.mitigateny.org/the_risk/natural_hazards/ice_storm#2451851,https://westchester.mitigateny.org/edit/the_risk/natural_hazards/ice_storm,45,0,"Change the filter column from `geoid_juris` to `geoid_county`, and ask IEM to fill ""General Vulnerability & Impact"" in the workbook."
mny_table_no_data,HIGH,MNY 2.0 site,Local Actions card is empty on the Ice Storm page,"No Westchester action carries ""Ice Storm"" as its primary hazard type, so the hazard filter matches nothing. The workbook flags actions against this hazard in its own per-hazard columns, but those X marks were not rolled up into primary / secondary / tertiary hazard type when the Actions sheet was loaded.","Actions_Revised (internal_source/1029065/version/1074456) / workbook sheet ""Actions""",2448357,Ice Storm,https://westchester.mitigateny.org/the_risk/natural_hazards/ice_storm,2449689,(untitled),63,https://westchester.mitigateny.org/the_risk/natural_hazards/ice_storm#2449689,https://westchester.mitigateny.org/edit/the_risk/natural_hazards/ice_storm,0,,"Re-run the Actions load so the workbook per-hazard columns populate primary/secondary/tertiary hazard type, or add a calculated hazards branch to the filter the way the Capabilities tables have one."
mny_table_no_data,HIGH,MNY 2.0 site,Local Actions table is empty on the Ice Storm page,"No Westchester action carries ""Ice Storm"" as its primary hazard type, so the hazard filter matches nothing. The workbook flags actions against this hazard in its own per-hazard columns, but those X marks were not rolled up into primary / secondary / tertiary hazard type when the Actions sheet was loaded.","Actions_Revised (internal_source/1029065/version/1074456) / workbook sheet ""Actions""",2448357,Ice Storm,https://westchester.mitigateny.org/the_risk/natural_hazards/ice_storm,2449702,Local Actions Table,65,https://westchester.mitigateny.org/the_risk/natural_hazards/ice_storm#2449702,https://westchester.mitigateny.org/edit/the_risk/natural_hazards/ice_storm,0,,"Re-run the Actions load so the workbook per-hazard columns populate primary/secondary/tertiary hazard type, or add a calculated hazards branch to the filter the way the Capabilities tables have one."
mny_table_no_data,HIGH,MNY 2.0 site,Hazards-of-Concern summary card returns no rows on every hazard page,"It filters `geoid_juris` with the page geoid (36119). `geoid_juris` holds jurisdiction geoids, never a county geoid, so the match count is 0 of 844 Westchester rows. Its one value column, `general_vulnerability`, is also empty in IEM's workbook (0 of 678), so the card would still render blank once the filter is corrected.",Hazards_of_Concern (internal_source/1473470/version/1473471),2448358,Landslide,https://westchester.mitigateny.org/the_risk/natural_hazards/landslide,2451859,(untitled),2,https://westchester.mitigateny.org/the_risk/natural_hazards/landslide#2451859,https://westchester.mitigateny.org/edit/the_risk/natural_hazards/landslide,45,0,"Change the filter column from `geoid_juris` to `geoid_county`, and ask IEM to fill ""General Vulnerability & Impact"" in the workbook."
mny_table_no_data,HIGH,MNY 2.0 site,Hazards-of-Concern summary card returns no rows on every hazard page,"It filters `geoid_juris` with the page geoid (36119). `geoid_juris` holds jurisdiction geoids, never a county geoid, so the match count is 0 of 844 Westchester rows. Its one value column, `general_vulnerability`, is also empty in IEM's workbook (0 of 678), so the card would still render blank once the filter is corrected.",Hazards_of_Concern (internal_source/1473470/version/1473471),2448349,Lightning,https://westchester.mitigateny.org/the_risk/natural_hazards/lightning,2451860,(untitled),2,https://westchester.mitigateny.org/the_risk/natural_hazards/lightning#2451860,https://westchester.mitigateny.org/edit/the_risk/natural_hazards/lightning,45,0,"Change the filter column from `geoid_juris` to `geoid_county`, and ask IEM to fill ""General Vulnerability & Impact"" in the workbook."
mny_table_no_data,HIGH,MNY 2.0 site,Hazards-of-Concern summary card returns no rows on every hazard page,"It filters `geoid_juris` with the page geoid (36119). `geoid_juris` holds jurisdiction geoids, never a county geoid, so the match count is 0 of 844 Westchester rows. Its one value column, `general_vulnerability`, is also empty in IEM's workbook (0 of 678), so the card would still render blank once the filter is corrected.",Hazards_of_Concern (internal_source/1473470/version/1473471),2448346,Snowstorm,https://westchester.mitigateny.org/the_risk/natural_hazards/snowstorm,2466087,(untitled),2,https://westchester.mitigateny.org/the_risk/natural_hazards/snowstorm#2466087,https://westchester.mitigateny.org/edit/the_risk/natural_hazards/snowstorm,45,0,"Change the filter column from `geoid_juris` to `geoid_county`, and ask IEM to fill ""General Vulnerability & Impact"" in the workbook."
mny_table_no_data,HIGH,MNY 2.0 site,Hazards-of-Concern summary card returns no rows on every hazard page,"It filters `geoid_juris` with the page geoid (36119). `geoid_juris` holds jurisdiction geoids, never a county geoid, so the match count is 0 of 844 Westchester rows. Its one value column, `general_vulnerability`, is also empty in IEM's workbook (0 of 678), so the card would still render blank once the filter is corrected.",Hazards_of_Concern (internal_source/1473470/version/1473471),2448387,Tornado,https://westchester.mitigateny.org/the_risk/natural_hazards/tornado,2451855,(untitled),2,https://westchester.mitigateny.org/the_risk/natural_hazards/tornado#2451855,https://westchester.mitigateny.org/edit/the_risk/natural_hazards/tornado,45,0,"Change the filter column from `geoid_juris` to `geoid_county`, and ask IEM to fill ""General Vulnerability & Impact"" in the workbook."
mny_table_no_data,HIGH,MNY 2.0 site,Local Actions card is empty on the Tornado page,"No Westchester action carries ""Tornado"" as its primary hazard type, so the hazard filter matches nothing. The workbook flags actions against this hazard in its own per-hazard columns, but those X marks were not rolled up into primary / secondary / tertiary hazard type when the Actions sheet was loaded.","Actions_Revised (internal_source/1029065/version/1074456) / workbook sheet ""Actions""",2448387,Tornado,https://westchester.mitigateny.org/the_risk/natural_hazards/tornado,2449697,(untitled),63,https://westchester.mitigateny.org/the_risk/natural_hazards/tornado#2449697,https://westchester.mitigateny.org/edit/the_risk/natural_hazards/tornado,0,,"Re-run the Actions load so the workbook per-hazard columns populate primary/secondary/tertiary hazard type, or add a calculated hazards branch to the filter the way the Capabilities tables have one."
mny_table_no_data,HIGH,MNY 2.0 site,Local Actions table is empty on the Tornado page,"No Westchester action carries ""Tornado"" as its primary hazard type, so the hazard filter matches nothing. The workbook flags actions against this hazard in its own per-hazard columns, but those X marks were not rolled up into primary / secondary / tertiary hazard type when the Actions sheet was loaded.","Actions_Revised (internal_source/1029065/version/1074456) / workbook sheet ""Actions""",2448387,Tornado,https://westchester.mitigateny.org/the_risk/natural_hazards/tornado,2449703,Local Actions Table,65,https://westchester.mitigateny.org/the_risk/natural_hazards/tornado#2449703,https://westchester.mitigateny.org/edit/the_risk/natural_hazards/tornado,0,,"Re-run the Actions load so the workbook per-hazard columns populate primary/secondary/tertiary hazard type, or add a calculated hazards branch to the filter the way the Capabilities tables have one."
mny_table_no_data,HIGH,MNY 2.0 site,Hazards-of-Concern summary card returns no rows on every hazard page,"It filters `geoid_juris` with the page geoid (36119). `geoid_juris` holds jurisdiction geoids, never a county geoid, so the match count is 0 of 844 Westchester rows. Its one value column, `general_vulnerability`, is also empty in IEM's workbook (0 of 678), so the card would still render blank once the filter is corrected.",Hazards_of_Concern (internal_source/1473470/version/1473471),2448390,Wildfire,https://westchester.mitigateny.org/the_risk/natural_hazards/wildfire,2452244,(untitled),2,https://westchester.mitigateny.org/the_risk/natural_hazards/wildfire#2452244,https://westchester.mitigateny.org/edit/the_risk/natural_hazards/wildfire,45,0,"Change the filter column from `geoid_juris` to `geoid_county`, and ask IEM to fill ""General Vulnerability & Impact"" in the workbook."
mny_table_no_data,HIGH,MNY 2.0 site,Hazards-of-Concern summary card returns no rows on every hazard page,"It filters `geoid_juris` with the page geoid (36119). `geoid_juris` holds jurisdiction geoids, never a county geoid, so the match count is 0 of 844 Westchester rows. Its one value column, `general_vulnerability`, is also empty in IEM's workbook (0 of 678), so the card would still render blank once the filter is corrected.",Hazards_of_Concern (internal_source/1473470/version/1473471),2448391,Wind,https://westchester.mitigateny.org/the_risk/natural_hazards/wind,2452241,(untitled),2,https://westchester.mitigateny.org/the_risk/natural_hazards/wind#2452241,https://westchester.mitigateny.org/edit/the_risk/natural_hazards/wind,45,0,"Change the filter column from `geoid_juris` to `geoid_county`, and ask IEM to fill ""General Vulnerability & Impact"" in the workbook."
mny_table_no_data,HIGH,MNY 2.0 site,The Actions Dashboard reports only 7 hazards across 545 actions,"Live on 10 Sep 2026 the ""Hazards identified"" panel reads Flooding 356, Most/all hazards 120, Snowstorm 34, Extreme Heat 6, Wildfire 5, Earthquake 1, Hurricane 1. Coastal Hazards, Ice Storm, Tornado, Hail, Drought, Landslide, Lightning, Wind and Extreme Cold are all zero, although the IEM workbook flags between 16 and 175 actions against each of them. Same root cause as the hazard-rollup row.",Actions_Revised (internal_source/1029065/version/1074456),2448371,Actions Dashboard,https://westchester.mitigateny.org/track_progress/actions_dashboard,,,,,https://westchester.mitigateny.org/edit/track_progress/actions_dashboard,14 hazards tagged in the workbook,7 hazards on the dashboard,Fix the Actions hazard rollup; the dashboard needs no change of its own.
mny_table_no_data,HIGH,MNY 2.0 site,Local Actions by Progress Status card returns no rows,"`county_geoid` is stored as a JSON array ([""36119""]) in the Actions source. On this component the column is not typed `multiselect`, so the filter does a plain text match against the scalar 36119 and never matches. On the hazard pages the same column IS typed multiselect and matches correctly.",Actions_Revised (internal_source/1029065/version/1074456),2448378,Actions Database,https://westchester.mitigateny.org/track_progress/actions_database,2454886,Local Actions by Progress Status,3,https://westchester.mitigateny.org/track_progress/actions_database#2454886,https://westchester.mitigateny.org/edit/track_progress/actions_database,1095,0,Set the `county_geoid` column type to `multiselect` on this component so the server uses array_contains.
mny_table_partial_data,HIGH,MNY 2.0 site,Hazards-of-Concern jurisdictional table renders 45 rows but four of its columns are blank,"The rows arrive correctly (45, one per jurisdiction). Blank in every row because they are blank in IEM's workbook: General Vulnerability & Impact 0/678, Local Vulnerability & Impact - Buildings 0/678, - Infrastructure 0/678, - Natural Environment 0/678. Only ""- People and Communities"" (434/678) came through. The workbook header for General Vulnerability points at a SharePoint community-insights summary that was never pulled in.",Hazards_of_Concern (internal_source/1473470/version/1473471),2448386,Avalanche,https://westchester.mitigateny.org/the_risk/natural_hazards/avalanche,2454760,(untitled),40,https://westchester.mitigateny.org/the_risk/natural_hazards/avalanche#2454760,https://westchester.mitigateny.org/edit/the_risk/natural_hazards/avalanche,45,,"Ask IEM to populate the four vulnerability columns in the workbook, then reload the Hazards of Concern sheet. No platform change needed."
mny_table_partial_data,HIGH,MNY 2.0 site,Hazards-of-Concern jurisdictional table renders 45 rows but four of its columns are blank,"The rows arrive correctly (45, one per jurisdiction). Blank in every row because they are blank in IEM's workbook: General Vulnerability & Impact 0/678, Local Vulnerability & Impact - Buildings 0/678, - Infrastructure 0/678, - Natural Environment 0/678. Only ""- People and Communities"" (434/678) came through. The workbook header for General Vulnerability points at a SharePoint community-insights summary that was never pulled in.",Hazards_of_Concern (internal_source/1473470/version/1473471),2448355,Coastal Hazards,https://westchester.mitigateny.org/the_risk/natural_hazards/coastal_hazards,2462474,(untitled),41,https://westchester.mitigateny.org/the_risk/natural_hazards/coastal_hazards#2462474,https://westchester.mitigateny.org/edit/the_risk/natural_hazards/coastal_hazards,45,,"Ask IEM to populate the four vulnerability columns in the workbook, then reload the Hazards of Concern sheet. No platform change needed."
mny_table_partial_data,HIGH,MNY 2.0 site,Hazards-of-Concern jurisdictional table renders 45 rows but four of its columns are blank,"The rows arrive correctly (45, one per jurisdiction). Blank in every row because they are blank in IEM's workbook: General Vulnerability & Impact 0/678, Local Vulnerability & Impact - Buildings 0/678, - Infrastructure 0/678, - Natural Environment 0/678. Only ""- People and Communities"" (434/678) came through. The workbook header for General Vulnerability points at a SharePoint community-insights summary that was never pulled in.",Hazards_of_Concern (internal_source/1473470/version/1473471),2448356,Drought,https://westchester.mitigateny.org/the_risk/natural_hazards/drought,2462547,(untitled),40,https://westchester.mitigateny.org/the_risk/natural_hazards/drought#2462547,https://westchester.mitigateny.org/edit/the_risk/natural_hazards/drought,45,,"Ask IEM to populate the four vulnerability columns in the workbook, then reload the Hazards of Concern sheet. No platform change needed."
mny_table_partial_data,HIGH,MNY 2.0 site,Hazards-of-Concern jurisdictional table renders 45 rows but four of its columns are blank,"The rows arrive correctly (45, one per jurisdiction). Blank in every row because they are blank in IEM's workbook: General Vulnerability & Impact 0/678, Local Vulnerability & Impact - Buildings 0/678, - Infrastructure 0/678, - Natural Environment 0/678. Only ""- People and Communities"" (434/678) came through. The workbook header for General Vulnerability points at a SharePoint community-insights summary that was never pulled in.",Hazards_of_Concern (internal_source/1473470/version/1473471),2448343,Earthquake,https://westchester.mitigateny.org/the_risk/natural_hazards/earthquake,2462618,(untitled),40,https://westchester.mitigateny.org/the_risk/natural_hazards/earthquake#2462618,https://westchester.mitigateny.org/edit/the_risk/natural_hazards/earthquake,45,45,"Ask IEM to populate the four vulnerability columns in the workbook, then reload the Hazards of Concern sheet. No platform change needed."
mny_table_partial_data,HIGH,MNY 2.0 site,Hazards-of-Concern jurisdictional table renders 45 rows but four of its columns are blank,"The rows arrive correctly (45, one per jurisdiction). Blank in every row because they are blank in IEM's workbook: General Vulnerability & Impact 0/678, Local Vulnerability & Impact - Buildings 0/678, - Infrastructure 0/678, - Natural Environment 0/678. Only ""- People and Communities"" (434/678) came through. The workbook header for General Vulnerability points at a SharePoint community-insights summary that was never pulled in.",Hazards_of_Concern (internal_source/1473470/version/1473471),2448347,Extreme Cold,https://westchester.mitigateny.org/the_risk/natural_hazards/extreme_cold,2462683,(untitled),40,https://westchester.mitigateny.org/the_risk/natural_hazards/extreme_cold#2462683,https://westchester.mitigateny.org/edit/the_risk/natural_hazards/extreme_cold,45,,"Ask IEM to populate the four vulnerability columns in the workbook, then reload the Hazards of Concern sheet. No platform change needed."
mny_table_partial_data,HIGH,MNY 2.0 site,Hazards-of-Concern jurisdictional table renders 45 rows but four of its columns are blank,"The rows arrive correctly (45, one per jurisdiction). Blank in every row because they are blank in IEM's workbook: General Vulnerability & Impact 0/678, Local Vulnerability & Impact - Buildings 0/678, - Infrastructure 0/678, - Natural Environment 0/678. Only ""- People and Communities"" (434/678) came through. The workbook header for General Vulnerability points at a SharePoint community-insights summary that was never pulled in.",Hazards_of_Concern (internal_source/1473470/version/1473471),2448393,Extreme Heat,https://westchester.mitigateny.org/the_risk/natural_hazards/extreme_heat,2462765,(untitled),40,https://westchester.mitigateny.org/the_risk/natural_hazards/extreme_heat#2462765,https://westchester.mitigateny.org/edit/the_risk/natural_hazards/extreme_heat,45,,"Ask IEM to populate the four vulnerability columns in the workbook, then reload the Hazards of Concern sheet. No platform change needed."
mny_table_partial_data,HIGH,MNY 2.0 site,Hazards-of-Concern jurisdictional table renders 45 rows but four of its columns are blank,"The rows arrive correctly (45, one per jurisdiction). Blank in every row because they are blank in IEM's workbook: General Vulnerability & Impact 0/678, Local Vulnerability & Impact - Buildings 0/678, - Infrastructure 0/678, - Natural Environment 0/678. Only ""- People and Communities"" (434/678) came through. The workbook header for General Vulnerability points at a SharePoint community-insights summary that was never pulled in.",Hazards_of_Concern (internal_source/1473470/version/1473471),2448350,Flooding,https://westchester.mitigateny.org/the_risk/natural_hazards/flooding,2462927,(untitled),41,https://westchester.mitigateny.org/the_risk/natural_hazards/flooding#2462927,https://westchester.mitigateny.org/edit/the_risk/natural_hazards/flooding,45,45,"Ask IEM to populate the four vulnerability columns in the workbook, then reload the Hazards of Concern sheet. No platform change needed."
mny_table_partial_data,HIGH,MNY 2.0 site,Hazards-of-Concern jurisdictional table renders 45 rows but four of its columns are blank,"The rows arrive correctly (45, one per jurisdiction). Blank in every row because they are blank in IEM's workbook: General Vulnerability & Impact 0/678, Local Vulnerability & Impact - Buildings 0/678, - Infrastructure 0/678, - Natural Environment 0/678. Only ""- People and Communities"" (434/678) came through. The workbook header for General Vulnerability points at a SharePoint community-insights summary that was never pulled in.",Hazards_of_Concern (internal_source/1473470/version/1473471),2448348,Hail,https://westchester.mitigateny.org/the_risk/natural_hazards/hail,2463006,(untitled),40,https://westchester.mitigateny.org/the_risk/natural_hazards/hail#2463006,https://westchester.mitigateny.org/edit/the_risk/natural_hazards/hail,45,45,"Ask IEM to populate the four vulnerability columns in the workbook, then reload the Hazards of Concern sheet. No platform change needed."
mny_table_partial_data,HIGH,MNY 2.0 site,Hazards-of-Concern jurisdictional table renders 45 rows but four of its columns are blank,"The rows arrive correctly (45, one per jurisdiction). Blank in every row because they are blank in IEM's workbook: General Vulnerability & Impact 0/678, Local Vulnerability & Impact - Buildings 0/678, - Infrastructure 0/678, - Natural Environment 0/678. Only ""- People and Communities"" (434/678) came through. The workbook header for General Vulnerability points at a SharePoint community-insights summary that was never pulled in.",Hazards_of_Concern (internal_source/1473470/version/1473471),2448394,Hurricane,https://westchester.mitigateny.org/the_risk/natural_hazards/hurricane,2451483,(untitled),41,https://westchester.mitigateny.org/the_risk/natural_hazards/hurricane#2451483,https://westchester.mitigateny.org/edit/the_risk/natural_hazards/hurricane,45,,"Ask IEM to populate the four vulnerability columns in the workbook, then reload the Hazards of Concern sheet. No platform change needed."
mny_table_partial_data,HIGH,MNY 2.0 site,Hazards-of-Concern jurisdictional table renders 45 rows but four of its columns are blank,"The rows arrive correctly (45, one per jurisdiction). Blank in every row because they are blank in IEM's workbook: General Vulnerability & Impact 0/678, Local Vulnerability & Impact - Buildings 0/678, - Infrastructure 0/678, - Natural Environment 0/678. Only ""- People and Communities"" (434/678) came through. The workbook header for General Vulnerability points at a SharePoint community-insights summary that was never pulled in.",Hazards_of_Concern (internal_source/1473470/version/1473471),2448357,Ice Storm,https://westchester.mitigateny.org/the_risk/natural_hazards/ice_storm,2463083,(untitled),40,https://westchester.mitigateny.org/the_risk/natural_hazards/ice_storm#2463083,https://westchester.mitigateny.org/edit/the_risk/natural_hazards/ice_storm,45,,"Ask IEM to populate the four vulnerability columns in the workbook, then reload the Hazards of Concern sheet. No platform change needed."
mny_table_partial_data,HIGH,MNY 2.0 site,Hazards-of-Concern jurisdictional table renders 45 rows but four of its columns are blank,"The rows arrive correctly (45, one per jurisdiction). Blank in every row because they are blank in IEM's workbook: General Vulnerability & Impact 0/678, Local Vulnerability & Impact - Buildings 0/678, - Infrastructure 0/678, - Natural Environment 0/678. Only ""- People and Communities"" (434/678) came through. The workbook header for General Vulnerability points at a SharePoint community-insights summary that was never pulled in.",Hazards_of_Concern (internal_source/1473470/version/1473471),2448358,Landslide,https://westchester.mitigateny.org/the_risk/natural_hazards/landslide,2466057,(untitled),40,https://westchester.mitigateny.org/the_risk/natural_hazards/landslide#2466057,https://westchester.mitigateny.org/edit/the_risk/natural_hazards/landslide,45,,"Ask IEM to populate the four vulnerability columns in the workbook, then reload the Hazards of Concern sheet. No platform change needed."
mny_table_partial_data,HIGH,MNY 2.0 site,Hazards-of-Concern jurisdictional table renders 45 rows but four of its columns are blank,"The rows arrive correctly (45, one per jurisdiction). Blank in every row because they are blank in IEM's workbook: General Vulnerability & Impact 0/678, Local Vulnerability & Impact - Buildings 0/678, - Infrastructure 0/678, - Natural Environment 0/678. Only ""- People and Communities"" (434/678) came through. The workbook header for General Vulnerability points at a SharePoint community-insights summary that was never pulled in.",Hazards_of_Concern (internal_source/1473470/version/1473471),2448349,Lightning,https://westchester.mitigateny.org/the_risk/natural_hazards/lightning,2466053,(untitled),40,https://westchester.mitigateny.org/the_risk/natural_hazards/lightning#2466053,https://westchester.mitigateny.org/edit/the_risk/natural_hazards/lightning,45,,"Ask IEM to populate the four vulnerability columns in the workbook, then reload the Hazards of Concern sheet. No platform change needed."
mny_table_partial_data,HIGH,MNY 2.0 site,Hazards-of-Concern jurisdictional table renders 45 rows but four of its columns are blank,"The rows arrive correctly (45, one per jurisdiction). Blank in every row because they are blank in IEM's workbook: General Vulnerability & Impact 0/678, Local Vulnerability & Impact - Buildings 0/678, - Infrastructure 0/678, - Natural Environment 0/678. Only ""- People and Communities"" (434/678) came through. The workbook header for General Vulnerability points at a SharePoint community-insights summary that was never pulled in.",Hazards_of_Concern (internal_source/1473470/version/1473471),2448346,Snowstorm,https://westchester.mitigateny.org/the_risk/natural_hazards/snowstorm,2466060,(untitled),39,https://westchester.mitigateny.org/the_risk/natural_hazards/snowstorm#2466060,https://westchester.mitigateny.org/edit/the_risk/natural_hazards/snowstorm,45,,"Ask IEM to populate the four vulnerability columns in the workbook, then reload the Hazards of Concern sheet. No platform change needed."
mny_table_partial_data,HIGH,MNY 2.0 site,Hazards-of-Concern jurisdictional table renders 45 rows but four of its columns are blank,"The rows arrive correctly (45, one per jurisdiction). Blank in every row because they are blank in IEM's workbook: General Vulnerability & Impact 0/678, Local Vulnerability & Impact - Buildings 0/678, - Infrastructure 0/678, - Natural Environment 0/678. Only ""- People and Communities"" (434/678) came through. The workbook header for General Vulnerability points at a SharePoint community-insights summary that was never pulled in.",Hazards_of_Concern (internal_source/1473470/version/1473471),2448387,Tornado,https://westchester.mitigateny.org/the_risk/natural_hazards/tornado,2463464,(untitled),40,https://westchester.mitigateny.org/the_risk/natural_hazards/tornado#2463464,https://westchester.mitigateny.org/edit/the_risk/natural_hazards/tornado,45,,"Ask IEM to populate the four vulnerability columns in the workbook, then reload the Hazards of Concern sheet. No platform change needed."
mny_table_partial_data,HIGH,MNY 2.0 site,Hazards-of-Concern jurisdictional table renders 45 rows but four of its columns are blank,"The rows arrive correctly (45, one per jurisdiction). Blank in every row because they are blank in IEM's workbook: General Vulnerability & Impact 0/678, Local Vulnerability & Impact - Buildings 0/678, - Infrastructure 0/678, - Natural Environment 0/678. Only ""- People and Communities"" (434/678) came through. The workbook header for General Vulnerability points at a SharePoint community-insights summary that was never pulled in.",Hazards_of_Concern (internal_source/1473470/version/1473471),2448390,Wildfire,https://westchester.mitigateny.org/the_risk/natural_hazards/wildfire,2463544,(untitled),40,https://westchester.mitigateny.org/the_risk/natural_hazards/wildfire#2463544,https://westchester.mitigateny.org/edit/the_risk/natural_hazards/wildfire,45,,"Ask IEM to populate the four vulnerability columns in the workbook, then reload the Hazards of Concern sheet. No platform change needed."
mny_table_partial_data,HIGH,MNY 2.0 site,Hazards-of-Concern jurisdictional table renders 45 rows but four of its columns are blank,"The rows arrive correctly (45, one per jurisdiction). Blank in every row because they are blank in IEM's workbook: General Vulnerability & Impact 0/678, Local Vulnerability & Impact - Buildings 0/678, - Infrastructure 0/678, - Natural Environment 0/678. Only ""- People and Communities"" (434/678) came through. The workbook header for General Vulnerability points at a SharePoint community-insights summary that was never pulled in.",Hazards_of_Concern (internal_source/1473470/version/1473471),2448391,Wind,https://westchester.mitigateny.org/the_risk/natural_hazards/wind,2463629,(untitled),37,https://westchester.mitigateny.org/the_risk/natural_hazards/wind#2463629,https://westchester.mitigateny.org/edit/the_risk/natural_hazards/wind,45,,"Ask IEM to populate the four vulnerability columns in the workbook, then reload the Hazards of Concern sheet. No platform change needed."
iem_source_gap_baseplan,MEDIUM,MNY 2.0 site,Blank “Local Context” box,"IEM's plan has “Local Context” 30×, 28 with prose — none of them for this hazard/page","base plan heading inventory (722 headings, 197 with prose)",2448342,Natural Environment,https://westchester.mitigateny.org/the_local_environment/natural_environment,2449796,Local Context,15,https://westchester.mitigateny.org/the_local_environment/natural_environment#2449796,https://westchester.mitigateny.org/edit/the_local_environment/natural_environment,,,Ask IEM whether this page was intentionally skipped.
iem_source_gap_baseplan,MEDIUM,MNY 2.0 site,Blank “Declarations and Their Effects on the County” box,"IEM's plan has “Declarations and Their Effects on the County” 16×, 13 with prose — none of them for this hazard/page","base plan heading inventory (722 headings, 197 with prose)",2448386,Avalanche,https://westchester.mitigateny.org/the_risk/natural_hazards/avalanche,2454748,Declarations and Their Effects on the County,28,https://westchester.mitigateny.org/the_risk/natural_hazards/avalanche#2454748,https://westchester.mitigateny.org/edit/the_risk/natural_hazards/avalanche,,,Ask IEM whether this page was intentionally skipped.
iem_source_gap_baseplan,MEDIUM,MNY 2.0 site,Blank “Featured Event” box,"IEM's plan has “Featured Event” 16×, 12 with prose — none of them for this hazard/page","base plan heading inventory (722 headings, 197 with prose)",2448386,Avalanche,https://westchester.mitigateny.org/the_risk/natural_hazards/avalanche,2454749,Featured Event,33,https://westchester.mitigateny.org/the_risk/natural_hazards/avalanche#2454749,https://westchester.mitigateny.org/edit/the_risk/natural_hazards/avalanche,,,Ask IEM whether this page was intentionally skipped.
iem_source_gap_baseplan,MEDIUM,MNY 2.0 site,Blank “County Assessment” box,"IEM's plan has “County Assessment” 15×, 14 with prose — none of them for this hazard/page","base plan heading inventory (722 headings, 197 with prose)",2448386,Avalanche,https://westchester.mitigateny.org/the_risk/natural_hazards/avalanche,2454754,County Assessment,36,https://westchester.mitigateny.org/the_risk/natural_hazards/avalanche#2454754,https://westchester.mitigateny.org/edit/the_risk/natural_hazards/avalanche,,,Ask IEM whether this page was intentionally skipped.
iem_source_gap_baseplan,MEDIUM,MNY 2.0 site,Blank “Jurisdictional Assessment” box,"IEM's plan has “Jurisdictional Assessment” 16×, 15 with prose — none of them for this hazard/page","base plan heading inventory (722 headings, 197 with prose)",2448386,Avalanche,https://westchester.mitigateny.org/the_risk/natural_hazards/avalanche,2454758,Jurisdictional Assessment,39,https://westchester.mitigateny.org/the_risk/natural_hazards/avalanche#2454758,https://westchester.mitigateny.org/edit/the_risk/natural_hazards/avalanche,,,Ask IEM whether this page was intentionally skipped.
iem_source_gap_baseplan,MEDIUM,MNY 2.0 site,Blank “Built Environment - Local Risk Summary” box,"IEM's plan has “Built Environment: Local Risk Summary” 16×, 15 with prose — none of them for this hazard/page","base plan heading inventory (722 headings, 197 with prose)",2448386,Avalanche,https://westchester.mitigateny.org/the_risk/natural_hazards/avalanche,2466037,Built Environment - Local Risk Summary,46,https://westchester.mitigateny.org/the_risk/natural_hazards/avalanche#2466037,https://westchester.mitigateny.org/edit/the_risk/natural_hazards/avalanche,,,Ask IEM whether this page was intentionally skipped.
iem_source_gap_baseplan,MEDIUM,MNY 2.0 site,Blank “People and Communities - Local Risk Summary” box,"IEM's plan has “People and Communities: Local Risk Summary” 16×, 15 with prose — none of them for this hazard/page","base plan heading inventory (722 headings, 197 with prose)",2448386,Avalanche,https://westchester.mitigateny.org/the_risk/natural_hazards/avalanche,2466039,People and Communities - Local Risk Summary,49,https://westchester.mitigateny.org/the_risk/natural_hazards/avalanche#2466039,https://westchester.mitigateny.org/edit/the_risk/natural_hazards/avalanche,,,Ask IEM whether this page was intentionally skipped.
iem_source_gap_baseplan,MEDIUM,MNY 2.0 site,Blank “Natural Environment - Local Risk Summary” box,"IEM's plan has “Natural Environment: Local Risk Summary” 16×, 15 with prose — none of them for this hazard/page","base plan heading inventory (722 headings, 197 with prose)",2448386,Avalanche,https://westchester.mitigateny.org/the_risk/natural_hazards/avalanche,2454777,Natural Environment - Local Risk Summary,52,https://westchester.mitigateny.org/the_risk/natural_hazards/avalanche#2454777,https://westchester.mitigateny.org/edit/the_risk/natural_hazards/avalanche,,,Ask IEM whether this page was intentionally skipped.
iem_source_gap_baseplan,MEDIUM,MNY 2.0 site,Blank “Local Capabilities” box,"IEM's plan has “Local Capabilities” 16×, 1 with prose — none of them for this hazard/page","base plan heading inventory (722 headings, 197 with prose)",2448386,Avalanche,https://westchester.mitigateny.org/the_risk/natural_hazards/avalanche,2454784,Local Capabilities,57,https://westchester.mitigateny.org/the_risk/natural_hazards/avalanche#2454784,https://westchester.mitigateny.org/edit/the_risk/natural_hazards/avalanche,,,Ask IEM whether this page was intentionally skipped.
iem_source_gap_baseplan,MEDIUM,MNY 2.0 site,Blank “Local Capabilities” box,"IEM's plan has “Local Capabilities” 16×, 1 with prose — none of them for this hazard/page","base plan heading inventory (722 headings, 197 with prose)",2448355,Coastal Hazards,https://westchester.mitigateny.org/the_risk/natural_hazards/coastal_hazards,2450531,Local Capabilities,58,https://westchester.mitigateny.org/the_risk/natural_hazards/coastal_hazards#2450531,https://westchester.mitigateny.org/edit/the_risk/natural_hazards/coastal_hazards,,,Ask IEM whether this page was intentionally skipped.
iem_source_gap_baseplan,MEDIUM,MNY 2.0 site,Blank “Local Capabilities” box,"IEM's plan has “Local Capabilities” 16×, 1 with prose — none of them for this hazard/page","base plan heading inventory (722 headings, 197 with prose)",2448356,Drought,https://westchester.mitigateny.org/the_risk/natural_hazards/drought,2451438,Local Capabilities,57,https://westchester.mitigateny.org/the_risk/natural_hazards/drought#2451438,https://westchester.mitigateny.org/edit/the_risk/natural_hazards/drought,,,Ask IEM whether this page was intentionally skipped.
iem_source_gap_baseplan,MEDIUM,MNY 2.0 site,Blank “Local Capabilities” box,"IEM's plan has “Local Capabilities” 16×, 1 with prose — none of them for this hazard/page","base plan heading inventory (722 headings, 197 with prose)",2448343,Earthquake,https://westchester.mitigateny.org/the_risk/natural_hazards/earthquake,2450932,Local Capabilities,57,https://westchester.mitigateny.org/the_risk/natural_hazards/earthquake#2450932,https://westchester.mitigateny.org/edit/the_risk/natural_hazards/earthquake,,,Ask IEM whether this page was intentionally skipped.
iem_source_gap_baseplan,MEDIUM,MNY 2.0 site,Blank “Local Capabilities” box,"IEM's plan has “Local Capabilities” 16×, 1 with prose — none of them for this hazard/page","base plan heading inventory (722 headings, 197 with prose)",2448393,Extreme Heat,https://westchester.mitigateny.org/the_risk/natural_hazards/extreme_heat,2451330,Local Capabilities,57,https://westchester.mitigateny.org/the_risk/natural_hazards/extreme_heat#2451330,https://westchester.mitigateny.org/edit/the_risk/natural_hazards/extreme_heat,,,Ask IEM whether this page was intentionally skipped.
iem_source_gap_baseplan,MEDIUM,MNY 2.0 site,Blank “Local Capabilities” box,"IEM's plan has “Local Capabilities” 16×, 1 with prose — none of them for this hazard/page","base plan heading inventory (722 headings, 197 with prose)",2448350,Flooding,https://westchester.mitigateny.org/the_risk/natural_hazards/flooding,2450699,Local Capabilities,62,https://westchester.mitigateny.org/the_risk/natural_hazards/flooding#2450699,https://westchester.mitigateny.org/edit/the_risk/natural_hazards/flooding,,,Ask IEM whether this page was intentionally skipped.
iem_source_gap_baseplan,MEDIUM,MNY 2.0 site,Blank “Local Capabilities” box,"IEM's plan has “Local Capabilities” 16×, 1 with prose — none of them for this hazard/page","base plan heading inventory (722 headings, 197 with prose)",2448348,Hail,https://westchester.mitigateny.org/the_risk/natural_hazards/hail,2451377,Local Capabilities,57,https://westchester.mitigateny.org/the_risk/natural_hazards/hail#2451377,https://westchester.mitigateny.org/edit/the_risk/natural_hazards/hail,,,Ask IEM whether this page was intentionally skipped.
iem_source_gap_baseplan,MEDIUM,MNY 2.0 site,Blank “Local Capabilities” box,"IEM's plan has “Local Capabilities” 16×, 1 with prose — none of them for this hazard/page","base plan heading inventory (722 headings, 197 with prose)",2448394,Hurricane,https://westchester.mitigateny.org/the_risk/natural_hazards/hurricane,2451498,Local Capabilities,58,https://westchester.mitigateny.org/the_risk/natural_hazards/hurricane#2451498,https://westchester.mitigateny.org/edit/the_risk/natural_hazards/hurricane,,,Ask IEM whether this page was intentionally skipped.
iem_source_gap_baseplan,MEDIUM,MNY 2.0 site,Blank “Local Capabilities” box,"IEM's plan has “Local Capabilities” 16×, 1 with prose — none of them for this hazard/page","base plan heading inventory (722 headings, 197 with prose)",2448357,Ice Storm,https://westchester.mitigateny.org/the_risk/natural_hazards/ice_storm,2451837,Local Capabilities,57,https://westchester.mitigateny.org/the_risk/natural_hazards/ice_storm#2451837,https://westchester.mitigateny.org/edit/the_risk/natural_hazards/ice_storm,,,Ask IEM whether this page was intentionally skipped.
iem_source_gap_baseplan,MEDIUM,MNY 2.0 site,Blank “Local Capabilities” box,"IEM's plan has “Local Capabilities” 16×, 1 with prose — none of them for this hazard/page","base plan heading inventory (722 headings, 197 with prose)",2448358,Landslide,https://westchester.mitigateny.org/the_risk/natural_hazards/landslide,2451720,Local Capabilities,57,https://westchester.mitigateny.org/the_risk/natural_hazards/landslide#2451720,https://westchester.mitigateny.org/edit/the_risk/natural_hazards/landslide,,,Ask IEM whether this page was intentionally skipped.
iem_source_gap_baseplan,MEDIUM,MNY 2.0 site,Blank “Local Capabilities” box,"IEM's plan has “Local Capabilities” 16×, 1 with prose — none of them for this hazard/page","base plan heading inventory (722 headings, 197 with prose)",2448349,Lightning,https://westchester.mitigateny.org/the_risk/natural_hazards/lightning,2451765,Local Capabilities,57,https://westchester.mitigateny.org/the_risk/natural_hazards/lightning#2451765,https://westchester.mitigateny.org/edit/the_risk/natural_hazards/lightning,,,Ask IEM whether this page was intentionally skipped.
iem_source_gap_baseplan,MEDIUM,MNY 2.0 site,Blank “Local Capabilities” box,"IEM's plan has “Local Capabilities” 16×, 1 with prose — none of them for this hazard/page","base plan heading inventory (722 headings, 197 with prose)",2448346,Snowstorm,https://westchester.mitigateny.org/the_risk/natural_hazards/snowstorm,2452229,Local Capabilities,56,https://westchester.mitigateny.org/the_risk/natural_hazards/snowstorm#2452229,https://westchester.mitigateny.org/edit/the_risk/natural_hazards/snowstorm,,,Ask IEM whether this page was intentionally skipped.
iem_source_gap_baseplan,MEDIUM,MNY 2.0 site,Blank “Declarations and Their Effects on the County” box,"IEM's plan has “Declarations and Their Effects on the County” 16×, 13 with prose — none of them for this hazard/page","base plan heading inventory (722 headings, 197 with prose)",2448387,Tornado,https://westchester.mitigateny.org/the_risk/natural_hazards/tornado,2451800,Declarations and Their Effects on the County,28,https://westchester.mitigateny.org/the_risk/natural_hazards/tornado#2451800,https://westchester.mitigateny.org/edit/the_risk/natural_hazards/tornado,,,Ask IEM whether this page was intentionally skipped.
iem_source_gap_baseplan,MEDIUM,MNY 2.0 site,Blank “Featured Event” box,"IEM's plan has “Featured Event” 16×, 12 with prose — none of them for this hazard/page","base plan heading inventory (722 headings, 197 with prose)",2448387,Tornado,https://westchester.mitigateny.org/the_risk/natural_hazards/tornado,2452047,Featured Event,33,https://westchester.mitigateny.org/the_risk/natural_hazards/tornado#2452047,https://westchester.mitigateny.org/edit/the_risk/natural_hazards/tornado,,,Ask IEM whether this page was intentionally skipped.
iem_source_gap_baseplan,MEDIUM,MNY 2.0 site,Blank “Local Capabilities” box,"IEM's plan has “Local Capabilities” 16×, 1 with prose — none of them for this hazard/page","base plan heading inventory (722 headings, 197 with prose)",2448387,Tornado,https://westchester.mitigateny.org/the_risk/natural_hazards/tornado,2452066,Local Capabilities,57,https://westchester.mitigateny.org/the_risk/natural_hazards/tornado#2452066,https://westchester.mitigateny.org/edit/the_risk/natural_hazards/tornado,,,Ask IEM whether this page was intentionally skipped.
iem_source_gap_baseplan,MEDIUM,MNY 2.0 site,Blank “Featured Event” box,"IEM's plan has “Featured Event” 16×, 12 with prose — none of them for this hazard/page","base plan heading inventory (722 headings, 197 with prose)",2448390,Wildfire,https://westchester.mitigateny.org/the_risk/natural_hazards/wildfire,2452108,Featured Event,33,https://westchester.mitigateny.org/the_risk/natural_hazards/wildfire#2452108,https://westchester.mitigateny.org/edit/the_risk/natural_hazards/wildfire,,,Ask IEM whether this page was intentionally skipped.
iem_source_gap_baseplan,MEDIUM,MNY 2.0 site,Blank “Local Capabilities” box,"IEM's plan has “Local Capabilities” 16×, 1 with prose — none of them for this hazard/page","base plan heading inventory (722 headings, 197 with prose)",2448390,Wildfire,https://westchester.mitigateny.org/the_risk/natural_hazards/wildfire,2452121,Local Capabilities,57,https://westchester.mitigateny.org/the_risk/natural_hazards/wildfire#2452121,https://westchester.mitigateny.org/edit/the_risk/natural_hazards/wildfire,,,Ask IEM whether this page was intentionally skipped.
iem_source_gap_baseplan,MEDIUM,MNY 2.0 site,Blank “Declarations and Their Effects on the County” box,"IEM's plan has “Declarations and Their Effects on the County” 16×, 13 with prose — none of them for this hazard/page","base plan heading inventory (722 headings, 197 with prose)",2448391,Wind,https://westchester.mitigateny.org/the_risk/natural_hazards/wind,2452150,Declarations and Their Effects on the County,26,https://westchester.mitigateny.org/the_risk/natural_hazards/wind#2452150,https://westchester.mitigateny.org/edit/the_risk/natural_hazards/wind,,,Ask IEM whether this page was intentionally skipped.
iem_source_gap_baseplan,MEDIUM,MNY 2.0 site,Blank “Featured Event” box,"IEM's plan has “Featured Event” 16×, 12 with prose — none of them for this hazard/page","base plan heading inventory (722 headings, 197 with prose)",2448391,Wind,https://westchester.mitigateny.org/the_risk/natural_hazards/wind,2452152,Featured Event,30,https://westchester.mitigateny.org/the_risk/natural_hazards/wind#2452152,https://westchester.mitigateny.org/edit/the_risk/natural_hazards/wind,,,Ask IEM whether this page was intentionally skipped.
iem_source_gap_baseplan,MEDIUM,MNY 2.0 site,Blank “Local Capabilities” box,"IEM's plan has “Local Capabilities” 16×, 1 with prose — none of them for this hazard/page","base plan heading inventory (722 headings, 197 with prose)",2448391,Wind,https://westchester.mitigateny.org/the_risk/natural_hazards/wind,2452164,Local Capabilities,54,https://westchester.mitigateny.org/the_risk/natural_hazards/wind#2452164,https://westchester.mitigateny.org/edit/the_risk/natural_hazards/wind,,,Ask IEM whether this page was intentionally skipped.
iem_source_gap_baseplan,MEDIUM,MNY 2.0 site,Blank “Executive Summary” box,"IEM's plan has “Executive Summary” 5×, 4 with prose — none of them for this hazard/page","base plan heading inventory (722 headings, 197 with prose)",2448385,Track Progress,https://westchester.mitigateny.org/track_progress,2450116,Executive Summary,3,https://westchester.mitigateny.org/track_progress#2450116,https://westchester.mitigateny.org/edit/track_progress,,,Ask IEM whether this page was intentionally skipped.
mny_blank_data,MEDIUM,MNY 2.0 site,All four hhpd_* narrative columns are empty on all 225 Westchester dam rows,"NYS_Dams 1459525/1459528: 36 High Hazard, 41 Intermediate, 136 Low, 12 unassigned. hhpd_1 Risk Assessment Process, hhpd_2 Dam Risks and Failure Impact, hhpd_3 Mitigation Plan Goal, hhpd_4 Planned Mitigation Actions. Only hhpd_2 is bound by a visible component; hhpd_1 has show:false and hhpd_3 / hhpd_4 are bound by nothing.",internal_source/1459525/version/1459528,2448354,High Hazard Dams View Card,https://westchester.mitigateny.org/the_local_environment/high_hazard_dams/high_hazard_dams_view_card,,,,,https://westchester.mitigateny.org/edit/the_local_environment/high_hazard_dams/high_hazard_dams_view_card,,,"Decide whether to surface hhpd_1/_3/_4 before writing into them, then ask IEM for high-hazard-dam narrative. The annexes carry none."
mny_blank_section,MEDIUM,MNY 2.0 site,Blank “Organizational Structure - Planning Teams” box,no corresponding heading in IEM’s plan,"base plan heading inventory (722 headings, 197 with prose)",2448364,About the Process,https://westchester.mitigateny.org/the_plan/about_the_process,2449738,Organizational Structure - Planning Teams,8,https://westchester.mitigateny.org/the_plan/about_the_process#2449738,https://westchester.mitigateny.org/edit/the_plan/about_the_process,,,Organizational Structure - Planning Teams (order 8): doc [1888] has the heading but no prose. Leave empty; flag to the consultant - planning-team structure belongs here.
mny_blank_section,MEDIUM,MNY 2.0 site,Blank “Continued Public Engagement” box,no corresponding heading in IEM’s plan,"base plan heading inventory (722 headings, 197 with prose)",2448364,About the Process,https://westchester.mitigateny.org/the_plan/about_the_process,2449745,Continued Public Engagement,39,https://westchester.mitigateny.org/the_plan/about_the_process#2449745,https://westchester.mitigateny.org/edit/the_plan/about_the_process,,,Continued Public Engagement (order 39): the doc carries no matching prose. Leave empty; flag to the consultant (44 CFR 201.6(c)(4)(iii)).
mny_blank_section,MEDIUM,MNY 2.0 site,Blank “Change Log” box,no corresponding heading in IEM’s plan,"base plan heading inventory (722 headings, 197 with prose)",2448341,Annual Maintenance,https://westchester.mitigateny.org/track_progress/annual_maintenance,2452231,Change Log,4,https://westchester.mitigateny.org/track_progress/annual_maintenance#2452231,https://westchester.mitigateny.org/edit/track_progress/annual_maintenance,,,Annual Maintenance > Change Log: no doc source. Leave empty.
mny_config_defect,MEDIUM,MNY 2.0 site,Home page still carries a hard-coded geoid of 36105 (Sullivan County),"The pattern default was corrected to 36119, but this page keeps its own `geoid` page filter seeded to 36105. Checked live on 10 Sep 2026 and the rendered numbers are the correct county ones (the Actions Dashboard reports 545 county actions), so nothing is wrong on screen today. It is a live trap for the next person who edits a filter on either page.",pattern 2448336 page filters,2448367,Home,https://westchester.mitigateny.org/home,,,,,https://westchester.mitigateny.org/edit/home,,,"Set the page-level `geoid` filter to 36119, or delete it so the pattern default applies."
mny_config_defect,MEDIUM,MNY 2.0 site,"Actions filters reference `secondary_hazard_type`, a column the source does not have","The Actions source spells it `seondary_hazard_type`. Every Local Actions card and table on all 16 hazard pages carries the correctly-spelled name in the middle branch of its OR group, so that branch can never contribute.",Actions_Revised (internal_source/1029065/version/1074456),2448389,Natural Hazards,https://westchester.mitigateny.org/the_risk/natural_hazards,,,,,https://westchester.mitigateny.org/edit/the_risk/natural_hazards,,,Either rename the source column or point the filters at the existing name. A statewide fix.
mny_config_defect,MEDIUM,MNY 2.0 site,Actions Dashboard page still carries a hard-coded geoid of 36105 (Sullivan County),"The pattern default was corrected to 36119, but this page keeps its own `geoid` page filter seeded to 36105. Checked live on 10 Sep 2026 and the rendered numbers are the correct county ones (the Actions Dashboard reports 545 county actions), so nothing is wrong on screen today. It is a live trap for the next person who edits a filter on either page.",pattern 2448336 page filters,2448371,Actions Dashboard,https://westchester.mitigateny.org/track_progress/actions_dashboard,,,,,https://westchester.mitigateny.org/edit/track_progress/actions_dashboard,,,"Set the page-level `geoid` filter to 36119, or delete it so the pattern default applies."
mny_data_quality,MEDIUM,MNY 2.0 site,Two hazard vocabularies coexist in the Hazards of Concern data,"Of the 844 Westchester rows, 720 use the current title-case names (45 per hazard, one per jurisdiction) and about 79 are prior-cycle rows using lower-case codes: icestorm, coldwave, winterweat, riverine, heatwave, coastal, tsunami, plus lower-case hazard names. The hazard pages also carry a `hazards` page variable still set to the old codes (riverine on Flooding, winterweat on Snowstorm, coldwave on Extreme Cold). Today the components ignore it and use their own title-case seed, so the tables are right, but any future change that makes the page variable authoritative will empty them.",Hazards_of_Concern (internal_source/1473470/version/1473471),2448389,Natural Hazards,https://westchester.mitigateny.org/the_risk/natural_hazards,,,,,https://westchester.mitigateny.org/edit/the_risk/natural_hazards,,,"Retire the prior-cycle rows and update the `hazards` page variable to the current names before anything starts honouring it. Note ""Ice storm"" is stored with a lower-case s while the page variable hazards2 says ""Ice Storm""."
mny_table_no_data,MEDIUM,MNY 2.0 site,Local Funding Capabilities table returns no rows,"It filters `funding_source = ""x""`, a placeholder value that no record carries. 116 Westchester capability records have a funding_source value.",Capabilities_Catalogue (internal_source/1068273/version/1172519),2448362,Strategies,https://westchester.mitigateny.org/the_plan/strategies,2450079,Local Funding Capabilities,22,https://westchester.mitigateny.org/the_plan/strategies#2450079,https://westchester.mitigateny.org/edit/the_plan/strategies,116,0,"Replace the placeholder filter value, or drop the clause."
mny_table_partial_data,MEDIUM,MNY 2.0 site,Capabilities table draws an unverified number of a possible 8 rows on the Coastal Hazards page,"8 Westchester capability records carry ""Coastal Hazards"" in a capability hazard-type column.",Capabilities_Catalogue (internal_source/1068273/version/1172519),2448355,Coastal Hazards,https://westchester.mitigateny.org/the_risk/natural_hazards/coastal_hazards,2463704,(untitled),60,https://westchester.mitigateny.org/the_risk/natural_hazards/coastal_hazards#2463704,https://westchester.mitigateny.org/edit/the_risk/natural_hazards/coastal_hazards,8,,Spot-check against the workbook. See also the capability-type spelling mismatch row.
mny_table_partial_data,MEDIUM,MNY 2.0 site,Capabilities table draws an unverified number of a possible 6 rows on the Drought page,"6 Westchester capability records carry ""Drought"" in a capability hazard-type column.",Capabilities_Catalogue (internal_source/1068273/version/1172519),2448356,Drought,https://westchester.mitigateny.org/the_risk/natural_hazards/drought,2459858,(untitled),59,https://westchester.mitigateny.org/the_risk/natural_hazards/drought#2459858,https://westchester.mitigateny.org/edit/the_risk/natural_hazards/drought,6,,Spot-check against the workbook. See also the capability-type spelling mismatch row.
mny_table_partial_data,MEDIUM,MNY 2.0 site,Capabilities table draws an unverified number of a possible 29 rows on the Extreme Heat page,"29 Westchester capability records carry ""Extreme Heat"" in a capability hazard-type column.",Capabilities_Catalogue (internal_source/1068273/version/1172519),2448393,Extreme Heat,https://westchester.mitigateny.org/the_risk/natural_hazards/extreme_heat,2464011,(untitled),59,https://westchester.mitigateny.org/the_risk/natural_hazards/extreme_heat#2464011,https://westchester.mitigateny.org/edit/the_risk/natural_hazards/extreme_heat,29,,Spot-check against the workbook. See also the capability-type spelling mismatch row.
mny_table_partial_data,MEDIUM,MNY 2.0 site,Capabilities table draws 43 of a possible 46 rows on the Flooding page,"46 Westchester capability records carry ""Flooding"" in a capability hazard-type column.",Capabilities_Catalogue (internal_source/1068273/version/1172519),2448350,Flooding,https://westchester.mitigateny.org/the_risk/natural_hazards/flooding,2464108,(untitled),64,https://westchester.mitigateny.org/the_risk/natural_hazards/flooding#2464108,https://westchester.mitigateny.org/edit/the_risk/natural_hazards/flooding,46,43,Spot-check against the workbook. See also the capability-type spelling mismatch row.
mny_table_partial_data,MEDIUM,MNY 2.0 site,Capabilities table draws 31 of a possible 31 rows on the Hail page,"31 Westchester capability records carry ""Hail"" in a capability hazard-type column.",Capabilities_Catalogue (internal_source/1068273/version/1172519),2448348,Hail,https://westchester.mitigateny.org/the_risk/natural_hazards/hail,2464207,(untitled),59,https://westchester.mitigateny.org/the_risk/natural_hazards/hail#2464207,https://westchester.mitigateny.org/edit/the_risk/natural_hazards/hail,31,31,Spot-check against the workbook. See also the capability-type spelling mismatch row.
mny_table_partial_data,MEDIUM,MNY 2.0 site,Capabilities table draws an unverified number of a possible 2 rows on the Lightning page,"2 Westchester capability records carry ""Lightning"" in a capability hazard-type column.",Capabilities_Catalogue (internal_source/1068273/version/1172519),2448349,Lightning,https://westchester.mitigateny.org/the_risk/natural_hazards/lightning,2464508,(untitled),59,https://westchester.mitigateny.org/the_risk/natural_hazards/lightning#2464508,https://westchester.mitigateny.org/edit/the_risk/natural_hazards/lightning,2,,Spot-check against the workbook. See also the capability-type spelling mismatch row.
mny_table_partial_data,MEDIUM,MNY 2.0 site,Capabilities table draws an unverified number of a possible 14 rows on the Tornado page,"14 Westchester capability records carry ""Tornado"" in a capability hazard-type column.",Capabilities_Catalogue (internal_source/1068273/version/1172519),2448387,Tornado,https://westchester.mitigateny.org/the_risk/natural_hazards/tornado,2464661,(untitled),59,https://westchester.mitigateny.org/the_risk/natural_hazards/tornado#2464661,https://westchester.mitigateny.org/edit/the_risk/natural_hazards/tornado,14,,Spot-check against the workbook. See also the capability-type spelling mismatch row.
mny_table_partial_data,MEDIUM,MNY 2.0 site,Capabilities table draws an unverified number of a possible 2 rows on the Wildfire page,"2 Westchester capability records carry ""Wildfire"" in a capability hazard-type column.",Capabilities_Catalogue (internal_source/1068273/version/1172519),2448390,Wildfire,https://westchester.mitigateny.org/the_risk/natural_hazards/wildfire,2464682,(untitled),59,https://westchester.mitigateny.org/the_risk/natural_hazards/wildfire#2464682,https://westchester.mitigateny.org/edit/the_risk/natural_hazards/wildfire,2,,Spot-check against the workbook. See also the capability-type spelling mismatch row.
mny_table_partial_data,MEDIUM,MNY 2.0 site,Capabilities table draws an unverified number of a possible 2 rows on the Wind page,"2 Westchester capability records carry ""Wind"" in a capability hazard-type column.",Capabilities_Catalogue (internal_source/1068273/version/1172519),2448391,Wind,https://westchester.mitigateny.org/the_risk/natural_hazards/wind,2464806,(untitled),56,https://westchester.mitigateny.org/the_risk/natural_hazards/wind#2464806,https://westchester.mitigateny.org/edit/the_risk/natural_hazards/wind,2,,Spot-check against the workbook. See also the capability-type spelling mismatch row.
mny_unsurfaced_column,MEDIUM,MNY 2.0 site,Jurisdictions column `demographics_description` is bound to no component,"no Card on either annex page binds this column. The IEM annexes carry no prose for it either (14 of the 36 annex headings are 0 characters in all 45 files), so nothing is currently lost.",internal_source/1346449/version/1346450 column demographics_description,2448361,Select Jurisdiction,https://westchester.mitigateny.org/the_plan/jurisdictional_annexes/select_jurisdiction,,,,,https://westchester.mitigateny.org/edit/the_plan/jurisdictional_annexes/select_jurisdiction,,,"Leave unsurfaced unless IEM supplies the prose. Adding the Card is a county_template change, which constraint C1 puts out of scope."
mny_unsurfaced_column,MEDIUM,MNY 2.0 site,Jurisdictions column `nfip` is bound to no component,"no Card on either annex page binds this column. The IEM annexes carry no prose for it either (14 of the 36 annex headings are 0 characters in all 45 files), so nothing is currently lost.",internal_source/1346449/version/1346450 column nfip,2448361,Select Jurisdiction,https://westchester.mitigateny.org/the_plan/jurisdictional_annexes/select_jurisdiction,,,,,https://westchester.mitigateny.org/edit/the_plan/jurisdictional_annexes/select_jurisdiction,,,"Leave unsurfaced unless IEM supplies the prose. Adding the Card is a county_template change, which constraint C1 puts out of scope."
mny_unsurfaced_column,MEDIUM,MNY 2.0 site,Jurisdictions column `lhmp_dams` is bound to no component,"no Card on either annex page binds this column; the real home for dam narrative is NYS_Dams 1459525/1459528 columns hhpd_1 to hhpd_4. The IEM annexes carry no prose for it either (14 of the 36 annex headings are 0 characters in all 45 files), so nothing is currently lost.",internal_source/1346449/version/1346450 column lhmp_dams,2448361,Select Jurisdiction,https://westchester.mitigateny.org/the_plan/jurisdictional_annexes/select_jurisdiction,,,,,https://westchester.mitigateny.org/edit/the_plan/jurisdictional_annexes/select_jurisdiction,,,"Leave unsurfaced unless IEM supplies the prose. Adding the Card is a county_template change, which constraint C1 puts out of scope."
iem_not_migrated_baseplan,LOW,IEM base plan,[569] H1 Formal Approval by FEMA,"230 ch, deliberately not transcribed. FEMA approval placeholder (""will be completed following review by DHSES and FEMA Region 2""). No content yet.",base plan block [569],,,,,,,,,,,"No action. Placeholder text, 44 CFR boilerplate the shared LHMP_IA cards already render, or a statewide glossary. Confirm with IEM only if they expected it on the site."
iem_not_migrated_baseplan,LOW,IEM base plan,[575] H2 Assurances of Continued Compliance with Federal Regulations,"1834 ch, deliberately not transcribed. Assurances of Continued Compliance - generic Stafford Act / DMA 2000 / 44 CFR 201 framing. Shared LHMP_IA cards cover this; do not transcribe.",base plan block [575],,,,,,,,,,,"No action. Placeholder text, 44 CFR boilerplate the shared LHMP_IA cards already render, or a statewide glossary. Confirm with IEM only if they expected it on the site."
iem_not_migrated_baseplan,LOW,IEM base plan,[580] H2 Letter from the Director,"2150 ch, deliberately not transcribed. D1-SO-5 DECIDED 2026-09-08 - SKIP at zero cost. [588] reads ""The County Executive transmittal letter and signature will be inserted in the final Plan"" - a drafting placeholder, so there is no final co",base plan block [580],,,,,,,,,,,"No action. Placeholder text, 44 CFR boilerplate the shared LHMP_IA cards already render, or a statewide glossary. Confirm with IEM only if they expected it on the site."
iem_not_migrated_baseplan,LOW,IEM base plan,[842] H4 Risk Assessment Terms,"888 ch, deliberately not transcribed. D1-SO-6 DECIDED 2026-09-08 - SKIP per county. The five definitions (hazard / exposure / vulnerability / consequence / risk) are identical for all 62 counties; loading them into a county slot puts plat",base plan block [842],,,,,,,,,,,"No action. Placeholder text, 44 CFR boilerplate the shared LHMP_IA cards already render, or a statewide glossary. Confirm with IEM only if they expected it on the site."
iem_not_migrated_baseplan,LOW,IEM base plan,[878] H4 Countywide Hazard Summary Matrix,"284 ch, deliberately not transcribed. Countywide Hazard Summary Matrix - a source-citation line for a table the platform renders itself. Do not transcribe.",base plan block [878],,,,,,,,,,,"No action. Placeholder text, 44 CFR boilerplate the shared LHMP_IA cards already render, or a statewide glossary. Confirm with IEM only if they expected it on the site."
iem_not_migrated_baseplan,LOW,IEM base plan,[1956] H1 Appendix A: Plan Adoption Documentation,"157 ch, deliberately not transcribed. Appendix A placeholder (one sentence, ""as those materials are completed""). Appendices are document artifacts, not pattern content.",base plan block [1956],,,,,,,,,,,"No action. Placeholder text, 44 CFR boilerplate the shared LHMP_IA cards already render, or a statewide glossary. Confirm with IEM only if they expected it on the site."
iem_not_migrated_baseplan,LOW,IEM base plan,[1958] H2 Adoption Resolutions,"100 ch, deliberately not transcribed. Appendix A > Adoption Resolutions placeholder.",base plan block [1958],,,,,,,,,,,"No action. Placeholder text, 44 CFR boilerplate the shared LHMP_IA cards already render, or a statewide glossary. Confirm with IEM only if they expected it on the site."
iem_not_migrated_baseplan,LOW,IEM base plan,[1960] H3 Participating-Jurisdiction Adoption Status,"138 ch, deliberately not transcribed. Appendix A > Participating-Jurisdiction Adoption Status placeholder.",base plan block [1960],,,,,,,,,,,"No action. Placeholder text, 44 CFR boilerplate the shared LHMP_IA cards already render, or a statewide glossary. Confirm with IEM only if they expected it on the site."
iem_not_migrated_baseplan,LOW,IEM base plan,[1962] H4 FEMA Approval Documentation,"122 ch, deliberately not transcribed. Appendix A > FEMA Approval Documentation placeholder.",base plan block [1962],,,,,,,,,,,"No action. Placeholder text, 44 CFR boilerplate the shared LHMP_IA cards already render, or a statewide glossary. Confirm with IEM only if they expected it on the site."
iem_not_migrated_baseplan,LOW,IEM base plan,[1964] H1 Appendix B: Public Comment Log and Response,"140 ch, deliberately not transcribed. Appendix B placeholder.",base plan block [1964],,,,,,,,,,,"No action. Placeholder text, 44 CFR boilerplate the shared LHMP_IA cards already render, or a statewide glossary. Confirm with IEM only if they expected it on the site."
iem_not_migrated_baseplan,LOW,IEM base plan,[594] Background: Stafford Act / DMA 2000 framing,44 CFR boilerplate; the shared LHMP_IA cards cover it.,base plan block [594],,,,,,,,,,,No action recommended. Raise with IEM only if they expect the duplicate wording on the site.
iem_not_migrated_baseplan,LOW,IEM base plan,[599] Background: 44 CFR 201 framing and Table 1,44 CFR boilerplate; the shared LHMP_IA cards cover it.,base plan block [599],,,,,,,,,,,No action recommended. Raise with IEM only if they expect the duplicate wording on the site.
iem_not_migrated_baseplan,LOW,IEM base plan,"[757] Open Space Parcel Statistics, table 760",A data table. The platform renders open-space statistics from the NYS Tax Parcels source (2449794).,base plan block [757],2448342,Natural Environment,https://westchester.mitigateny.org/the_local_environment/natural_environment,2449792,,,https://westchester.mitigateny.org/the_local_environment/natural_environment#2449792,https://westchester.mitigateny.org/edit/the_local_environment/natural_environment,,,No action recommended. Raise with IEM only if they expect the duplicate wording on the site.
iem_not_migrated_baseplan,LOW,IEM base plan,"[762] Westchester 2033 GIS open-space inventory, table 768","A data table, and it disagrees with table 760 in the same document (82,490.5 ac / 6,734 parcels vs ~70,000 ac, different category schemes).",base plan block [762],2448342,Natural Environment,https://westchester.mitigateny.org/the_local_environment/natural_environment,2464950,,,https://westchester.mitigateny.org/the_local_environment/natural_environment#2464950,https://westchester.mitigateny.org/edit/the_local_environment/natural_environment,,,No action recommended. Raise with IEM only if they expect the duplicate wording on the site.
iem_not_migrated_baseplan,LOW,IEM base plan,[564] Executive Summary para 2 (collaborative process / Planning Committee),"Duplicates [1881] which is already loaded into 2449737 (1,854 ch, county-specific).",base plan block [564],2448364,About the Process,https://westchester.mitigateny.org/the_plan/about_the_process,2449737,,,https://westchester.mitigateny.org/the_plan/about_the_process#2449737,https://westchester.mitigateny.org/edit/the_plan/about_the_process,,,No action recommended. Raise with IEM only if they expect the duplicate wording on the site.
iem_not_migrated_baseplan,LOW,IEM base plan,[1845] Capabilities Assessment Overview paras 2-5 (one line each on Planning and Regulatory / Administrative and Technical / Financial / Education and Outreach),"Pure navigation. The page renders those four as its own Cards, each with its own Local Context box.",base plan block [1845],2448392,Capabilities Assessment,https://westchester.mitigateny.org/the_plan/capabilities_assessment,2450060,,,https://westchester.mitigateny.org/the_plan/capabilities_assessment#2450060,https://westchester.mitigateny.org/edit/the_plan/capabilities_assessment,,,No action recommended. Raise with IEM only if they expect the duplicate wording on the site.
iem_not_migrated_baseplan,LOW,IEM base plan,[565] Executive Summary para 3 (what the risk assessment does),"Duplicates [838] which is already loaded into 2465617 (2,146 ch, county-specific).",base plan block [565],2448388,The Risk,https://westchester.mitigateny.org/the_risk,2465617,,,https://westchester.mitigateny.org/the_risk#2465617,https://westchester.mitigateny.org/edit/the_risk,,,No action recommended. Raise with IEM only if they expect the duplicate wording on the site.
iem_source_gap_annex,LOW,IEM annexes,"Annex box ""Additional Context (Municipal)"" is empty on all 45 jurisdictions","The IEM annexes carry the heading with no prose beneath it, so the column received nothing.",internal_source/1346449/version/1346450 column lhmp_municipal_profile_additional (annex-page order 29),2448361,Select Jurisdiction,https://westchester.mitigateny.org/the_plan/jurisdictional_annexes/select_jurisdiction,,,29,,https://westchester.mitigateny.org/edit/the_plan/jurisdictional_annexes/select_jurisdiction,,,Leave empty (owner decision D-A4).
iem_source_gap_annex,LOW,IEM annexes,"Annex box ""Cascading Impacts from Hazards"" is empty on all 45 jurisdictions","The IEM annexes carry the heading with no prose beneath it, so the column received nothing.",internal_source/1346449/version/1346450 column lhmp_cascading_impacts (annex-page order 49),2448361,Select Jurisdiction,https://westchester.mitigateny.org/the_plan/jurisdictional_annexes/select_jurisdiction,,,49,,https://westchester.mitigateny.org/edit/the_plan/jurisdictional_annexes/select_jurisdiction,,,Leave empty (owner decision D-A4).
iem_source_gap_annex,LOW,IEM annexes,"Annex box ""Other Hazards"" is empty on all 45 jurisdictions","The IEM annexes carry the heading with no prose beneath it, so the column received nothing.",internal_source/1346449/version/1346450 column lhmp_other_hazards (annex-page order 51),2448361,Select Jurisdiction,https://westchester.mitigateny.org/the_plan/jurisdictional_annexes/select_jurisdiction,,,51,,https://westchester.mitigateny.org/edit/the_plan/jurisdictional_annexes/select_jurisdiction,,,Leave empty (owner decision D-A4).
iem_source_gap_annex,LOW,IEM annexes,"Annex box ""Additional Context (Risk)"" is empty on all 45 jurisdictions","The IEM annexes carry the heading with no prose beneath it, so the column received nothing.",internal_source/1346449/version/1346450 column lhmp_risk_additional (annex-page order 53),2448361,Select Jurisdiction,https://westchester.mitigateny.org/the_plan/jurisdictional_annexes/select_jurisdiction,,,53,,https://westchester.mitigateny.org/edit/the_plan/jurisdictional_annexes/select_jurisdiction,,,Leave empty (owner decision D-A4).
iem_source_gap_annex,LOW,IEM annexes,"Annex box ""Additional Context (Strategy)"" is empty on all 45 jurisdictions","The IEM annexes carry the heading with no prose beneath it, so the column received nothing.",internal_source/1346449/version/1346450 column lhmp_strategy_additional (annex-page order 68),2448361,Select Jurisdiction,https://westchester.mitigateny.org/the_plan/jurisdictional_annexes/select_jurisdiction,,,68,,https://westchester.mitigateny.org/edit/the_plan/jurisdictional_annexes/select_jurisdiction,,,Leave empty (owner decision D-A4).
iem_source_gap_annex,LOW,IEM annexes,"Annex box ""Additional Context (Capacity)"" is empty on all 45 jurisdictions","The IEM annexes carry the heading with no prose beneath it, so the column received nothing.",internal_source/1346449/version/1346450 column lhmp_capacity_to_implement_additional (annex-page order 76),2448361,Select Jurisdiction,https://westchester.mitigateny.org/the_plan/jurisdictional_annexes/select_jurisdiction,,,76,,https://westchester.mitigateny.org/edit/the_plan/jurisdictional_annexes/select_jurisdiction,,,Leave empty (owner decision D-A4).
iem_source_gap_annex,LOW,IEM annexes,"Annex box ""Complete Actions"" is empty on all 45 jurisdictions","The IEM annexes carry the heading with no prose beneath it, so the column received nothing.",internal_source/1346449/version/1346450 column lhmp_completed_actions (annex-page order 80),2448361,Select Jurisdiction,https://westchester.mitigateny.org/the_plan/jurisdictional_annexes/select_jurisdiction,,,80,,https://westchester.mitigateny.org/edit/the_plan/jurisdictional_annexes/select_jurisdiction,,,Leave empty (owner decision D-A4).
iem_source_gap_annex,LOW,IEM annexes,"Annex box ""In-Progress Actions"" is empty on all 45 jurisdictions","The IEM annexes carry the heading with no prose beneath it, so the column received nothing.",internal_source/1346449/version/1346450 column lhmp_in_progress_actions (annex-page order 83),2448361,Select Jurisdiction,https://westchester.mitigateny.org/the_plan/jurisdictional_annexes/select_jurisdiction,,,83,,https://westchester.mitigateny.org/edit/the_plan/jurisdictional_annexes/select_jurisdiction,,,Leave empty (owner decision D-A4).
iem_source_gap_annex,LOW,IEM annexes,"Annex box ""Proposed Actions"" is empty on all 45 jurisdictions","The IEM annexes carry the heading with no prose beneath it, so the column received nothing.",internal_source/1346449/version/1346450 column lhmp_proposed_actions (annex-page order 87),2448361,Select Jurisdiction,https://westchester.mitigateny.org/the_plan/jurisdictional_annexes/select_jurisdiction,,,87,,https://westchester.mitigateny.org/edit/the_plan/jurisdictional_annexes/select_jurisdiction,,,Leave empty (owner decision D-A4).
iem_source_gap_annex,LOW,IEM annexes,"Annex box ""Additional Context (Progress)"" is empty on all 45 jurisdictions","The IEM annexes carry the heading with no prose beneath it, so the column received nothing.",internal_source/1346449/version/1346450 column lhmp_progress_additional (annex-page order 90),2448361,Select Jurisdiction,https://westchester.mitigateny.org/the_plan/jurisdictional_annexes/select_jurisdiction,,,90,,https://westchester.mitigateny.org/edit/the_plan/jurisdictional_annexes/select_jurisdiction,,,Leave empty (owner decision D-A4).
mny_stale_content,LOW,MNY 2.0 site,Bedford mixes 2021-cycle prose with the 2026 annex,"Four columns had no incoming IEM content, so the prior-cycle text survives: lhmp_municipality_profile (1,508 ch), growth_and_development_trends (239 ch), lhmp_municipal_profile_additional (595 ch), lhmp_capacity_to_implement_additional (847 ch).",internal_source/1346449/version/1346450 row 1346571,2448361,Select Jurisdiction,https://westchester.mitigateny.org/the_plan/jurisdictional_annexes/select_jurisdiction,,,,,https://westchester.mitigateny.org/edit/the_plan/jurisdictional_annexes/select_jurisdiction,,,"Owner call: clear the four columns, or keep them as the only content those boxes have."
platform_note,INFO,MNY 2.0 site,The anchor_url column will not jump until anchorId is set,"A DMS section renders a DOM id only when the author sets `anchorId` (or `navLabel`) in the section settings. None of the 1,802 components in this pattern has either, so #<draft_section_id> resolves to nothing today. Use edit_url and find the section by title and order, or set anchorId.",src/dms/packages/dms/src/patterns/page/components/sections/section.jsx:273,,,,,,,,,,,"One CLI pass can set anchorId = the draft_section id on all 256 Annotation slots (draft-only, invisible in view mode). Then every anchor_url in this CSV works. Say the word."
