action_id,precision,tier,geocoder,apply,confidence,score,source_field,matched_text,geometry_lat_long_polygon_etc,address_if_available,lon,lat,dist_from_centroid_km
1104241,4,C_intersection,census,yes,medium,100,text,Berger Avenue and Shore Road,"40.660632733619, -73.422223741723",,-73.422223741723,40.660632733619,69.4
1104232,4,D_named_road,nys_street,yes,low,100,text,Richmond Avenue,"40.66446535874434, -73.41935627893245",,-73.41935627893245,40.66446535874434,68.99
1104234,4,D_named_road,nys_street,yes,low,100,text,Merrick Road,"40.67146930168317, -73.42337423355414",,-73.42337423355414,40.67146930168317,68.95
1104240,4,D_named_road,nys_street,yes,low,100,text,Montauk Highway,"40.667763291987335, -73.40444427108858",,-73.40444427108858,40.667763291987335,67.7
1104042,4,D_named_road,nys_street,yes,low,100,text,West Neck Road,"40.90447631830472, -73.4813453399442",,-73.4813453399442,40.90447631830472,67
1091195,4,D_route,nys_street,yes,medium,100,text,NY Route 51,"42.87023421500667, -75.19235239240575",,-75.19235239240575,42.87023421500667,63.88
1098251,4,D_named_road,nys_street,yes,low,97.46,text,Pontoon Bridge Rd,"44.9633109377026, -74.91835611135251",,-74.91835611135251,44.9633109377026,53.26
1100021,4,D_route,nys_street,yes,medium,97.46,text,County Rt 37,"44.91867293913133, -74.81710022881778",,-74.81710022881778,44.91867293913133,51
1097040,4,D_named_road,nys_street,yes,low,97.46,text,River Rd,"44.34472085638985, -75.6584432439634",,-75.6584432439634,44.34472085638985,49.76
1089677,4,D_route,nys_street,yes,medium,100,text,County Route 16,"42.003461382710384, -78.52068087767928",,-78.52068087767928,42.003461382710384,49.51
1100022,4,D_named_road,nys_street,yes,low,97.46,text,Maple Ridge Rd,"44.88939198895081, -74.80363007440663",,-74.80363007440663,44.88939198895081,48.47
1098432,4,C_intersection,census,yes,medium,100,text,Otsego Street and Second St,"43.013106345079, -75.037277566907",,-75.037277566907,43.013106345079,45.62
1098426,4,C_intersection,census,yes,medium,100,text,W. Clark Street and Pleasant Ave,"43.018551344168, -75.039550065777",,-75.039550065777,43.018551344168,45.04
1098245,4,D_named_road,nys_street,yes,low,97.46,text,Water Street,"44.8981729912377, -75.01664112946192",,-75.01664112946192,44.8981729912377,44.87
1098246,4,D_named_road,nys_street,yes,low,97.46,text,Water Street,"44.8981729912377, -75.01664112946192",,-75.01664112946192,44.8981729912377,44.87
1103612,4,D_named_road,nys_street,yes,low,97.46,text,Branch Drive,"40.84949534808716, -73.18491522955821",,-73.18491522955821,40.84949534808716,43.2
1098281,4,D_named_road,nys_street,yes,low,97.46,text,California Rd,"44.40825782081879, -75.59377324840175",,-75.59377324840175,44.40825782081879,42.79
1093444,4,D_named_road,nys_street,yes,low,97.46,text,Main Street,"44.86560989869521, -75.20462021281607",,-75.20462021281607,44.86560989869521,42.43
1100562,4,D_named_road,nys_street,yes,low,100,text,Second Street,"42.05612935052603, -75.43521806461959",,-75.43521806461959,42.05612935052603,41.76
1100020,4,D_named_road,nys_street,yes,low,97.46,text,Congress St,"44.80905790996556, -74.77710112558484",,-74.77710112558484,44.80905790996556,41.73
1098295,4,D_named_road,nys_street,yes,low,97.46,text,Nation Rd,"44.865738982957524, -75.0333820799234",,-75.0333820799234,44.865738982957524,41.16
1104304,4,D_named_road,nys_street,yes,low,100,text,Mill Lane,"44.408243957627896, -74.0852176120425",,-74.0852176120425,44.408243957627896,40.82
1104320,4,D_named_road,nys_street,yes,low,100,text,Union Lane,"44.40889493414361, -74.08247372230811",,-74.08247372230811,44.40889493414361,40.75
1104280,4,D_named_road,nys_street,yes,low,100,text,School Street,"44.4060018955287, -74.08754477740429",,-74.08754477740429,44.4060018955287,40.74
1096877,4,A_coords,parse,yes,high,,description...action_description,,"44.75389198, -74.70760442",,-74.70760442,44.75389198,40.47
1093446,4,D_named_road,nys_street,yes,low,97.46,text,Brown Church Rd,"44.82076186859982, -75.29306823025962",,-75.29306823025962,44.82076186859982,40.19
1100546,4,D_route,nys_street,yes,medium,100,text,State Route 17,"41.955244748384814, -75.3150220588191",,-75.3150220588191,41.955244748384814,39.46
1098296,4,D_route,nys_street,yes,medium,97.46,text,County Route 36,"44.84890293978997, -75.08079819388857",,-75.08079819388857,44.84890293978997,39.21
1097245,4,D_route,nys_street,yes,medium,97.46,text,Rt 812,"44.22828281717584, -75.38273215579792",,-75.38273215579792,44.22828281717584,38.87
1091016,4,D_named_road,nys_street,yes,low,100,text,Van Buren Street,"43.10153366993704, -74.77135990934828",,-74.77135990934828,43.10153366993704,38.62
1091018,4,D_named_road,nys_street,yes,low,100,text,North Main Street,"43.10197265201343, -74.77064588197243",,-74.77064588197243,43.10197265201343,38.59
1091024,4,D_named_road,nys_street,yes,low,100,text,North Main Street,"43.10197265201343, -74.77064588197243",,-74.77064588197243,43.10197265201343,38.59
1091020,4,D_named_road,nys_street,yes,low,100,text,Dolge Avenue,"43.1022156835898, -74.77042295140062",,-74.77042295140062,43.1022156835898,38.58
1093833,4,D_named_road,nys_street,yes,low,100,text,The Dolge Avenue,"43.1022156835898, -74.77042295140062",,-74.77042295140062,43.1022156835898,38.58
1093445,4,D_named_road,nys_street,yes,low,97.46,text,Hardscrabble Rd,"44.83444287818316, -75.14589111243713",,-75.14589111243713,44.83444287818316,38.08
1102699,4,D_named_road,nys_street,yes,low,100,text,Cottage Road,"42.43683142047882, -79.06372712557209",,-79.06372712557209,42.43683142047882,37.93
1098741,4,D_named_road,nys_street,yes,low,97.46,text,Youngs Rd,"44.16002187897849, -75.03467804557816",,-75.03467804557816,44.16002187897849,37.5
1100994,4,D_named_road,nys_street,yes,low,100,text,Point Peter Road,"42.44170245251336, -78.92122813512194",,-78.92122813512194,42.44170245251336,37.06
1098620,4,D_named_road,nys_street,yes,low,97.46,text,Austin St,"44.33666681348154, -75.46976513965109",,-75.46976513965109,44.33666681348154,36.45
1100990,4,D_named_road,nys_street,yes,low,100,text,Johnson Street,"42.45882344820648, -78.9418591093261",,-78.9418591093261,42.45882344820648,35.84
1094348,4,D_route,nys_street,yes,medium,100,text,Route 49,"43.232538922347615, -75.87480957412437",,-75.87480957412437,43.232538922347615,35.57
1097244,4,D_named_road,nys_street,yes,low,97.46,text,Fullerville Rd,"44.23367154762633, -75.31851366495688",,-75.31851366495688,44.23367154762633,35.31
1100987,4,B_address,nys_address,yes,high,100,text,39 W. Main Street,"42.46336464914725, -78.93657755663719",39 W. Main Street,-78.93657755663719,42.46336464914725,35.21
1098730,4,D_named_road,nys_street,yes,low,97.46,text,Emeryville Rd,"44.31561784787545, -75.42749515131625",,-75.42749515131625,44.31561784787545,34.86
1088815,4,D_named_road,nys_street,yes,low,100,text,Dublin Street,"42.0559364550926, -75.43148902426319",,-75.43148902426319,42.0559364550926,34.05
1090377,4,D_named_road,nys_street,yes,low,100,text,Dublin Street,"42.0559364550926, -75.43148902426319",,-75.43148902426319,42.0559364550926,34.05
1099654,4,B_address,nys_address,yes,high,100,text,830 River Road,"43.04212954053539, -78.88851493650671",,-78.88851493650671,43.04212954053539,34.05
1099666,4,B_address,nys_address,yes,high,100,text,520 Hyde Park Blvd,"43.09241572949074, -79.02358896469987 | Citywide",520 Hyde Park Blvd,-79.02358896469987,43.09241572949074,33.97
1097237,4,D_named_road,nys_street,yes,low,100,text,West Main Street,"41.388055432950665, -74.71102574987705",,-74.71102574987705,41.388055432950665,33.86
1102697,4,D_named_road,nys_street,yes,low,100,text,Main Street,"42.3604617076714, -79.06083388623942",,-79.06083388623942,42.3604617076714,33.79
1091011,4,D_route,nys_street,yes,medium,100,text,Route 29,"43.1342956243798, -74.82447991226105",,-74.82447991226105,43.1342956243798,33.65
1091017,4,D_route,nys_street,yes,medium,100,text,Route 29,"43.1342956243798, -74.82447991226105",,-74.82447991226105,43.1342956243798,33.65
1094355,4,D_named_road,nys_street,yes,low,100,text,Stone Barn Road,"43.24834664359793, -75.84929316272095",,-75.84929316272095,43.24834664359793,33.5
1088161,4,D_named_road,nys_street,yes,low,100,text,Bush Street,"43.29818072410689, -73.65680359372395",,-73.65680359372395,43.29818072410689,32.97
1099775,4,D_named_road,nys_street,yes,low,100,text,Bush Street,"43.29818072410689, -73.65680359372395",,-73.65680359372395,43.29818072410689,32.97
1097241,4,C_intersection,census,yes,medium,100,text,Water Street and Lumber St,"41.374175140128, -74.698238788213",,-74.698238788213,41.374175140128,32.91
2178970,4,D_named_road,nys_street,yes,low,100,text,Witmer Road,"43.05610744664422, -78.90049419520858",,-78.90049419520858,43.05610744664422,32.86
1097242,4,D_named_road,nys_street,yes,low,100,text,King Street,"41.37490436928338, -74.69729176109968",,-74.69729176109968,41.37490436928338,32.82
1097238,4,B_address,nys_address,yes,high,100,text,51 West Main Street,"41.37902682644551, -74.69364853590372",51 West Main Street,-74.69364853590372,41.37902682644551,32.48
1099659,4,B_address,nys_address,yes,high,100,text,1785 New Road,"43.10513298945164, -79.00614719335671",1785 New Road,-79.00614719335671,43.10513298945164,31.99
1097216,4,D_named_road,nys_street,yes,low,100,text,Maiden Lane,"41.38517334981517, -74.68782774325844",,-74.68782774325844,41.38517334981517,31.95
1103013,4,B_address,census,yes,high,100,text,39 W. Main Street,"42.462962403537, -78.93640067331",39 W. Main Street,-78.93640067331,42.462962403537,31.87
1097223,4,D_named_road,nys_street,yes,low,100,text,North Orange St,"41.384056336872305, -74.6862148038958",,-74.6862148038958,41.384056336872305,31.82
1097239,4,D_named_road,nys_street,yes,low,100,text,North Orange Street,"41.384056336872305, -74.6862148038958",,-74.6862148038958,41.384056336872305,31.82
1099657,4,C_intersection,census,yes,medium,100,text,Birch Drive and Ruie Road,"43.06389349616, -78.871649829506 | Birch/Doebler/Raymond",,-78.871649829506,43.06389349616,31.35
1099608,4,A_coords,parse,yes,high,,description...action_description,,"42.069141, -74.548141",,-74.548141,42.069141,31.27
1091916,4,D_named_road,nys_street,yes,low,100,text,Manhattan Street,"40.50720221905764, -74.24342663553513",,-74.24342663553513,40.50720221905764,31
1091917,4,D_named_road,nys_street,yes,low,100,text,Manhattan Street,"40.50720221905764, -74.24342663553513",,-74.24342663553513,40.50720221905764,31
1091918,4,D_named_road,nys_street,yes,low,100,text,Manhattan Street,"40.50720221905764, -74.24342663553513",,-74.24342663553513,40.50720221905764,31
1101026,4,D_named_road,nys_street,yes,low,100,text,Spring Street,"42.9879100440174, -77.86585197486977",,-77.86585197486977,42.9879100440174,29.82
1103264,4,D_named_road,nys_street,yes,low,100,text,Edison Avenue,"40.89032136678262, -73.82523943107155",,-73.82523943107155,40.89032136678262,29.67
1105165,4,D_named_road,nys_street,yes,low,100,text,Anderson Ave,"44.0346587595044, -75.68608725272874",,-75.68608725272874,44.0346587595044,29.53
1101027,4,D_named_road,nys_street,yes,low,100,text,Pamela Way,"42.985771482776876, -77.85781175763422",,-77.85781175763422,42.985771482776876,29.43
1093985,4,D_route,nys_street,yes,medium,100,text,Route 80,"42.9069378077758, -74.79995529595432",,-74.79995529595432,42.9069378077758,29.35
1093990,4,D_route,nys_street,yes,medium,100,text,Route 80,"42.9069378077758, -74.79995529595432",,-74.79995529595432,42.9069378077758,29.35
1103176,4,D_named_road,nys_street,yes,low,100,text,Bronx River Road,"40.90105932682529, -73.86159137408094",,-73.86159137408094,40.90105932682529,29.29
1101461,4,B_address,nys_address,yes,high,100,text,284 Main Street,"43.01065441291164, -78.8814545879174",284 Main Street,-78.8814545879174,43.01065441291164,29.27
1103563,4,B_address,nys_address,yes,high,100,text,676 Pelham Road,"40.890019418853406, -73.787014580132",676 Pelham Road,-73.787014580132,40.890019418853406,29.22
1103560,4,B_address,nys_address,yes,high,100,text,666 Pelham Road,"40.89052865085633, -73.78655221523668",666 Pelham Road,-73.78655221523668,40.89052865085633,29.16
1103172,4,B_address,nys_address,yes,high,100,text,35 Central Park Avenue,"40.90752635912751, -73.87817462910533",35 Central Park Avenue,-73.87817462910533,40.90752635912751,29.08
1097637,4,B_address,census,yes,high,100,text,225 South Niagara St,"43.170856997255, -79.042724563565 | Niagara County DPW - 225 South Niagara St. Lockport NY 14094 Trott Building Niagara Falls 1001 11th st, Niagara Falls NY 14301",225 South Niagara St,-79.042724563565,43.170856997255,28.68
1099595,4,A_coords,parse,yes,high,,description...action_description,,"42.121084, -74.398646",,-74.398646,42.121084,28.37
1101024,4,D_named_road,nys_street,yes,low,100,text,Graney Road,"42.96807846770597, -77.8923038270729",,-77.8923038270729,42.96807846770597,28.34
1100448,4,D_named_road,nys_street,yes,low,100,text,North Main Street,"43.10197265201343, -74.77064588197243",,-74.77064588197243,43.10197265201343,28.32
1105038,4,D_named_road,nys_street,yes,low,100,text,Connell Road,"44.530084949255375, -73.49534850603062",,-73.49534850603062,44.530084949255375,28.05
1093879,4,B_address,nys_address,yes,high,99.62,text,131 Telegraph Rd,"43.204762431348996, -78.47514970661037",,-78.47514970661037,43.204762431348996,28.04
1105248,4,D_named_road,nys_street,yes,low,100,text,Saratoga Street,"42.75187469891134, -73.70082555130172",,-73.70082555130172,42.75187469891134,27.96
1093674,4,C_intersection,census,yes,medium,100,text,Haviland Ave and Baker Ave,"43.290450241143, -73.632387005857",,-73.632387005857,43.290450241143,27.69
1103562,4,B_address,nys_address,yes,high,100,text,95 Davis Avenue,"40.9040532451777, -73.78275942753494",95 Davis Avenue,-73.78275942753494,40.9040532451777,27.63
1094360,4,D_named_road,nys_street,yes,low,100,text,Broad Street,"42.00057338614283, -76.54889827423308",,-76.54889827423308,42.00057338614283,27.52
1099368,4,D_named_road,nys_street,yes,low,97.46,text,Limekiln Rd,"44.41536387383915, -75.3936082038426",,-75.3936082038426,44.41536387383915,27.3
1093672,4,D_named_road,nys_street,yes,low,100,text,Beach Road,"43.2893507841939, -73.63830856608661",,-73.63830856608661,43.2893507841939,27.27
1103159,4,D_named_road,nys_street,yes,low,100,text,Alexander Street,"40.93593134718879, -73.9027888417327",,-73.9027888417327,40.93593134718879,27.05
1099609,4,A_coords,parse,yes,high,,description...action_description,,"41.945518, -74.574712",,-74.574712,41.945518,26.92
1099593,4,A_coords,parse,yes,high,,description...action_description,,"42.078987, -74.453488",,-74.453488,42.078987,26.64
1088471,4,B_address,nys_address,yes,high,100,text,120 Middle Street,"42.87312677537414, -76.97414201459954",120 Middle Street,-76.97414201459954,42.87312677537414,26.64
1098500,4,D_named_road,nys_street,yes,low,97.46,text,Jones Rd,"44.57292590897402, -74.75102395836971",,-74.75102395836971,44.57292590897402,26.6
1103175,4,D_named_road,nys_street,yes,low,100,text,Ashburton Avenue,"40.94056278218403, -73.90095981980369",,-73.90095981980369,40.94056278218403,26.52
1092302,4,D_named_road,nys_street,yes,low,100,text,Conner Street,"40.88708839095057, -73.83477250596918",,-73.83477250596918,40.88708839095057,26.45
1099837,4,D_named_road,nys_street,yes,low,100,text,Conner Street,"40.88708839095057, -73.83477250596918",,-73.83477250596918,40.88708839095057,26.45
1103556,4,D_named_road,nys_street,yes,low,100,text,Inwood Place,"40.918076393489564, -73.80323951508801",,-73.80323951508801,40.918076393489564,26.3
1103174,4,D_named_road,nys_street,yes,low,100,text,Saw Mill River Road,"40.93909532241571, -73.88391849108994",,-73.88391849108994,40.93909532241571,26.04
1095397,4,D_named_road,nys_street,yes,low,100,text,Lake Avenue,"43.32980156883508, -73.83987708819214",,-73.83987708819214,43.32980156883508,25.71
1099611,4,A_coords,parse,yes,high,,description...action_description,,"41.869592, -73.951976",,-73.951976,41.869592,25.47
1093617,4,D_named_road,nys_street,yes,low,100,text,Halfway House Road,"42.930176633667166, -73.66711261136784",,-73.66711261136784,42.930176633667166,25.38
1094958,4,D_named_road,nys_street,yes,low,100,text,Halfway House Road,"42.930176633667166, -73.66711261136784",,-73.66711261136784,42.930176633667166,25.38
1093610,4,C_intersection,census,yes,medium,100,text,Towpath Road and Hudson Ave,"42.93206345781, -73.665628046753",,-73.665628046753,42.93206345781,25.3
1094961,4,C_intersection,census,yes,medium,100,text,Towpath Road and Hudson Ave,"42.93206345781, -73.665628046753",,-73.665628046753,42.93206345781,25.3
1103561,4,C_intersection,census,yes,medium,100,text,Eastchester Road and White Oak St,"40.92741969409, -73.790521607547",,-73.790521607547,40.92741969409,25.12
1097208,4,D_route,nys_street,yes,medium,97.46,text,Route 56,"44.71451492211017, -74.987217040096",,-74.987217040096,44.71451492211017,25.1
1093620,4,C_intersection,census,yes,medium,100,text,Lake Street and Park Ave,"42.939605570489, -73.657453016309",,-73.657453016309,42.939605570489,25.09
1094971,4,C_intersection,census,yes,medium,100,text,Lake Street and Park Ave,"42.939605570489, -73.657453016309",,-73.657453016309,42.939605570489,25.09
1103168,4,D_named_road,nys_street,yes,low,100,text,Palmer Road,"40.946256394748495, -73.87766252494144",,-73.87766252494144,40.946256394748495,25.09
1093989,4,D_named_road,nys_street,yes,low,100,text,H.Moyer Road,"42.929311662454964, -74.74299879733873 | Town of Minden",,-74.74299879733873,42.929311662454964,24.88
1092419,4,B_address,nys_address,yes,high,100,text,3450 Kingsbridge Avenue,"40.88365668168639, -73.90259508550488",3450 Kingsbridge Avenue,-73.90259508550488,40.88365668168639,24.77
1099120,4,B_address,nys_address,yes,high,100,text,3450 Kingsbridge Avenue,"40.88365668168639, -73.90259508550488",3450 Kingsbridge Avenue,-73.90259508550488,40.88365668168639,24.77
1103555,4,D_named_road,nys_street,yes,low,100,text,Chatsworth Place,"40.929968401339394, -73.77670545946468",,-73.77670545946468,40.929968401339394,24.72
1093462,4,D_named_road,nys_street,yes,low,100,text,Water St,"43.24940849436085, -79.05075211117637 | Water St; Village Waterfront",,-79.05075211117637,43.24940849436085,24.62
1093463,4,D_named_road,nys_street,yes,low,100,text,Water Street,"43.24940849436085, -79.05075211117637 | Water Street Sewer Lift Station; Village Waterfront",,-79.05075211117637,43.24940849436085,24.62
1093464,4,D_named_road,nys_street,yes,low,100,text,Water Street,"43.24940849436085, -79.05075211117637 | Water Street, entire length; Docks",,-79.05075211117637,43.24940849436085,24.62
1094421,4,D_named_road,nys_street,yes,low,100,text,Elm Street,"42.852852079433084, -74.99010671926784",,-74.99010671926784,42.852852079433084,24.61
1091259,4,B_address,nys_address,yes,high,100,text,734 Utica Street,"42.75909220097873, -75.88401944661823",734 Utica Street,-75.88401944661823,42.75909220097873,24.44
1099338,4,B_address,nys_address,yes,high,100,text,734 Utica Street,"42.75909220097873, -75.88401944661823",734 Utica Street,-75.88401944661823,42.75909220097873,24.44
1093624,4,D_named_road,nys_street,yes,low,100,text,Meadow Lane,"42.91830164039503, -73.7131175854318",,-73.7131175854318,42.91830164039503,24.34
1094969,4,D_named_road,nys_street,yes,low,100,text,Meadow Lane,"42.91830164039503, -73.7131175854318",,-73.7131175854318,42.91830164039503,24.34
1099589,4,A_coords,parse,yes,high,,description...action_description,,"42.105546, -74.289716",,-74.289716,42.105546,24.31
1093616,4,D_named_road,nys_street,yes,low,100,text,Stratton Lane,"42.95905107171908, -73.64587324695",,-73.64587324695,42.95905107171908,24.21
1093622,4,D_named_road,nys_street,yes,low,100,text,Stratton Lane,"42.95905107171908, -73.64587324695",,-73.64587324695,42.95905107171908,24.21
1094965,4,D_named_road,nys_street,yes,low,100,text,Stratton Lane,"42.95905107171908, -73.64587324695",,-73.64587324695,42.95905107171908,24.21
1094968,4,D_named_road,nys_street,yes,low,100,text,Stratton Lane,"42.95905107171908, -73.64587324695",,-73.64587324695,42.95905107171908,24.21
1093611,4,D_named_road,nys_street,yes,low,100,text,River Road,"43.00591567102521, -73.6015915915674",,-73.6015915915674,43.00591567102521,24.11
1094960,4,D_named_road,nys_street,yes,low,100,text,River Road,"43.00591567102521, -73.6015915915674",,-73.6015915915674,43.00591567102521,24.11
1099610,4,A_coords,parse,yes,high,,description...action_description,,"41.976082, -74.521518",,-74.521518,41.976082,23.85
1099990,4,C_intersection,census,yes,medium,100,text,Richards Avenue and Tharp Road,"42.004566570039, -76.004520826735",,-76.004520826735,42.004566570039,23.08
1095267,3,D_named_road,nys_street,yes,low,100,text,Bayview Ave,"40.798683314049356, -73.74795641035028",,-73.74795641035028,40.798683314049356,22.95
1095276,3,D_named_road,nys_street,yes,low,100,text,Bayview Ave,"40.798683314049356, -73.74795641035028",,-73.74795641035028,40.798683314049356,22.95
1104694,4,D_named_road,nys_street,yes,low,100,text,Dogwood Lane,"41.987355514038526, -74.01744360898901",,-74.01744360898901,41.987355514038526,22.79
1094345,4,D_named_road,nys_street,yes,low,100,text,Cove Road,"43.20425979201034, -75.71106620241596",,-75.71106620241596,43.20425979201034,22.69
1094349,4,D_named_road,nys_street,yes,low,100,text,Cove Road,"43.20425979201034, -75.71106620241596",,-75.71106620241596,43.20425979201034,22.69
1105300,4,D_route,nys_street,yes,medium,100,text,Route 5,"42.86096650713579, -77.07749345544389",,-77.07749345544389,42.86096650713579,22.52
1103170,4,D_named_road,nys_street,yes,low,100,text,Clunie Avenue,"40.97014447153023, -73.87075755976616",,-73.87075755976616,40.97014447153023,22.44
1103506,3,C_intersection,census,yes,medium,100,text,Porter Road and Town Line Road,"42.380298608616, -78.616117466254",,-78.616117466254,42.380298608616,22.43
1095801,4,D_named_road,nys_street,yes,low,100,text,Old River Road,"43.72336479502294, -74.01049677489372",,-74.01049677489372,43.72336479502294,22.39
1103559,4,D_named_road,nys_street,yes,low,100,text,Wilmot Road,"40.954474344444066, -73.79704446600614",,-73.79704446600614,40.954474344444066,22.22
1103228,4,D_named_road,nys_street,yes,low,100,text,Milton Road,"40.95829031713051, -73.68891137609832",,-73.68891137609832,40.95829031713051,22.16
1094783,4,D_route,nys_street,yes,medium,100,text,NYS Route 17,"41.22367434249182, -74.18808765497369",,-74.18808765497369,41.22367434249182,22.14
1099591,4,A_coords,parse,yes,high,,description...action_description,,"42.081855, -74.312054",,-74.312054,42.081855,21.99
1095396,4,D_named_road,nys_street,yes,low,100,text,"Hall Hill
Road","43.36600366206895, -73.80653466170715",,-73.80653466170715,43.36600366206895,21.91
1099622,4,A_coords,parse,yes,high,,description...action_description,,"41.697549, -74.197763",,-74.197763,41.697549,21.78
1094741,4,D_named_road,nys_street,yes,low,100,text,Riverside Drive,"43.121355593136656, -75.2239980870176",,-75.2239980870176,43.121355593136656,21.78
1104999,3,D_named_road,nys_street,yes,low,100,text,Kingdom Road,"42.904258504674544, -76.82559645500471",,-76.82559645500471,42.904258504674544,21.72
1091261,4,D_named_road,nys_street,yes,low,100,text,Clyde Street,"42.74070165918285, -75.54416008795938",,-75.54416008795938,42.74070165918285,21.7
1099285,4,D_named_road,nys_street,yes,low,100,text,Clyde Street,"42.74070165918285, -75.54416008795938",,-75.54416008795938,42.74070165918285,21.7
1097626,4,C_intersection,census,yes,medium,100,text,Greenway Road and Regent Dr,"40.690206724803, -73.334410768164",,-73.334410768164,40.690206724803,21.68
1103236,4,C_intersection,census,yes,medium,100,text,Harrison Avenue and Garfield Ave,"41.300028626294, -73.919212543238",,-73.919212543238,41.300028626294,21.56
1099858,4,D_route,nys_street,yes,medium,97.46,text,County Rt 15,"44.58079360878438, -75.31123982814283",,-75.31123982814283,44.58079360878438,21.37
1099602,4,A_coords,parse,yes,high,,description...action_description,,"42.029114, -74.083873",,-74.083873,42.029114,21.32
1104369,4,D_named_road,nys_street,yes,low,100,text,Hampton Avenue,"42.618771693836834, -73.73370157491851",,-73.73370157491851,42.618771693836834,20.99
1103153,4,D_named_road,nys_street,yes,low,100,text,Louisa Street,"41.27836944984255, -73.93900952903721",,-73.93900952903721,41.27836944984255,20.97
1091203,4,B_address,nys_address,yes,high,100,text,210 Sconondoa Street,"43.09739445898248, -75.64808369493272",210 Sconondoa Street,-75.64808369493272,43.09739445898248,20.6
1097378,4,B_address,nys_address,yes,high,100,text,210 Sconondoa Street,"43.09739445898248, -75.64808369493272",210 Sconondoa Street,-75.64808369493272,43.09739445898248,20.6
1099598,4,A_coords,parse,yes,high,,description...action_description,,"42.014197, -74.076239",,-74.076239,42.014197,20.59
1097207,4,D_named_road,nys_street,yes,low,97.46,text,Lawrence Ave,"44.66984790334668, -74.98175710462648",,-74.98175710462648,44.66984790334668,20.49
1091927,4,D_named_road,nys_street,yes,low,100,text,Bronx Street,"40.84010238342504, -73.87862847676972",,-73.87862847676972,40.84010238342504,20.38
1091929,4,D_named_road,nys_street,yes,low,100,text,Bronx Street,"40.84010238342504, -73.87862847676972",,-73.87862847676972,40.84010238342504,20.38
1091932,4,D_named_road,nys_street,yes,low,100,text,Bronx Street,"40.84010238342504, -73.87862847676972",,-73.87862847676972,40.84010238342504,20.38
1099596,4,A_coords,parse,yes,high,,description...action_description,,"42.036905, -74.119385",,-74.119385,42.036905,20.15
1104523,4,D_named_road,nys_street,yes,low,100,text,Partition St,"42.64627170783728, -73.73977447007267",,-73.73977447007267,42.64627170783728,20.14
1103227,4,D_route,nys_street,yes,medium,100,text,Route 9,"41.27035639073376, -73.93442150637547",,-73.93442150637547,41.27035639073376,20.1
1103548,4,D_route,nys_street,yes,medium,100,text,Route 9,"41.27035639073376, -73.93442150637547",,-73.93442150637547,41.27035639073376,20.1
1105007,4,D_named_road,nys_street,yes,low,100,text,Sandy Road,"41.94008847677628, -74.02708950441284",,-74.02708950441284,41.94008847677628,20.01
1103235,4,D_named_road,nys_street,yes,low,100,text,Washington Street,"41.27161444245874, -73.92964652700753",,-73.92964652700753,41.27161444245874,19.89
1094333,4,D_named_road,nys_street,yes,low,100,text,Suffolk Boulevard,"40.58644630559158, -73.7219194516477",,-73.7219194516477,40.58644630559158,19.87
1103546,4,D_named_road,nys_street,yes,low,100,text,Harney Road,"40.97993030453806, -73.81693738016793",,-73.81693738016793,40.97993030453806,19.81
1101862,4,D_named_road,nys_street,yes,low,100,text,Albany Post Road,"41.26326034153232, -73.9372454564256",,-73.9372454564256,41.26326034153232,19.77
1099280,4,D_named_road,nys_street,yes,low,97.46,text,Spruce Rd,"44.357698838494166, -75.2219841407983",,-75.2219841407983,44.357698838494166,19.64
1095012,4,D_named_road,nys_street,yes,low,100,text,Roaring Branch Road,"43.41521877290879, -73.98052062394916",,-73.98052062394916,43.41521877290879,19.5
1097038,4,D_named_road,nys_street,yes,low,97.46,text,Spicer Road,"44.32509684595509, -75.0964660770726",,-75.0964660770726,44.32509684595509,19.17
1099604,4,A_coords,parse,yes,high,,description...action_description,,"42.056043, -74.293509",,-74.293509,42.056043,18.89
1091941,4,D_named_road,nys_street,yes,low,100,text,Tiffany Street,"40.82800736685183, -73.89544254320607",,-73.89544254320607,40.82800736685183,18.75
1099527,4,D_named_road,nys_street,yes,low,100,text,Tiffany Street,"40.82800736685183, -73.89544254320607",,-73.89544254320607,40.82800736685183,18.75
1101825,4,D_named_road,nys_street,yes,low,100,text,High Street,"41.01213735783844, -73.87841850980118",,-73.87841850980118,41.01213735783844,18.71
1101875,4,D_named_road,nys_street,yes,low,100,text,Prospect Street,"42.86403945860564, -78.27898590258663",,-78.27898590258663,42.86403945860564,18.52
1100509,3,D_route,nys_street,yes,medium,100,text,Route 10,"42.08804952331389, -75.31381600896766",,-75.31381600896766,42.08804952331389,18.12
1101829,4,D_named_road,nys_street,yes,low,100,text,Ashford Avenue,"41.0154843201768, -73.86911441436564",,-73.86911441436564,41.0154843201768,17.97
1101837,4,D_named_road,nys_street,yes,low,100,text,Ashford Avenue,"41.0154843201768, -73.86911441436564",,-73.86911441436564,41.0154843201768,17.97
1101626,4,D_named_road,nys_street,yes,low,100,text,Wyman Street,"40.99886938888474, -73.68499234467794",,-73.68499234467794,40.99886938888474,17.92
1094057,4,D_route,nys_street,yes,medium,100,text,Route 5,"42.956499198520376, -74.23355721869704",,-74.23355721869704,42.956499198520376,17.83
1093931,4,D_named_road,nys_street,yes,low,100,text,Laurel Hollow Rd,"40.87225032676264, -73.48447328727426",,-73.48447328727426,40.87225032676264,17.75
1101839,4,D_named_road,nys_street,yes,low,100,text,Virginia Avenue,"41.015417345677236, -73.86295545018004",,-73.86295545018004,41.015417345677236,17.7
1099588,4,A_coords,parse,yes,high,,description...action_description,,"42.046675, -74.276692",,-74.276692,42.046675,17.69
2179206,3,D_route,nys_street,yes,medium,100,text,County Route 10,"42.08804952331389, -75.31381600896766",,-75.31381600896766,42.08804952331389,17.59
1095410,4,C_intersection,census,yes,medium,100,text,"Antler Ave and Lake View
Circle Dr","43.438860216802, -73.708864470496",,-73.708864470496,43.438860216802,17.51
1099592,4,A_coords,parse,yes,high,,description...action_description,,"42.044875, -74.278414",,-74.278414,42.044875,17.5
1093942,4,D_named_road,nys_street,yes,low,100,text,Bradley Street,"43.43370070963121, -73.71845659309031",,-73.71845659309031,43.43370070963121,17.5
1095409,4,D_named_road,nys_street,yes,low,100,text,Middle Road,"43.43573571423587, -73.7153205786326",,-73.7153205786326,43.43573571423587,17.47
1101838,4,D_named_road,nys_street,yes,low,100,text,Briary Road,"41.01529336070149, -73.85570955820164",,-73.85570955820164,41.01529336070149,17.41
1099579,4,D_named_road,nys_street,yes,low,100,text,Dutchess Ave,"41.711969807293336, -73.93987457737211",,-73.93987457737211,41.711969807293336,17.38
1099580,4,D_route,nys_street,yes,medium,100,text,Route 9,"41.70843346722884, -73.93751950694491",,-73.93751950694491,41.70843346722884,17.34
1101832,4,D_named_road,nys_street,yes,low,100,text,King Street,"41.01394638774617, -73.85015845419083",,-73.85015845419083,41.01394638774617,17.32
1104176,3,D_named_road,nys_street,yes,low,100,text,Dyke Road,"40.953992382725154, -73.11431328536162",,-73.11431328536162,40.953992382725154,17.13
1101631,4,D_named_road,nys_street,yes,low,100,text,Bowman Avenue,"41.00474052317734, -73.6917254648624",,-73.6917254648624,41.00474052317734,17.12
1101836,4,D_named_road,nys_street,yes,low,100,text,Washington Avenue,"41.0224858341562, -73.86467407593328",,-73.86467407593328,41.0224858341562,17.12
1101637,4,D_named_road,nys_street,yes,low,100,text,Avon Circle,"41.007233375637, -73.68312644867382",,-73.68312644867382,41.007233375637,17.09
1103213,4,D_named_road,nys_street,yes,low,100,text,Bowman Avenue,"41.00474841521674, -73.69402937826115",,-73.69402937826115,41.00474841521674,17.06
1092040,4,B_address,nys_address,yes,high,100,text,355 Food Center Drive,"40.80672933390812, -73.87168377945154",355 Food Center Drive,-73.87168377945154,40.80672933390812,16.99
1095007,4,B_address,nys_address,yes,high,100,text,48 Hadley Road,"43.42211456634202, -73.92932725367498",48 Hadley Road,-73.92932725367498,43.42211456634202,16.84
1095906,4,D_named_road,nys_street,yes,low,100,text,Outlet Road,"42.955940659037374, -73.86558663025642",,-73.86558663025642,42.955940659037374,16.84
1092041,4,B_address,nys_address,yes,high,100,text,600 Food Center Drive,"40.80344491286521, -73.87257860228436",600 Food Center Drive,-73.87257860228436,40.80344491286521,16.62
1098162,4,B_address,nys_address,yes,high,100,text,600 Food Center Drive,"40.80344491286521, -73.87257860228436",600 Food Center Drive,-73.87257860228436,40.80344491286521,16.62
1104824,4,D_route,nys_street,yes,medium,100,text,Route 176,"43.426345580453564, -76.40772934968426",,-76.40772934968426,43.426345580453564,16.6
1101638,4,D_named_road,nys_street,yes,low,100,text,Brook Lane,"41.00932543158742, -73.6938633679035",,-73.6938633679035,41.00932543158742,16.58
1094000,4,D_named_road,nys_street,yes,low,100,text,Honey Hill Road,"42.92888160701918, -74.63970990559534",,-74.63970990559534,42.92888160701918,16.56
1093981,4,D_named_road,nys_street,yes,low,100,text,Beck Street,"42.928359572484894, -74.63914387016202",,-74.63914387016202,42.928359572484894,16.5
1095406,4,D_named_road,nys_street,yes,low,100,text,Flat Rock Rd,"43.44171371366866, -73.7245465995589",,-73.7245465995589,43.44171371366866,16.49
1102004,4,B_address,nys_address,yes,high,100,text,6205 Railroad Street,"42.917820928463236, -76.72981726790299",6205 Railroad Street,-76.72981726790299,42.917820928463236,16.3
1092304,4,D_named_road,nys_street,yes,low,100,text,Brookville Boulevard,"40.652763294249525, -73.74655942842287",,-73.74655942842287,40.652763294249525,16.24
1098113,4,D_named_road,nys_street,yes,low,100,text,Brookville Boulevard,"40.652763294249525, -73.74655942842287",,-73.74655942842287,40.652763294249525,16.24
1104173,3,D_named_road,nys_street,yes,low,100,text,Laura Lee Drive,"40.78493237524066, -72.78958215276131",,-72.78958215276131,40.78493237524066,16.16
1101765,4,C_intersection,census,yes,medium,100,text,South Buckhout Street and South Astor St,"41.037885675436, -73.872138074593",,-73.872138074593,41.037885675436,16.09
1094354,4,D_route,nys_street,yes,medium,100,text,Route 4,"43.457614799798804, -73.44521641523303",,-73.44521641523303,43.457614799798804,16.04
1093976,4,C_intersection,census,yes,medium,100,text,Abbott Street and Reid St,"42.929415344937, -74.632565704419",,-74.632565704419,42.929415344937,15.99
1099597,4,A_coords,parse,yes,high,,description...action_description,,"42.020142, -74.189395",,-74.189395,42.020142,15.75
1104457,4,D_route,nys_street,yes,medium,100,text,"NYS Route
7","42.74237769183065, -73.69758451576274",,-73.69758451576274,42.74237769183065,15.74
1093979,4,C_intersection,census,yes,medium,100,text,Garfield Street and Waddel Ave,"42.927561345159, -74.62942920557",,-74.62942920557,42.927561345159,15.71
1098407,4,D_named_road,nys_street,yes,low,100,text,Coulter Road,"43.591269727064606, -74.03646272144691",,-74.03646272144691,43.591269727064606,15.71
1101764,4,D_named_road,nys_street,yes,low,100,text,Meadow Way,"41.03493304837488, -73.8563493558632",,-73.8563493558632,41.03493304837488,15.58
1093984,4,D_named_road,nys_street,yes,low,100,text,Kellogg Street,"42.928955607576306, -74.62669489359705 | Otsquago Creek in the vicinity of the Kellogg Street Bridge (the exact extent will be deter_x0002_mined by the engineering analysis).",,-74.62669489359705,42.928955607576306,15.52
1093992,4,D_named_road,nys_street,yes,low,100,text,Willett Street,"42.93620763338253, -74.62447688146274",,-74.62447688146274,42.93620763338253,15.51
1104780,3,D_route,nys_street,yes,medium,100,text,Route 3,"44.564002931656354, -73.95723773875461",,-73.95723773875461,44.564002931656354,15.49
1096073,3,D_named_road,nys_street,yes,low,100,text,Michigan Mills Road,"43.60348972418069, -75.60221317572572",,-75.60221317572572,43.60348972418069,15.44
1096074,3,D_named_road,nys_street,yes,low,100,text,Michigan Mills Road,"43.60348972418069, -75.60221317572572",,-75.60221317572572,43.60348972418069,15.44
1093993,4,D_named_road,nys_street,yes,low,100,text,Clinton Avenue,"42.929303577328405, -74.62557489315368",,-74.62557489315368,42.929303577328405,15.43
1101758,4,D_named_road,nys_street,yes,low,100,text,West Sunnyside Lane,"41.04738743882581, -73.8697933924842",,-73.8697933924842,41.04738743882581,15.14
1105030,3,D_named_road,nys_street,yes,low,100,text,Donaldson Rd,"44.374014921850275, -74.19101885768492",,-74.19101885768492,44.374014921850275,15.11
1105137,4,D_named_road,nys_street,yes,low,100,text,Rumsey Street,"42.91555959107705, -76.80675043679268",,-76.80675043679268,42.91555959107705,15.02
1104864,4,D_named_road,nys_street,yes,low,100,text,Laws Lane,"42.91489550687452, -76.80299454058613",,-76.80299454058613,42.91489550687452,14.98
1105000,4,D_named_road,nys_street,yes,low,100,text,Walnut Street,"42.91413151686586, -76.80220750790292",,-76.80220750790292,42.91413151686586,14.9
1099612,4,A_coords,parse,yes,high,,description...action_description,,"41.845346, -74.088935",,-74.088935,41.845346,14.83
1104355,4,D_named_road,nys_street,yes,low,100,text,Lape Road,"42.66444573436029, -73.67975560078496",,-73.67975560078496,42.66444573436029,14.83
1101597,4,D_named_road,nys_street,yes,low,100,text,East Sunnyside Lane,"41.04745429301134, -73.8620764769974",,-73.8620764769974,41.04745429301134,14.73
1094408,4,D_named_road,nys_street,yes,low,100,text,Hamilton Avenue,"41.1569153927223, -74.1996275757286",,-74.1996275757286,41.1569153927223,14.71
1095493,4,D_named_road,nys_street,yes,low,100,text,"Alder Brook
Road","43.65308077979796, -73.71480963132389",,-73.71480963132389,43.65308077979796,14.71
1095015,4,D_named_road,nys_street,yes,low,100,text,Hildebrandt Road,"43.43667165841817, -73.90644673309349",,-73.90644673309349,43.43667165841817,14.66
1104560,4,D_named_road,nys_street,yes,low,100,text,Spring Avenue,"42.71963062654007, -73.68530858753674",,-73.68530858753674,42.71963062654007,14.38
1094406,4,D_named_road,nys_street,yes,low,100,text,Liberty Rock Road,"41.15595735214688, -74.19522656496272",,-74.19522656496272,41.15595735214688,14.34
1102461,3,D_route,nys_street,yes,medium,97.97,text,State Route 23,"42.58147160135302, -75.78098827152016",,-75.78098827152016,42.58147160135302,14.25
1102002,4,D_route,nys_street,yes,medium,100,text,NYS Route 90,"42.96139813310797, -76.73422458055826",,-76.73422458055826,42.96139813310797,14.1
1096078,3,D_named_road,nys_street,yes,low,100,text,Dolan Road,"43.587089028228085, -75.56552820534444",,-75.56552820534444,43.587089028228085,13.92
1100026,3,D_route,nys_street,yes,medium,100,text,Route 46,"43.36275565010992, -75.38934011165348",,-75.38934011165348,43.36275565010992,13.9
1092296,4,D_named_road,nys_street,yes,low,100,text,Harper Street,"40.7636917364872, -73.8420320150221",,-73.8420320150221,40.7636917364872,13.88
1092309,4,D_named_road,nys_street,yes,low,100,text,Harper Street,"40.7636917364872, -73.8420320150221",,-73.8420320150221,40.7636917364872,13.88
1099084,4,D_named_road,nys_street,yes,low,100,text,Harper Street,"40.7636917364872, -73.8420320150221",,-73.8420320150221,40.7636917364872,13.88
1101628,4,D_named_road,nys_street,yes,low,100,text,King Street,"41.040400258185684, -73.67852626881609",,-73.67852626881609,41.040400258185684,13.86
1096931,4,C_intersection,census,yes,medium,100,text,Court Street and Judson St,"44.598051065816, -75.169590903889",,-75.169590903889,44.598051065816,13.83
1099781,4,D_named_road,nys_street,yes,low,100,text,Sea Cliff Ave,"40.85055634151894, -73.63419444237815",,-73.63419444237815,40.85055634151894,13.79
1090134,3,D_named_road,nys_street,yes,low,100,text,Dowd Road,"42.32028439871256, -77.950914792409",,-77.950914792409,42.32028439871256,13.75
1090140,3,D_named_road,nys_street,yes,low,100,text,Simons Road,"42.2682384432176, -77.91433171261941",,-77.91433171261941,42.2682384432176,13.52
1101636,4,D_named_road,nys_street,yes,low,100,text,Anderson Hill Road,"41.03971930749748, -73.69024642803036",,-73.69024642803036,41.03971930749748,13.51
1104071,3,B_address,nys_address,yes,high,100,text,299 Rosevale Ave,"40.8245415705118, -73.12648240494319",299 Rosevale Ave,-73.12648240494319,40.8245415705118,13.32
1091833,4,D_named_road,nys_street,yes,low,100,text,Sayres Ave,"40.68950628385464, -73.78610445514278",,-73.78610445514278,40.68950628385464,13.21
1098161,4,D_named_road,nys_street,yes,low,100,text,Sayres Ave,"40.68950628385464, -73.78610445514278",,-73.78610445514278,40.68950628385464,13.21
1100581,3,D_route,nys_street,yes,medium,100,text,Rt 28,"42.247830538611076, -74.81722991430911",,-74.81722991430911,42.247830538611076,13.19
1100583,3,D_route,nys_street,yes,medium,100,text,Route 28,"42.247830538611076, -74.81722991430911",,-74.81722991430911,42.247830538611076,13.19
1100584,3,D_route,nys_street,yes,medium,100,text,Rt 28,"42.247830538611076, -74.81722991430911",,-74.81722991430911,42.247830538611076,13.19
1100585,3,D_route,nys_street,yes,medium,100,text,State Route 28,"42.247830538611076, -74.81722991430911",,-74.81722991430911,42.247830538611076,13.19
1100329,3,D_route,nys_street,yes,medium,100,text,Route 8,"43.47665875982776, -74.39521178891295",,-74.39521178891295,43.47665875982776,13.13
1091912,4,D_named_road,nys_street,yes,low,100,text,Merrick Boulevard,"40.709539855908034, -73.79639557157516",,-73.79639557157516,40.709539855908034,13.08
1103390,4,D_named_road,nys_street,yes,low,100,text,Brook Street,"41.20582040656191, -73.89208053801185",,-73.89208053801185,41.20582040656191,13.08
1103985,3,B_address,nys_address,yes,high,91.84,text,160 West Main Street,"40.659274408949884, -73.08939020965795",160 West Main Street,-73.08939020965795,40.659274408949884,12.9
1098518,4,D_named_road,nys_street,yes,low,100,text,Brook Street,"41.1221993834976, -74.17230664101577",,-74.17230664101577,41.1221993834976,12.86
1091899,4,D_named_road,nys_street,yes,low,100,text,Ocean Ave,"40.598453249915146, -74.06523760334332",,-74.06523760334332,40.598453249915146,12.84
1091902,4,D_named_road,nys_street,yes,low,100,text,Ocean Avenue,"40.598453249915146, -74.06523760334332",,-74.06523760334332,40.598453249915146,12.84
1098202,4,D_named_road,nys_street,yes,low,100,text,Ocean Avenue,"40.598453249915146, -74.06523760334332",,-74.06523760334332,40.598453249915146,12.84
1098210,4,D_named_road,nys_street,yes,low,100,text,Ocean Ave,"40.598453249915146, -74.06523760334332",,-74.06523760334332,40.598453249915146,12.84
1103841,3,D_named_road,nys_street,yes,low,100,text,Charles Court,"40.83489435422399, -73.12222325233759",,-73.12222325233759,40.83489435422399,12.83
1091222,3,D_named_road,nys_street,yes,low,100,text,Ridge Road,"43.025222544802, -75.87978613805552",,-75.87978613805552,43.025222544802,12.7
1099850,3,D_named_road,nys_street,yes,low,100,text,Ridge Road,"43.025222544802, -75.87978613805552",,-75.87978613805552,43.025222544802,12.7
1104207,3,D_named_road,nys_street,yes,low,100,text,Pipe Stave Hollow Road,"40.95851637126829, -73.02153926788024",,-73.02153926788024,40.95851637126829,12.64
1098520,4,D_named_road,nys_street,yes,low,100,text,Fourth Street,"41.12518236889049, -74.16929852358838",,-74.16929852358838,41.12518236889049,12.53
1103918,3,D_named_road,nys_street,yes,low,100,text,Creek Road,"40.930893833292416, -72.62867573704528",,-72.62867573704528,40.930893833292416,12.42
1103919,3,D_named_road,nys_street,yes,low,100,text,Creek Road,"40.930893833292416, -72.62867573704528",,-72.62867573704528,40.930893833292416,12.42
1100357,3,D_named_road,nys_street,yes,low,100,text,Skinner Road,"41.508432424821166, -74.60190173143559",,-74.60190173143559,41.508432424821166,12.39
1101598,4,D_named_road,nys_street,yes,low,100,text,Central Avenue,"41.07931742012312, -73.86267648584045",,-73.86267648584045,41.07931742012312,12.18
1101596,4,D_named_road,nys_street,yes,low,100,text,Neperan Road,"41.07628434405028, -73.85833051524386",,-73.85833051524386,41.07628434405028,12.14
1098857,3,D_route,nys_street,yes,medium,100,text,Route 430,"42.12028727152576, -79.73094638299268",,-79.73094638299268,42.12028727152576,12.07
1091646,4,D_named_road,nys_street,yes,low,100,text,New Lane,"40.61180725215735, -74.06443650585919",,-74.06443650585919,40.61180725215735,12.02
1092353,4,D_named_road,nys_street,yes,low,100,text,New Lane,"40.61180725215735, -74.06443650585919",,-74.06443650585919,40.61180725215735,12.02
1099122,4,D_named_road,nys_street,yes,low,100,text,New Lane,"40.61180725215735, -74.06443650585919",,-74.06443650585919,40.61180725215735,12.02
1099199,4,D_named_road,nys_street,yes,low,100,text,New Lane,"40.61180725215735, -74.06443650585919",,-74.06443650585919,40.61180725215735,12.02
1103914,3,B_address,nys_address,yes,high,100,text,60 Shade Tree Lane,"40.93433558489294, -72.63141786682304",60 Shade Tree Lane,-72.63141786682304,40.93433558489294,11.99
1096503,3,D_named_road,nys_street,yes,low,100,text,East Bluff Drive,"42.50298447316883, -77.13263149270774",,-77.13263149270774,42.50298447316883,11.92
1100417,3,D_named_road,nys_street,yes,low,100,text,Wild Road,"43.428434672167334, -74.51233576460427",,-74.51233576460427,43.428434672167334,11.87
1096072,3,D_named_road,nys_street,yes,low,100,text,Schwenk Road,"43.56054073180806, -75.45855608984434",,-75.45855608984434,43.56054073180806,11.85
2178866,3,D_named_road,nys_street,yes,low,100,text,River St,"42.30470053070569, -75.41493800707799",,-75.41493800707799,42.30470053070569,11.83
1096863,4,D_named_road,nys_street,yes,low,100,text,South Street,"41.107514399085524, -74.15001756552755",,-74.15001756552755,41.107514399085524,11.67
1096874,4,D_named_road,nys_street,yes,low,100,text,South Street,"41.107514399085524, -74.15001756552755",,-74.15001756552755,41.107514399085524,11.67
1104073,3,B_address,nys_address,yes,high,100,text,255 Paulanna Avenue,"40.72871643962193, -73.05369473319698",255 Paulanna Avenue,-73.05369473319698,40.72871643962193,11.64
1100933,3,D_route,nys_street,yes,medium,100,text,Route 39,"42.50083242681757, -78.81018300933165",,-78.81018300933165,42.50083242681757,11.55
1088504,4,D_named_road,nys_street,yes,low,100,text,North Main Street,"42.76564746687438, -77.22852254002204",,-77.22852254002204,42.76564746687438,11.31
1093779,4,D_named_road,nys_street,yes,low,100,text,North Main Street,"42.76564746687438, -77.22852254002204",,-77.22852254002204,42.76564746687438,11.31
1099859,4,D_named_road,nys_street,yes,low,97.46,text,Wilkinson Rd,"44.594838853507476, -75.10490217489868",,-75.10490217489868,44.594838853507476,11.31
1088043,3,D_named_road,nys_street,yes,low,100,text,Athol Road,"43.491883790030705, -73.84174390673644",,-73.84174390673644,43.491883790030705,11.3
1094951,3,D_named_road,nys_street,yes,low,100,text,Athol Road,"43.491883790030705, -73.84174390673644",,-73.84174390673644,43.491883790030705,11.3
1095401,4,D_named_road,nys_street,yes,low,100,text,Truesdale Hill Road,"43.48650179143883, -73.75080264894652",,-73.75080264894652,43.48650179143883,11.29
1097485,4,B_address,nys_address,yes,high,100,text,197 Main Street,"42.70064154688163, -74.92992742490433",197 Main Street,-74.92992742490433,42.70064154688163,11.22
1099614,4,A_coords,parse,yes,high,,description...action_description,,"41.805941, -74.18108",,-74.18108,41.805941,11.17
1096580,3,D_named_road,nys_street,yes,low,100,text,Burquist Road,"43.38753776899514, -73.60151453419823",,-73.60151453419823,43.38753776899514,11.13
1102959,3,D_route,nys_street,yes,medium,100,text,Route 16,"42.26163884244543, -78.42243639867058",,-78.42243639867058,42.26163884244543,11.1
1092499,4,D_named_road,nys_street,yes,low,100,text,FDR Drive,"40.76061837633664, -73.9568223971033",,-73.9568223971033,40.76061837633664,11.01
1098941,4,D_named_road,nys_street,yes,low,100,text,FDR Drive,"40.76061837633664, -73.9568223971033",,-73.9568223971033,40.76061837633664,11.01
1100359,3,D_route,nys_street,yes,medium,100,text,Route 209,"41.500674226652144, -74.56083407622394",,-74.56083407622394,41.500674226652144,10.97
1096502,3,D_named_road,nys_street,yes,low,100,text,West Bluff Drive,"42.5113025820514, -77.14286058220057",,-77.14286058220057,42.5113025820514,10.9
1091216,4,D_named_road,nys_street,yes,low,100,text,Elm Street,"42.90683554707058, -75.53670913825655",,-75.53670913825655,42.90683554707058,10.85
1098234,4,D_named_road,nys_street,yes,low,100,text,Elm Street,"42.90683554707058, -75.53670913825655",,-75.53670913825655,42.90683554707058,10.85
1091156,3,D_route,nys_street,yes,medium,100,text,Rt 29,"43.1340284895454, -74.86588365039233",,-74.86588365039233,43.1340284895454,10.8
1097461,4,B_address,nys_address,yes,high,100,text,242 Main Street,"42.69962592730985, -74.93549525719598",242 Main Street,-74.93549525719598,42.69962592730985,10.8
1096389,3,D_named_road,nys_street,yes,low,100,text,Cooper Road,"42.61451863693443, -74.92569491042741",,-74.92569491042741,42.61451863693443,10.73
1099634,4,D_named_road,nys_street,yes,low,97.46,text,Gulf Rd,"44.529400910055095, -74.94250006815834",,-74.94250006815834,44.529400910055095,10.68
1089612,3,D_named_road,nys_street,yes,low,100,text,Wall Street,"43.50780185296023, -73.74275549421239",,-73.74275549421239,43.50780185296023,10.66
1096922,4,D_named_road,nys_street,yes,low,97.97,text,South Highland Ave,"41.0859073273836, -73.93243343855949",,-73.93243343855949,41.0859073273836,10.66
1095402,4,D_route,nys_street,yes,medium,100,text,"NYS Route
9","43.48815576544802, -73.76026058289581",,-73.76026058289581,43.48815576544802,10.65
1104084,3,D_named_road,nys_street,yes,low,97.97,text,Sequams Lane,"40.69689224988486, -73.31281422491602",,-73.31281422491602,40.69689224988486,10.5
2171543,3,D_route,nys_street,yes,medium,100,text,US Route 209,"41.500674226652144, -74.56083407622394",,-74.56083407622394,41.500674226652144,10.46
1088152,3,D_named_road,nys_street,yes,low,100,text,Riverside Station Road,"43.638240830063054, -73.92435367661979",,-73.92435367661979,43.638240830063054,10.43
2179175,3,D_named_road,nys_street,yes,low,100,text,Elm Lake Road,"43.501826446180104, -74.36434687333012",,-74.36434687333012,43.501826446180104,10.39
1102151,3,D_route,nys_street,yes,medium,100,text,Rt 16,"42.003461382710384, -78.52068087767928",,-78.52068087767928,42.003461382710384,10.35
1088024,3,D_route,nys_street,yes,medium,100,text,Route 23,"42.3034785691375, -74.33333364385591",,-74.33333364385591,42.3034785691375,10.33
1090930,3,D_route,nys_street,yes,medium,100,text,Route 23,"42.3034785691375, -74.33333364385591",,-74.33333364385591,42.3034785691375,10.33
1093130,4,D_named_road,nys_street,yes,low,100,text,South Amundsen Lane,"41.099795355642556, -74.1245605511397",,-74.1245605511397,41.099795355642556,10.25
1088044,3,D_named_road,nys_street,yes,low,100,text,Dippikill Road,"43.54498478719819, -73.86744461501534",,-73.86744461501534,43.54498478719819,10.23
1090125,3,D_route,nys_street,yes,medium,100,text,State Route 417,"42.087226422372886, -78.06099878143598",,-78.06099878143598,42.087226422372886,10.21
1096399,3,D_named_road,nys_street,yes,low,100,text,Main Street,"43.7076537700619, -75.40492353357483",,-75.40492353357483,43.7076537700619,10.21
1094877,3,D_named_road,nys_street,yes,low,100,text,Mt. Hope Rd,"41.435803388434095, -74.49661365670163",,-74.49661365670163,41.435803388434095,10.18
1094638,3,D_named_road,nys_street,yes,low,100,text,Woodbattle Road,"43.80305669331551, -75.69002220298543",,-75.69002220298543,43.80305669331551,10.13
1091250,3,D_route,nys_street,yes,medium,100,text,State Route 31,"43.154909309108106, -75.97159836440929",,-75.97159836440929,43.154909309108106,10.09
1096855,3,D_route,nys_street,yes,medium,100,text,State Route 31,"43.154909309108106, -75.97159836440929",,-75.97159836440929,43.154909309108106,10.09
2179180,3,D_route,nys_street,yes,medium,100,text,Route 30,"43.50432771012205, -74.36674278162214",,-74.36674278162214,43.50432771012205,10.09
1088402,3,D_route,nys_street,yes,medium,100,text,CR 16,"42.771492519058576, -77.33981561741314",,-77.33981561741314,42.771492519058576,10.08
1094859,3,D_named_road,nys_street,yes,low,97.97,text,George Rd,"42.336306479377974, -77.90869872335043",,-77.90869872335043,42.336306479377974,10.05
1096338,3,D_named_road,nys_street,yes,low,100,text,West River Road,"42.001393469211436, -76.46431929843564",,-76.46431929843564,42.001393469211436,10.02
1094692,4,B_address,nys_address,yes,high,99.75,text,37 Main Street,"43.03816231229769, -76.3095059015139",37 Main Street,-76.3095059015139,43.03816231229769,10.01
1094771,4,C_intersection,census,yes,medium,100,text,Midland Ave and Old Mountain Road,"41.106897663757, -73.92118355459",,-73.92118355459,41.106897663757,10
2144258,3,D_named_road,nys_street,yes,low,100,text,Highland Ave,"41.935753430025635, -74.91766278369722",,-74.91766278369722,41.935753430025635,9.99
2171439,3,D_route,nys_street,yes,medium,100,text,Route 97,"41.48366543289153, -74.9835897969964",,-74.9835897969964,41.48366543289153,9.97
1105035,3,D_named_road,nys_street,yes,low,100,text,Blue Mtn Rd,"44.6246749590331, -74.4998259237059",,-74.4998259237059,44.6246749590331,9.91
1091931,4,D_named_road,nys_street,yes,low,100,text,Belt Parkway,"40.664863320867426, -73.82265639423176",,-73.82265639423176,40.664863320867426,9.79
1092613,4,D_named_road,nys_street,yes,low,100,text,Belt Parkway,"40.664863320867426, -73.82265639423176",,-73.82265639423176,40.664863320867426,9.79
1092628,4,D_named_road,nys_street,yes,low,100,text,Belt Parkway,"40.664863320867426, -73.82265639423176",,-73.82265639423176,40.664863320867426,9.79
1099028,4,D_named_road,nys_street,yes,low,100,text,Belt Parkway,"40.664863320867426, -73.82265639423176",,-73.82265639423176,40.664863320867426,9.79
1099498,4,D_named_road,nys_street,yes,low,100,text,Belt Parkway,"40.664863320867426, -73.82265639423176",,-73.82265639423176,40.664863320867426,9.79
1104178,3,D_named_road,nys_street,yes,low,100,text,Bellhaven Road,"40.7697042705132, -72.9330540936858",,-72.9330540936858,40.7697042705132,9.78
1094772,4,D_named_road,nys_street,yes,low,100,text,Lexow Ave,"41.112211448328026, -73.92032143224111",,-73.92032143224111,41.112211448328026,9.77
2171505,3,D_named_road,nys_street,yes,low,100,text,Cottage Street,"41.93072052434847, -74.91454180748363",,-74.91454180748363,41.93072052434847,9.77
1096064,3,D_named_road,nys_street,yes,low,100,text,Stage Road,"42.95885762567979, -73.43269042091332",,-73.43269042091332,42.95885762567979,9.75
1101695,4,D_named_road,nys_street,yes,low,100,text,Water Street,"41.161985349838176, -73.86853505382591",,-73.86853505382591,41.161985349838176,9.71
2144176,3,B_address,nys_address,yes,high,100,text,46 McIntosh Rd,"41.80146484161587, -74.68717854740578",,-74.68717854740578,41.80146484161587,9.71
1100337,3,D_named_road,nys_street,yes,low,100,text,Pine Kill Road,"41.52888857063253, -74.58303900459617",,-74.58303900459617,41.52888857063253,9.69
1100511,3,D_named_road,nys_street,yes,low,100,text,Carroll Hill Road,"42.19489256482266, -75.2923429466844",,-75.2923429466844,42.19489256482266,9.67
1096951,3,A_coords,parse,yes,high,,description...action_description,,"42.046675, -74.276692",,-74.276692,42.046675,9.65
2178813,3,D_named_road,nys_street,yes,low,100,text,Gray Road,"42.26603654736144, -75.02554660578534",,-75.02554660578534,42.26603654736144,9.61
1096954,3,A_coords,parse,yes,high,,description...action_description,,"42.044875, -74.278414",,-74.278414,42.044875,9.56
1103396,4,B_address,census,yes,high,100,text,200 Scarborough Station Road,"41.135136360602, -73.865178575151",200 Scarborough Station Road,-73.865178575151,41.135136360602,9.54
1104080,3,D_named_road,nys_street,yes,low,97.97,text,Beach Street,"40.70496528620233, -73.30275322210704",,-73.30275322210704,40.70496528620233,9.52
1091907,4,D_named_road,nys_street,yes,low,100,text,Queens Street,"40.74802049723412, -73.93973386789303",,-73.93973386789303,40.74802049723412,9.5
1091908,4,D_named_road,nys_street,yes,low,100,text,Queens Street,"40.74802049723412, -73.93973386789303",,-73.93973386789303,40.74802049723412,9.5
1091910,4,D_named_road,nys_street,yes,low,100,text,Queens Street,"40.74802049723412, -73.93973386789303",,-73.93973386789303,40.74802049723412,9.5
1091911,4,D_named_road,nys_street,yes,low,100,text,Queens Street,"40.74802049723412, -73.93973386789303",,-73.93973386789303,40.74802049723412,9.5
1103969,3,D_named_road,nys_street,yes,low,100,text,Valley Lane,"41.33418645449028, -73.90467046354327",,-73.90467046354327,41.33418645449028,9.43
1103974,3,D_named_road,nys_street,yes,low,100,text,Valley Lane,"41.33418645449028, -73.90467046354327",,-73.90467046354327,41.33418645449028,9.43
1104992,3,D_named_road,nys_street,yes,low,100,text,Canoga Island Rd,"42.861530569293805, -76.73603333253288",,-76.73603333253288,42.861530569293805,9.42
1089705,3,D_route,nys_street,yes,medium,100,text,Route 18,"42.003916382963766, -78.11584782016712",,-78.11584782016712,42.003916382963766,9.39
1096007,3,D_route,nys_street,yes,medium,100,text,Route 18,"42.003916382963766, -78.11584782016712",,-78.11584782016712,42.003916382963766,9.39
1088108,3,D_named_road,nys_street,yes,low,100,text,River Road,"43.39045279741742, -73.87722767215945",,-73.87722767215945,43.39045279741742,9.38
1103104,4,D_route,nys_street,yes,medium,100,text,Rt 158,"42.753919718494224, -73.9852246078951",,-73.9852246078951,42.753919718494224,9.32
1098558,3,A_coords,parse,yes,high,,description...action_description,,"42.1039, -74.5258",,-74.5258,42.1039,9.31
1090141,3,D_named_road,nys_street,yes,low,97.97,text,Turnpike Road,"42.300012495605976, -77.88233275954211",,-77.88233275954211,42.300012495605976,9.31
1091597,3,D_named_road,nys_street,yes,low,100,text,Lake Road,"43.23480761405708, -77.53408354175983",,-77.53408354175983,43.23480761405708,9.31
1094863,3,D_named_road,nys_street,yes,low,97.97,text,Turnpike Rd,"42.300012495605976, -77.88233275954211",,-77.88233275954211,42.300012495605976,9.31
1100597,3,D_named_road,nys_street,yes,low,100,text,Lake Road,"43.23480761405708, -77.53408354175983",,-77.53408354175983,43.23480761405708,9.31
1092496,4,B_address,nys_address,yes,high,100,text,520 First Ave,"40.74140578435206, -73.97501695471585",520 First Ave,-73.97501695471585,40.74140578435206,9.28
1099059,4,B_address,nys_address,yes,high,100,text,520 First Ave,"40.74140578435206, -73.97501695471585",520 First Ave,-73.97501695471585,40.74140578435206,9.28
1101691,4,C_intersection,census,yes,medium,100,text,Rockledge Avenue and Revolutionary Road St,"41.144760654386, -73.863831070685",,-73.863831070685,41.144760654386,9.28
1093128,4,D_named_road,nys_street,yes,low,100,text,Brookside Avenue,"41.110440362765424, -74.11943954710563",,-74.11943954710563,41.110440362765424,9.25
1100101,3,D_named_road,nys_street,yes,low,100,text,Krumkill Road,"42.665576360442856, -73.85295660031738",,-73.85295660031738,42.665576360442856,9.25
1099362,3,A_coords,parse,yes,high,,description...action_description,,"41.927073, -74.380699",,-74.380699,41.927073,9.24
1103425,3,D_route,nys_street,yes,medium,97.46,text,Route 118,"41.34516290671015, -73.7552975405372",,-73.7552975405372,41.34516290671015,9.23
1100376,3,D_named_road,nys_street,yes,low,100,text,Marsh Rd,"41.65693240707226, -74.60895638824685",,-74.60895638824685,41.65693240707226,9.21
1105027,3,D_named_road,nys_street,yes,low,100,text,California Rd,"44.699967956628456, -74.21314677682334",,-74.21314677682334,44.699967956628456,9.2
1096949,3,A_coords,parse,yes,high,,description...action_description,,"42.105546, -74.289716",,-74.289716,42.105546,9.19
1099601,4,A_coords,parse,yes,high,,description...action_description,,"41.966257, -74.294853",,-74.294853,41.966257,9.19
1104184,3,D_named_road,nys_street,yes,low,100,text,Montauk Highway,"40.774210333534164, -72.9430072326228",,-72.9430072326228,40.774210333534164,9.14
1099603,4,A_coords,parse,yes,high,,description...action_description,,"41.967102, -74.286986",,-74.286986,41.967102,9.09
1099605,4,A_coords,parse,yes,high,,description...problem_statement,,"41.967746, -74.283762",,-74.283762,41.967746,9.09
1104065,3,D_route,nys_street,yes,medium,100,text,Route 301,"41.453060444165295, -73.83694746176346",,-73.83694746176346,41.453060444165295,9.05
1099613,4,A_coords,parse,yes,high,,description...action_description,,"41.882993, -74.14965",,-74.14965,41.882993,9.03
1096075,3,D_named_road,nys_street,yes,low,100,text,Crofoot Hill Road,"43.59763076103738, -75.49247918879226",,-75.49247918879226,43.59763076103738,9.02
1096076,3,D_named_road,nys_street,yes,low,100,text,Crofoot Hill Road,"43.59763076103738, -75.49247918879226",,-75.49247918879226,43.59763076103738,9.02
1096079,3,D_named_road,nys_street,yes,low,100,text,Crofoot Hill Road,"43.59763076103738, -75.49247918879226",,-75.49247918879226,43.59763076103738,9.02
1104082,3,B_address,nys_address,yes,high,97.97,text,100 Beach Dr,"40.68543904231692, -73.29006429594696",100 Beach Dr,-73.29006429594696,40.68543904231692,9.01
1097383,3,A_coords,parse,yes,high,,description...action_description,,"41.86606, -74.266728",,-74.266728,41.86606,9
1100374,3,D_route,nys_street,yes,medium,100,text,Route 97,"41.85305547191993, -75.13623898655116",,-75.13623898655116,41.85305547191993,8.98
1099539,4,D_named_road,nys_street,yes,low,100,text,Borden Avenue,"40.741699425141576, -73.95739823261516",,-73.95739823261516,40.741699425141576,8.94
1090138,3,D_named_road,nys_street,yes,low,97.97,text,Miller Road,"42.31129940547678, -77.88551780820892",,-77.88551780820892,42.31129940547678,8.93
1102518,3,D_named_road,nys_street,yes,low,100,text,Houghton Hill Rd,"42.698394370228364, -76.26943645151854",,-76.26943645151854,42.698394370228364,8.89
1096627,3,D_named_road,nys_street,yes,low,100,text,Valley Falls Rd,"42.94248144293067, -73.55987845460895",,-73.55987845460895,42.94248144293067,8.86
1100528,3,D_route,nys_street,yes,medium,100,text,Route 23,"42.37104258619838, -74.50749481183105",,-74.50749481183105,42.37104258619838,8.85
1098870,3,D_named_road,nys_street,yes,low,100,text,Bailey Hill Road,"42.11905331099043, -79.69153925192715",,-79.69153925192715,42.11905331099043,8.82
1097489,3,D_named_road,nys_street,yes,low,100,text,Main Street,"42.94478314174201, -74.28837396087118",,-74.28837396087118,42.94478314174201,8.75
1104904,3,D_named_road,nys_street,yes,low,100,text,True Brook Rd,"44.62497558717798, -73.91073061782672",,-73.91073061782672,44.62497558717798,8.71
1105042,3,D_named_road,nys_street,yes,low,100,text,True Brook Rd,"44.62497558717798, -73.91073061782672",,-73.91073061782672,44.62497558717798,8.71
1093250,3,A_coords,parse,yes,high,,description...action_description,,"42.014197, -74.076239",,-74.076239,42.014197,8.68
1097148,3,D_route,nys_street,yes,medium,100,text,Route 82,"41.70420054180326, -73.74872452984978",,-73.74872452984978,41.70420054180326,8.65
1093290,3,D_named_road,nys_street,yes,low,100,text,Blatchley Road,"42.00914745951553, -75.73461620731136",,-75.73461620731136,42.00914745951553,8.63
2144172,3,B_address,nys_address,yes,high,100,text,28 Goodwin Rd,"41.662283639411356, -74.60346551344139",,-74.60346551344139,41.662283639411356,8.61
1093916,3,D_named_road,nys_street,yes,low,100,text,Main Street,"42.951038637435104, -74.29118070620405",,-74.29118070620405,42.951038637435104,8.6
1096662,3,B_address,nys_address,yes,high,100,text,8410 Effley Falls Rd,"43.92032701192539, -75.27874868210142",8410 Effley Falls Rd,-75.27874868210142,43.92032701192539,8.56
1097487,3,D_named_road,nys_street,yes,low,100,text,Brown Place,"42.94379157905975, -74.28599571706928",,-74.28599571706928,42.94379157905975,8.53
2178820,3,D_named_road,nys_street,yes,low,100,text,Russell Road,"42.275345812764506, -75.17810605474726",,-75.17810605474726,42.275345812764506,8.5
2179016,3,D_named_road,nys_street,yes,low,100,text,Snyder Lane,"42.855259696700934, -73.89999056331017",,-73.89999056331017,42.855259696700934,8.5
1105052,3,D_named_road,nys_street,yes,low,100,text,Rumsey Hill Road,"42.14016450088205, -76.61270039303737",,-76.61270039303737,42.14016450088205,8.46
1098546,3,A_coords,parse,yes,high,,description...action_description,,"42.111111, -74.553514",,-74.553514,42.111111,8.45
1098553,3,A_coords,parse,yes,high,,description...action_description,,"42.01908, -74.7034",,-74.7034,42.01908,8.42
1104943,3,D_route,nys_street,yes,medium,100,text,County Rt 8,"43.36420960149121, -76.47090432445856",,-76.47090432445856,43.36420960149121,8.42
1102346,3,D_named_road,nys_street,yes,low,100,text,Yates-Carlton Townline Road,"43.314852232701426, -78.31027459674168",,-78.31027459674168,43.314852232701426,8.41
1096398,3,D_named_road,nys_street,yes,low,100,text,East Martinsburg Road,"43.76809171759069, -75.4386801744311",,-75.4386801744311,43.76809171759069,8.39
1097026,3,D_named_road,nys_street,yes,low,97.97,text,Platte Clove Road,"42.132617565641866, -74.08191560000557",,-74.08191560000557,42.132617565641866,8.37
1092303,4,D_named_road,nys_street,yes,low,100,text,West Street,"40.710862617669456, -74.01468709086761",,-74.01468709086761,40.710862617669456,8.36
2171423,3,D_named_road,nys_street,yes,low,100,text,Plank Road,"41.59565044941164, -74.7723108306594",,-74.7723108306594,41.59565044941164,8.31
2171424,3,D_named_road,nys_street,yes,low,100,text,Plank Road,"41.59565044941164, -74.7723108306594",,-74.7723108306594,41.59565044941164,8.31
1098545,3,A_coords,parse,yes,high,,description...action_description,,"42.11084, -74.55639",,-74.55639,42.11084,8.3
1098654,3,D_route,nys_street,yes,medium,100,text,NYS Route 51,"42.98674794059099, -75.07627363552758",,-75.07627363552758,42.98674794059099,8.26
1098655,3,D_route,nys_street,yes,medium,100,text,NYS Route 51,"42.98674794059099, -75.07627363552758",,-75.07627363552758,42.98674794059099,8.26
1098661,3,D_route,nys_street,yes,medium,100,text,NYS Route 51,"42.98674794059099, -75.07627363552758",,-75.07627363552758,42.98674794059099,8.26
1098544,3,A_coords,parse,yes,high,,description...action_description,,"42.017847, -74.7004",,-74.7004,42.017847,8.24
2171462,3,D_named_road,nys_street,yes,low,100,text,Lebanon Road,"41.56726342213675, -74.79923285485977",,-74.79923285485977,41.56726342213675,8.24
1602110,3,B_address,census,yes,high,100,text,874 Lattabrook Road,"42.148393471208, -76.742532772547",,-76.742532772547,42.148393471208,8.22
2171486,3,D_route,nys_street,yes,medium,100,text,Route 55,"41.82081986001329, -74.66253204488152",,-74.66253204488152,41.82081986001329,8.21
2171489,3,D_route,nys_street,yes,medium,100,text,Route 55,"41.82081986001329, -74.66253204488152",,-74.66253204488152,41.82081986001329,8.21
2171491,3,D_route,nys_street,yes,medium,100,text,Route 55,"41.82081986001329, -74.66253204488152",,-74.66253204488152,41.82081986001329,8.21
1097381,3,A_coords,parse,yes,high,,description...action_description,,"41.873512, -74.264204",,-74.264204,41.873512,8.17
1095386,3,D_named_road,nys_street,yes,low,100,text,Transit Rd,"43.086075752087716, -78.69689583597489 | Woodland Park, S Transit Rd",,-78.69689583597489,43.086075752087716,8.16
1102395,3,D_route,nys_street,yes,medium,100,text,Route 31,"43.229210567159456, -78.31050696657924",,-78.31050696657924,43.229210567159456,8.15
1095701,3,D_named_road,nys_street,yes,low,100,text,Kroetch Road,"43.321894650955215, -73.93558364395862",,-73.93558364395862,43.321894650955215,8.14
2178812,3,D_route,nys_street,yes,medium,100,text,Route 28,"42.34539207605442, -74.92918984524172",,-74.92918984524172,42.34539207605442,8.14
1093427,3,D_route,nys_street,yes,medium,100,text,Route 209,"41.68314649958276, -74.42406176850366",,-74.42406176850366,41.68314649958276,8.13
1103686,3,D_named_road,nys_street,yes,low,100,text,West State Road,"42.53645061421578, -76.26090420167031",,-76.26090420167031,42.53645061421578,8.08
1097839,4,B_address,nys_address,yes,high,100,text,22 Cortlandt Street,"40.71023183875211, -74.0106910466525",22 Cortlandt Street,-74.0106910466525,40.71023183875211,8.06
2171410,3,D_named_road,nys_street,yes,low,100,text,Mongaup Road,"41.742448455644634, -74.7013748385389",,-74.7013748385389,41.742448455644634,8.05
1099365,3,A_coords,parse,yes,high,,description...action_description,,"41.940508, -74.582944",,-74.582944,41.940508,8.03
1094500,3,D_named_road,nys_street,yes,low,100,text,West River Road,"42.001393469211436, -76.46431929843564",,-76.46431929843564,42.001393469211436,8.03
1103572,3,D_named_road,nys_street,yes,low,100,text,Mill Street,"42.86172454555584, -76.57406737067745",,-76.57406737067745,42.86172454555584,8.03
1088387,3,D_route,nys_street,yes,medium,100,text,State Route 14,"43.01283118977821, -76.98412090367015",,-76.98412090367015,43.01283118977821,8.01
1104682,3,D_named_road,nys_street,yes,low,100,text,"North Pole
Road","42.8376356787397, -73.59573854219254",,-73.59573854219254,42.8376356787397,7.99
1104756,3,D_named_road,nys_street,yes,low,100,text,"North
Pole Rd","42.8376356787397, -73.59573854219254",,-73.59573854219254,42.8376356787397,7.99
1097895,4,B_address,nys_address,yes,high,100,text,520 Kingsland Ave,"40.734289030892384, -73.9433721456279",520 Kingsland Ave,-73.9433721456279,40.734289030892384,7.98
1096259,3,D_named_road,nys_street,yes,low,100,text,Ryan Road,"43.511078644010524, -75.75886223882335",,-75.75886223882335,43.511078644010524,7.97
1098970,4,B_address,nys_address,yes,high,100,text,125 Worth Street,"40.71548418982963, -74.00249670725098",125 Worth Street,-74.00249670725098,40.71548418982963,7.97
1091747,4,B_address,nys_address,yes,high,100,text,100 Centre Street,"40.71607972213857, -74.00116987288274",100 Centre Street,-74.00116987288274,40.71607972213857,7.95
1097867,4,B_address,nys_address,yes,high,100,text,100 Centre Street,"40.71607972213857, -74.00116987288274",100 Centre Street,-74.00116987288274,40.71607972213857,7.95
1091226,3,D_named_road,nys_street,yes,low,100,text,Dublin Road,"42.70610639732274, -75.84391536577604",,-75.84391536577604,42.70610639732274,7.91
1099340,3,D_named_road,nys_street,yes,low,100,text,Dublin Road,"42.70610639732274, -75.84391536577604",,-75.84391536577604,42.70610639732274,7.91
1094780,3,D_named_road,nys_street,yes,low,100,text,Webster Road,"42.39691334601407, -79.40768323100714",,-79.40768323100714,42.39691334601407,7.9
1100360,3,D_route,nys_street,yes,medium,100,text,Rt 97,"41.460538361222945, -74.89528478069899",,-74.89528478069899,41.460538361222945,7.89
2171464,3,D_route,nys_street,yes,medium,100,text,Route 97,"41.460538361222945, -74.89528478069899",,-74.89528478069899,41.460538361222945,7.89
2171465,3,D_route,nys_street,yes,medium,100,text,Route 97,"41.460538361222945, -74.89528478069899",,-74.89528478069899,41.460538361222945,7.89
2171466,3,D_route,nys_street,yes,medium,100,text,Route 97,"41.460538361222945, -74.89528478069899",,-74.89528478069899,41.460538361222945,7.89
2171467,3,D_route,nys_street,yes,medium,100,text,Route 97,"41.460538361222945, -74.89528478069899",,-74.89528478069899,41.460538361222945,7.89
1099361,3,A_coords,parse,yes,high,,description...action_description,,"41.888714, -74.445282",,-74.445282,41.888714,7.87
1099599,4,A_coords,parse,yes,high,,description...action_description,,"41.936805, -74.327627",,-74.327627,41.936805,7.87
1098484,3,D_named_road,nys_street,yes,low,100,text,Woodland Drive,"41.91166651732825, -74.04957755627021",,-74.04957755627021,41.91166651732825,7.85
1096265,3,D_named_road,nys_street,yes,low,100,text,Fox Road,"42.90515655102476, -76.2581762907081",,-76.2581762907081,42.90515655102476,7.82
1099696,3,D_route,nys_street,yes,medium,100,text,Route 414,"43.15388658525807, -76.87836545343836",,-76.87836545343836,43.15388658525807,7.8
1602068,3,D_named_road,nys_street,yes,low,100,text,The Kinner Hill Road,"42.010544394235936, -76.9632934538853",,-76.9632934538853,42.010544394235936,7.8
1095505,3,D_named_road,nys_street,yes,low,100,text,Boyack Road,"42.80111424582099, -73.76910185504245",,-73.76910185504245,42.80111424582099,7.77
1099785,3,D_named_road,nys_street,yes,low,100,text,Petticoat Lane,"41.57283939673828, -74.40979869784027",,-74.40979869784027,41.57283939673828,7.75
1104481,4,C_intersection,census,yes,medium,100,text,Fassett Road and Hoffman St,"42.091713586546, -76.826139557647",,-76.826139557647,42.091713586546,7.75
1093267,3,A_coords,parse,yes,high,,description...action_description,,"42.056681, -74.258921",,-74.258921,42.056681,7.73
1091633,4,D_named_road,nys_street,yes,low,100,text,Mott Street,"40.71498832449254, -73.99886444147364",,-73.99886444147364,40.71498832449254,7.73
1092028,4,D_named_road,nys_street,yes,low,100,text,South Street,"40.701356912038854, -74.01479493933742",,-74.01479493933742,40.701356912038854,7.73
1096484,3,D_named_road,nys_street,yes,low,100,text,Osceola Road,"43.49270633578548, -75.65522249786518",,-75.65522249786518,43.49270633578548,7.73
1099121,4,D_named_road,nys_street,yes,low,100,text,South Street,"40.701356912038854, -74.01479493933742",,-74.01479493933742,40.701356912038854,7.73
1092013,4,B_address,nys_address,yes,high,100,text,44 Beaver Street,"40.70499897430754, -74.01085733119683",44 Beaver Street,-74.01085733119683,40.70499897430754,7.7
1093131,4,D_named_road,nys_street,yes,low,100,text,Laura Drive,"41.10808140646623, -74.0946815549319",,-74.0946815549319,41.10808140646623,7.7
1097764,4,B_address,nys_address,yes,high,100,text,44 Beaver Street,"40.70499897430754, -74.01085733119683",44 Beaver Street,-74.01085733119683,40.70499897430754,7.7
1100245,4,D_named_road,nys_street,yes,low,100,text,Laura Drive,"41.10808140646623, -74.0946815549319",,-74.0946815549319,41.10808140646623,7.7
1102291,3,D_named_road,nys_street,yes,low,100,text,Raub Road,"42.27542770956084, -78.41636971730995",,-78.41636971730995,42.27542770956084,7.68
1105262,3,D_named_road,nys_street,yes,low,100,text,Western Turnpike,"42.7474086784757, -74.03864973853469",,-74.03864973853469,42.7474086784757,7.67
2144175,3,D_named_road,nys_street,yes,low,100,text,Hasbrouck Rd,"41.80666147766447, -74.62626574061629",,-74.62626574061629,41.80666147766447,7.66
1103666,3,D_named_road,nys_street,yes,low,100,text,Coolidge Ave,"40.6929043212181, -73.42255140168825",,-73.42255140168825,40.6929043212181,7.62
1096126,3,D_named_road,nys_street,yes,low,100,text,Hulbert Hollow Road,"42.26889150684547, -76.53493833583578",,-76.53493833583578,42.26889150684547,7.6
1096127,3,D_named_road,nys_street,yes,low,100,text,Hulbert Hollow Road,"42.26889150684547, -76.53493833583578",,-76.53493833583578,42.26889150684547,7.6
1096129,3,D_named_road,nys_street,yes,low,100,text,Hulbert Hollow Road,"42.26889150684547, -76.53493833583578",,-76.53493833583578,42.26889150684547,7.6
1102117,3,D_route,nys_street,yes,medium,100,text,State Route 417,"42.007563319494764, -78.29834297937654",,-78.29834297937654,42.007563319494764,7.6
1095078,3,C_intersection,census,yes,medium,100,text,East Lake Road and Wesley Road,"42.725151497725, -77.501571293974",,-77.501571293974,42.725151497725,7.58
1088145,3,D_named_road,nys_street,yes,low,100,text,The Yaw Road,"43.79275185616534, -73.52118260453128",,-73.52118260453128,43.79275185616534,7.57
1096084,3,B_address,nys_address,yes,high,100,text,3417 Walters Road,"43.10659329109189, -76.26869999116535",3417 Walters Road,-76.26869999116535,43.10659329109189,7.57
2179014,3,D_route,nys_street,yes,medium,97.97,text,Route 50,"42.904286957624755, -73.90328615605779",,-73.90328615605779,42.904286957624755,7.56
1100444,3,D_named_road,nys_street,yes,low,100,text,Voorhees Road,"43.15233469697733, -74.70784188476958",,-74.70784188476958,43.15233469697733,7.52
1100247,4,D_named_road,nys_street,yes,low,100,text,S. Monsey Road,"41.10143430956378, -74.08282446522232",,-74.08282446522232,41.10143430956378,7.51
1094943,3,D_named_road,nys_street,yes,low,100,text,High Barney Road,"41.43103140477004, -74.4472697050056",,-74.4472697050056,41.43103140477004,7.5
1088698,3,D_named_road,nys_street,yes,low,100,text,Clendening Road,"42.24082267994925, -75.67510162982227",,-75.67510162982227,42.24082267994925,7.47
1090260,3,D_named_road,nys_street,yes,low,100,text,Clendening Road,"42.24082267994925, -75.67510162982227",,-75.67510162982227,42.24082267994925,7.47
1096061,3,D_route,nys_street,yes,medium,100,text,County Route 67,"42.951508200808206, -73.39062915636136",,-73.39062915636136,42.951508200808206,7.47
1099271,3,D_named_road,nys_street,yes,low,100,text,Milltown Road,"41.51251943444154, -73.71477448727101",,-73.71477448727101,41.51251943444154,7.47
1094786,3,D_route,nys_street,yes,medium,100,text,State Route 54,"42.36312869005737, -77.29099892281286",,-77.29099892281286,42.36312869005737,7.43
1098845,3,C_intersection,census,yes,medium,100,text,Orchard Road and Southwestern Drive Dr,"42.083613692792, -79.295014275468",,-79.295014275468,42.083613692792,7.42
1091050,3,D_named_road,nys_street,yes,low,100,text,Second St,"43.01655456443812, -75.05430905013573",,-75.05430905013573,43.01655456443812,7.41
1098658,3,D_named_road,nys_street,yes,low,100,text,Second St,"43.01655456443812, -75.05430905013573",,-75.05430905013573,43.01655456443812,7.41
2178953,3,D_named_road,nys_street,yes,low,100,text,Uncas Road,"43.7687107810062, -74.81118297652128",,-74.81118297652128,43.7687107810062,7.41
1102574,3,D_named_road,nys_street,yes,low,100,text,Freetown Hoxie Gorge Rd,"42.54718545657223, -76.09242874776176",,-76.09242874776176,42.54718545657223,7.4
1097166,3,D_named_road,nys_street,yes,low,100,text,Hickory Hill Road,"42.25572164555551, -73.60288352772471",,-73.60288352772471,42.25572164555551,7.37
1096240,3,D_named_road,nys_street,yes,low,100,text,Gaylord Road,"42.027165463643804, -76.15217816067326",,-76.15217816067326,42.027165463643804,7.36
1102292,3,D_named_road,nys_street,yes,low,100,text,Clare Valley Road,"42.27346620396084, -78.57959660098608",,-78.57959660098608,42.27346620396084,7.36
2171420,3,D_named_road,nys_street,yes,low,100,text,Forestburgh Road,"41.55511344034982, -74.78430079881743",,-74.78430079881743,41.55511344034982,7.35
1093251,3,A_coords,parse,yes,high,,description...action_description,,"42.029114, -74.083873",,-74.083873,42.029114,7.34
1100040,3,D_named_road,nys_street,yes,low,100,text,Conklin Road,"42.10074162783854, -75.87133714386474",,-75.87133714386474,42.10074162783854,7.34
1094994,3,D_named_road,nys_street,yes,low,100,text,Lake Road,"43.34835550210731, -78.63480308195804 | Lake Road",,-78.63480308195804,43.34835550210731,7.33
1105128,3,D_named_road,nys_street,yes,low,100,text,Marshall Road,"42.87108146499316, -76.9325704270997",,-76.9325704270997,42.87108146499316,7.33
2178979,4,B_address,nys_address,yes,high,100,text,213 Sacandaga Rd,"42.838309475850586, -73.97341562779967",213 Sacandaga Rd,-73.97341562779967,42.838309475850586,7.3
1099333,3,D_named_road,nys_street,yes,low,100,text,Beaton Drive,"43.11564760028432, -75.16464803158044",,-75.16464803158044,43.11564760028432,7.29
1101197,3,D_named_road,nys_street,yes,low,100,text,Pohl Road,"42.95461350977849, -78.53361410770738",,-78.53361410770738,42.95461350977849,7.28
1101189,3,C_intersection,census,yes,medium,100,text,Cedar Street and Koepsel Road,"43.082743976214, -78.49984194642",,-78.49984194642,43.082743976214,7.27
1101199,3,D_named_road,nys_street,yes,low,100,text,Bruning Road,"43.08273054042839, -78.49983396536098",,-78.49983396536098,43.08273054042839,7.27
2179069,3,D_named_road,nys_street,yes,low,100,text,Erie St,"42.87419665176258, -74.04538967234753",,-74.04538967234753,42.87419665176258,7.27
1104996,3,D_route,nys_street,yes,medium,100,text,CR 129,"42.72105450958206, -76.79028838411921",,-76.79028838411921,42.72105450958206,7.26
2171435,3,D_route,nys_street,yes,medium,100,text,Route 55,"41.475871523317245, -74.91279039490833",,-74.91279039490833,41.475871523317245,7.26
1097394,3,A_coords,parse,yes,high,,description...action_description,,"41.886716, -74.296195",,-74.296195,41.886716,7.24
1100451,3,D_named_road,nys_street,yes,low,100,text,Calderwood Road,"43.003315641849696, -74.11580870242193",,-74.11580870242193,43.003315641849696,7.23
1100452,3,D_named_road,nys_street,yes,low,100,text,Calderwood Road,"43.003315641849696, -74.11580870242193",,-74.11580870242193,43.003315641849696,7.23
2178936,3,D_named_road,nys_street,yes,low,100,text,Sweet Hill Road,"43.10837662073686, -74.76147490670097",,-74.76147490670097,43.10837662073686,7.23
2178949,3,D_named_road,nys_street,yes,low,100,text,Evans Drive,"43.773681839058234, -74.8023759351228",,-74.8023759351228,43.773681839058234,7.23
1102539,3,D_named_road,nys_street,yes,low,100,text,Powers Road,"42.64214159176836, -76.65492943355952",,-76.65492943355952,42.64214159176836,7.22
1102573,3,D_named_road,nys_street,yes,low,100,text,Hoxie Gorge Road,"42.5459085619372, -76.09664514871827",,-76.09664514871827,42.5459085619372,7.22
1099359,3,D_named_road,nys_street,yes,low,100,text,Peekamoose Rd,"41.88964854248171, -74.46444268577233",,-74.46444268577233,41.88964854248171,7.21
1104428,3,D_named_road,nys_street,yes,low,100,text,Seabury Rd,"42.63313057678592, -74.1681756200585",,-74.1681756200585,42.63313057678592,7.21
1104885,3,D_named_road,nys_street,yes,low,100,text,Rhinehart Rd,"44.992758026912334, -74.04782282765443",,-74.04782282765443,44.992758026912334,7.21
1099356,3,A_coords,parse,yes,high,,description...action_description,,"41.890209, -74.462054",,-74.462054,41.890209,7.2
1105021,3,D_named_road,nys_street,yes,low,100,text,Keese Mills Rd,"44.43396290926598, -74.30222781983954",,-74.30222781983954,44.43396290926598,7.19
1096956,3,A_coords,parse,yes,high,,description...action_description,,"42.079666, -74.304031",,-74.304031,42.079666,7.16
1091223,3,D_named_road,nys_street,yes,low,100,text,Bass Road,"42.84722658057695, -75.86267719792644",,-75.86267719792644,42.84722658057695,7.16
1099849,3,D_named_road,nys_street,yes,low,100,text,Bass Road,"42.84722658057695, -75.86267719792644",,-75.86267719792644,42.84722658057695,7.16
1104914,3,D_named_road,nys_street,yes,low,100,text,Cooper Hill Road,"42.14967610030588, -76.60015834503544",,-76.60015834503544,42.14967610030588,7.15
1098580,3,D_named_road,nys_street,yes,low,100,text,Tory Hill Road,"42.84699178984172, -73.4211024851091",,-73.4211024851091,42.84699178984172,7.13
1091230,3,D_named_road,nys_street,yes,low,100,text,Westcott Road,"42.83178159697491, -75.68470190973333",,-75.68470190973333,42.83178159697491,7.12
1099282,3,D_named_road,nys_street,yes,low,100,text,Westcott Road,"42.83178159697491, -75.68470190973333",,-75.68470190973333,42.83178159697491,7.12
1102064,3,D_named_road,nys_street,yes,low,100,text,Mahopac Avenue,"41.35056640262422, -73.66475546898236",,-73.66475546898236,41.35056640262422,7.11
1103907,3,D_named_road,nys_street,yes,low,100,text,Horton Avenue,"40.94853338423432, -72.7066110251081",,-72.7066110251081,40.94853338423432,7.11
1100424,3,D_route,nys_street,yes,medium,100,text,CR 102,"43.081526669343006, -74.32345078473465",,-74.32345078473465,43.081526669343006,7.1
1103458,3,D_named_road,nys_street,yes,low,100,text,Kent Road,"43.30775853947777, -78.13549684168436",,-78.13549684168436,43.30775853947777,7.1
1096197,3,D_named_road,nys_street,yes,low,100,text,Red Spruce Lane,"42.98643554099502, -75.97819123708479",,-75.97819123708479,42.98643554099502,7.07
1104670,3,D_route,nys_street,yes,medium,100,text,CR-2,"43.5678452051266, -76.05899054906601",,-76.05899054906601,43.5678452051266,7.07
1105224,3,D_named_road,nys_street,yes,low,100,text,Factory Street,"44.13620872160522, -76.06756724343037",,-76.06756724343037,44.13620872160522,7.07
1105225,3,D_named_road,nys_street,yes,low,100,text,Factory Street,"44.13620872160522, -76.06756724343037",,-76.06756724343037,44.13620872160522,7.07
2179066,3,D_named_road,nys_street,yes,low,100,text,Lock St,"42.872918660975344, -74.04282362782064",,-74.04282362782064,42.872918660975344,7.06
1099312,3,D_route,nys_street,yes,medium,100,text,Rte 209,"41.38296943684756, -74.67222481925722",,-74.67222481925722,41.38296943684756,7.05
2144261,3,D_named_road,nys_street,yes,low,100,text,Main Street,"41.88507117874706, -74.84252645047076",,-74.84252645047076,41.88507117874706,7.05
1091497,3,D_named_road,nys_street,yes,low,100,text,Lake Road,"43.23480761405708, -77.53408354175983",,-77.53408354175983,43.23480761405708,7.04
1100698,3,D_named_road,nys_street,yes,low,100,text,Lake Road,"43.23480761405708, -77.53408354175983",,-77.53408354175983,43.23480761405708,7.04
1103462,3,C_intersection,census,yes,medium,100,text,Kent Road and East Kent Road,"43.309287419544, -78.135508544228",,-78.135508544228,43.309287419544,7.02
1100550,3,D_named_road,nys_street,yes,low,100,text,Reed Road,"42.39005964029437, -74.68649352823884",,-74.68649352823884,42.39005964029437,7
1099758,3,D_route,nys_street,yes,medium,100,text,County Route 160,"42.80515357475828, -74.25920869801473",,-74.25920869801473,42.80515357475828,6.98
1099363,3,A_coords,parse,yes,high,,description...action_description,,"41.89195, -74.464198",,-74.464198,41.89195,6.97
1099357,3,D_named_road,nys_street,yes,low,100,text,Denning Road,"41.9224006307628, -74.5611054361679",,-74.5611054361679,41.9224006307628,6.96
1096236,3,B_address,nys_address,yes,high,100,text,8 Delphine Street,"42.107571225099015, -76.26847345637051",8 Delphine Street,-76.26847345637051,42.107571225099015,6.95
1096604,3,D_named_road,nys_street,yes,low,100,text,Dutch Valley Road,"42.658500641383256, -75.28179929507237",,-75.28179929507237,42.658500641383256,6.94
1101243,3,D_named_road,nys_street,yes,low,100,text,Thurston Ave,"42.782887397863355, -78.80065904160428",,-78.80065904160428,42.782887397863355,6.93
1094143,3,D_named_road,nys_street,yes,low,100,text,Skinner Road,"43.123468657596064, -75.50057103533311",,-75.50057103533311,43.123468657596064,6.91
1102646,3,D_named_road,nys_street,yes,low,100,text,Mt. Pleasant Rd,"42.455883541410984, -76.43628927107795",,-76.43628927107795,42.455883541410984,6.91
1089201,3,D_named_road,nys_street,yes,low,100,text,Engdahl Road,"42.26081047411156, -79.17938647951235",,-79.17938647951235,42.26081047411156,6.9
1090517,3,D_named_road,nys_street,yes,low,100,text,Engdahl Road,"42.26081047411156, -79.17938647951235",,-79.17938647951235,42.26081047411156,6.9
1096631,3,D_named_road,nys_street,yes,low,100,text,Henry Road,"44.0744517470251, -75.44110914575502",,-75.44110914575502,44.0744517470251,6.9
1098875,3,D_named_road,nys_street,yes,low,100,text,Engdahl Road,"42.26081047411156, -79.17938647951235",,-79.17938647951235,42.26081047411156,6.9
1102545,3,D_named_road,nys_street,yes,low,100,text,Hoxie Gorge Road,"42.545908565446496, -76.0966451343909",,-76.0966451343909,42.545908565446496,6.9
1096189,3,D_named_road,nys_street,yes,low,100,text,Titus Road,"41.71381847376502, -73.84737843586466",,-73.84737843586466,41.71381847376502,6.88
1102026,3,D_named_road,nys_street,yes,low,100,text,Brook Lane,"41.33149144165779, -73.83487351476671",,-73.83487351476671,41.33149144165779,6.88
1105018,3,D_route,nys_street,yes,medium,100,text,Route 95,"44.965062295590485, -74.63968984411652",,-74.63968984411652,44.965062295590485,6.87
1097028,3,D_named_road,nys_street,yes,low,100,text,Wilhelm Road,"42.14577759620137, -73.96406852987003",,-73.96406852987003,42.14577759620137,6.86
1102826,3,D_named_road,nys_street,yes,low,97.97,text,Traffic Street,"42.42848046753046, -78.76741009961817",,-78.76741009961817,42.42848046753046,6.86
1094639,3,D_route,nys_street,yes,medium,100,text,Route 12,"43.91540094672966, -75.75244105857139",,-75.75244105857139,43.91540094672966,6.85
1094640,3,D_route,nys_street,yes,medium,100,text,Route 12,"43.91540094672966, -75.75244105857139",,-75.75244105857139,43.91540094672966,6.85
1094641,3,D_route,nys_street,yes,medium,100,text,NYS Rt 12,"43.91540094672966, -75.75244105857139",,-75.75244105857139,43.91540094672966,6.85
1102193,3,D_named_road,nys_street,yes,low,100,text,Spring Valley Road,"41.191023513994416, -73.85347197057641",,-73.85347197057641,41.191023513994416,6.85
1098831,3,D_route,nys_street,yes,medium,100,text,Route 60,"42.38107540870917, -79.31115522768542",,-79.31115522768542,42.38107540870917,6.84
1099629,3,D_named_road,nys_street,yes,low,100,text,Miller Street,"42.10017949934947, -75.84936811891085",,-75.84936811891085,42.10017949934947,6.84
1099967,3,D_named_road,nys_street,yes,low,100,text,Wilson Road,"43.21383758042992, -76.83191292522645",,-76.83191292522645,43.21383758042992,6.84
1089811,3,D_route,nys_street,yes,medium,100,text,SR 19,"42.36567341824984, -78.13580780080092",,-78.13580780080092,42.36567341824984,6.83
1101298,3,D_route,nys_street,yes,medium,97.97,text,Route 240,"42.584554508873666, -78.64409392029918",,-78.64409392029918,42.584554508873666,6.8
1096120,3,B_address,nys_address,yes,high,100,text,150 Spafford Landing Road,"42.77647947763098, -76.26720839028856",150 Spafford Landing Road,-76.26720839028856,42.77647947763098,6.76
2179068,3,D_named_road,nys_street,yes,low,100,text,Scrafford Lane,"42.87049364288447, -74.04114762115216",,-74.04114762115216,42.87049364288447,6.76
1097027,3,D_named_road,nys_street,yes,low,100,text,Glasco Turnpike,"42.04880355757017, -74.05907955968077",,-74.05907955968077,42.04880355757017,6.75
1102240,3,D_named_road,nys_street,yes,low,100,text,Thompson Dr,"43.375009570475285, -78.1124338348214",,-78.1124338348214,43.375009570475285,6.75
1103445,3,D_named_road,nys_street,yes,low,100,text,Thompson Drive,"43.375009570475285, -78.1124338348214",,-78.1124338348214,43.375009570475285,6.75
2171449,3,C_intersection,census,yes,medium,100,text,Swan Lake Road and Briscoe Road,"41.760999570689, -74.818973724069",,-74.818973724069,41.760999570689,6.75
1095181,3,D_named_road,nys_street,yes,low,100,text,Krumkill Road,"42.65838362500963, -73.90848964940058",,-73.90848964940058,42.65838362500963,6.74
1602070,3,D_named_road,nys_street,yes,low,100,text,Larchmont Road,"42.07587248525793, -76.85325442381983",,-76.85325442381983,42.07587248525793,6.74
1104862,3,D_route,nys_street,yes,medium,100,text,State Route 414,"42.56093746576276, -76.8634024828485",,-76.8634024828485,42.56093746576276,6.73
1105132,3,D_route,nys_street,yes,medium,100,text,Route 414,"42.56093746576276, -76.8634024828485",,-76.8634024828485,42.56093746576276,6.73
1093258,3,A_coords,parse,yes,high,,description...action_description,,"42.065552, -74.245542",,-74.245542,42.065552,6.72
1102567,3,D_named_road,nys_street,yes,low,100,text,Cahoon Rd,"42.33312864754598, -75.6871579213028",,-75.6871579213028,42.33312864754598,6.71
1105002,3,D_named_road,nys_street,yes,low,100,text,Strong Road,"42.94766253856932, -76.8543489942762",,-76.8543489942762,42.94766253856932,6.71
1096194,3,D_named_road,nys_street,yes,low,100,text,Emerson Road,"42.67868154517986, -77.24704952566876",,-77.24704952566876,42.67868154517986,6.7
1098288,3,D_named_road,nys_street,yes,low,100,text,Saltsman Road,"43.0173956743941, -74.75053783760836",,-74.75053783760836,43.0173956743941,6.7
1098289,3,D_named_road,nys_street,yes,low,100,text,Saltsman Road,"43.0173956743941, -74.75053783760836",,-74.75053783760836,43.0173956743941,6.7
1102563,3,D_named_road,nys_street,yes,low,100,text,East Keeney Rd,"42.78492361328216, -75.95623712593861",,-75.95623712593861,42.78492361328216,6.7
1095700,3,D_named_road,nys_street,yes,low,100,text,Walter Maxfield Road,"43.345010712763994, -73.9577066244242",,-73.9577066244242,43.345010712763994,6.69
1102301,3,D_named_road,nys_street,yes,low,100,text,Sommerville Valley Road,"42.25741544071043, -78.64267494726008",,-78.64267494726008,42.25741544071043,6.69
1095106,3,D_named_road,nys_street,yes,low,100,text,Townline Road,"43.0576085022105, -78.82247814972713 | Townline Road, West Canal Park and Acacia Park Cemetery",,-78.82247814972713,43.0576085022105,6.68
1104313,3,C_intersection,census,yes,medium,100,text,Jay Mountain Road and Glen Road,"44.309430060069, -73.716950905674",,-73.716950905674,44.309430060069,6.68
1096198,3,D_named_road,nys_street,yes,low,100,text,Preserve Parkway,"42.98096562024618, -75.95960407713937",,-75.95960407713937,42.98096562024618,6.67
2179043,3,D_named_road,nys_street,yes,low,100,text,Ennis Rd,"42.86599262958667, -74.11176368175153",,-74.11176368175153,42.86599262958667,6.67
1104877,3,D_named_road,nys_street,yes,low,100,text,Crowley Rd,"44.87675896687814, -74.49392796748582",,-74.49392796748582,44.87675896687814,6.66
1098556,3,A_coords,parse,yes,high,,description...action_description,,"42.047312, -74.689301",,-74.689301,42.047312,6.65
1096397,3,D_route,nys_street,yes,medium,100,text,Route 12,"43.77056380363538, -75.46839008402073",,-75.46839008402073,43.77056380363538,6.64
1101188,3,D_named_road,nys_street,yes,low,100,text,Railroad Ave,"42.5943034571413, -78.93676019408714",,-78.93676019408714,42.5943034571413,6.64
1102194,3,D_named_road,nys_street,yes,low,100,text,Hawkes Avenue,"41.189855891097814, -73.85113120379422",,-73.85113120379422,41.189855891097814,6.64
1095057,3,D_named_road,nys_street,yes,low,100,text,Miller Road,"43.22606457844769, -75.27319528988578",,-75.27319528988578,43.22606457844769,6.63
1102034,3,D_named_road,nys_street,yes,low,100,text,Mohegan Avenue,"41.32236632321282, -73.85323427915115",,-73.85323427915115,41.32236632321282,6.63
1100565,3,D_route,nys_street,yes,medium,100,text,Route 10,"42.23507851058124, -74.96998154949777",,-74.96998154949777,42.23507851058124,6.61
1103476,3,D_named_road,nys_street,yes,low,100,text,East Shore Drive,"42.49286605876411, -76.5112395428103",,-76.5112395428103,42.49286605876411,6.61
1097386,3,A_coords,parse,yes,high,,description...action_description,,"42.006232, -74.267996",,-74.267996,42.006232,6.6
1096354,3,D_named_road,nys_street,yes,low,100,text,Artz Road,"43.871838743083956, -75.45293523623876",,-75.45293523623876,43.871838743083956,6.6
1096952,3,A_coords,parse,yes,high,,description...action_description,,"42.081855, -74.312054",,-74.312054,42.081855,6.56
1102104,3,D_named_road,nys_street,yes,low,100,text,Creek Road,"42.124366370130794, -78.34412891276739",,-78.34412891276739,42.124366370130794,6.56
1096889,3,D_named_road,nys_street,yes,low,100,text,Pumpkin Lane,"41.8685005504998, -73.76634055402286",,-73.76634055402286,41.8685005504998,6.55
2178832,3,D_named_road,nys_street,yes,low,100,text,Quaker Hill Rd,"42.49052965311046, -74.76125284852593",,-74.76125284852593,42.49052965311046,6.55
1097153,3,D_named_road,nys_street,yes,low,100,text,Sawchuck Road,"41.98107210243697, -73.55107435816825",,-73.55107435816825,41.98107210243697,6.54
1098359,3,D_named_road,nys_street,yes,low,100,text,Watson Creek Rd,"42.01420041977295, -77.20912752077932",,-77.20912752077932,42.01420041977295,6.54
1094874,3,D_named_road,nys_street,yes,low,100,text,Prosperous Valley Road,"41.508665389103285, -74.46579673686841",,-74.46579673686841,41.508665389103285,6.52
1088134,3,D_named_road,nys_street,yes,low,100,text,Alder Brook Road,"43.65308077979796, -73.71480963132389",,-73.71480963132389,43.65308077979796,6.51
1100423,3,D_route,nys_street,yes,medium,100,text,SR 30,"43.0282011908918, -74.19995644536716",,-74.19995644536716,43.0282011908918,6.5
1096779,3,D_named_road,nys_street,yes,low,100,text,Old Barton Road,"42.03002741538323, -76.46679627342745",,-76.46679627342745,42.03002741538323,6.49
1100375,3,D_named_road,nys_street,yes,low,100,text,Maplewood Ave,"41.779789547165294, -74.66113777463445",,-74.66113777463445,41.779789547165294,6.48
1098895,3,D_named_road,nys_street,yes,low,100,text,Laona Road,"42.458053420433814, -79.18927322982017",,-79.18927322982017,42.458053420433814,6.47
1095437,3,D_named_road,nys_street,yes,low,100,text,Pletcher Rd,"43.20188350105543, -79.04227126099671 | Pletcher Rd, Town of Lewiston",,-79.04227126099671,43.20188350105543,6.46
1101286,3,D_named_road,nys_street,yes,low,100,text,Clarksburg Rd,"42.601034495818155, -78.84274510025053",,-78.84274510025053,42.601034495818155,6.46
1105017,3,D_named_road,nys_street,yes,low,100,text,Wolf Pond Rd,"44.70147793062833, -74.13818179506336",,-74.13818179506336,44.70147793062833,6.46
1094953,4,D_named_road,nys_street,yes,low,100,text,Bowen Hill Road,"43.50374377322497, -73.83577562749102",,-73.83577562749102,43.50374377322497,6.42
1096582,3,D_named_road,nys_street,yes,low,100,text,Hogtown Road,"43.52081581640725, -73.56095055542632",,-73.56095055542632,43.52081581640725,6.42
1104061,3,D_named_road,nys_street,yes,low,100,text,The Ludington Court,"41.47156042462266, -73.65495844441742",,-73.65495844441742,41.47156042462266,6.41
1088060,3,D_named_road,nys_street,yes,low,100,text,Honey Hollow Road,"42.38268963590744, -73.92619962612606",,-73.92619962612606,42.38268963590744,6.4
1089699,3,D_named_road,nys_street,yes,low,100,text,Wigwam Road,"42.347491460299224, -78.06549678536915",,-78.06549678536915,42.347491460299224,6.4
1090885,3,D_named_road,nys_street,yes,low,100,text,Honey Hollow Rd,"42.38268963590744, -73.92619962612606",,-73.92619962612606,42.38268963590744,6.4
1099269,3,D_named_road,nys_street,yes,low,100,text,Hillside Lake Road,"41.60563047731771, -73.82294146637642",,-73.82294146637642,41.60563047731771,6.4
1102167,3,D_named_road,nys_street,yes,low,100,text,Valeria Circle,"41.30418043685112, -73.67069037044045",,-73.67069037044045,41.30418043685112,6.4
1102459,3,D_named_road,nys_street,yes,low,100,text,Hoag-Childes Road,"42.56587381580376, -75.67145790493123",,-75.67145790493123,42.56587381580376,6.39
1102460,3,D_named_road,nys_street,yes,low,100,text,Hoag-Childes Road,"42.56587381580376, -75.67145790493123",,-75.67145790493123,42.56587381580376,6.39
2178830,3,D_route,nys_street,yes,medium,100,text,Rt30,"42.01121947243447, -75.13515193231845",,-75.13515193231845,42.01121947243447,6.39
1098557,3,A_coords,parse,yes,high,,description...action_description,,"42.003035, -74.658212",,-74.658212,42.003035,6.38
1092421,4,B_address,nys_address,yes,high,100,text,11 Front Street,"40.702680999866686, -73.99285780071435",11 Front Street,-73.99285780071435,40.702680999866686,6.38
1105050,3,D_named_road,nys_street,yes,low,100,text,Woodgate Road,"42.19053145796388, -76.85642835612762",,-76.85642835612762,42.19053145796388,6.38
1099354,3,A_coords,parse,yes,high,,description...action_description,,"41.897378, -74.465113",,-74.465113,41.897378,6.37
1103402,4,D_named_road,nys_street,yes,low,100,text,Tuttle Road,"41.13877637804998, -73.82753553082028",,-73.82753553082028,41.13877637804998,6.37
1097389,3,A_coords,parse,yes,high,,description...action_description,,"42.004128, -74.265508",,-74.265508,42.004128,6.36
1096504,3,D_named_road,nys_street,yes,low,100,text,Comstock Road,"42.663440563670896, -77.17744157859723",,-77.17744157859723,42.663440563670896,6.34
1096764,3,B_address,nys_address,yes,high,100,text,5020 Ag Park Drive,"42.98121985421265, -78.15304311123765",5020 Ag Park Drive,-78.15304311123765,42.98121985421265,6.34
1104880,3,D_named_road,nys_street,yes,low,100,text,Weller Rd,"44.784817943066855, -74.37203397653123",,-74.37203397653123,44.784817943066855,6.34
1089807,3,D_named_road,nys_street,yes,low,100,text,East River Road,"42.36042246234278, -78.11996587079715",,-78.11996587079715,42.36042246234278,6.33
1090916,3,D_named_road,nys_street,yes,low,100,text,Madison Avenue,"42.45112766417537, -73.79513884931589",,-73.79513884931589,42.45112766417537,6.33
1095280,3,D_named_road,nys_street,yes,low,100,text,Madison Avenue,"42.45112766417537, -73.79513884931589",,-73.79513884931589,42.45112766417537,6.33
1102568,3,D_named_road,nys_street,yes,low,100,text,Wylie-Horton Rd,"42.27359587516865, -75.69744338717476",,-75.69744338717476,42.27359587516865,6.33
1090113,3,D_named_road,nys_street,yes,low,100,text,Snyder Road,"42.17332058151066, -77.89166686972062",,-77.89166686972062,42.17332058151066,6.32
1096046,3,D_named_road,nys_street,yes,low,97.97,text,Factory Hill Road,"42.63297659279279, -74.67653482049501",,-74.67653482049501,42.63297659279279,6.32
1100377,3,D_named_road,nys_street,yes,low,100,text,North Road,"41.56679437328308, -74.76778285939199",,-74.76778285939199,41.56679437328308,6.32
2144192,3,D_named_road,nys_street,yes,low,100,text,North Road,"41.56679437328308, -74.76778285939199",,-74.76778285939199,41.56679437328308,6.32
2171409,3,D_named_road,nys_street,yes,low,97.97,text,Thompsonville Road,"41.68507042923778, -74.62548179454598",,-74.62548179454598,41.68507042923778,6.32
2144147,3,D_route,nys_street,yes,medium,100,text,Rt 52,"41.77903744696429, -74.93596394397858",,-74.93596394397858,41.77903744696429,6.3
2144149,3,D_route,nys_street,yes,medium,100,text,Rt 52,"41.77903744696429, -74.93596394397858",,-74.93596394397858,41.77903744696429,6.3
2171388,3,D_route,nys_street,yes,medium,100,text,Route 52,"41.77903744696429, -74.93596394397858",,-74.93596394397858,41.77903744696429,6.3
2171390,3,D_route,nys_street,yes,medium,100,text,Route 52,"41.77903744696429, -74.93596394397858",,-74.93596394397858,41.77903744696429,6.3
1096381,3,B_address,nys_address,yes,high,100,text,121 Willow Ln,"42.48935839024572, -74.98090607827162",121 Willow Ln,-74.98090607827162,42.48935839024572,6.29
1098482,3,D_named_road,nys_street,yes,low,100,text,Orchard Street,"41.92263954346906, -74.06147258961326",,-74.06147258961326,41.92263954346906,6.29
1101260,3,D_named_road,nys_street,yes,low,100,text,Jones Bridge Road,"42.76329040631321, -77.8294808102283",,-77.8294808102283,42.76329040631321,6.28
1105127,3,D_named_road,nys_street,yes,low,100,text,Frontenac Road,"42.54827129538276, -76.64107335985479",,-76.64107335985479,42.54827129538276,6.28
1088783,3,D_named_road,nys_street,yes,low,100,text,Fairview Street,"42.12851748371785, -75.96500919168554",,-75.96500919168554,42.12851748371785,6.27
1090345,3,D_named_road,nys_street,yes,low,100,text,Fairview Street,"42.12851748371785, -75.96500919168554",,-75.96500919168554,42.12851748371785,6.27
1096508,3,D_named_road,nys_street,yes,low,100,text,Murray Hollow Road,"43.09262266816156, -73.30097345215344",,-73.30097345215344,43.09262266816156,6.27
1096555,3,D_named_road,nys_street,yes,low,100,text,Cross Road,"43.46674775999179, -73.26835444766263",,-73.26835444766263,43.46674775999179,6.27
1096763,3,B_address,nys_address,yes,high,100,text,4910 Ellicott Street Road,"42.976596564726215, -78.1567661507089",4910 Ellicott Street Road,-78.1567661507089,42.976596564726215,6.27
1101502,3,D_named_road,nys_street,yes,low,100,text,Creek Road,"42.511135262727905, -78.57955888211943",,-78.57955888211943,42.511135262727905,6.26
1101506,3,D_named_road,nys_street,yes,low,100,text,Creek Road,"42.511135262727905, -78.57955888211943",,-78.57955888211943,42.511135262727905,6.26
1104172,3,D_named_road,nys_street,yes,low,100,text,Secor Road,"41.371481013065164, -73.7947955882763",,-73.7947955882763,41.371481013065164,6.26
2144181,3,B_address,nys_address,yes,high,88.58,text,533 River Avon Lodge Road,"41.6837875759345, -74.5976791157632",,-74.5976791157632,41.6837875759345,6.24
1097162,3,B_address,nys_address,yes,high,100,text,41 Ferry Road,"42.35435926330261, -73.78643044167987",41 Ferry Road,-73.78643044167987,42.35435926330261,6.22
1102195,3,D_named_road,nys_street,yes,low,100,text,Allapartus Road,"41.19766736088257, -73.844067502794",,-73.844067502794,41.19766736088257,6.21
1103970,3,B_address,nys_address,yes,high,100,text,147 Hustis Road,"41.47371992716504, -73.92700160614353",147 Hustis Road,-73.92700160614353,41.47371992716504,6.21
1105047,3,D_named_road,nys_street,yes,low,100,text,Roberts Hollow Road,"42.02826841643301, -76.6886283749821",,-76.6886283749821,42.02826841643301,6.21
1091936,4,D_named_road,nys_street,yes,low,100,text,Union Street,"40.68516741607832, -74.0057596646557",,-74.0057596646557,40.68516741607832,6.19
1095143,3,D_named_road,nys_street,yes,low,100,text,Hans Creek Road,"43.12466796069138, -74.11974526430726",,-74.11974526430726,43.12466796069138,6.18
1092223,4,D_named_road,nys_street,yes,low,100,text,Atlantic Avenue,"40.692049749722415, -74.00062456949098",,-74.00062456949098,40.692049749722415,6.17
1095038,3,D_named_road,nys_street,yes,low,100,text,Telegraph Rd,"43.195511489556914, -78.59052509977738 | Telegraph Rd",,-78.59052509977738,43.195511489556914,6.17
1098966,4,D_named_road,nys_street,yes,low,100,text,Atlantic Avenue,"40.692049749722415, -74.00062456949098",,-74.00062456949098,40.692049749722415,6.17
1096175,3,D_named_road,nys_street,yes,low,100,text,Old Rock City Road,"41.962838585278476, -73.84014857063163",,-73.84014857063163,41.962838585278476,6.16
1096761,3,D_named_road,nys_street,yes,low,100,text,Baldwin Rd,"42.70100152119082, -77.12108756102522",,-77.12108756102522,42.70100152119082,6.16
1097131,3,D_named_road,nys_street,yes,low,100,text,Rodman Place,"41.15334342661359, -74.04319257090316",,-74.04319257090316,41.15334342661359,6.16
2144185,3,B_address,nys_address,yes,high,100,text,302 Todd Road,"41.78624609688953, -74.56426970751852",,-74.56426970751852,41.78624609688953,6.16
1095223,3,D_named_road,nys_street,yes,low,100,text,Acme Road,"43.033376269012074, -75.06440823656784",,-75.06440823656784,43.033376269012074,6.15
1094919,3,D_named_road,nys_street,yes,low,100,text,Stony Ford Road,"41.457969434273245, -74.3300436311268",,-74.3300436311268,41.457969434273245,6.14
1092306,4,D_named_road,nys_street,yes,low,100,text,Carroll Street,"40.68366429349845, -74.00582047658997",,-74.00582047658997,40.68366429349845,6.13
1098859,3,D_named_road,nys_street,yes,low,100,text,Wicks Avenue,"42.09750938608955, -79.29177120361106",,-79.29177120361106,42.09750938608955,6.13
1095739,3,B_address,nys_address,yes,high,100,text,600 Palmer Avenue,"43.24610648926835, -73.81523508572124",600 Palmer Avenue,-73.81523508572124,43.24610648926835,6.12
1091219,3,D_named_road,nys_street,yes,low,97.97,text,Mill Hill Road,"42.850675112920676, -75.3901727952693",,-75.3901727952693,42.850675112920676,6.09
1096375,3,D_named_road,nys_street,yes,low,100,text,Outlet Road,"42.66071660328253, -77.0374434047922",,-77.0374434047922,42.66071660328253,6.09
1100018,3,D_named_road,nys_street,yes,low,97.97,text,Mill Hill Road,"42.850675112920676, -75.3901727952693",,-75.3901727952693,42.850675112920676,6.09
1094939,3,D_named_road,nys_street,yes,low,100,text,Smith Crossing Road,"41.6385569842507, -73.8581473076354",,-73.8581473076354,41.6385569842507,6.08
1096799,3,D_named_road,nys_street,yes,low,100,text,Coach Road,"43.18542368503959, -73.48868459137822",,-73.48868459137822,43.18542368503959,6.08
1102534,3,D_named_road,nys_street,yes,low,100,text,Smith-Kingsman Road,"42.447937600464435, -75.86092333474978",,-75.86092333474978,42.447937600464435,6.08
2144186,3,D_named_road,nys_street,yes,low,100,text,Burns Rd,"41.50287340430145, -74.65312979002125",,-74.65312979002125,41.50287340430145,6.08
2171421,3,C_intersection,census,yes,medium,100,text,Galligan Road and Burns Road,"41.502870613791, -74.653112794354",,-74.653112794354,41.502870613791,6.08
1099274,3,D_named_road,nys_street,yes,low,100,text,Clove Branch Road,"41.60640648578382, -73.81249251135075",,-73.81249251135075,41.60640648578382,6.07
1098525,3,D_named_road,nys_street,yes,low,100,text,Miller Road,"42.51960418565876, -73.82020964027346",,-73.82020964027346,42.51960418565876,6.06
1098659,3,D_named_road,nys_street,yes,low,100,text,Richfield Street,"43.00296059507365, -75.04471889166821",,-75.04471889166821,43.00296059507365,6.06
1096676,3,B_address,nys_address,yes,high,100,text,10260 Taylorville Rd,"43.92788071274236, -75.31285050700063",10260 Taylorville Rd,-75.31285050700063,43.92788071274236,6.04
1090089,3,D_route,nys_street,yes,medium,100,text,CR 31,"42.17396844809096, -78.06729477288972",,-78.06729477288972,42.17396844809096,6.01
1096355,3,D_named_road,nys_street,yes,low,100,text,Benton Road,"43.81592771185662, -75.41857927141965",,-75.41857927141965,43.81592771185662,6.01
1102937,3,D_named_road,nys_street,yes,low,100,text,Scott Hollow Road,"42.33587847979641, -78.94330018985839",,-78.94330018985839,42.33587847979641,5.99
1098723,3,A_coords,parse,yes,high,,action_name,,"43.1137, -76.8424",,-76.8424,43.1137,5.98
1091743,4,B_address,nys_address,yes,high,100,text,390 Kent Avenue,"40.71143944555139, -73.96841176914664",390 Kent Avenue,-73.96841176914664,40.71143944555139,5.98
1099760,3,D_named_road,nys_street,yes,low,100,text,Butler Road,"42.83568455660577, -74.27032975315039",,-74.27032975315039,42.83568455660577,5.98
1099761,3,D_named_road,nys_street,yes,low,100,text,Butler Road,"42.83568455660577, -74.27032975315039",,-74.27032975315039,42.83568455660577,5.98
2178817,3,D_named_road,nys_street,yes,low,100,text,Tanglewood Lake Road,"42.22352684564322, -74.88295639045862",,-74.88295639045862,42.22352684564322,5.98
1096360,3,D_route,nys_street,yes,medium,100,text,Rte 126,"43.88369678204235, -75.43853516225566",,-75.43853516225566,43.88369678204235,5.97
1096361,3,D_route,nys_street,yes,medium,100,text,Rte 126,"43.88369678204235, -75.43853516225566",,-75.43853516225566,43.88369678204235,5.97
1097165,3,D_named_road,nys_street,yes,low,100,text,Harlemville Road,"42.221267626705284, -73.6048155936214",,-73.6048155936214,42.221267626705284,5.97
1100111,3,D_named_road,nys_street,yes,low,100,text,Kenwood Ave,"42.629252703062, -73.8645205706085",,-73.8645205706085,42.629252703062,5.97
1097408,3,A_coords,parse,yes,high,,description...action_description,,"42.000525, -74.260431",,-74.260431,42.000525,5.96
1094745,3,D_named_road,nys_street,yes,low,100,text,Fifth Street,"42.11654146530356, -75.9709781436087",,-75.9709781436087,42.11654146530356,5.96
1097196,3,C_intersection,census,yes,medium,100,text,Highland Road and River St,"42.37266641015, -73.591932080616",,-73.591932080616,42.37266641015,5.96
2144189,3,D_named_road,nys_street,yes,low,100,text,Dill Road,"41.592209441305975, -74.73466687074077",,-74.73466687074077,41.592209441305975,5.96
2178809,3,C_intersection,census,yes,medium,100,text,Rathbun Hill Road and Prosser Hollow Road,"42.429582450339, -74.966173131196",,-74.966173131196,42.429582450339,5.96
1100539,3,D_named_road,nys_street,yes,low,100,text,Shaw Road,"42.34497453998794, -74.74672179104837",,-74.74672179104837,42.34497453998794,5.95
1098722,3,A_coords,parse,yes,high,,action_name,,"43.07152, -76.95832",,-76.95832,43.07152,5.94
1099880,3,D_named_road,nys_street,yes,low,100,text,Happy Hollow Road,"42.91543042764053, -74.62873673738301",,-74.62873673738301,42.91543042764053,5.94
1099883,3,D_named_road,nys_street,yes,low,100,text,Happy Hollow Road,"42.91543042764053, -74.62873673738301",,-74.62873673738301,42.91543042764053,5.94
1602085,3,D_named_road,nys_street,yes,low,100,text,Spruce Street,"42.0704544739065, -76.81843337641887",,-76.81843337641887,42.0704544739065,5.94
2171419,3,D_named_road,nys_street,yes,low,100,text,Lake Joseph Drive,"41.59807642086276, -74.71653080055583",,-74.71653080055583,41.59807642086276,5.94
1089199,3,D_route,nys_street,yes,medium,100,text,Route 60,"42.27547836779638, -79.29575319364552",,-79.29575319364552,42.27547836779638,5.93
1090515,3,D_route,nys_street,yes,medium,100,text,Route 60,"42.27547836779638, -79.29575319364552",,-79.29575319364552,42.27547836779638,5.93
1097400,3,D_named_road,nys_street,yes,low,100,text,Bostock Rd,"41.998056525996276, -74.2424116949215",,-74.2424116949215,41.998056525996276,5.93
1098830,3,D_route,nys_street,yes,medium,100,text,Route 60,"42.27547836779638, -79.29575319364552",,-79.29575319364552,42.27547836779638,5.93
1090132,3,D_named_road,nys_street,yes,low,97.97,text,Dobson Road,"42.34747447104805, -77.85898068218553",,-77.85898068218553,42.34747447104805,5.92
1098345,3,D_named_road,nys_street,yes,low,100,text,River Road,"43.37248065338238, -75.4826141793679",,-75.4826141793679,43.37248065338238,5.92
1099764,3,D_route,nys_street,yes,medium,100,text,Route 21,"42.32546214100658, -77.7345263549652",,-77.7345263549652,42.32546214100658,5.92
2178873,3,D_named_road,nys_street,yes,low,100,text,MacGibbon Hollow Road,"42.211886530444396, -75.07654900659742",,-75.07654900659742,42.211886530444396,5.92
1105312,3,D_named_road,nys_street,yes,low,100,text,Forty Road,"42.42872741899361, -78.89670707466848",,-78.89670707466848,42.42872741899361,5.87
1094756,3,D_named_road,nys_street,yes,low,100,text,Day Hollow Road,"42.11278766596456, -76.1084759473394",,-76.1084759473394,42.11278766596456,5.86
1096485,3,D_named_road,nys_street,yes,low,100,text,Statzer Road,"43.42659567275, -75.55903008683055",,-75.55903008683055,43.42659567275,5.86
1098756,3,D_named_road,nys_street,yes,low,100,text,Monkey Run Road,"42.242144533979385, -75.75680617922976",,-75.75680617922976,42.242144533979385,5.86
1102456,3,D_named_road,nys_street,yes,low,100,text,Turner Street,"42.463951553693114, -75.57156616752025",,-75.57156616752025,42.463951553693114,5.86
1104767,3,D_route,nys_street,yes,medium,100,text,Route 89,"42.74626653762644, -76.77025549025733",,-76.77025549025733,42.74626653762644,5.86
1096950,3,A_coords,parse,yes,high,,description...action_description,,"42.121084, -74.398646",,-74.398646,42.121084,5.84
1090883,3,D_named_road,nys_street,yes,low,100,text,Pennsylvania Avenue,"42.180453542800606, -74.00907260940848",,-74.00907260940848,42.180453542800606,5.83
1095821,3,D_named_road,nys_street,yes,low,100,text,Pennsylvania Avenue,"42.180453542800606, -74.00907260940848",,-74.00907260940848,42.180453542800606,5.83
1096540,3,C_intersection,census,yes,medium,100,text,Austin Road and River Road,"43.867998216419, -75.696450788344",,-75.696450788344,43.867998216419,5.83
1103027,3,B_address,nys_address,yes,high,100,text,18 Glenridge Road,"42.86778834740363, -73.92809671523689",18 Glenridge Road,-73.92809671523689,42.86778834740363,5.83
1101501,3,D_named_road,nys_street,yes,low,100,text,Bolton Road,"42.47711473181539, -78.5834227034727",,-78.5834227034727,42.47711473181539,5.81
1103678,3,D_named_road,nys_street,yes,low,100,text,Doty Rd,"42.41101599441251, -75.96220506449339",,-75.96220506449339,42.41101599441251,5.81
1097086,3,D_named_road,nys_street,yes,low,100,text,Ford Road,"43.29751960847034, -76.74818449230646",,-76.74818449230646,43.29751960847034,5.8
1104740,3,D_route,nys_street,yes,medium,100,text,CR-28,"43.53168863939733, -76.18179227205667",,-76.18179227205667,43.53168863939733,5.8
1097382,3,D_named_road,nys_street,yes,low,100,text,Jomar Lane,"41.89712652903141, -74.2832356847847",,-74.2832356847847,41.89712652903141,5.79
1101564,3,D_named_road,nys_street,yes,low,100,text,Mamaroneck Avenue,"40.98321435640563, -73.74421149496443",,-73.74421149496443,40.98321435640563,5.78
1096525,3,D_named_road,nys_street,yes,low,100,text,Sunnyside Road,"42.660412545761716, -77.35323663533002",,-77.35323663533002,42.660412545761716,5.77
2178707,3,D_named_road,nys_street,yes,low,97.97,text,Dobson Road,"42.34747447104805, -77.85898068218553",,-77.85898068218553,42.34747447104805,5.77
1090895,3,D_named_road,nys_street,yes,low,100,text,Scribner Hollow Road,"42.202160575823385, -74.19656359525494",,-74.19656359525494,42.202160575823385,5.76
1095490,3,D_named_road,nys_street,yes,low,100,text,Scribner Hollow Road,"42.202160575823385, -74.19656359525494",,-74.19656359525494,42.202160575823385,5.76
1102481,3,D_named_road,nys_street,yes,low,100,text,Lower Ravine Rd,"42.514657611127724, -75.55785403008639",,-75.55785403008639,42.514657611127724,5.76
1104952,3,D_route,nys_street,yes,medium,100,text,County Rt 2,"43.57632671599756, -76.02203720192998",,-76.02203720192998,43.57632671599756,5.76
1097503,3,D_named_road,nys_street,yes,low,100,text,Little East Neck Road,"40.70010333783151, -73.3397043581678",,-73.3397043581678,40.70010333783151,5.74
1088597,3,A_coords,parse,yes,high,,description...action_description,,"42.85902, -77.23077",,-77.23077,42.85902,5.73
1096258,3,D_named_road,nys_street,yes,low,100,text,North Osceola Road,"43.5539837653779, -75.76213047871838",,-75.76213047871838,43.5539837653779,5.73
2171469,3,C_intersection,census,yes,medium,100,text,Yankee Lake Road and Old Westbrookville Road,"41.577426596232, -74.563382818343",,-74.563382818343,41.577426596232,5.73
1095374,3,D_named_road,nys_street,yes,low,100,text,Canning Road,"41.50265544241489, -74.25316455807639",,-74.25316455807639,41.50265544241489,5.72
1102061,3,D_route,nys_street,yes,medium,100,text,Route 6,"41.33744542102239, -73.77898647561027",,-73.77898647561027,41.33744542102239,5.72
1088081,3,D_route,nys_street,yes,medium,100,text,Route 149,"43.397441754739674, -73.62311454727458",,-73.62311454727458,43.397441754739674,5.71
1096554,3,D_named_road,nys_street,yes,low,100,text,Conety Road,"43.37345775594046, -73.34214038175855",,-73.34214038175855,43.37345775594046,5.71
1097129,3,D_named_road,nys_street,yes,low,100,text,Camp Hill Road,"41.17872836823853, -74.05598250398495",,-74.05598250398495,41.17872836823853,5.71
1091065,3,D_route,nys_street,yes,medium,100,text,NYS Route 5,"43.0221115814536, -75.02941794583735",,-75.02941794583735,43.0221115814536,5.7
1095213,3,D_route,nys_street,yes,medium,100,text,NYS Route 5,"43.0221115814536, -75.02941794583735",,-75.02941794583735,43.0221115814536,5.7
1095215,3,D_route,nys_street,yes,medium,100,text,NYS Route 5,"43.0221115814536, -75.02941794583735",,-75.02941794583735,43.0221115814536,5.7
1096783,3,A_coords,parse,yes,high,,description...problem_statement,,"42.048588, -76.447529",,-76.447529,42.048588,5.65
1095039,3,B_address,nys_address,yes,high,100,text,8469 State Street,"43.20117671422116, -78.55925864780592",,-78.55925864780592,43.20117671422116,5.65
1097152,3,D_route,nys_street,yes,medium,100,text,State Route 22,"42.07388757979339, -73.53790943598283",,-73.53790943598283,42.07388757979339,5.65
1102645,3,D_named_road,nys_street,yes,low,100,text,Lower Creek Road,"42.472161602655575, -76.42593636001695",,-76.42593636001695,42.472161602655575,5.64
1096004,3,D_named_road,nys_street,yes,low,100,text,Rossman Road,"42.294575456030124, -77.78757171566207",,-77.78757171566207,42.294575456030124,5.63
1100544,3,C_intersection,census,yes,medium,100,text,Whiskey Hollow Road and Dibble Road,"42.403365444487, -74.682286224833",,-74.682286224833,42.403365444487,5.63
1105135,3,D_route,nys_street,yes,medium,100,text,CR 138,"42.681986632043674, -76.7791904336778",,-76.7791904336778,42.681986632043674,5.63
2178705,3,D_named_road,nys_street,yes,low,97.97,text,Baker Valley Road,"42.26996344312823, -77.94809670492893",,-77.94809670492893,42.26996344312823,5.63
1105133,3,D_named_road,nys_street,yes,low,100,text,Deerlick Springs Road,"42.636579532190986, -76.72585346103777",,-76.72585346103777,42.636579532190986,5.62
1097392,3,A_coords,parse,yes,high,,description...action_description,,"41.898239, -74.280826",,-74.280826,41.898239,5.61
1090908,3,D_named_road,nys_street,yes,low,100,text,Banks Road,"42.25011850964579, -74.37318981428352",,-74.37318981428352,42.25011850964579,5.61
1095433,3,D_named_road,nys_street,yes,low,100,text,Banks Road,"42.25011850964579, -74.37318981428352",,-74.37318981428352,42.25011850964579,5.61
1096374,3,B_address,nys_address,yes,high,100,text,30 Elmwood Ave,"42.65598425569549, -77.03676273883008",30 Elmwood Ave,-77.03676273883008,42.65598425569549,5.61
1104937,3,D_named_road,nys_street,yes,low,100,text,Tanner Rd,"43.34950210090065, -75.98708424197963",,-75.98708424197963,43.34950210090065,5.6
1096056,3,D_named_road,nys_street,yes,low,100,text,Tanner Hill Road,"43.497708836687266, -73.32781456368689",,-73.32781456368689,43.497708836687266,5.58
1098542,3,A_coords,parse,yes,high,,description...action_description,,"42.069141, -74.548141",,-74.548141,42.069141,5.57
1093327,3,D_named_road,nys_street,yes,low,100,text,Dixon Drive,"43.29059066145724, -75.41173907368643",,-75.41173907368643,43.29059066145724,5.57
1100379,3,D_route,nys_street,yes,medium,100,text,Route 52,"41.71789842749903, -74.96643988674167",,-74.96643988674167,41.71789842749903,5.57
1102665,3,D_named_road,nys_street,yes,low,100,text,Canaan Road,"42.401844356620934, -76.29576174158855",,-76.29576174158855,42.401844356620934,5.57
2171463,3,D_named_road,nys_street,yes,low,100,text,Rio Dam Road,"41.457082393426035, -74.7658858374428",,-74.7658858374428,41.457082393426035,5.57
1098543,3,A_coords,parse,yes,high,,description...action_description,,"42.067673, -74.547348",,-74.547348,42.067673,5.56
1096886,3,D_named_road,nys_street,yes,low,100,text,Fraser Road,"43.300328719296516, -75.29089309361365",,-75.29089309361365,43.300328719296516,5.55
1099713,3,D_route,nys_street,yes,medium,100,text,Route 5,"43.02307660448192, -74.91770290390897",,-74.91770290390897,43.02307660448192,5.55
1102657,3,D_named_road,nys_street,yes,low,100,text,Ditmar Road,"43.077457526298865, -76.55715237810506",,-76.55715237810506,43.077457526298865,5.55
1095506,3,D_route,nys_street,yes,medium,100,text,State Route 9,"42.901264648132916, -73.77270161502447",,-73.77270161502447,42.901264648132916,5.54
1096581,3,D_named_road,nys_street,yes,low,100,text,Lake Nebo Road,"43.43031374912187, -73.56477451707413",,-73.56477451707413,43.43031374912187,5.54
1096704,3,C_intersection,census,yes,medium,100,text,Beach Road and Muskrat Bay Road,"43.2149673497, -76.082307713055",,-76.082307713055,43.2149673497,5.54
1098347,3,D_named_road,nys_street,yes,low,100,text,Belcher Road,"43.367329710423924, -75.55504722921431",,-75.55504722921431,43.367329710423924,5.54
1098797,3,D_named_road,nys_street,yes,low,100,text,Straight Road,"42.43266542778855, -79.27560825100474",,-79.27560825100474,42.43266542778855,5.54
1096045,3,D_route,nys_street,yes,medium,100,text,Route 7,"42.5680857144737, -74.77838586172585",,-74.77838586172585,42.5680857144737,5.53
1104852,3,D_named_road,nys_street,yes,low,100,text,Western Road,"42.54685268556581, -73.74847649695269",,-73.74847649695269,42.54685268556581,5.53
1095201,3,A_coords,parse,yes,high,,description...problem_statement,,"42.286824, -76.115744",,-76.115744,42.286824,5.52
1097159,3,D_route,nys_street,yes,medium,100,text,Route 82,"42.1418667150185, -73.7392073543502",,-73.7392073543502,42.1418667150185,5.51
1102354,3,D_named_road,nys_street,yes,low,100,text,"Saw Mill River 
Parkway","41.216940412260925, -73.73224343640462",,-73.73224343640462,41.216940412260925,5.51
1096941,3,A_coords,parse,yes,high,,description...action_description,,"42.116143, -74.369984",,-74.369984,42.116143,5.49
1096947,3,A_coords,parse,yes,high,,description...action_description,,"42.116143, -74.369984",,-74.369984,42.116143,5.49
1096960,3,A_coords,parse,yes,high,,description...action_description,,"42.116143, -74.369984",,-74.369984,42.116143,5.49
1089697,3,D_named_road,nys_street,yes,low,100,text,Ludwig Road,"42.42776144111112, -78.06038878366486",,-78.06038878366486,42.42776144111112,5.49
1103705,3,D_named_road,nys_street,yes,low,100,text,Atkins Road,"42.55851366403422, -76.04660862441888",,-76.04660862441888,42.55851366403422,5.48
1105026,3,D_named_road,nys_street,yes,low,100,text,Hewitt Rd,"44.68374291420253, -74.5692579910672",,-74.5692579910672,44.68374291420253,5.48
2178710,3,D_named_road,nys_street,yes,low,97.97,text,Dunham Road,"42.34049743195284, -77.85267472805359",,-77.85267472805359,42.34049743195284,5.48
1099349,3,A_coords,parse,yes,high,,description...action_description,,"41.911057, -74.450908",,-74.450908,41.911057,5.47
1091070,3,D_named_road,nys_street,yes,low,100,text,West German Street,"43.0174596742248, -75.01037990395075",,-75.01037990395075,43.0174596742248,5.46
1095202,3,D_named_road,nys_street,yes,low,100,text,West German St,"43.0174596742248, -75.01037990395075",,-75.01037990395075,43.0174596742248,5.46
1097177,3,D_named_road,nys_street,yes,low,100,text,Wolf Hill Road,"42.2448646060167, -73.5928564382934",,-73.5928564382934,42.2448646060167,5.46
1097391,3,A_coords,parse,yes,high,,description...action_description,,"41.936805, -74.327627",,-74.327627,41.936805,5.45
2171529,3,D_named_road,nys_street,yes,low,100,text,Hoffman Road,"41.630369444508474, -75.00300885215896",,-75.00300885215896,41.630369444508474,5.45
1096367,3,D_named_road,nys_street,yes,low,100,text,Pittsley Road,"42.5179657267603, -75.32506727614833",,-75.32506727614833,42.5179657267603,5.44
2179009,3,D_named_road,nys_street,yes,low,100,text,Glenridge Road,"42.86910362410403, -73.93264369414717",,-73.93264369414717,42.86910362410403,5.44
1094804,3,D_named_road,nys_street,yes,low,100,text,Broad St,"42.08667644276424, -78.16110378868915",,-78.16110378868915,42.08667644276424,5.43
1090135,3,D_named_road,nys_street,yes,low,97.97,text,Dunham Road,"42.34049743195284, -77.85267472805359",,-77.85267472805359,42.34049743195284,5.42
1094854,3,D_named_road,nys_street,yes,low,97.97,text,Dunham Road,"42.34049743195284, -77.85267472805359",,-77.85267472805359,42.34049743195284,5.42
1102757,3,C_intersection,census,yes,medium,100,text,Weeden Rd and Ireland Rd,"42.158898663722, -78.948683128638",,-78.948683128638,42.158898663722,5.42
1102957,3,D_named_road,nys_street,yes,low,100,text,Morgan Hollow Road,"42.25918660200961, -78.5571843173147",,-78.5571843173147,42.25918660200961,5.42
1104985,3,D_named_road,nys_street,yes,low,100,text,Clove Road,"42.50174468700835, -73.73931056107247",,-73.73931056107247,42.50174468700835,5.42
1105122,3,D_named_road,nys_street,yes,low,100,text,Clove Road,"42.50174468700835, -73.73931056107247",,-73.73931056107247,42.50174468700835,5.42
2178878,3,D_named_road,nys_street,yes,low,100,text,Budine Road,"42.20951793053182, -75.08191669741444",,-75.08191669741444,42.20951793053182,5.42
1093239,3,D_named_road,nys_street,yes,low,100,text,Commercial Drive,"43.0998750981391, -75.30094052590277",,-75.30094052590277,43.0998750981391,5.41
1096602,3,D_route,nys_street,yes,medium,97.97,text,State Route 8,"42.710442583911274, -75.31753012768529",,-75.31753012768529,42.710442583911274,5.41
1100363,3,D_route,nys_street,yes,medium,100,text,Rt 52,"41.79342746105822, -74.80817181763682",,-74.80817181763682,41.79342746105822,5.41
1100388,3,D_named_road,nys_street,yes,low,100,text,Dewitt Flats Rd,"41.789267854786345, -74.89735285803549",,-74.89735285803549,41.789267854786345,5.41
2171422,3,C_intersection,census,yes,medium,100,text,Forestburgh Road and Plank Road,"41.556303607528, -74.760478256377",,-74.760478256377,41.556303607528,5.41
1096506,3,D_named_road,nys_street,yes,low,100,text,Skellie Road,"43.125642768716574, -73.4190314908311",,-73.4190314908311,43.125642768716574,5.4
1096570,3,D_named_road,nys_street,yes,low,100,text,Copeland Pond Road,"43.4329707124402, -73.56661355390641",,-73.56661355390641,43.4329707124402,5.4
1104910,3,D_named_road,nys_street,yes,low,100,text,Ashland Avenue,"42.13186336293426, -76.83954576767411",,-76.83954576767411,42.13186336293426,5.4
1100128,3,D_named_road,nys_street,yes,low,100,text,Coon Hollow Road,"42.29095942018889, -77.06784147776253",,-77.06784147776253,42.29095942018889,5.39
1091040,3,D_named_road,nys_street,yes,low,100,text,First Avenue,"43.03761361476286, -75.07358691146835",,-75.07358691146835,43.03761361476286,5.37
1095224,3,D_named_road,nys_street,yes,low,100,text,First Avenue,"43.03761361476286, -75.07358691146835",,-75.07358691146835,43.03761361476286,5.37
1088019,3,D_named_road,nys_street,yes,low,100,text,Main St,"42.25494867414359, -73.90105354148669",,-73.90105354148669,42.25494867414359,5.36
1088022,3,D_named_road,nys_street,yes,low,100,text,Main St,"42.25494867414359, -73.90105354148669",,-73.90105354148669,42.25494867414359,5.36
1090941,3,D_named_road,nys_street,yes,low,100,text,Main St,"42.25494867414359, -73.90105354148669",,-73.90105354148669,42.25494867414359,5.36
1090943,3,D_named_road,nys_street,yes,low,100,text,Main St,"42.25494867414359, -73.90105354148669",,-73.90105354148669,42.25494867414359,5.36
1088729,3,D_named_road,nys_street,yes,low,100,text,Oakdale Road,"42.16787753297318, -75.98594713432665",,-75.98594713432665,42.16787753297318,5.35
1090291,3,D_named_road,nys_street,yes,low,100,text,Oakdale Road,"42.16787753297318, -75.98594713432665",,-75.98594713432665,42.16787753297318,5.35
1098821,3,D_named_road,nys_street,yes,low,100,text,"South Roberts
Road","42.46550045891379, -79.29432616349115",,-79.29432616349115,42.46550045891379,5.35
1102480,3,D_named_road,nys_street,yes,low,100,text,Crandall Street,"42.53714953363111, -75.54065314868227",,-75.54065314868227,42.53714953363111,5.35
2144260,3,D_named_road,nys_street,yes,low,100,text,Finch St,"41.89834055943529, -74.83225386748458",,-74.83225386748458,41.89834055943529,5.35
1102916,3,B_address,nys_address,yes,high,100,text,365 Lakeview Blvd,"42.43251524243303, -78.4786645325828",365 Lakeview Blvd,-78.4786645325828,42.43251524243303,5.34
1102917,3,D_named_road,nys_street,yes,low,100,text,Bear Creek Rd,"42.35259040284068, -78.50094392968616",,-78.50094392968616,42.35259040284068,5.34
1102465,3,D_named_road,nys_street,yes,low,100,text,Billy Brown Road,"42.61971057684425, -75.78878216448837",,-75.78878216448837,42.61971057684425,5.33
1105019,3,D_named_road,nys_street,yes,low,100,text,LaFlesh Rd,"44.78516603779089, -74.43189992575768",,-74.43189992575768,44.78516603779089,5.33
1089630,3,D_named_road,nys_street,yes,low,100,text,East Valley Road,"42.1929763889991, -77.7670176681487",,-77.7670176681487,42.1929763889991,5.32
1092272,4,D_named_road,nys_street,yes,low,100,text,Marine Parkway,"40.614950242273416, -73.94461245007435",,-73.94461245007435,40.614950242273416,5.32
1092273,4,D_named_road,nys_street,yes,low,100,text,Marine Parkway,"40.614950242273416, -73.94461245007435",,-73.94461245007435,40.614950242273416,5.32
1097886,4,D_named_road,nys_street,yes,low,100,text,Marine Parkway,"40.614950242273416, -73.94461245007435",,-73.94461245007435,40.614950242273416,5.32
1099075,4,D_named_road,nys_street,yes,low,100,text,Marine Parkway,"40.614950242273416, -73.94461245007435",,-73.94461245007435,40.614950242273416,5.32
1105268,3,D_named_road,nys_street,yes,low,100,text,Relyea Road,"42.666848657118294, -73.92833862994449",,-73.92833862994449,42.666848657118294,5.32
1100132,3,D_named_road,nys_street,yes,low,100,text,Hickey Road,"42.41935650232341, -76.7833143822247",,-76.7833143822247,42.41935650232341,5.3
1102326,3,D_named_road,nys_street,yes,low,100,text,Gallows Hill Road,"41.31786827828531, -73.90538233065674",,-73.90538233065674,41.31786827828531,5.3
1103691,3,D_route,nys_street,yes,medium,100,text,Route 13,"42.677355797831055, -76.07310467009003",,-76.07310467009003,42.677355797831055,5.3
1105223,3,D_named_road,nys_street,yes,low,100,text,Black Creek Road,"44.23636178896839, -76.03867824471621",,-76.03867824471621,44.23636178896839,5.3
1097322,3,D_route,nys_street,yes,medium,100,text,County Rt 77,"42.48755019016228, -77.24108661826818",,-77.24108661826818,42.48755019016228,5.29
1104738,3,D_route,nys_street,yes,medium,100,text,County Route 45,"43.36666567470592, -76.32700932426636",,-76.32700932426636,43.36666567470592,5.29
1102805,3,D_named_road,nys_street,yes,low,100,text,Point Peter Road,"42.44170245251336, -78.92122813512194",,-78.92122813512194,42.44170245251336,5.28
1104966,3,D_named_road,nys_street,yes,low,100,text,Joe Fultz Blvd,"43.49513561279035, -76.46826937016566",,-76.46826937016566,43.49513561279035,5.28
1090155,3,D_route,nys_street,yes,medium,100,text,Route 19,"42.08631642796016, -77.92182175745272",,-77.92182175745272,42.08631642796016,5.27
1094825,3,D_route,nys_street,yes,medium,100,text,Route 19,"42.08631642796016, -77.92182175745272",,-77.92182175745272,42.08631642796016,5.27
1096177,3,D_named_road,nys_street,yes,low,100,text,Mill Road,"41.88894400159495, -73.9346047406394",,-73.9346047406394,41.88894400159495,5.27
1102970,3,D_named_road,nys_street,yes,low,100,text,Willow Road,"42.14653464644232, -78.32314824481041",,-78.32314824481041,42.14653464644232,5.27
1095308,3,D_named_road,nys_street,yes,low,100,text,Wells Lane,"43.19656406137453, -73.58606654350982",,-73.58606654350982,43.19656406137453,5.26
2144191,3,D_named_road,nys_street,yes,low,100,text,Mill Rd,"41.5463621060483, -74.75982025481561",,-74.75982025481561,41.5463621060483,5.26
2179046,3,D_named_road,nys_street,yes,low,100,text,Normanskill Drive,"42.77356362144987, -74.03919464590463",,-74.03919464590463,42.77356362144987,5.26
1095382,3,D_named_road,nys_street,yes,low,100,text,Salisbury Turnpike,"41.948894401791456, -73.82872566435097",,-73.82872566435097,41.948894401791456,5.25
1100447,3,D_named_road,nys_street,yes,low,100,text,Piseco Rd,"43.17938262042953, -74.69304492803604",,-74.69304492803604,43.17938262042953,5.25
1105269,3,D_named_road,nys_street,yes,low,100,text,Wolf Hill Road,"42.6033176227725, -74.00571065256591",,-74.00571065256591,42.6033176227725,5.25
1088720,3,D_named_road,nys_street,yes,low,100,text,Canal Street,"42.162464533704444, -75.8380250322002",,-75.8380250322002,42.162464533704444,5.24
1090282,3,D_named_road,nys_street,yes,low,100,text,Canal Street,"42.162464533704444, -75.8380250322002",,-75.8380250322002,42.162464533704444,5.24
2171372,3,D_named_road,nys_street,yes,low,100,text,Brook Road,"41.72401441329591, -74.89082286765718",,-74.89082286765718,41.72401441329591,5.23
1093073,3,D_named_road,nys_street,yes,low,100,text,West Nyack Road,"41.09699537484405, -74.01039057405961",,-74.01039057405961,41.09699537484405,5.22
1102238,3,D_named_road,nys_street,yes,low,100,text,Elmwood Road,"41.25479835720837, -73.52355005254995",,-73.52355005254995,41.25479835720837,5.22
2178950,3,D_named_road,nys_street,yes,low,100,text,Gilbert Road,"43.74952275707836, -74.79572992748835",,-74.79572992748835,43.74952275707836,5.22
1094656,3,D_route,nys_street,yes,medium,100,text,Route 26,"43.527748664024635, -75.46738923100264",,-75.46738923100264,43.527748664024635,5.21
1090907,3,D_route,nys_street,yes,medium,100,text,Route 42,"42.18036854535126, -74.4156047844231",,-74.4156047844231,42.18036854535126,5.2
1090910,3,D_route,nys_street,yes,medium,100,text,Route 42,"42.18036854535126, -74.4156047844231",,-74.4156047844231,42.18036854535126,5.2
1090911,3,D_route,nys_street,yes,medium,100,text,Route 42,"42.18036854535126, -74.4156047844231",,-74.4156047844231,42.18036854535126,5.2
1095429,3,D_route,nys_street,yes,medium,100,text,Route 42,"42.18036854535126, -74.4156047844231",,-74.4156047844231,42.18036854535126,5.2
1095431,3,D_route,nys_street,yes,medium,100,text,Route 42,"42.18036854535126, -74.4156047844231",,-74.4156047844231,42.18036854535126,5.2
1095434,3,D_route,nys_street,yes,medium,100,text,Route 42,"42.18036854535126, -74.4156047844231",,-74.4156047844231,42.18036854535126,5.2
1102067,3,D_named_road,nys_street,yes,low,100,text,Warren St,"41.347316407521305, -73.69699649033693",,-73.69699649033693,41.347316407521305,5.2
1102146,3,D_named_road,nys_street,yes,low,100,text,Godfrey Hollow Rd,"42.10817838080317, -78.41551683354481",,-78.41551683354481,42.10817838080317,5.19
2179087,3,D_route,nys_street,yes,medium,100,text,Route 29,"43.1342956243798, -74.82447991226105",,-74.82447991226105,43.1342956243798,5.19
1097190,3,D_named_road,nys_street,yes,low,100,text,Finkle Road,"42.000998590060846, -73.62476743589154",,-73.62476743589154,42.000998590060846,5.18
1098526,3,D_named_road,nys_street,yes,low,100,text,Kropp Road,"42.51371159233877, -74.09851762087565",,-74.09851762087565,42.51371159233877,5.18
1099291,3,D_named_road,nys_street,yes,low,100,text,Scott Rd,"42.090486013634084, -77.14621542937043",,-77.14621542937043,42.090486013634084,5.18
1099909,3,D_named_road,nys_street,yes,low,100,text,Pony Farm Road,"42.43387553369057, -75.12275251687225",,-75.12275251687225,42.43387553369057,5.18
1096337,3,C_intersection,census,yes,medium,100,text,Crane Road and East Shelby Road,"43.129908458872, -78.29881350673",,-78.29881350673,43.129908458872,5.17
1102961,3,D_named_road,nys_street,yes,low,100,text,Union Valley Road,"42.16341713238498, -78.44360180857811",,-78.44360180857811,42.16341713238498,5.17
1088063,3,D_named_road,nys_street,yes,low,100,text,Wynn Road,"43.27050364258238, -75.38401103179444",,-75.38401103179444,43.27050364258238,5.16
1088527,3,D_named_road,nys_street,yes,low,100,text,Coykendall Hill Road,"42.753808401358675, -77.59095872503617",,-77.59095872503617,42.753808401358675,5.16
1089539,3,D_named_road,nys_street,yes,low,100,text,Coykendall Hill Road,"42.753808401358675, -77.59095872503617",,-77.59095872503617,42.753808401358675,5.16
1090170,3,D_named_road,nys_street,yes,low,100,text,Weatherby Road,"42.14692439373889, -78.19061387124844",,-78.19061387124844,42.14692439373889,5.16
1091234,3,D_named_road,nys_street,yes,low,100,text,Muller Hill Rd,"42.77004756795671, -75.80913419503153",,-75.80913419503153,42.77004756795671,5.16
1096574,3,D_named_road,nys_street,yes,low,100,text,East Road,"43.27223702897317, -73.56882468522318",,-73.56882468522318,43.27223702897317,5.16
1098682,3,D_named_road,nys_street,yes,low,100,text,Muller Hill Rd,"42.77004756795671, -75.80913419503153",,-75.80913419503153,42.77004756795671,5.16
1095376,3,D_named_road,nys_street,yes,low,100,text,Corbett Road,"41.54992543666512, -74.26760259624139",,-74.26760259624139,41.54992543666512,5.14
1103366,3,D_route,nys_street,yes,medium,100,text,Route 240,"42.48719046463752, -78.64132094589742",,-78.64132094589742,42.48719046463752,5.14
1105024,3,D_named_road,nys_street,yes,low,100,text,Stebbins Rd,"44.988846997372555, -74.3030169043623",,-74.3030169043623,44.988846997372555,5.14
1101371,3,D_named_road,nys_street,yes,low,97.97,text,Transit Road,"42.99978111257717, -78.69693365261767",,-78.69693365261767,42.99978111257717,5.12
1101380,3,D_named_road,nys_street,yes,low,97.97,text,Transit Road,"42.99978111257717, -78.69693365261767",,-78.69693365261767,42.99978111257717,5.12
1096824,3,D_route,nys_street,yes,medium,100,text,NYS Route 5,"43.0058409074109, -74.740443654027 | St. Johnsville businesses between NYS Rt. 5 and the Mohawk River; Canal Street",,-74.740443654027,43.0058409074109,5.1
1098632,3,D_named_road,nys_street,yes,low,100,text,East Shore Road,"41.18226065855802, -74.32098689367031",,-74.32098689367031,41.18226065855802,5.1
1088789,3,D_named_road,nys_street,yes,low,100,text,African Road,"42.09419352166663, -76.01437009640598",,-76.01437009640598,42.09419352166663,5.09
1090351,3,D_named_road,nys_street,yes,low,100,text,African Road,"42.09419352166663, -76.01437009640598",,-76.01437009640598,42.09419352166663,5.09
1094118,3,D_named_road,nys_street,yes,low,100,text,Myrtle Street,"42.0950014966557, -76.02362411748233",,-76.02362411748233,42.0950014966557,5.09
1094119,3,D_named_road,nys_street,yes,low,100,text,Myrtle Street,"42.0950014966557, -76.02362411748233",,-76.02362411748233,42.0950014966557,5.09
1094121,3,D_named_road,nys_street,yes,low,100,text,African Road,"42.09419352166663, -76.01437009640598",,-76.01437009640598,42.09419352166663,5.09
1100431,3,D_named_road,nys_street,yes,low,100,text,Schulenburg Road,"43.05365862395395, -74.62959692582704",,-74.62959692582704,43.05365862395395,5.09
1095313,3,D_named_road,nys_street,yes,low,100,text,Garlinghouse Road,"42.631041339762135, -77.49013677966282",,-77.49013677966282,42.631041339762135,5.08
1096291,3,D_named_road,nys_street,yes,low,100,text,Gully Road,"42.9761816563028, -76.39828965445864",,-76.39828965445864,42.9761816563028,5.08
1096789,3,D_named_road,nys_street,yes,low,100,text,Van Gordon Road,"42.48882548410652, -77.07619546823737",,-77.07619546823737,42.48882548410652,5.08
1096794,3,D_named_road,nys_street,yes,low,100,text,Van Gordon Road,"42.48882548410652, -77.07619546823737",,-77.07619546823737,42.48882548410652,5.08
1104866,3,D_named_road,nys_street,yes,low,100,text,West Tyre Road,"42.99364160069997, -76.85267950700167",,-76.85267950700167,42.99364160069997,5.07
2178823,3,D_named_road,nys_street,yes,low,100,text,Otego Rd,"42.34978263230305, -75.16862100255058",,-75.16862100255058,42.34978263230305,5.07
1103430,3,D_named_road,nys_street,yes,low,100,text,Norway Road,"43.295225560207555, -78.01625394815781",,-78.01625394815781,43.295225560207555,5.06
1103431,3,D_named_road,nys_street,yes,low,100,text,Creek Road,"43.295225560207555, -78.01625394815781",,-78.01625394815781,43.295225560207555,5.06
1102564,3,D_named_road,nys_street,yes,low,100,text,Stockton Rd,"42.77132656609454, -75.93286523062598",,-75.93286523062598,42.77132656609454,5.02
1097304,3,C_intersection,census,yes,medium,100,text,Elm Street and Oneida St,"43.024968351959, -75.269787990554",,-75.269787990554,43.024968351959,5.01
1090027,3,D_named_road,nys_street,yes,low,100,text,Ballard Road,"42.435632493997595, -78.13023688342031",,-78.13023688342031,42.435632493997595,5
1100397,3,D_named_road,nys_street,yes,low,100,text,River Road,"43.31709273873988, -74.26928873597323",,-74.26928873597323,43.31709273873988,5
1095380,3,D_named_road,nys_street,yes,low,100,text,Water Street,"42.959358130709134, -77.22739246074434",,-77.22739246074434,42.959358130709134,4.99
1098827,3,C_intersection,census,yes,medium,100,text,"Mile Strip Road and Kent Switch
Road","42.337413636778, -79.078834323304",,-79.078834323304,42.337413636778,4.99
1102329,3,D_named_road,nys_street,yes,low,100,text,Roa Hook Road,"41.29872446838841, -73.94655451280208",,-73.94655451280208,41.29872446838841,4.99
1090161,3,D_named_road,nys_street,yes,low,100,text,Richardson Ave,"42.089248358818715, -78.15550386614817",,-78.15550386614817,42.089248358818715,4.98
1094795,3,D_named_road,nys_street,yes,low,100,text,Richardson Ave,"42.089248358818715, -78.15550386614817",,-78.15550386614817,42.089248358818715,4.98
2144262,3,D_named_road,nys_street,yes,low,100,text,Pearl Street,"41.90052349474597, -74.82833289794844",,-74.82833289794844,41.90052349474597,4.98
1089338,3,C_intersection,census,yes,medium,100,text,Dunn Street and Porter Road,"42.429420630441, -79.313140241881",,-79.313140241881,42.429420630441,4.97
1089818,3,D_named_road,nys_street,yes,low,100,text,Van Allen Road,"42.31430042622242, -78.07424384817793",,-78.07424384817793,42.31430042622242,4.97
1090654,3,C_intersection,census,yes,medium,100,text,Dunn Street and Porter Road,"42.429420630441, -79.313140241881",,-79.313140241881,42.429420630441,4.97
1094514,3,D_route,nys_street,yes,medium,100,text,Rt 38,"42.18199741403615, -76.21102554406772",,-76.21102554406772,42.18199741403615,4.97
1104906,3,D_named_road,nys_street,yes,low,100,text,Harrington Road,"42.086369452694456, -76.721178369212",,-76.721178369212,42.086369452694456,4.97
1088794,3,D_named_road,nys_street,yes,low,100,text,Valley Road,"42.09361710041413, -76.031728957787",,-76.031728957787,42.09361710041413,4.96
1090356,3,D_named_road,nys_street,yes,low,100,text,Valley Road,"42.09361710041413, -76.031728957787",,-76.031728957787,42.09361710041413,4.96
1094827,3,D_named_road,nys_street,yes,low,100,text,Walmore Rd,"43.125168475525165, -78.93093817662844",,-78.93093817662844,43.125168475525165,4.96
1097502,3,D_named_road,nys_street,yes,low,100,text,Araca Road,"40.68709836224345, -73.32119628032159",,-73.32119628032159,40.68709836224345,4.96
1100221,3,D_route,nys_street,yes,medium,100,text,Route 30,"42.905024622905664, -74.22452672674748",,-74.22452672674748,42.905024622905664,4.95
1094116,3,D_named_road,nys_street,yes,low,100,text,Third Avenue,"42.09359049053893, -76.03042518481031",,-76.03042518481031,42.09359049053893,4.94
1105140,3,D_named_road,nys_street,yes,low,100,text,Clark Street,"42.90382047153076, -76.85798239682353",,-76.85798239682353,42.90382047153076,4.94
1096729,3,D_named_road,nys_street,yes,low,100,text,Gardner Road,"42.71085299624432, -75.20005371110949",,-75.20005371110949,42.71085299624432,4.93
1096888,3,D_named_road,nys_street,yes,low,100,text,Lewis Road,"43.32545664954305, -75.31840518367912",,-75.31840518367912,43.32545664954305,4.93
1098839,3,D_named_road,nys_street,yes,low,100,text,East Middle Road,"42.52636638226183, -79.2109391487196",,-79.2109391487196,42.52636638226183,4.93
1098865,3,D_named_road,nys_street,yes,low,100,text,Massey Avenue,"42.2081423578104, -79.46874531696044",,-79.46874531696044,42.2081423578104,4.93
1102560,3,D_named_road,nys_street,yes,low,100,text,Oil Mill Road,"42.76335046881471, -75.90369112102168",,-75.90369112102168,42.76335046881471,4.93
1103543,3,D_named_road,nys_street,yes,low,100,text,Altoft Road,"42.809380467365344, -77.96317583577583",,-77.96317583577583,42.809380467365344,4.93
1105155,3,B_address,nys_address,yes,high,100,text,200 Mill St,"43.97643721899999, -75.90741059534496",200 Mill St,-75.90741059534496,43.97643721899999,4.93
1098266,3,D_named_road,nys_street,yes,low,100,text,River Street,"43.16502847696907, -75.32570954647147",,-75.32570954647147,43.16502847696907,4.91
1104302,3,D_named_road,nys_street,yes,low,100,text,River Street,"44.50028988613647, -73.4850616133521",,-73.4850616133521,44.50028988613647,4.91
1097395,3,A_coords,parse,yes,high,,description...action_description,,"41.921899, -74.214301",,-74.214301,41.921899,4.9
1095179,3,D_named_road,nys_street,yes,low,100,text,Countryman Road,"42.61617364624188, -73.99845156454568",,-73.99845156454568,42.61617364624188,4.89
1095061,3,D_named_road,nys_street,yes,low,100,text,Whittaker Road,"43.233281691307134, -75.25398905301053",,-75.25398905301053,43.233281691307134,4.88
1096239,3,D_route,nys_street,yes,medium,100,text,Route 434,"42.10047628683161, -76.24520201466659",,-76.24520201466659,42.10047628683161,4.88
1096242,3,D_route,nys_street,yes,medium,100,text,Route 434,"42.10047628683161, -76.24520201466659",,-76.24520201466659,42.10047628683161,4.88
1096243,3,D_route,nys_street,yes,medium,100,text,Route 434,"42.10047628683161, -76.24520201466659",,-76.24520201466659,42.10047628683161,4.88
1099432,3,D_named_road,nys_street,yes,low,100,text,Shore Road,"41.45271939206358, -74.02120354041686",,-74.02120354041686,41.45271939206358,4.88
1093432,3,A_coords,parse,yes,high,,description...action_description,,"41.717305, -74.394288",,-74.394288,41.717305,4.87
1093433,3,A_coords,parse,yes,high,,description...action_description,,"41.717305, -74.394288",,-74.394288,41.717305,4.87
1099789,3,D_named_road,nys_street,yes,low,100,text,Drexel Drive,"41.59464944273157, -74.26988660207113",,-74.26988660207113,41.59464944273157,4.87
1104991,3,D_named_road,nys_street,yes,low,100,text,Interlaken Beach Road,"42.62911358883514, -76.70393129723631",,-76.70393129723631,42.62911358883514,4.87
1096714,3,D_named_road,nys_street,yes,low,100,text,Chapel Drive,"43.043659563742345, -76.24765131879911",,-76.24765131879911,43.043659563742345,4.85
1102579,3,D_named_road,nys_street,yes,low,100,text,Button Rd,"42.729154666084725, -75.32818902041824",,-75.32818902041824,42.729154666084725,4.85
1105138,3,D_named_road,nys_street,yes,low,100,text,Chase Road,"42.97467849081646, -76.84855245633145",,-76.84855245633145,42.97467849081646,4.85
1091117,3,D_route,nys_street,yes,medium,100,text,NY Route 167,"43.00521207577652, -74.87993696983642",,-74.87993696983642,43.00521207577652,4.84
1094117,3,D_named_road,nys_street,yes,low,100,text,Stage Road,"42.087618532737366, -76.05376506807491",,-76.05376506807491,42.087618532737366,4.84
1095381,3,D_named_road,nys_street,yes,low,100,text,Robinson Road,"43.13301319976522, -78.72619892330894 | Town wide, including Robinson Road",,-78.72619892330894,43.13301319976522,4.84
1102581,3,D_named_road,nys_street,yes,low,100,text,Walt Phillips Rd,"42.65796565956041, -75.39515202349871",,-75.39515202349871,42.65796565956041,4.84
1102813,3,D_named_road,nys_street,yes,low,100,text,Prospect Street,"42.46853669013738, -78.95394195235941",,-78.95394195235941,42.46853669013738,4.84
1098755,3,D_route,nys_street,yes,medium,100,text,Route 7,"42.163309479486756, -75.7719191136535",,-75.7719191136535,42.163309479486756,4.83
1102927,3,D_named_road,nys_street,yes,low,100,text,Town Hill Road,"42.26050938359899, -79.00190818165451",,-79.00190818165451,42.26050938359899,4.83
1089991,3,D_named_road,nys_street,yes,low,100,text,Deer Creek Road,"42.05088532601441, -78.30723092550168",,-78.30723092550168,42.05088532601441,4.82
1095051,3,C_intersection,census,yes,medium,100,text,Akron Road and Block Church Road,"43.11199847401, -78.568502922101 | Ertman Road between Akron Road and Block Church Road",,-78.568502922101,43.11199847401,4.82
1090098,3,D_named_road,nys_street,yes,low,100,text,Cornelius Road,"42.20895048837557, -77.84507633447292",,-77.84507633447292,42.20895048837557,4.81
1095826,3,D_named_road,nys_street,yes,low,100,text,Baer Road,"43.1416014908253, -78.85511617077017 | Baer Road. South of 104",,-78.85511617077017,43.1416014908253,4.81
1098844,3,D_named_road,nys_street,yes,low,100,text,Willard Street,"42.09731731974638, -79.20598517295385",,-79.20598517295385,42.09731731974638,4.81
1104965,3,D_route,nys_street,yes,medium,100,text,CR 10,"43.3025015858636, -76.24218929911069",,-76.24218929911069,43.3025015858636,4.81
1098293,3,D_named_road,nys_street,yes,low,100,text,Middle Sodus Road,"43.13122353772154, -77.00403446123839",,-77.00403446123839,43.13122353772154,4.8
2178872,3,D_named_road,nys_street,yes,low,100,text,Gosper Road,"42.204393565911545, -75.16864702133915",,-75.16864702133915,42.204393565911545,4.79
1096188,3,D_named_road,nys_street,yes,low,100,text,Sheafe Road,"41.62939648908242, -73.92256153005869",,-73.92256153005869,41.62939648908242,4.78
1102448,3,D_named_road,nys_street,yes,low,100,text,Pollard Rd,"42.396645561151125, -75.70766111724389",,-75.70766111724389,42.396645561151125,4.78
1103975,3,D_route,nys_street,yes,medium,100,text,Route 292,"41.51369649260962, -73.63471850774995",,-73.63471850774995,41.51369649260962,4.78
1105044,3,D_named_road,nys_street,yes,low,100,text,Elston Hollow Road,"42.10786642157119, -76.72051526728679",,-76.72051526728679,42.10786642157119,4.78
1096044,3,C_intersection,census,yes,medium,100,text,Center Valley Road and Mooney Road,"42.542001419237, -74.698751709962",,-74.698751709962,42.542001419237,4.77
1098492,3,D_named_road,nys_street,yes,low,100,text,Lyons Drive,"41.75831051193027, -73.9016685440786",,-73.9016685440786,41.75831051193027,4.77
1091410,3,B_address,nys_address,yes,high,100,text,18 Cole Road,"43.02434660878547, -77.51398781454763",18 Cole Road,-77.51398781454763,43.02434660878547,4.76
1100782,3,B_address,nys_address,yes,high,100,text,18 Cole Road,"43.02434660878547, -77.51398781454763",18 Cole Road,-77.51398781454763,43.02434660878547,4.76
1101231,3,D_named_road,nys_street,yes,low,100,text,Main Street,"42.90848847932881, -78.69079102567382",,-78.69079102567382,42.90848847932881,4.76
1102324,3,D_named_road,nys_street,yes,low,100,text,Sprout Brook Road,"41.30772140361139, -73.92815355595121",,-73.92815355595121,41.30772140361139,4.76
1096894,3,D_named_road,nys_street,yes,low,100,text,Beach Road,"41.226655400837934, -73.97458252767245",,-73.97458252767245,41.226655400837934,4.75
1102365,3,B_address,nys_address,yes,high,100,text,15 Liberty Street,"42.533655086806014, -78.42277809164584",15 Liberty Street,-78.42277809164584,42.533655086806014,4.75
2171373,3,D_named_road,nys_street,yes,low,100,text,Mountain Lakes Road,"41.65976148383299, -74.80746186843652",,-74.80746186843652,41.65976148383299,4.75
1096495,3,D_named_road,nys_street,yes,low,100,text,Tully Farms Road,"42.88815656178758, -76.15572118148368",,-76.15572118148368,42.88815656178758,4.74
1090874,3,D_route,nys_street,yes,medium,100,text,County Rte 10,"42.33613260536917, -74.38749672952233",,-74.38749672952233,42.33613260536917,4.73
1095937,3,D_route,nys_street,yes,medium,100,text,County Rte 10,"42.33613260536917, -74.38749672952233",,-74.38749672952233,42.33613260536917,4.73
1105257,3,D_named_road,nys_street,yes,low,100,text,Nott Road,"42.69082762881404, -73.90860059806418",,-73.90860059806418,42.69082762881404,4.73
1096246,3,D_named_road,nys_street,yes,low,100,text,Pennsylvania Avenue,"42.04756742708683, -76.16961516970198",,-76.16961516970198,42.04756742708683,4.72
1100508,3,D_named_road,nys_street,yes,low,100,text,South River Road,"42.14522051297243, -75.16914094823676",,-75.16914094823676,42.14522051297243,4.72
1104104,3,D_named_road,nys_street,yes,low,100,text,Mill Dam Road,"40.8869072829782, -73.42323325620391",,-73.42323325620391,40.8869072829782,4.72
1090167,3,D_named_road,nys_street,yes,low,100,text,Monahan Road,"42.13001839078057, -78.18922883848312",,-78.18922883848312,42.13001839078057,4.71
1100368,3,D_named_road,nys_street,yes,low,100,text,Airport Rd,"41.80620941988995, -74.7227087409234",,-74.7227087409234,41.80620941988995,4.71
1105305,3,D_named_road,nys_street,yes,low,100,text,Riceville Road,"42.433237438939386, -78.5544959594938",,-78.5544959594938,42.433237438939386,4.71
2178709,3,D_named_road,nys_street,yes,low,100,text,Dowd Road,"42.32028439871256, -77.950914792409",,-77.950914792409,42.32028439871256,4.71
1102454,3,D_named_road,nys_street,yes,low,100,text,Stafford Road,"42.470382504550436, -75.6417335756448",,-75.6417335756448,42.470382504550436,4.7
1089692,3,D_named_road,nys_street,yes,low,100,text,Old State Road,"42.34921146032967, -78.01428886273531",,-78.01428886273531,42.34921146032967,4.69
1100537,3,D_named_road,nys_street,yes,low,97.97,text,Scott Road,"42.36439155452961, -74.73866479714886",,-74.73866479714886,42.36439155452961,4.69
1102933,3,D_named_road,nys_street,yes,low,100,text,Frog Valley Road,"42.32592338877225, -79.05071614982941",,-79.05071614982941,42.32592338877225,4.69
2171530,3,D_named_road,nys_street,yes,low,100,text,Ryer Road,"41.574468412501716, -74.92790592053038",,-74.92790592053038,41.574468412501716,4.69
1097404,3,A_coords,parse,yes,high,,description...action_description,,"41.972167, -74.308415",,-74.308415,41.972167,4.68
1091246,3,D_named_road,nys_street,yes,low,100,text,Old County Road,"42.99977959409982, -75.71177625470654",,-75.71177625470654,42.99977959409982,4.68
1096923,3,D_named_road,nys_street,yes,low,100,text,Old County Road,"42.99977959409982, -75.71177625470654",,-75.71177625470654,42.99977959409982,4.68
1091227,3,D_named_road,nys_street,yes,low,100,text,Roberts Rd,"42.85905759539727, -75.67781914732277",,-75.67781914732277,42.85905759539727,4.67
1099289,3,D_named_road,nys_street,yes,low,100,text,Roberts Rd,"42.85905759539727, -75.67781914732277",,-75.67781914732277,42.85905759539727,4.67
1097370,4,D_named_road,nys_street,yes,low,100,text,Abbey Road,"42.967037110686796, -76.2163383911621",,-76.2163383911621,42.967037110686796,4.66
1097407,3,D_named_road,nys_street,yes,low,100,text,Red Maple Rd,"41.97980556565388, -74.22813266190789",,-74.22813266190789,41.97980556565388,4.66
1101071,3,D_named_road,nys_street,yes,low,100,text,River Road,"42.98175144695643, -78.9351391966957",,-78.9351391966957,42.98175144695643,4.66
1091231,3,D_named_road,nys_street,yes,low,100,text,Hill Road,"42.93990060672455, -75.81569411126682",,-75.81569411126682,42.93990060672455,4.65
1096154,3,D_route,nys_street,yes,medium,100,text,Route 22,"43.14025269670178, -73.36784846382217",,-73.36784846382217,43.14025269670178,4.65
1096162,3,D_route,nys_street,yes,medium,100,text,Route 22,"43.14025269670178, -73.36784846382217",,-73.36784846382217,43.14025269670178,4.65
1096164,3,D_route,nys_street,yes,medium,100,text,Route 22,"43.14025269670178, -73.36784846382217",,-73.36784846382217,43.14025269670178,4.65
1096785,3,B_address,nys_address,yes,high,100,text,781 East Lake Rd,"42.55322462255841, -77.09568227781966",781 East Lake Rd,-77.09568227781966,42.55322462255841,4.65
1098759,3,D_named_road,nys_street,yes,low,100,text,Hill Road,"42.93990060672455, -75.81569411126682",,-75.81569411126682,42.93990060672455,4.65
1099936,3,B_address,nys_address,yes,high,100,text,205 Rigi Avenue,"43.07115922748928, -76.1044867218829",205 Rigi Avenue,-76.1044867218829,43.07115922748928,4.65
1096784,3,D_named_road,nys_street,yes,low,100,text,Main Street,"42.09166400892473, -76.55185078050692",,-76.55185078050692,42.09166400892473,4.64
1101263,3,D_named_road,nys_street,yes,low,100,text,Booher Hill Road,"42.76503542531247, -77.75612374154798",,-77.75612374154798,42.76503542531247,4.64
1102649,3,D_named_road,nys_street,yes,low,100,text,Sylvan Ln,"42.31434655101998, -76.52338028968317",,-76.52338028968317,42.31434655101998,4.64
1104114,3,D_named_road,nys_street,yes,low,100,text,Hill Place,"40.88150878599874, -73.42354799365845",,-73.42354799365845,40.88150878599874,4.64
2144329,3,B_address,nys_address,yes,high,99.26,text,52 Deniston Hill Road,"41.67407217985929, -74.59695764246966",,-74.59695764246966,41.67407217985929,4.64
1100432,3,C_intersection,census,yes,medium,100,text,Lotville Road and Tiedman Road,"43.11740731288, -74.698256669708",,-74.698256669708,43.11740731288,4.63
1102552,3,D_named_road,nys_street,yes,low,100,text,Pine Hill Rd,"42.48501867961723, -76.04116042531496",,-76.04116042531496,42.48501867961723,4.63
1104908,3,D_named_road,nys_street,yes,low,100,text,Rorick Hollow Road,"42.15252243981238, -76.7088411687148",,-76.7088411687148,42.15252243981238,4.63
2178938,3,C_intersection,census,yes,medium,100,text,Lotville Road and Tiedman Road,"43.11740731288, -74.698256669708",,-74.698256669708,43.11740731288,4.63
1096181,3,D_named_road,nys_street,yes,low,100,text,Enterprise Road,"41.94506748014929, -73.84693554745077",,-73.84693554745077,41.94506748014929,4.62
1102648,3,D_named_road,nys_street,yes,low,100,text,Station Rd,"42.318913525451755, -76.52548232175349",,-76.52548232175349,42.318913525451755,4.6
1101309,3,D_named_road,nys_street,yes,low,100,text,Boston-Colden Road,"42.63909948541223, -78.69234598731296",,-78.69234598731296,42.63909948541223,4.59
1102815,3,D_named_road,nys_street,yes,low,100,text,North Otto Road,"42.35623010730039, -78.8329300533587",,-78.8329300533587,42.35623010730039,4.59
1102823,3,D_named_road,nys_street,yes,low,100,text,North Otto Road,"42.35623010730039, -78.8329300533587",,-78.8329300533587,42.35623010730039,4.59
1094613,3,D_named_road,nys_street,yes,low,100,text,Thompson Road,"43.10018975985241, -76.09624986841652",,-76.09624986841652,43.10018975985241,4.58
1094797,3,D_named_road,nys_street,yes,low,100,text,Mill St,"42.09268436757035, -78.15401862264915",,-78.15401862264915,42.09268436757035,4.58
1100181,3,D_route,nys_street,yes,medium,100,text,Route 5,"42.95527501717514, -74.221658506532",,-74.221658506532,42.95527501717514,4.58
1102455,3,D_named_road,nys_street,yes,low,100,text,Bliven-Sherman Road,"42.51692435212794, -75.66708140673752",,-75.66708140673752,42.51692435212794,4.58
1098485,3,D_named_road,nys_street,yes,low,100,text,Twin Arch Road,"41.4461194254148, -74.19954059167351",,-74.19954059167351,41.4461194254148,4.57
1098488,3,D_named_road,nys_street,yes,low,100,text,Twin Arch Road,"41.4461194254148, -74.19954059167351",,-74.19954059167351,41.4461194254148,4.57
1104248,3,D_named_road,nys_street,yes,low,100,text,Maple Road,"41.41056540227264, -73.6522634115247",,-73.6522634115247,41.41056540227264,4.57
1105049,3,D_named_road,nys_street,yes,low,100,text,Chapman Road,"42.15067349437351, -76.64101437753494",,-76.64101437753494,42.15067349437351,4.57
1096241,3,B_address,nys_address,yes,high,100,text,1313 Main Street,"42.060458830470104, -76.14719227046362",1313 Main Street,-76.14719227046362,42.060458830470104,4.56
1096790,3,D_named_road,nys_street,yes,low,100,text,Haley Rd,"42.49805652541152, -77.0135554815314",,-77.0135554815314,42.49805652541152,4.56
1096791,3,D_named_road,nys_street,yes,low,100,text,Haley Road,"42.49805652541152, -77.0135554815314",,-77.0135554815314,42.49805652541152,4.56
1104693,3,D_named_road,nys_street,yes,low,100,text,Avery Road,"42.99076852322819, -76.96374746018718",,-76.96374746018718,42.99076852322819,4.56
1104859,3,D_named_road,nys_street,yes,low,100,text,Avery Road,"42.99076852322819, -76.96374746018718",,-76.96374746018718,42.99076852322819,4.56
1088143,3,D_named_road,nys_street,yes,low,100,text,The Terrace Road,"43.698552080848934, -73.5082651418512",,-73.5082651418512,43.698552080848934,4.55
1096083,3,D_named_road,nys_street,yes,low,100,text,Seneca Beach Drive,"43.14064556280718, -76.31177635252074",,-76.31177635252074,43.14064556280718,4.55
1088146,3,D_named_road,nys_street,yes,low,100,text,The Silver Bay Road,"43.69948530883712, -73.50708794806765",,-73.50708794806765,43.69948530883712,4.54
1095564,3,D_named_road,nys_street,yes,low,100,text,First Ave,"43.3190757426713, -73.85261158178618",,-73.85261158178618,43.3190757426713,4.54
1096706,3,D_named_road,nys_street,yes,low,100,text,Mill Road,"42.84184562753547, -74.70584482535817",,-74.70584482535817,42.84184562753547,4.54
1096727,3,D_named_road,nys_street,yes,low,100,text,Oregon Road,"42.464348631060886, -75.37734805397861",,-75.37734805397861,42.464348631060886,4.54
1103979,3,D_route,nys_street,yes,medium,100,text,Route 311,"41.47425542606292, -73.64475741253055",,-73.64475741253055,41.47425542606292,4.54
1089843,3,D_named_road,nys_street,yes,low,100,text,Worden Road,"42.410573484765166, -77.946362745537",,-77.946362745537,42.410573484765166,4.53
2178692,3,D_named_road,nys_street,yes,low,100,text,Lattimer Road,"42.4141275266606, -77.73799773855872 | Lattimer Road, North Hill, Big Hollow Road.",,-77.73799773855872,42.4141275266606,4.53
1099264,3,D_named_road,nys_street,yes,low,100,text,Warren Drive,"41.54927646203015, -73.83584144029813",,-73.83584144029813,41.54927646203015,4.52
1602067,3,B_address,nys_address,yes,high,100,text,2075 Chambers Road,"42.26066229658927, -76.95612160037369",,-76.95612160037369,42.26066229658927,4.51
1088677,3,D_named_road,nys_street,yes,low,100,text,Dings Hollow Road,"42.32066576996286, -75.91415685966489",,-75.91415685966489,42.32066576996286,4.5
1090239,3,D_named_road,nys_street,yes,low,100,text,Dings Hollow Road,"42.32066576996286, -75.91415685966489",,-75.91415685966489,42.32066576996286,4.5
1096547,3,D_named_road,nys_street,yes,low,100,text,Hill Road,"43.682982757408524, -75.29430610488377",,-75.29430610488377,43.682982757408524,4.5
1100092,3,D_named_road,nys_street,yes,low,100,text,Dings Hollow Road,"42.32066576996286, -75.91415685966489",,-75.91415685966489,42.32066576996286,4.5
1092282,4,D_named_road,nys_street,yes,low,100,text,Grand Avenue,"40.69771531756507, -73.96487347607642",,-73.96487347607642,40.69771531756507,4.49
1096498,3,D_route,nys_street,yes,medium,100,text,County Route 41,"43.31042873545692, -73.56372945815652",,-73.56372945815652,43.31042873545692,4.49
1099067,4,D_named_road,nys_street,yes,low,100,text,Grand Avenue,"40.69771531756507, -73.96487347607642",,-73.96487347607642,40.69771531756507,4.49
1100282,3,D_named_road,nys_street,yes,low,100,text,Coal Hill Road,"43.30896162625459, -75.61810714116325",,-75.61810714116325,43.30896162625459,4.49
2171487,3,B_address,nys_address,yes,high,100,text,273 Main St,"41.84735685767002, -74.54816153474783",273 Main St,-74.54816153474783,41.84735685767002,4.49
1105130,3,D_named_road,nys_street,yes,low,100,text,Reed Road,"43.01435157838414, -76.93816051200623",,-76.93816051200623,43.01435157838414,4.48
1098547,3,A_coords,parse,yes,high,,description...action_description,,"42.01568, -74.64248",,-74.64248,42.01568,4.47
1104719,3,D_named_road,nys_street,yes,low,100,text,Telegraph Rd,"44.58619300338918, -73.49996364383139",,-73.49996364383139,44.58619300338918,4.46
1104766,3,D_named_road,nys_street,yes,low,100,text,West Townline Road,"42.97292358858358, -76.96356545839927",,-76.96356545839927,42.97292358858358,4.46
1104799,3,D_named_road,nys_street,yes,low,100,text,Telegraph Rd,"44.58619300338918, -73.49996364383139",,-73.49996364383139,44.58619300338918,4.46
2144194,3,D_route,nys_street,yes,medium,100,text,Rt 42,"41.544471411965816, -74.75010573212568",,-74.75010573212568,41.544471411965816,4.46
2144200,3,D_named_road,nys_street,yes,low,100,text,Glen Ellyn Rd,"41.899522481465894, -75.03314097682515",,-75.03314097682515,41.899522481465894,4.46
1096334,3,D_named_road,nys_street,yes,low,100,text,South Pearl Street Road,"43.047844530446994, -78.26964695221322",,-78.26964695221322,43.047844530446994,4.45
1096841,3,D_route,nys_street,yes,medium,100,text,Route 20,"42.29594740205939, -79.64271930182652",,-79.64271930182652,42.29594740205939,4.44
1103709,3,D_named_road,nys_street,yes,low,100,text,Glen Haven Road,"42.75979048763806, -76.27023920268759",,-76.27023920268759,42.75979048763806,4.44
1093249,3,A_coords,parse,yes,high,,description...action_description,,"42.020142, -74.189395",,-74.189395,42.020142,4.43
1099292,3,D_named_road,nys_street,yes,low,100,text,Mill St,"42.176645491062764, -77.1390868277175",,-77.1390868277175,42.176645491062764,4.42
1091306,3,D_named_road,nys_street,yes,low,100,text,Colfax Street,"43.163567573945485, -77.66974476479108",,-77.66974476479108,43.163567573945485,4.4
1100913,3,D_named_road,nys_street,yes,low,100,text,Colfax Street,"43.163567573945485, -77.66974476479108",,-77.66974476479108,43.163567573945485,4.4
1094935,3,D_named_road,nys_street,yes,low,100,text,New Hamburg Rd,"41.58328128110231, -73.94326549314111",,-73.94326549314111,41.58328128110231,4.39
1098840,3,D_named_road,nys_street,yes,low,100,text,Newell Road,"42.51391739801019, -79.27259419388407",,-79.27259419388407,42.51391739801019,4.39
1095365,3,D_route,nys_street,yes,medium,100,text,Route 9,"43.026445686599175, -73.79254456648253",,-73.79254456648253,43.026445686599175,4.38
1098357,3,D_named_road,nys_street,yes,low,100,text,Welty Rd,"42.0844514118208, -77.14718147809629",,-77.14718147809629,42.0844514118208,4.38
1102548,3,D_named_road,nys_street,yes,low,100,text,Irish Hill Rd,"42.48592137556034, -76.00071378203863",,-76.00071378203863,42.48592137556034,4.38
1089337,3,D_route,nys_street,yes,medium,100,text,Route 60,"42.37371440600938, -79.31425326579081",,-79.31425326579081,42.37371440600938,4.37
1089848,3,D_named_road,nys_street,yes,low,100,text,Bartlett Road,"42.05842822421168, -78.18002002897585",,-78.18002002897585,42.05842822421168,4.37
1090653,3,D_route,nys_street,yes,medium,100,text,Route 60,"42.37371440600938, -79.31425326579081",,-79.31425326579081,42.37371440600938,4.37
1093264,3,A_coords,parse,yes,high,,description...action_description,,"42.04027, -74.116705",,-74.116705,42.04027,4.36
1097310,3,D_named_road,nys_street,yes,low,100,text,Oneida Street,"43.019089568901265, -75.26960499994576",,-75.26960499994576,43.019089568901265,4.36
1098796,3,D_named_road,nys_street,yes,low,100,text,Henry Road,"42.420112416820835, -79.19947612811235",,-79.19947612811235,42.420112416820835,4.36
1097168,3,D_named_road,nys_street,yes,low,100,text,Angel Hill Road,"42.319553583029524, -73.59977442369348",,-73.59977442369348,42.319553583029524,4.35
1098489,3,D_route,nys_street,yes,medium,100,text,NYS Route 208,"41.47809046676979, -74.22067661489132",,-74.22067661489132,41.47809046676979,4.35
1103713,3,D_named_road,nys_street,yes,low,100,text,Cold Brook Road,"42.77228349824946, -76.21360423285532",,-76.21360423285532,42.77228349824946,4.35
1089814,3,D_named_road,nys_street,yes,low,100,text,Murray Hill Road,"42.342963493786115, -78.12564276090283",,-78.12564276090283,42.342963493786115,4.34
1093269,3,A_coords,parse,yes,high,,description...action_description,,"42.036905, -74.119385",,-74.119385,42.036905,4.33
1104100,3,C_intersection,census,yes,medium,100,text,Creek Road and New York Ave,"40.882707689964, -73.419654229369",,-73.419654229369,40.882707689964,4.33
1090897,3,D_named_road,nys_street,yes,low,100,text,Plateau Mountain Road,"42.18667951864775, -74.1922747257649",,-74.1922747257649,42.18667951864775,4.32
1095494,3,D_named_road,nys_street,yes,low,100,text,Plateau Mountain Road,"42.18667951864775, -74.1922747257649",,-74.1922747257649,42.18667951864775,4.32
1104850,3,D_route,nys_street,yes,medium,100,text,Route 40,"42.8667085973549, -73.61739648326216",,-73.61739648326216,42.8667085973549,4.31
1098490,3,D_route,nys_street,yes,medium,100,text,NYS Route 207,"41.43093238721491, -74.30038063279181",,-74.30038063279181,41.43093238721491,4.29
1103661,3,D_named_road,nys_street,yes,low,100,text,Kay Road,"40.65694433295025, -73.4025882519179",,-73.4025882519179,40.65694433295025,4.29
1103432,3,B_address,nys_address,yes,high,100,text,1033 Lakeland Beach Road,"43.365580707756166, -78.03085452128876",1033 Lakeland Beach Road,-78.03085452128876,43.365580707756166,4.28
1089966,3,D_route,nys_street,yes,medium,100,text,Route 446,"42.21586316001313, -78.32692425286086",,-78.32692425286086,42.21586316001313,4.27
1091244,3,D_named_road,nys_street,yes,low,100,text,Sunrise Boulevard,"42.856403519865125, -75.71199220345817",,-75.71199220345817,42.856403519865125,4.27
1097614,3,D_named_road,nys_street,yes,low,100,text,Sunrise Boulevard,"42.856403519865125, -75.71199220345817",,-75.71199220345817,42.856403519865125,4.27
1100095,3,D_named_road,nys_street,yes,low,100,text,Adams St,"42.62278568904524, -73.83527154396343",,-73.83527154396343,42.62278568904524,4.27
1101503,3,D_named_road,nys_street,yes,low,100,text,McKinstry Road,"42.445054474703106, -78.51016687988779",,-78.51016687988779,42.445054474703106,4.27
1102150,3,D_named_road,nys_street,yes,low,100,text,West River Rd,"42.06582933162115, -78.47456090510525",,-78.47456090510525,42.06582933162115,4.27
1102756,3,D_named_road,nys_street,yes,low,100,text,Ireland Rd,"42.12838932924554, -78.94908498872958",,-78.94908498872958,42.12838932924554,4.27
1096055,3,D_named_road,nys_street,yes,low,100,text,Winters Road,"43.50433883078353, -73.34210052507451",,-73.34210052507451,43.50433883078353,4.26
1100036,3,D_named_road,nys_street,yes,low,100,text,Maxian Road,"42.022472830746, -75.95636224553897",,-75.95636224553897,42.022472830746,4.26
1100433,3,D_named_road,nys_street,yes,low,100,text,Saltsman Road,"43.00778262901928, -74.57966190752487",,-74.57966190752487,43.00778262901928,4.25
1105231,3,D_route,nys_street,yes,medium,100,text,State Route 178,"43.86372872069497, -76.23904234865482",,-76.23904234865482,43.86372872069497,4.25
1093694,3,D_route,nys_street,yes,medium,100,text,Route 29,"43.105884834649416, -73.63264191780218",,-73.63264191780218,43.105884834649416,4.24
1105082,3,D_named_road,nys_street,yes,low,100,text,Wiltsieville Rd,"43.32485261369132, -76.59873039975156",,-76.59873039975156,43.32485261369132,4.24
2178717,3,D_named_road,nys_street,yes,low,100,text,Simons Road,"42.2682384432176, -77.91433171261941",,-77.91433171261941,42.2682384432176,4.24
1095175,3,D_named_road,nys_street,yes,low,100,text,Cole Road,"43.12036559510548, -77.20689357127746",,-77.20689357127746,43.12036559510548,4.23
1095303,3,D_named_road,nys_street,yes,low,100,text,Meadow Hill Road,"41.52695044084941, -74.0969444955498",,-74.0969444955498,41.52695044084941,4.23
1102807,3,D_named_road,nys_street,yes,low,100,text,Hawkins Rd,"42.43243743629945, -78.9185099857945",,-78.9185099857945,42.43243743629945,4.23
2178966,3,C_intersection,census,yes,medium,100,text,Hyde Park Blvd and Lockport Road,"43.11468049433, -79.033024273907",,-79.033024273907,43.11468049433,4.23
1095820,3,D_named_road,nys_street,yes,low,100,text,Curtis Rd,"42.75391450517501, -77.55524364374368",,-77.55524364374368,42.75391450517501,4.22
1104567,3,C_intersection,census,yes,medium,100,text,Fassett Road and Hoffman St,"42.091713586546, -76.826139557647",,-76.826139557647,42.091713586546,4.22
1098400,3,D_named_road,nys_street,yes,low,100,text,Porter Road,"42.48993055638109, -74.56139575525384",,-74.56139575525384,42.48993055638109,4.21
1096758,3,D_named_road,nys_street,yes,low,100,text,Maiden Lane,"42.73091756597194, -77.10205355638004",,-77.10205355638004,42.73091756597194,4.2
1099790,3,D_named_road,nys_street,yes,low,100,text,Bruyn Avenue,"41.597354322637386, -74.34940637062518",,-74.34940637062518,41.597354322637386,4.2
1103093,3,D_named_road,nys_street,yes,low,100,text,James Road,"42.423081425864346, -78.97175311367954",,-78.97175311367954,42.423081425864346,4.2
1094996,3,C_intersection,census,yes,medium,100,text,Carmen Road and Lake Road,"43.346619428835, -78.495895425766 | Golden Hill creek runs North of Coleman Road, into the Village of Barker at the Barker Fire hall, parallels Haight Road, crosses Johnson Creek Road,crosses Carmen Road and Lake Road (Route 18), crosses Lower Lake Road and eventually flows into Lake Ontario",,-78.495895425766,43.346619428835,4.19
1099756,3,D_named_road,nys_street,yes,low,100,text,Frederick Road,"42.1710715599009, -75.86010306589817",,-75.86010306589817,42.1710715599009,4.19
1096091,3,D_named_road,nys_street,yes,low,100,text,East Leach Road,"42.64043960080448, -76.93413445646449",,-76.93413445646449,42.64043960080448,4.18
1102325,3,D_named_road,nys_street,yes,low,100,text,Oregon Road,"41.30683342852752, -73.91237846208956",,-73.91237846208956,41.30683342852752,4.18
1093268,3,A_coords,parse,yes,high,,description...action_description,,"42.092696, -74.172509",,-74.172509,42.092696,4.15
1095383,3,D_named_road,nys_street,yes,low,100,text,Browns Road,"41.551780418700886, -74.15952754670295",,-74.15952754670295,41.551780418700886,4.14
1104879,3,D_named_road,nys_street,yes,low,100,text,Cotter Road,"44.91786594764726, -74.63185894952744",,-74.63185894952744,44.91786594764726,4.13
2144219,3,D_route,nys_street,yes,medium,100,text,Rt 55,"41.77857843953854, -74.76278775741751",,-74.76278775741751,41.77857843953854,4.13
2171450,3,D_route,nys_street,yes,medium,100,text,Route 55,"41.77857843953854, -74.76278775741751",,-74.76278775741751,41.77857843953854,4.13
1093220,3,D_named_road,nys_street,yes,low,100,text,Hollywood Drive,"43.11124459834674, -75.30785517378202",,-75.30785517378202,43.11124459834674,4.12
1102463,3,D_named_road,nys_street,yes,low,100,text,Pink Hill Road,"42.62391160349556, -75.86162110626353",,-75.86162110626353,42.62391160349556,4.12
1102676,3,D_named_road,nys_street,yes,low,100,text,Buffalo Road,"42.39384855131519, -76.34506030041747",,-76.34506030041747,42.39384855131519,4.11
1094826,3,C_intersection,census,yes,medium,100,text,Jagow Rd and Rebecca Dr,"43.088715494434, -78.932224308155 | Jagow Rd & Rebecca Dr",,-78.932224308155,43.088715494434,4.1
1089842,3,D_named_road,nys_street,yes,low,100,text,Sullivan Road,"42.36840647491321, -77.85906578768422",,-77.85906578768422,42.36840647491321,4.08
1095877,3,D_named_road,nys_street,yes,low,100,text,Sullivan Road,"42.36840647491321, -77.85906578768422",,-77.85906578768422,42.36840647491321,4.08
1098548,3,A_coords,parse,yes,high,,description...action_description,,"42.01505, -74.6326",,-74.6326,42.01505,4.07
1101284,3,D_named_road,nys_street,yes,low,100,text,Larkin Rd,"42.62082352841642, -78.90318908731085",,-78.90318908731085,42.62082352841642,4.07
1100367,3,D_named_road,nys_street,yes,low,100,text,Aden Road,"41.81210243155021, -74.72974686692027",,-74.72974686692027,41.81210243155021,4.06
1102485,3,D_named_road,nys_street,yes,low,97.97,text,Bryant Road,"42.627979033910265, -75.45999669382621",,-75.45999669382621,42.627979033910265,4.06
1094380,3,D_route,nys_street,yes,medium,100,text,Rt 45,"41.14961837842553, -74.03383151694312",,-74.03383151694312,41.14961837842553,4.04
1096062,3,D_named_road,nys_street,yes,low,100,text,Lincoln Hill Road,"42.970430676812235, -73.35603246259873",,-73.35603246259873,42.970430676812235,4.04
1102331,3,D_named_road,nys_street,yes,low,100,text,Watch Hill Road,"41.235656391307344, -73.9145745171262",,-73.9145745171262,41.235656391307344,4.04
1102549,3,D_named_road,nys_street,yes,low,100,text,Center Road,"42.559313661253256, -76.02198583545491",,-76.02198583545491,42.559313661253256,4.04
1102913,3,D_named_road,nys_street,yes,low,100,text,Erdman Hill Road,"42.33393345822158, -78.73551609459108",,-78.73551609459108,42.33393345822158,4.04
1095204,3,C_intersection,census,yes,medium,100,text,Folts Road and Main Road,"43.030134339408, -74.971510087053",,-74.971510087053,43.030134339408,4.03
1100137,3,D_named_road,nys_street,yes,low,100,text,Pertl Road,"42.31118447200217, -76.75962734846425",,-76.75962734846425,42.31118447200217,4.03
1102105,3,D_named_road,nys_street,yes,low,100,text,Linn Road,"42.036420395015035, -78.37674785216487",,-78.37674785216487,42.036420395015035,4.03
1102174,3,D_route,nys_street,yes,medium,100,text,NYS Route 22,"41.10934340389319, -73.73120534018975",,-73.73120534018975,41.10934340389319,4.03
1098379,3,D_named_road,nys_street,yes,low,100,text,Norton Ave,"43.06825831420199, -75.41047992311293",,-75.41047992311293,43.06825831420199,4.02
1102928,3,D_named_road,nys_street,yes,low,100,text,Eldredge Road,"42.273732604383135, -79.02888759589108",,-79.02888759589108,42.273732604383135,4.02
1098541,3,A_coords,parse,yes,high,,description...action_description,,"42.079922, -74.628824",,-74.628824,42.079922,4.01
1098550,3,A_coords,parse,yes,high,,description...action_description,,"42.07992, -74.6288",,-74.6288,42.07992,4.01
1098552,3,A_coords,parse,yes,high,,description...action_description,,"42.07989, -74.62883",,-74.62883,42.07989,4.01
1099444,3,D_named_road,nys_street,yes,low,100,text,Klein Ave,"41.09804033830007, -73.96833248849765",,-73.96833248849765,41.09804033830007,4.01
1105001,3,D_route,nys_street,yes,medium,100,text,CR 129,"42.75169151414851, -76.81817343566564",,-76.81817343566564,42.75169151414851,4.01
1098540,3,A_coords,parse,yes,high,,description...action_description,,"42.080497, -74.626776",,-74.626776,42.080497,4
1090162,3,D_named_road,nys_street,yes,low,100,text,Fish Road,"42.12965537621484, -78.08359175978549",,-78.08359175978549,42.12965537621484,4
1102327,3,D_named_road,nys_street,yes,low,100,text,Meadow Road,"41.248309359321176, -73.93784654129828",,-73.93784654129828,41.248309359321176,3.99
1103722,3,D_named_road,nys_street,yes,low,100,text,Marybelle Road,"42.77834394640246, -76.12377090808954",,-76.12377090808954,42.77834394640246,3.99
1095879,3,D_named_road,nys_street,yes,low,100,text,Gillies Hill Road,"42.39350545241421, -77.94601283294163",,-77.94601283294163,42.39350545241421,3.98
1103973,3,B_address,nys_address,yes,high,100,text,7 Avery Road,"41.38589280216281, -73.93297322014412",7 Avery Road,-73.93297322014412,41.38589280216281,3.98
1096620,3,D_named_road,nys_street,yes,low,100,text,Mosier Road,"43.63703977984007, -73.44009057602338",,-73.44009057602338,43.63703977984007,3.97
1101083,3,D_named_road,nys_street,yes,low,100,text,Riverwalk Parkway,"43.006500989836034, -78.91694712294328",,-78.91694712294328,43.006500989836034,3.97
1105131,3,D_route,nys_street,yes,medium,100,text,CR 136,"42.61810259858486, -76.84942736227575",,-76.84942736227575,42.61810259858486,3.97
1104967,3,D_route,nys_street,yes,medium,100,text,County Route 176,"43.332343253555734, -76.40497265098213",,-76.40497265098213,43.332343253555734,3.96
1103006,3,D_named_road,nys_street,yes,low,100,text,Christian Hollow Road,"42.230563415373055, -78.64980095653517",,-78.64980095653517,42.230563415373055,3.95
1103007,3,D_named_road,nys_street,yes,low,100,text,Christian Hollow Road,"42.230563415373055, -78.64980095653517",,-78.64980095653517,42.230563415373055,3.95
1104333,3,D_route,nys_street,yes,medium,100,text,NYS Route 203,"42.480154199397276, -73.62550583192635",,-73.62550583192635,42.480154199397276,3.95
1093256,3,A_coords,parse,yes,high,,description...action_description,,"42.040548, -74.122124",,-74.122124,42.040548,3.94
1100347,3,D_named_road,nys_street,yes,low,100,text,Crawford Road,"41.55836436891185, -75.0160978511735",,-75.0160978511735,41.55836436891185,3.94
2171434,3,D_named_road,nys_street,yes,low,100,text,Eldred-Yulan Road,"41.52249245862829, -74.93120285321137",,-74.93120285321137,41.52249245862829,3.94
2171531,3,D_named_road,nys_street,yes,low,100,text,Crawford Road,"41.55836436891185, -75.0160978511735",,-75.0160978511735,41.55836436891185,3.94
1099962,3,D_named_road,nys_street,yes,low,100,text,Donley Road,"42.899407612494706, -75.3062490164258",,-75.3062490164258,42.899407612494706,3.93
1089698,3,D_named_road,nys_street,yes,low,100,text,Middle Road,"42.35610440110213, -78.0142917782113",,-78.0142917782113,42.35610440110213,3.92
1089875,3,D_named_road,nys_street,yes,low,100,text,Big Hollow Road,"42.409762478948515, -77.75463367117686",,-77.75463367117686,42.409762478948515,3.92
1090884,3,D_named_road,nys_street,yes,low,100,text,Embought Road,"42.18385965388268, -73.91005249931405",,-73.91005249931405,42.18385965388268,3.92
1095819,3,D_named_road,nys_street,yes,low,100,text,Embought Road,"42.18385965388268, -73.91005249931405",,-73.91005249931405,42.18385965388268,3.92
1097030,3,D_named_road,nys_street,yes,low,100,text,Esopus Creek Road,"42.063835496776896, -73.9661715728774",,-73.9661715728774,42.063835496776896,3.92
1102184,3,D_named_road,nys_street,yes,low,100,text,Byram Lake Road,"41.191270409802414, -73.72628739176886",,-73.72628739176886,41.191270409802414,3.92
1102352,3,D_named_road,nys_street,yes,low,100,text,Valley Road,"41.25394637485456, -73.69405641011306",,-73.69405641011306,41.25394637485456,3.92
1100134,3,D_named_road,nys_street,yes,low,100,text,Station Road,"42.36862949985352, -76.92259752049813",,-76.92259752049813,42.36862949985352,3.91
1103422,3,D_named_road,nys_street,yes,low,97.46,text,Meadowcrest Drive,"41.307743404866315, -73.8079204217942",,-73.8079204217942,41.307743404866315,3.9
2144317,3,D_named_road,nys_street,yes,low,100,text,Tucci Road,"41.62569541994605, -74.63670675330748",,-74.63670675330748,41.62569541994605,3.9
1099351,3,A_coords,parse,yes,high,,description...action_description,,"41.976082, -74.521518",,-74.521518,41.976082,3.89
1089597,3,D_route,nys_street,yes,medium,100,text,Route 8,"43.66201066353174, -73.89747883548065",,-73.89747883548065,43.66201066353174,3.88
1102392,3,D_named_road,nys_street,yes,low,100,text,Butts Road,"43.24482357180363, -78.1660398016448",,-78.1660398016448,43.24482357180363,3.87
1096386,3,B_address,nys_address,yes,high,100,text,1091 South Lake Rd,"42.71160740596682, -77.33809130883819",1091 South Lake Rd,-77.33809130883819,42.71160740596682,3.86
1088163,3,D_named_road,nys_street,yes,low,100,text,Lawrence Hill Road,"42.74434144919044, -77.58137774851426",,-77.58137774851426,42.74434144919044,3.85
1088553,3,D_named_road,nys_street,yes,low,100,text,Lawrence Hill Road,"42.74434144919044, -77.58137774851426",,-77.58137774851426,42.74434144919044,3.85
1095823,3,D_named_road,nys_street,yes,low,100,text,Lawrence Hill Road,"42.74434144919044, -77.58137774851426",,-77.58137774851426,42.74434144919044,3.85
1104955,3,D_route,nys_street,yes,medium,100,text,CR 89,"43.43978263573635, -76.56819242377917",,-76.56819242377917,43.43978263573635,3.85
2178695,3,D_named_road,nys_street,yes,low,100,text,Cloverleaf Road,"42.31677645194358, -78.20667980906006",,-78.20667980906006,42.31677645194358,3.85
1101258,3,B_address,nys_address,yes,high,100,text,5107 Warner Rd,"42.76996257613761, -77.7689308064858",5107 Warner Rd,-77.7689308064858,42.76996257613761,3.84
1096724,3,D_named_road,nys_street,yes,low,100,text,Taylor Road,"42.48040252645015, -75.27876376919191",,-75.27876376919191,42.48040252645015,3.83
1096725,3,D_named_road,nys_street,yes,low,100,text,Taylor Road,"42.48040252645015, -75.27876376919191",,-75.27876376919191,42.48040252645015,3.83
1103652,3,D_named_road,nys_street,yes,low,97.97,text,Montauk Highway,"40.68393226078177, -73.35293627031959",,-73.35293627031959,40.68393226078177,3.83
1093259,3,A_coords,parse,yes,high,,description...action_description,,"42.046724, -74.120619",,-74.120619,42.046724,3.82
1091036,3,D_named_road,nys_street,yes,low,100,text,Brice Rd,"43.02121961153968, -75.09938898872855",,-75.09938898872855,43.02121961153968,3.82
1095150,3,D_named_road,nys_street,yes,low,100,text,Sleezer Road,"43.123132643954314, -74.09067172076345",,-74.09067172076345,43.123132643954314,3.82
1098559,3,A_coords,parse,yes,high,,description...action_description,,"42.078908, -74.625371",,-74.625371,42.078908,3.8
1097167,3,D_named_road,nys_street,yes,low,100,text,Harlemville Road,"42.30051761281385, -73.60773141332464",,-73.60773141332464,42.30051761281385,3.8
1101280,3,D_named_road,nys_street,yes,low,100,text,Stolle Road,"42.839480452189484, -78.59631691941136",,-78.59631691941136,42.839480452189484,3.79
1101665,3,D_named_road,nys_street,yes,low,100,text,Saw Mill River Parkway,"41.10829580986808, -73.80578482260785",,-73.80578482260785,41.10829580986808,3.79
1091241,3,D_named_road,nys_street,yes,low,100,text,Elm Street,"42.90683554707058, -75.53670913825655",,-75.53670913825655,42.90683554707058,3.78
1091242,3,D_named_road,nys_street,yes,low,100,text,Elm Street,"42.90683554707058, -75.53670913825655",,-75.53670913825655,42.90683554707058,3.78
1096057,3,D_named_road,nys_street,yes,low,100,text,Baker Road,"43.51717476659278, -73.33464147158382",,-73.33464147158382,43.51717476659278,3.78
1098277,3,D_named_road,nys_street,yes,low,100,text,Elm Street,"42.90683554707058, -75.53670913825655",,-75.53670913825655,42.90683554707058,3.78
1098278,3,D_named_road,nys_street,yes,low,100,text,Elm Street,"42.90683554707058, -75.53670913825655",,-75.53670913825655,42.90683554707058,3.78
1093262,3,A_coords,parse,yes,high,,description...action_description,,"42.088246, -74.177642",,-74.177642,42.088246,3.76
1091228,3,D_named_road,nys_street,yes,low,100,text,Gulch Rd,"42.890115585446765, -75.67365027776374",,-75.67365027776374,42.890115585446765,3.75
1096487,3,B_address,nys_address,yes,high,99.67,text,9300 South Street Road,"42.96179386488002, -77.98014501339559",9300 South Street Road,-77.98014501339559,42.96179386488002,3.75
1099283,3,D_named_road,nys_street,yes,low,100,text,Gulch Rd,"42.890115585446765, -75.67365027776374",,-75.67365027776374,42.890115585446765,3.75
1102322,3,D_named_road,nys_street,yes,low,100,text,Henning Drive,"41.249915403908574, -73.93587246949433",,-73.93587246949433,41.249915403908574,3.75
1096191,3,D_named_road,nys_street,yes,low,100,text,Hampton Road,"41.63903129589537, -73.89196697281831",,-73.89196697281831,41.63903129589537,3.74
1100361,3,D_named_road,nys_street,yes,low,100,text,Hollow Road,"41.46365433695467, -74.83181181775578",,-74.83181181775578,41.46365433695467,3.74
1104898,3,D_named_road,nys_street,yes,low,100,text,Bruso Rd,"44.91054603095528, -74.3725808892151",,-74.3725808892151,44.91054603095528,3.74
2178932,3,D_named_road,nys_street,yes,low,100,text,Simpson Road,"43.223863744875246, -74.1596657550086",,-74.1596657550086,43.223863744875246,3.74
1100538,3,D_named_road,nys_street,yes,low,97.97,text,Swantack Road,"42.377472743546704, -74.74121870003029",,-74.74121870003029,42.377472743546704,3.73
1102328,3,D_named_road,nys_street,yes,low,100,text,Trolley Road,"41.25189839077054, -73.93755252943878",,-73.93755252943878,41.25189839077054,3.73
1103328,3,D_route,nys_street,yes,medium,100,text,State Route 219,"42.087542399782606, -78.63111798660853",,-78.63111798660853,42.087542399782606,3.73
1103339,3,D_route,nys_street,yes,medium,100,text,US Route 219,"42.087542399782606, -78.63111798660853",,-78.63111798660853,42.087542399782606,3.73
1090902,3,D_named_road,nys_street,yes,low,100,text,Wright Road,"42.220005541565925, -74.24732462487196",,-74.24732462487196,42.220005541565925,3.72
1091225,3,D_named_road,nys_street,yes,low,100,text,Williams Road,"42.80658249049861, -75.82879702872253",,-75.82879702872253,42.80658249049861,3.72
1095445,3,D_named_road,nys_street,yes,low,100,text,Wright Road,"42.220005541565925, -74.24732462487196",,-74.24732462487196,42.220005541565925,3.72
1098287,3,D_named_road,nys_street,yes,low,100,text,Timmerman Road,"43.03067961926207, -74.79837293862957",,-74.79837293862957,43.03067961926207,3.72
1099341,3,D_named_road,nys_street,yes,low,100,text,Williams Road,"42.80658249049861, -75.82879702872253",,-75.82879702872253,42.80658249049861,3.72
1104070,3,D_named_road,nys_street,yes,low,100,text,Shore Dr,"40.73635937857904, -73.15663622495723",,-73.15663622495723,40.73635937857904,3.72
1104085,3,D_named_road,nys_street,yes,low,100,text,Shore Drive,"40.73635937857904, -73.15663622495723",,-73.15663622495723,40.73635937857904,3.72
1088052,3,D_named_road,nys_street,yes,low,100,text,Roaring Branch Road,"43.41521877290879, -73.98052062394916",,-73.98052062394916,43.41521877290879,3.71
1096569,3,D_named_road,nys_street,yes,low,100,text,Patterson Road,"43.19739170965801, -73.58087754586931",,-73.58087754586931,43.19739170965801,3.71
1098669,3,D_route,nys_street,yes,medium,100,text,NYS Route 28,"42.96819659453666, -75.01486299063595",,-75.01486299063595,42.96819659453666,3.71
1098676,3,D_route,nys_street,yes,medium,100,text,NYS Route 28,"42.96819659453666, -75.01486299063595",,-75.01486299063595,42.96819659453666,3.71
1104170,3,D_named_road,nys_street,yes,low,100,text,Memory Lane,"41.36455142552804, -73.69496535024692",,-73.69496535024692,41.36455142552804,3.71
1095178,3,A_coords,parse,yes,high,,description...problem_statement,,"42.218159, -76.204301",,-76.204301,42.218159,3.7
1091064,3,D_named_road,nys_street,yes,low,100,text,East German Street,"43.03080157159915, -74.99100597329011",,-74.99100597329011,43.03080157159915,3.7
1095212,3,D_named_road,nys_street,yes,low,100,text,East German Street,"43.03080157159915, -74.99100597329011",,-74.99100597329011,43.03080157159915,3.7
1099733,3,D_named_road,nys_street,yes,low,100,text,Hurley Ave,"41.936369541661875, -74.04058356607776",,-74.04058356607776,41.936369541661875,3.7
1101087,3,D_named_road,nys_street,yes,low,100,text,Retsof Ave,"42.833386407783955, -77.88166672082878",,-77.88166672082878,42.833386407783955,3.7
1101216,3,D_named_road,nys_street,yes,low,100,text,Stolle Road,"42.8228784234803, -78.57747999430576",,-78.57747999430576,42.8228784234803,3.7
1096227,3,B_address,nys_address,yes,high,100,text,5 Woodrow Drive,"42.8755026866061, -78.02754019078816",5 Woodrow Drive,-78.02754019078816,42.8755026866061,3.69
1103182,3,D_named_road,nys_street,yes,low,100,text,Cloverdale Avenue,"41.05389739529184, -73.76677635020108",,-73.76677635020108,41.05389739529184,3.69
1103190,3,D_named_road,nys_street,yes,low,100,text,Cloverdale Avenue,"41.05389739529184, -73.76677635020108",,-73.76677635020108,41.05389739529184,3.69
2144170,3,B_address,nys_address,yes,high,86.55,text,42 Clark Road,"41.7094737029891, -74.62269425309421",,-74.62269425309421,41.7094737029891,3.69
1097299,3,D_named_road,nys_street,yes,low,100,text,Willow Brook Lane,"43.01305456494585, -75.2660490450498",,-75.2660490450498,43.01305456494585,3.68
1100395,3,D_named_road,nys_street,yes,low,100,text,Frasier Road,"43.29865675326894, -74.16505565485602",,-74.16505565485602,43.29865675326894,3.68
1102155,3,D_named_road,nys_street,yes,low,100,text,Steam Valley Road,"42.04385060996782, -78.38605443328012",,-78.38605443328012,42.04385060996782,3.66
1091395,3,D_named_road,nys_street,yes,low,100,text,Titus Avenue,"43.21137360184826, -77.61577167022185",,-77.61577167022185,43.21137360184826,3.65
1098497,3,D_named_road,nys_street,yes,low,100,text,Roosevelt Road,"41.768296456583506, -73.90505459533001",,-73.90505459533001,41.768296456583506,3.65
1100797,3,D_named_road,nys_street,yes,low,100,text,Titus Avenue,"43.21137360184826, -77.61577167022185",,-77.61577167022185,43.21137360184826,3.65
1102483,3,D_named_road,nys_street,yes,low,97.97,text,Posson Road,"42.606379566565984, -75.5432064190674",,-75.5432064190674,42.606379566565984,3.65
1088686,3,C_intersection,census,yes,medium,100,text,Grant Road and Booth Road,"42.162687536217, -75.897488349878",,-75.897488349878,42.162687536217,3.64
1090248,3,C_intersection,census,yes,medium,100,text,Grant Road and Booth Road,"42.162687536217, -75.897488349878",,-75.897488349878,42.162687536217,3.64
1096059,3,D_route,nys_street,yes,medium,100,text,County Route 10,"43.56509531284808, -73.39056133840428",,-73.39056133840428,43.56509531284808,3.64
1103507,3,D_named_road,nys_street,yes,low,100,text,Livingston Road,"42.309414446620316, -78.40669788580426",,-78.40669788580426,42.309414446620316,3.64
1091041,3,D_route,nys_street,yes,medium,100,text,Route 171,"43.00897256235581, -75.15734204545949",,-75.15734204545949,43.00897256235581,3.63
1096713,3,D_named_road,nys_street,yes,low,100,text,Dickensen Road,"42.96802861587793, -73.44126340752295",,-73.44126340752295,42.96802861587793,3.63
1104616,3,D_route,nys_street,yes,medium,100,text,CR-28,"43.53168863939733, -76.18179227205667",,-76.18179227205667,43.53168863939733,3.63
1093170,3,D_route,nys_street,yes,medium,100,text,Route 315,"42.957848605734895, -75.40457519699856",,-75.40457519699856,42.957848605734895,3.62
1103066,3,D_named_road,nys_street,yes,low,100,text,Traffic Street,"42.42848046753046, -78.76741009961817",,-78.76741009961817,42.42848046753046,3.62
1096615,3,D_named_road,nys_street,yes,low,100,text,Lake Road,"43.63655282030658, -73.44534046367498",,-73.44534046367498,43.63655282030658,3.61
1102878,3,D_named_road,nys_street,yes,low,100,text,Narrows Road,"42.23590108804766, -78.84935389535201",,-78.84935389535201,42.23590108804766,3.61
1103706,3,D_route,nys_street,yes,medium,100,text,Route 41,"42.600689585784494, -76.06554512014512",,-76.06554512014512,42.600689585784494,3.61
1093260,3,A_coords,parse,yes,high,,description...action_description,,"42.027931, -74.187553",,-74.187553,42.027931,3.6
1096497,3,D_route,nys_street,yes,medium,100,text,County Route 36,"43.372198680275254, -73.563610546078",,-73.563610546078,43.372198680275254,3.6
1096526,3,D_named_road,nys_street,yes,low,100,text,Burke Hill Road,"42.591030562377206, -77.31496962731828",,-77.31496962731828,42.591030562377206,3.6
1096594,3,D_named_road,nys_street,yes,low,100,text,Gorham Road,"43.02143852598044, -76.44470934334696",,-76.44470934334696,43.02143852598044,3.6
1103834,3,D_named_road,nys_street,yes,low,100,text,Landing Avenue,"40.88851134881179, -73.2164341800665",,-73.2164341800665,40.88851134881179,3.59
1103844,3,D_named_road,nys_street,yes,low,100,text,Landing Avenue,"40.88851134881179, -73.2164341800665",,-73.2164341800665,40.88851134881179,3.59
1105270,3,D_named_road,nys_street,yes,low,100,text,Mill Road,"42.57590365180163, -73.96558863466403",,-73.96558863466403,42.57590365180163,3.59
1088662,3,D_named_road,nys_street,yes,low,100,text,Court Street,"42.069866887424396, -75.91753151605474",,-75.91753151605474,42.069866887424396,3.57
1090224,3,D_named_road,nys_street,yes,low,100,text,Court Street,"42.069866887424396, -75.91753151605474",,-75.91753151605474,42.069866887424396,3.57
1097699,3,D_route,nys_street,yes,medium,100,text,Route 80,"42.92950958671437, -74.74314090234776",,-74.74314090234776,42.92950958671437,3.57
1100062,3,D_named_road,nys_street,yes,low,100,text,Court Street,"42.069866887424396, -75.91753151605474",,-75.91753151605474,42.069866887424396,3.57
1096494,3,B_address,nys_address,yes,high,100,text,6320 Palmer Road,"42.877157422156884, -76.08348378001281",6320 Palmer Road,-76.08348378001281,42.877157422156884,3.56
1105148,3,D_named_road,nys_street,yes,low,100,text,Pratt Street,"43.96480875676424, -75.92019121708908",,-75.92019121708908,43.96480875676424,3.55
1099746,3,D_named_road,nys_street,yes,low,100,text,Grant Road,"42.16364354024086, -75.89780911884408",,-75.89780911884408,42.16364354024086,3.53
1104935,3,D_named_road,nys_street,yes,low,100,text,Lenny Preston Road,"44.39929476977951, -73.8136921451673",,-73.8136921451673,44.39929476977951,3.53
1096801,3,D_named_road,nys_street,yes,low,100,text,Hinds Road,"43.25659568340329, -73.50523955176187",,-73.50523955176187,43.25659568340329,3.52
1104317,3,D_named_road,nys_street,yes,low,100,text,Peasley Road,"43.922520113680555, -73.53421185366894",,-73.53421185366894,43.922520113680555,3.52
1095187,3,D_named_road,nys_street,yes,low,100,text,Cragswood Road,"41.78929154850389, -74.09601554807",,-74.09601554807,41.78929154850389,3.51
1101095,3,D_named_road,nys_street,yes,low,100,text,Tenth Street,"42.835462521148244, -77.87884879589348",,-77.87884879589348,42.835462521148244,3.5
1094085,3,D_route,nys_street,yes,medium,100,text,Route 9,"41.56398244021414, -73.90512743917841",,-73.90512743917841,41.56398244021414,3.49
1096603,3,D_named_road,nys_street,yes,low,100,text,Heap Road,"42.68677557402987, -75.26373604459538",,-75.26373604459538,42.68677557402987,3.49
1090880,3,D_named_road,nys_street,yes,low,100,text,Church St,"42.25804302404759, -73.89440812827492",,-73.89440812827492,42.25804302404759,3.48
1095934,3,D_named_road,nys_street,yes,low,100,text,Church St,"42.25804302404759, -73.89440812827492",,-73.89440812827492,42.25804302404759,3.48
1088424,3,B_address,nys_address,yes,high,100,text,2550 Outhouse Road,"42.89187625571248, -77.31604882996982",2550 Outhouse Road,-77.31604882996982,42.89187625571248,3.47
1097583,3,D_named_road,nys_street,yes,low,100,text,"Red
Oak Lane","42.64845669853597, -73.69292050040245",,-73.69292050040245,42.64845669853597,3.46
1099964,3,D_named_road,nys_street,yes,low,100,text,Hardscrabble Road,"42.93050961471263, -75.28444507881875",,-75.28444507881875,42.93050961471263,3.45
1102524,3,D_named_road,nys_street,yes,low,100,text,Griggs Gulf Rd,"42.4142325327649, -76.19670117969999",,-76.19670117969999,42.4142325327649,3.45
1104763,3,D_named_road,nys_street,yes,low,100,text,Gould Road,"42.526019636357496, -73.41440739450083",,-73.41440739450083,42.526019636357496,3.45
1104854,3,D_named_road,nys_street,yes,low,100,text,Gould Road,"42.526019636357496, -73.41440739450083",,-73.41440739450083,42.526019636357496,3.45
1089695,3,D_named_road,nys_street,yes,low,100,text,Holdridge Road,"42.38616042809362, -77.97384781355905",,-77.97384781355905,42.38616042809362,3.44
1096707,3,D_named_road,nys_street,yes,low,100,text,Neilson Road,"42.813576607546906, -74.76945384189621",,-74.76945384189621,42.813576607546906,3.44
1100025,3,D_named_road,nys_street,yes,low,100,text,Edmonds Road,"43.49312864652562, -75.27238614055425",,-75.27238614055425,43.49312864652562,3.43
1100027,3,D_named_road,nys_street,yes,low,100,text,Edmonds Road,"43.49312864652562, -75.27238614055425",,-75.27238614055425,43.49312864652562,3.43
1102517,3,D_named_road,nys_street,yes,low,100,text,N. Main St,"42.63694958500006, -76.1785222078347",,-76.1785222078347,42.63694958500006,3.43
2171378,3,D_named_road,nys_street,yes,low,100,text,Pine Grove Road,"41.67372841163292, -74.81411376121893",,-74.81411376121893,41.67372841163292,3.42
1091053,3,D_named_road,nys_street,yes,low,100,text,Pine Bush Rd,"42.9553216153247, -74.98896993512088",,-74.98896993512088,42.9553216153247,3.41
1098652,3,D_named_road,nys_street,yes,low,100,text,Pine Bush Rd,"42.9553216153247, -74.98896993512088",,-74.98896993512088,42.9553216153247,3.41
1101622,3,D_named_road,nys_street,yes,low,100,text,Griffen Avenue,"40.959796337815014, -73.77239549287087",,-73.77239549287087,40.959796337815014,3.41
1104282,3,D_named_road,nys_street,yes,low,100,text,Cook Road,"44.278194975412646, -73.44064654403942",,-73.44064654403942,44.278194975412646,3.41
1090021,3,D_route,nys_street,yes,medium,100,text,County Rt 24,"42.44979650808266, -77.91805966506526",,-77.91805966506526,42.44979650808266,3.4
1095583,3,D_route,nys_street,yes,medium,100,text,County Rt 24,"42.44979650808266, -77.91805966506526",,-77.91805966506526,42.44979650808266,3.4
1097053,3,D_named_road,nys_street,yes,low,100,text,Rappa Road,"42.84717360302388, -74.51381078268076",,-74.51381078268076,42.84717360302388,3.4
1098286,3,D_named_road,nys_street,yes,low,100,text,Creek Road,"43.05914854221322, -77.27788457632965",,-77.27788457632965,43.05914854221322,3.4
1102081,3,D_named_road,nys_street,yes,low,100,text,Newton Street,"42.163358453488264, -78.7241680789425",,-78.7241680789425,42.163358453488264,3.4
1097393,3,A_coords,parse,yes,high,,description...action_description,,"41.966257, -74.294853",,-74.294853,41.966257,3.39
1094954,3,D_named_road,nys_street,yes,low,100,text,Wolf Pond Road,"43.47602648513339, -73.99799748899399",,-73.99799748899399,43.47602648513339,3.39
1096468,3,D_named_road,nys_street,yes,low,100,text,Stuckie Road,"43.519275732873844, -75.41674416351154",,-75.41674416351154,43.519275732873844,3.39
1096571,3,D_route,nys_street,yes,medium,100,text,CR 46,"43.2519965106219, -73.58110943327995",,-73.58110943327995,43.2519965106219,3.39
1104463,3,D_named_road,nys_street,yes,low,100,text,South Road,"42.7467936685599, -73.55061852045155",,-73.55061852045155,42.7467936685599,3.39
1102321,3,D_named_road,nys_street,yes,low,100,text,Westminster Drive,"41.24229240350226, -73.91564951845697",,-73.91564951845697,41.24229240350226,3.38
1105229,3,B_address,nys_address,yes,high,100,text,2350 Western Ave,"42.70676052041355, -73.92026336630686 | Western Turnpike Golf Course, 2350 Western Ave, Guilderland, 12084",2350 Western Ave,-73.92026336630686,42.70676052041355,3.38
2178821,3,D_named_road,nys_street,yes,low,100,text,Leland Hull Rd,"42.31004456331516, -75.13685498806854",,-75.13685498806854,42.31004456331516,3.37
1088073,3,D_named_road,nys_street,yes,low,100,text,Gulf Road,"42.875575645165455, -75.2590080649467",,-75.2590080649467,42.875575645165455,3.36
1089160,3,D_named_road,nys_street,yes,low,100,text,Gifford Ave,"42.108809311813324, -79.27452417542104",,-79.27452417542104,42.108809311813324,3.36
1090476,3,D_named_road,nys_street,yes,low,100,text,Gifford Ave,"42.108809311813324, -79.27452417542104",,-79.27452417542104,42.108809311813324,3.36
1096186,3,D_route,nys_street,yes,medium,100,text,County Route 1,"43.763920832999005, -73.45358460734946",,-73.45358460734946,43.763920832999005,3.36
1099443,3,D_route,nys_street,yes,medium,100,text,Route 303,"41.110808953335024, -73.946167359258",,-73.946167359258,41.110808953335024,3.36
1100373,3,D_named_road,nys_street,yes,low,100,text,Newman Hill Rd,"41.83483147874091, -75.05150591081677",,-75.05150591081677,41.83483147874091,3.36
1096542,3,D_named_road,nys_street,yes,low,100,text,Kubinski Road,"43.80242770033642, -75.67456018485727",,-75.67456018485727,43.80242770033642,3.35
1100474,3,D_named_road,nys_street,yes,low,100,text,West Lake Road,"43.17519278953629, -74.53094854547506",,-74.53094854547506,43.17519278953629,3.35
1102029,3,D_named_road,nys_street,yes,low,97.46,text,Hunterbrook Road,"41.2561119847083, -73.84261417527098",,-73.84261417527098,41.2561119847083,3.35
1097387,3,A_coords,parse,yes,high,,description...action_description,,"41.971171, -74.287014",,-74.287014,41.971171,3.34
1089641,3,D_named_road,nys_street,yes,low,100,text,Shaw Road,"42.27096660432485, -77.75588889434472",,-77.75588889434472,42.27096660432485,3.34
1094316,3,D_named_road,nys_street,yes,low,100,text,Shaw Road,"42.27096660432485, -77.75588889434472",,-77.75588889434472,42.27096660432485,3.34
1095281,3,D_named_road,nys_street,yes,low,100,text,Mill Road,"41.92026755340515, -73.51806938364659",,-73.51806938364659,41.92026755340515,3.34
1095283,3,D_named_road,nys_street,yes,low,100,text,Mill Road,"41.92026755340515, -73.51806938364659",,-73.51806938364659,41.92026755340515,3.34
1095285,3,D_named_road,nys_street,yes,low,100,text,Mill Road,"41.92026755340515, -73.51806938364659",,-73.51806938364659,41.92026755340515,3.34
1095286,3,D_named_road,nys_street,yes,low,100,text,Mill Road,"41.92026755340515, -73.51806938364659",,-73.51806938364659,41.92026755340515,3.34
2178913,3,D_named_road,nys_street,yes,low,100,text,Outlet Road,"43.12498073496464, -74.49937287240569",,-74.49937287240569,43.12498073496464,3.34
1093257,3,A_coords,parse,yes,high,,description...action_description,,"42.082935, -74.182116",,-74.182116,42.082935,3.33
1093270,3,A_coords,parse,yes,high,,description...action_description,,"42.082956, -74.182119",,-74.182119,42.082956,3.33
1102558,3,D_named_road,nys_street,yes,low,100,text,West Lake Road,"42.89319452383501, -76.5519963019988",,-76.5519963019988,42.89319452383501,3.33
1097302,3,D_named_road,nys_street,yes,low,100,text,Campbell Road,"43.00638362162837, -75.24736305345763",,-75.24736305345763,43.00638362162837,3.32
1101870,3,D_named_road,nys_street,yes,low,100,text,Bronx River Parkway,"40.915238275445326, -73.84950144350076",,-73.84950144350076,40.915238275445326,3.32
1104247,3,D_named_road,nys_street,yes,low,100,text,Brewster Hill Road,"41.43278440681037, -73.60505035249219",,-73.60505035249219,41.43278440681037,3.32
1105232,3,D_named_road,nys_street,yes,low,100,text,Shear Road,"43.838819697745635, -76.1533072457089",,-76.1533072457089,43.838819697745635,3.32
1088269,3,D_named_road,nys_street,yes,low,100,text,Blodgett Rd,"42.77726148493235, -77.21336153069295",,-77.21336153069295,42.77726148493235,3.31
1097301,3,D_named_road,nys_street,yes,low,100,text,Greens Crossing Road,"42.95295064849562, -75.28352512933894",,-75.28352512933894,42.95295064849562,3.31
1096826,3,A_coords,parse,yes,high,,description...problem_statement,,"42.345484, -76.203301",,-76.203301,42.345484,3.3
1095101,3,D_named_road,nys_street,yes,low,100,text,Aiken Road,"43.1019494971846, -78.80707806430884 | Aiken Road, Bull Creek",,-78.80707806430884,43.1019494971846,3.3
1091218,3,D_named_road,nys_street,yes,low,100,text,Academy Road,"42.78143255034189, -75.32548798265356",,-75.32548798265356,42.78143255034189,3.29
1093074,3,D_named_road,nys_street,yes,low,100,text,Jeffrey Court,"41.10443341422395, -73.97071755450318",,-73.97071755450318,41.10443341422395,3.29
1094755,3,D_named_road,nys_street,yes,low,100,text,Argonne Avenue,"42.10170614087345, -76.02729677403815",,-76.02729677403815,42.10170614087345,3.29
1100019,3,D_named_road,nys_street,yes,low,100,text,Academy Road,"42.78143255034189, -75.32548798265356",,-75.32548798265356,42.78143255034189,3.29
1104068,3,D_named_road,nys_street,yes,low,100,text,Dean Road,"41.50135949428436, -73.74540243399963",,-73.74540243399963,41.50135949428436,3.29
1091037,3,C_intersection,census,yes,medium,100,text,Center Rd and Welshbush Rd,"43.066629137845, -75.153558013482",,-75.153558013482,43.066629137845,3.28
1104288,3,D_named_road,nys_street,yes,low,100,text,Fisk Road,"44.046166815542236, -73.49106155010311",,-73.49106155010311,44.046166815542236,3.28
2179025,3,D_named_road,nys_street,yes,low,100,text,Lolik Lane,"42.87218457273266, -73.96044758258427",,-73.96044758258427,42.87218457273266,3.28
1093218,3,D_named_road,nys_street,yes,low,100,text,Oriskany Boulevard,"43.14016970014102, -75.30559707704408",,-75.30559707704408,43.14016970014102,3.27
1100135,3,D_named_road,nys_street,yes,low,100,text,Whites Hollow Road,"42.36363547095276, -76.91491546257528",,-76.91491546257528,42.36363547095276,3.27
1091221,3,D_named_road,nys_street,yes,low,100,text,Lincklaen Road,"42.938778580374866, -75.84910519257635",,-75.84910519257635,42.938778580374866,3.26
1099851,3,D_named_road,nys_street,yes,low,100,text,Lincklaen Road,"42.938778580374866, -75.84910519257635",,-75.84910519257635,42.938778580374866,3.26
1102216,3,C_intersection,census,yes,medium,100,text,Mutton Hollow Road and Whig St,"42.243021638642, -78.728099941674",,-78.728099941674,42.243021638642,3.26
1102526,3,D_named_road,nys_street,yes,low,100,text,Bleck Rd,"42.463843570723974, -76.17767018825762",,-76.17767018825762,42.463843570723974,3.26
1100460,3,D_named_road,nys_street,yes,low,100,text,Proper Road,"43.096284693606165, -74.2560528016482",,-74.2560528016482,43.096284693606165,3.25
2144198,3,D_named_road,nys_street,yes,low,100,text,Deer Lake Road,"41.887741529107615, -75.03821083051392",,-75.03821083051392,41.887741529107615,3.24
1090092,3,D_named_road,nys_street,yes,low,100,text,River Street,"42.17082839455748, -77.98809174482524",,-77.98809174482524,42.17082839455748,3.23
1091470,3,D_named_road,nys_street,yes,low,100,text,Park Road,"43.10430354990511, -77.8955698290148",,-77.8955698290148,43.10430354990511,3.23
1100722,3,D_named_road,nys_street,yes,low,100,text,Park Road,"43.10430354990511, -77.8955698290148",,-77.8955698290148,43.10430354990511,3.23
1089526,3,D_route,nys_street,yes,medium,100,text,Route 60,"42.27547836779638, -79.29575319364552",,-79.29575319364552,42.27547836779638,3.22
1090842,3,D_route,nys_street,yes,medium,100,text,Route 60,"42.27547836779638, -79.29575319364552",,-79.29575319364552,42.27547836779638,3.22
1096049,3,B_address,nys_address,yes,high,100,text,29 Katie Lane,"42.58813136233215, -74.75292506708017",29 Katie Lane,-74.75292506708017,42.58813136233215,3.22
1088775,3,D_named_road,nys_street,yes,low,100,text,Harvey Square Road,"42.397586565973924, -75.91558821587675",,-75.91558821587675,42.397586565973924,3.21
1090337,3,D_named_road,nys_street,yes,low,100,text,Harvey Square Road,"42.397586565973924, -75.91558821587675",,-75.91558821587675,42.397586565973924,3.21
1095049,3,D_named_road,nys_street,yes,low,100,text,Harvey Square Road,"42.397586565973924, -75.91558821587675",,-75.91558821587675,42.397586565973924,3.21
2178690,3,D_route,nys_street,yes,medium,100,text,County Route 48,"42.24078244086185, -78.04068680522595",,-78.04068680522595,42.24078244086185,3.21
1099737,3,D_named_road,nys_street,yes,low,100,text,Lucas Avenue,"41.92967954240815, -74.03553167000545",,-74.03553167000545,41.92967954240815,3.2
1100571,3,D_named_road,nys_street,yes,low,100,text,Elk Creek Road,"42.30028656082362, -74.89457790458812",,-74.89457790458812,42.30028656082362,3.19
1102516,3,B_address,nys_address,yes,high,100,text,9 Prospect St,"42.640609961228904, -76.1846764787579",9 Prospect St,-76.1846764787579,42.640609961228904,3.19
2178935,3,D_named_road,nys_street,yes,low,100,text,White Birch Road,"43.21083469393154, -74.14517162210052",,-74.14517162210052,43.21083469393154,3.19
1099331,3,D_named_road,nys_street,yes,low,100,text,Cheese Factory Road,"43.20692761278942, -75.16302403035905",,-75.16302403035905,43.20692761278942,3.18
1091424,3,B_address,nys_address,yes,high,100,text,56 Parma Center Road,"43.26362239339048, -77.757428799861",56 Parma Center Road,-77.757428799861,43.26362239339048,3.17
1100769,3,B_address,nys_address,yes,high,100,text,56 Parma Center Road,"43.26362239339048, -77.757428799861",56 Parma Center Road,-77.757428799861,43.26362239339048,3.17
1095479,3,D_named_road,nys_street,yes,low,100,text,Graves Road,"42.042533429246156, -77.83041269315427",,-77.83041269315427,42.042533429246156,3.16
1104514,3,D_named_road,nys_street,yes,low,100,text,"White Church
Lane","42.735979727183995, -73.56252847755285",,-73.56252847755285,42.735979727183995,3.16
1088690,3,D_route,nys_street,yes,medium,100,text,Route 12,"42.16829551787393, -75.88771507387412",,-75.88771507387412,42.16829551787393,3.15
1090252,3,D_route,nys_street,yes,medium,100,text,Route 12,"42.16829551787393, -75.88771507387412",,-75.88771507387412,42.16829551787393,3.15
1104789,3,D_route,nys_street,yes,medium,100,text,Rt 328,"42.01475238331143, -76.89492123874905",,-76.89492123874905,42.01475238331143,3.15
2178937,3,D_named_road,nys_street,yes,low,100,text,Warner Road,"43.095474612655785, -74.65380886839192",,-74.65380886839192,43.095474612655785,3.15
1091269,3,D_named_road,nys_street,yes,low,100,text,Valley Mills Road,"43.004628581219045, -75.5900020997006",,-75.5900020997006,43.004628581219045,3.14
1097652,3,D_named_road,nys_street,yes,low,100,text,Valley Mills Road,"43.004628581219045, -75.5900020997006",,-75.5900020997006,43.004628581219045,3.14
1103477,3,D_named_road,nys_street,yes,low,100,text,Slaterville Rd,"42.4312945104832, -76.47509731343723",,-76.47509731343723,42.4312945104832,3.14
1102299,3,D_route,nys_street,yes,medium,100,text,Route 219,"42.327910693669885, -78.67191852997163",,-78.67191852997163,42.327910693669885,3.13
1104075,3,B_address,nys_address,yes,high,97.97,text,299 Carleton Ave,"40.74294714940629, -73.19284960248517",299 Carleton Ave,-73.19284960248517,40.74294714940629,3.12
1105015,3,D_named_road,nys_street,yes,low,100,text,Quay Road,"42.70965366725062, -74.10256564344405",,-74.10256564344405,42.70965366725062,3.12
1096047,3,D_named_road,nys_street,yes,low,100,text,S. Hill Road,"42.59157360736135, -74.75045879115713",,-74.75045879115713,42.59157360736135,3.11
1098664,3,D_route,nys_street,yes,medium,100,text,NYS Route 168,"42.9997366413292, -75.00649701202623",,-75.00649701202623,42.9997366413292,3.11
1098671,3,D_route,nys_street,yes,medium,100,text,NYS Route 168,"42.9997366413292, -75.00649701202623",,-75.00649701202623,42.9997366413292,3.11
1098672,3,D_route,nys_street,yes,medium,100,text,NYS Route 168,"42.9997366413292, -75.00649701202623",,-75.00649701202623,42.9997366413292,3.11
1103692,3,D_named_road,nys_street,yes,low,100,text,Cheningo Road,"42.68399866185218, -76.03778616496679",,-76.03778616496679,42.68399866185218,3.11
1105111,3,D_named_road,nys_street,yes,low,100,text,Webster Hill Road,"42.505126651706405, -73.50821241773671",,-73.50821241773671,42.505126651706405,3.11
1096963,3,D_named_road,nys_street,yes,low,100,text,Patrick Road,"42.68261553502498, -74.55769911597834",,-74.55769911597834,42.68261553502498,3.1
1097321,3,D_route,nys_street,yes,medium,100,text,County Rt 122,"42.53429355550171, -77.28562155965139",,-77.28562155965139,42.53429355550171,3.1
1102114,3,D_named_road,nys_street,yes,low,100,text,Haskell Road,"42.06694006285063, -78.38494557337542",,-78.38494557337542,42.06694006285063,3.1
1102550,3,D_named_road,nys_street,yes,low,100,text,Stone Road,"42.53897553592417, -76.04937616577672",,-76.04937616577672,42.53897553592417,3.1
1101821,3,D_named_road,nys_street,yes,low,100,text,Sommerville Valley Road,"42.25741544071043, -78.64267494726008",,-78.64267494726008,42.25741544071043,3.09
1102165,3,D_named_road,nys_street,yes,low,100,text,June Road,"41.360448058043914, -73.59898979019013",,-73.59898979019013,41.360448058043914,3.09
1102168,3,D_named_road,nys_street,yes,low,100,text,June Road,"41.360448058043914, -73.59898979019013",,-73.59898979019013,41.360448058043914,3.09
1093261,3,A_coords,parse,yes,high,,description...action_description,,"42.04045, -74.134178",,-74.134178,42.04045,3.08
1091248,3,D_named_road,nys_street,yes,low,100,text,Bishop Road,"43.00067259176318, -75.62396718256537",,-75.62396718256537,43.00067259176318,3.08
1096884,3,D_named_road,nys_street,yes,low,100,text,Bishop Road,"43.00067259176318, -75.62396718256537",,-75.62396718256537,43.00067259176318,3.08
1095000,3,B_address,nys_address,yes,high,100,text,8500 Lower Lake Road,"43.362305243834406, -78.55804358861374",,-78.55804358861374,43.362305243834406,3.07
1098854,3,D_named_road,nys_street,yes,low,100,text,Wright Park Drive,"42.49773646818132, -79.31806028401982",,-79.31806028401982,42.49773646818132,3.07
1099358,3,A_coords,parse,yes,high,,description...action_description,,"41.940638, -74.520757",,-74.520757,41.940638,3.06
1096274,3,D_named_road,nys_street,yes,low,100,text,West Street,"42.49270356573138, -75.07250295259924",,-75.07250295259924,42.49270356573138,3.05
1103361,3,D_named_road,nys_street,yes,low,100,text,Burrough Road,"42.80602242519325, -78.42429000431055",,-78.42429000431055,42.80602242519325,3.05
1103451,3,B_address,nys_address,yes,high,100,text,1110 Point Breeze Road,"43.362090780929286, -78.19079593416237",1110 Point Breeze Road,-78.19079593416237,43.362090780929286,3.05
1091245,3,D_named_road,nys_street,yes,low,100,text,North Butler Rd,"42.99529659308716, -75.66275523923849",,-75.66275523923849,42.99529659308716,3.04
1096915,3,D_named_road,nys_street,yes,low,100,text,North Butler Rd,"42.99529659308716, -75.66275523923849",,-75.66275523923849,42.99529659308716,3.04
1094796,3,D_named_road,nys_street,yes,low,100,text,Johnson Rd,"42.157724355337216, -78.1332337301917",,-78.1332337301917,42.157724355337216,3.03
1095699,3,D_named_road,nys_street,yes,low,100,text,Yates Hill Road,"43.30554468848983, -74.06102865867273",,-74.06102865867273,43.30554468848983,3.03
1095176,3,D_named_road,nys_street,yes,low,100,text,Dalton Hill Road,"42.25731351825402, -76.16072812783665",,-76.16072812783665,42.25731351825402,3.01
1095214,3,C_intersection,census,yes,medium,100,text,McKennan Road and Steuben Road,"43.039917338949, -75.006038575128",,-75.006038575128,43.039917338949,3.01
1102861,3,D_named_road,nys_street,yes,low,100,text,Lexington Pkwy,"42.81840643738589, -73.90326784649511",,-73.90326784649511,42.81840643738589,3.01
1088119,3,D_named_road,nys_street,yes,low,100,text,Front Street,"43.41818074662944, -73.69798759316667",,-73.69798759316667,43.41818074662944,3
1100197,3,D_named_road,nys_street,yes,low,100,text,Chapman Drive,"42.927516567268725, -74.17202563521265",,-74.17202563521265,42.927516567268725,3
1097396,3,A_coords,parse,yes,high,,description...action_description,,"41.967102, -74.286986",,-74.286986,41.967102,2.99
1094789,3,D_named_road,nys_street,yes,low,100,text,Watson Rd,"42.155117411358795, -78.14668371578058",,-78.14668371578058,42.155117411358795,2.99
1096705,3,D_named_road,nys_street,yes,low,100,text,Dietsche Road,"42.78976665009366, -74.75944488098749",,-74.75944488098749,42.78976665009366,2.99
2178965,3,B_address,nys_address,yes,high,100,text,4012 Seneca Parkway,"43.129570873952225, -78.9497094656362",4012 Seneca Parkway,-78.9497094656362,43.129570873952225,2.98
1100434,3,D_named_road,nys_street,yes,low,100,text,Old State Road,"43.04399263291988, -74.5173348396975",,-74.5173348396975,43.04399263291988,2.97
1103070,3,D_route,nys_street,yes,medium,100,text,Route 362,"42.59095548145431, -78.25884188370908",,-78.25884188370908,42.59095548145431,2.97
1103710,3,D_named_road,nys_street,yes,low,100,text,Lapp Hill Road,"42.62006662163307, -76.05108622432007",,-76.05108622432007,42.62006662163307,2.97
1090044,3,D_named_road,nys_street,yes,low,100,text,Hill Street,"42.03656236842668, -77.76431067600073",,-77.76431067600073,42.03656236842668,2.96
1093273,3,A_coords,parse,yes,high,,description...action_description,,"42.036559, -74.140749",,-74.140749,42.036559,2.94
1088386,3,D_named_road,nys_street,yes,low,100,text,Day Road,"42.814525493004616, -77.38940956456086",,-77.38940956456086,42.814525493004616,2.94
1089369,3,D_named_road,nys_street,yes,low,100,text,Chapin Road,"42.51216941743561, -79.23571018874752",,-79.23571018874752,42.51216941743561,2.94
1090686,3,D_named_road,nys_street,yes,low,100,text,Chapin Road,"42.51216941743561, -79.23571018874752",,-79.23571018874752,42.51216941743561,2.94
1095105,3,B_address,nys_address,yes,high,100,text,3265 Creek Rd,"43.25759998977192, -79.0085599936893",,-79.0085599936893,43.25759998977192,2.94
1100209,3,D_route,nys_street,yes,medium,100,text,State Route 5,"42.95527501717514, -74.221658506532",,-74.221658506532,42.95527501717514,2.93
1101246,3,D_named_road,nys_street,yes,low,100,text,The Rogers Road,"42.758486406960195, -78.88423110861476",,-78.88423110861476,42.758486406960195,2.93
1103869,3,D_named_road,nys_street,yes,low,100,text,Ram Island Drive,"41.09067650242484, -72.32405690549065",,-72.32405690549065,41.09067650242484,2.93
1104782,3,D_named_road,nys_street,yes,low,100,text,Nixon Road,"42.0896134407708, -76.69654935269857",,-76.69654935269857,42.0896134407708,2.93
1104994,3,D_named_road,nys_street,yes,low,100,text,Desmond Road,"43.00289952267228, -76.92730644880308",,-76.92730644880308,43.00289952267228,2.93
1099447,3,B_address,nys_address,yes,high,100,text,411 Crawford Ave,"43.037482243526334, -76.1080974383451",411 Crawford Ave,-76.1080974383451,43.037482243526334,2.92
1102523,3,D_named_road,nys_street,yes,low,100,text,Hilsinger Rd,"42.469620509939475, -76.1981021637797",,-76.1981021637797,42.469620509939475,2.92
1104656,3,D_named_road,nys_street,yes,low,100,text,Spruce Street,"44.98105709579282, -73.44949260203468",,-73.44949260203468,44.98105709579282,2.92
1088740,3,D_route,nys_street,yes,medium,100,text,Rt 11,"42.098895502337946, -75.83607213965406",,-75.83607213965406,42.098895502337946,2.91
1090009,3,D_named_road,nys_street,yes,low,100,text,Sonnleitner Road,"42.49406752221364, -78.0346167984708",,-78.0346167984708,42.49406752221364,2.91
1090302,3,D_route,nys_street,yes,medium,100,text,Rt 11,"42.098895502337946, -75.83607213965406",,-75.83607213965406,42.098895502337946,2.91
1091387,3,D_named_road,nys_street,yes,low,97.97,text,John Street,"43.06323033349512, -77.67562805438376",,-77.67562805438376,43.06323033349512,2.91
1098371,3,D_route,nys_street,yes,medium,100,text,Rt 11,"42.098895502337946, -75.83607213965406",,-75.83607213965406,42.098895502337946,2.91
1100805,3,D_named_road,nys_street,yes,low,97.97,text,John Street,"43.06323033349512, -77.67562805438376",,-77.67562805438376,43.06323033349512,2.91
2178931,3,D_named_road,nys_street,yes,low,100,text,Seven Hills Road,"43.21725766694312, -74.16515977139782",,-74.16515977139782,43.21725766694312,2.91
1095797,3,B_address,nys_address,yes,high,100,text,784 Charlton Rd,"42.93378857348943, -73.9679388011906",784 Charlton Rd,-73.9679388011906,42.93378857348943,2.9
2144180,3,D_named_road,nys_street,yes,low,97.97,text,Pleasant Valley Rd,"41.73559541296113, -74.63892883244951",,-74.63892883244951,41.73559541296113,2.9
2171412,3,D_named_road,nys_street,yes,low,97.97,text,Pleasant Valley Road,"41.73559541296113, -74.63892883244951",,-74.63892883244951,41.73559541296113,2.9
1088703,3,D_named_road,nys_street,yes,low,100,text,Banta Road,"42.01520247995793, -75.82217604556374",,-75.82217604556374,42.01520247995793,2.89
1090265,3,D_named_road,nys_street,yes,low,100,text,Banta Road,"42.01520247995793, -75.82217604556374",,-75.82217604556374,42.01520247995793,2.89
1099628,3,D_named_road,nys_street,yes,low,100,text,Banta Road,"42.01520247995793, -75.82217604556374",,-75.82217604556374,42.01520247995793,2.89
1100582,3,D_named_road,nys_street,yes,low,100,text,Lower Dingle Hill Rd,"42.14629007100513, -74.76185517536052",,-74.76185517536052,42.14629007100513,2.89
1091471,3,D_named_road,nys_street,yes,low,100,text,North Main Street,"43.10437651727699, -77.88469972665585",,-77.88469972665585,43.10437651727699,2.88
1100721,3,D_named_road,nys_street,yes,low,100,text,North Main Street,"43.10437651727699, -77.88469972665585",,-77.88469972665585,43.10437651727699,2.88
1102962,3,D_named_road,nys_street,yes,low,100,text,Pennsylvania Rd,"42.14993239078415, -78.40762488064603",,-78.40762488064603,42.14993239078415,2.88
1102973,3,D_named_road,nys_street,yes,low,100,text,Pennsylvania Road,"42.14993239078415, -78.40762488064603",,-78.40762488064603,42.14993239078415,2.88
1097405,3,A_coords,parse,yes,high,,description...action_description,,"41.967746, -74.283762",,-74.283762,41.967746,2.87
1088656,3,D_named_road,nys_street,yes,low,100,text,Ball Avenue,"42.12542653805443, -75.89659901475943",,-75.89659901475943,42.12542653805443,2.87
1090218,3,D_named_road,nys_street,yes,low,100,text,Ball Avenue,"42.12542653805443, -75.89659901475943",,-75.89659901475943,42.12542653805443,2.87
1096563,3,D_named_road,nys_street,yes,low,100,text,Beach Road,"43.09600651881274, -76.25413608770575",,-76.25413608770575,43.09600651881274,2.87
1097385,3,A_coords,parse,yes,high,,description...action_description,,"41.967575, -74.283845",,-74.283845,41.967575,2.86
1093221,3,D_named_road,nys_street,yes,low,100,text,Main Street,"43.16087566001771, -75.3373280725458",,-75.3373280725458,43.16087566001771,2.84
1096524,3,D_named_road,nys_street,yes,low,100,text,Lower Road,"42.644232488669225, -77.3232665487446",,-77.3232665487446,42.644232488669225,2.84
1099702,3,D_named_road,nys_street,yes,low,100,text,West Jackson St,"43.17966549522256, -78.72799208318325 | West Jackson St., Lockport NY",,-78.72799208318325,43.17966549522256,2.84
1104893,3,D_named_road,nys_street,yes,low,100,text,Warner Rd,"44.77096792792029, -74.30185882774732",,-74.30185882774732,44.77096792792029,2.84
1088706,3,D_named_road,nys_street,yes,low,100,text,Carol Court,"42.058653450895385, -75.81125106003385",,-75.81125106003385,42.058653450895385,2.83
1090268,3,D_named_road,nys_street,yes,low,100,text,Carol Court,"42.058653450895385, -75.81125106003385",,-75.81125106003385,42.058653450895385,2.83
1099621,3,D_named_road,nys_street,yes,low,100,text,Carol Court,"42.058653450895385, -75.81125106003385",,-75.81125106003385,42.058653450895385,2.83
1101358,3,B_address,nys_address,yes,high,100,text,5390 Agar Road,"42.86934087087108, -77.72462562507303",5390 Agar Road,-77.72462562507303,42.86934087087108,2.83
1093265,3,A_coords,parse,yes,high,,description...action_description,,"42.073644, -74.189503",,-74.189503,42.073644,2.82
1099938,3,B_address,nys_address,yes,high,100,text,1118 Meadowbrook Dr,"43.03686204830201, -76.10948341154237",1118 Meadowbrook Dr,-76.10948341154237,43.03686204830201,2.82
1091237,3,D_named_road,nys_street,yes,low,100,text,Williams Road,"42.798147548503216, -75.45900917140007",,-75.45900917140007,42.798147548503216,2.79
1098568,3,D_named_road,nys_street,yes,low,100,text,Williams Road,"42.798147548503216, -75.45900917140007",,-75.45900917140007,42.798147548503216,2.79
1100171,3,D_named_road,nys_street,yes,low,100,text,North Road,"42.9998376452336, -75.51962212463017",,-75.51962212463017,42.9998376452336,2.79
1102162,3,D_named_road,nys_street,yes,low,100,text,Keeler Lane,"41.33482441283427, -73.57103236948114",,-73.57103236948114,41.33482441283427,2.79
1089855,3,D_named_road,nys_street,yes,low,100,text,Kossuth Road,"42.063939426538816, -78.14861990063045",,-78.14861990063045,42.063939426538816,2.78
1095866,3,D_named_road,nys_street,yes,low,100,text,Kossuth Road,"42.063939426538816, -78.14861990063045",,-78.14861990063045,42.063939426538816,2.78
1098838,3,D_named_road,nys_street,yes,low,100,text,Lord Road,"42.31600432195776, -79.33948322891008",,-79.33948322891008,42.31600432195776,2.78
1099937,3,B_address,nys_address,yes,high,100,text,1137 Meadowbrook Dr,"43.03750692778192, -76.10977900699761",1137 Meadowbrook Dr,-76.10977900699761,43.03750692778192,2.78
1100032,3,D_named_road,nys_street,yes,low,100,text,Peckham Road,"42.0630186198875, -75.93022841238675",,-75.93022841238675,42.0630186198875,2.78
1102050,3,B_address,nys_address,yes,high,100,text,5378 Conable Way,"42.76329867145921, -78.12569716967103",5378 Conable Way,-78.12569716967103,42.76329867145921,2.78
2178967,3,D_named_road,nys_street,yes,low,100,text,Military Road,"43.130961453826245, -79.00788321614989",,-79.00788321614989,43.130961453826245,2.78
1102319,3,D_named_road,nys_street,yes,low,100,text,Furnace Brook Drive,"41.24624722837416, -73.89200985416274",,-73.89200985416274,41.24624722837416,2.77
1096043,3,D_named_road,nys_street,yes,low,100,text,Addison Back Rd,"42.065551428703, -77.27809648651761",,-77.27809648651761,42.065551428703,2.76
1097298,3,D_named_road,nys_street,yes,low,100,text,Latus Road,"42.95759261115033, -75.25160908483657",,-75.25160908483657,42.95759261115033,2.76
1097309,3,D_named_road,nys_street,yes,low,100,text,Latus Road,"42.95759261115033, -75.25160908483657",,-75.25160908483657,42.95759261115033,2.76
1101505,3,D_named_road,nys_street,yes,low,100,text,Grove Street,"42.495723509907045, -78.48383691956157",,-78.48383691956157,42.495723509907045,2.76
2178835,3,D_named_road,nys_street,yes,low,100,text,Braehead Rd,"42.415358530534654, -74.7736208346004",,-74.7736208346004,42.415358530534654,2.76
1091357,3,D_named_road,nys_street,yes,low,100,text,Howard Road,"43.13271076733049, -77.69080543737951",,-77.69080543737951,43.13271076733049,2.75
1097081,3,D_named_road,nys_street,yes,low,100,text,Echo Valley Road,"41.995475557003296, -73.86329847709236",,-73.86329847709236,41.995475557003296,2.75
1100836,3,D_named_road,nys_street,yes,low,100,text,Howard Road,"43.13271076733049, -77.69080543737951",,-77.69080543737951,43.13271076733049,2.75
1093255,3,A_coords,parse,yes,high,,description...action_description,,"42.034948, -74.147652",,-74.147652,42.034948,2.73
1098549,3,A_coords,parse,yes,high,,description...action_description,,"42.071663, -74.608875",,-74.608875,42.071663,2.73
1100129,3,D_named_road,nys_street,yes,low,100,text,Switzer Hill Road,"42.341811505203964, -77.0660154269215",,-77.0660154269215,42.341811505203964,2.73
1100130,3,D_named_road,nys_street,yes,low,100,text,Switzer Hill Road,"42.341811505203964, -77.0660154269215",,-77.0660154269215,42.341811505203964,2.73
1100396,3,D_named_road,nys_street,yes,low,100,text,Bear Creek Road,"43.30019770424509, -74.17673471875501",,-74.17673471875501,43.30019770424509,2.73
1097384,3,A_coords,parse,yes,high,,description...action_description,,"41.96772, -74.280553",,-74.280553,41.96772,2.72
1096774,3,C_intersection,census,yes,medium,100,text,Rose Road and Donahue Road. St,"42.976917483425, -78.2309085409",,-78.2309085409,42.976917483425,2.72
1102036,3,D_named_road,nys_street,yes,low,97.46,text,Mill Pond Road,"41.28702841587865, -73.83559553920098",,-73.83559553920098,41.28702841587865,2.72
1088779,3,D_named_road,nys_street,yes,low,100,text,McKinley Ave,"42.10538550594844, -76.04476008230894",,-76.04476008230894,42.10538550594844,2.7
1090341,3,D_named_road,nys_street,yes,low,100,text,McKinley Ave,"42.10538550594844, -76.04476008230894",,-76.04476008230894,42.10538550594844,2.7
1099441,3,D_named_road,nys_street,yes,low,100,text,Union St,"41.43524343705779, -74.0342436445578",,-74.0342436445578,41.43524343705779,2.7
1090114,3,D_named_road,nys_street,yes,low,100,text,Weidrick Road,"42.10072739791895, -77.93898278769338",,-77.93898278769338,42.10072739791895,2.69
1094791,3,D_named_road,nys_street,yes,low,100,text,Weidrick Rd,"42.10072739791895, -77.93898278769338",,-77.93898278769338,42.10072739791895,2.69
1096584,3,D_named_road,nys_street,yes,low,100,text,Bardeen Road,"42.805518643797114, -75.96722425555814",,-75.96722425555814,42.805518643797114,2.68
1102208,3,D_named_road,nys_street,yes,low,100,text,Waverly Avenue,"40.947409384747104, -73.74591047031943",,-73.74591047031943,40.947409384747104,2.67
1095624,3,D_named_road,nys_street,yes,low,100,text,English Hill Road,"42.45220946113016, -77.99973880025013",,-77.99973880025013,42.45220946113016,2.66
1097696,3,D_named_road,nys_street,yes,low,100,text,Langlitz Road,"41.335848387482265, -74.56896969179716",,-74.56896969179716,41.335848387482265,2.66
1100284,3,D_named_road,nys_street,yes,low,100,text,Blake Road,"43.37065863868197, -75.63699116049712",,-75.63699116049712,43.37065863868197,2.65
1102525,3,D_route,nys_street,yes,medium,100,text,Route 221,"42.42589357298188, -76.22763623573482",,-76.22763623573482,42.42589357298188,2.64
1090913,3,D_named_road,nys_street,yes,low,100,text,Howard Rd,"42.21379553136075, -74.38552669971642",,-74.38552669971642,42.21379553136075,2.63
1095427,3,D_named_road,nys_street,yes,low,100,text,Howard Rd,"42.21379553136075, -74.38552669971642",,-74.38552669971642,42.21379553136075,2.63
1090091,3,D_named_road,nys_street,yes,low,100,text,Stevens Court,"42.14590743481404, -77.97402979069692",,-77.97402979069692,42.14590743481404,2.62
1094878,3,D_named_road,nys_street,yes,low,100,text,Wildwood Drive,"41.61232248621521, -73.90017653130714",,-73.90017653130714,41.61232248621521,2.62
1094886,3,D_named_road,nys_street,yes,low,100,text,Wildwood Drive,"41.61232248621521, -73.90017653130714",,-73.90017653130714,41.61232248621521,2.62
1099939,3,B_address,nys_address,yes,high,100,text,704 Meadowbrook Dr,"43.031256020897544, -76.11413193597329",704 Meadowbrook Dr,-76.11413193597329,43.031256020897544,2.62
2171518,3,D_route,nys_street,yes,medium,100,text,Route 17,"41.66410047981717, -74.69580876263386",,-74.69580876263386,41.66410047981717,2.62
1098660,3,D_named_road,nys_street,yes,low,100,text,Mason Rd,"42.97054360436528, -75.00091392250077",,-75.00091392250077,42.97054360436528,2.61
1103727,3,D_named_road,nys_street,yes,low,100,text,Cold Spring Road,"42.43361755851041, -75.9860121994652",,-75.9860121994652,42.43361755851041,2.61
1096178,3,C_intersection,census,yes,medium,100,text,Ackert Hook Road and Vlei Road,"41.905395509145, -73.887573015056",,-73.887573015056,41.905395509145,2.6
1102498,3,D_named_road,nys_street,yes,low,100,text,Dublin Road,"42.70610639732274, -75.84391536577604",,-75.84391536577604,42.70610639732274,2.6
1103707,3,B_address,nys_address,yes,high,100,text,4250 Wildman Road,"42.613640840884614, -75.9927012872389",4250 Wildman Road,-75.9927012872389,42.613640840884614,2.6
1089746,3,D_named_road,nys_street,yes,low,100,text,Saunders Hill Road,"42.22622542557613, -77.98700668843662",,-77.98700668843662,42.22622542557613,2.59
1097054,3,D_named_road,nys_street,yes,low,100,text,Darrow Road,"42.81824559258895, -74.47659273212365",,-74.47659273212365,42.81824559258895,2.59
1098820,3,D_named_road,nys_street,yes,low,100,text,North Hill Road,"42.37183843427801, -79.13553514554593",,-79.13553514554593,42.37183843427801,2.59
1098866,3,D_named_road,nys_street,yes,low,100,text,Huxley Street,"42.08898232284678, -79.26585918089572",,-79.26585918089572,42.08898232284678,2.59
1093274,3,A_coords,parse,yes,high,,description...action_description,,"42.076035, -74.150066",,-74.150066,42.076035,2.58
1088780,3,D_named_road,nys_street,yes,low,100,text,Watson Boulevard,"42.10899346433783, -76.05559114721817",,-76.05559114721817,42.10899346433783,2.57
1090342,3,D_named_road,nys_street,yes,low,100,text,Watson Boulevard,"42.10899346433783, -76.05559114721817",,-76.05559114721817,42.10899346433783,2.57
1094750,3,D_named_road,nys_street,yes,low,100,text,Watson Boulevard,"42.10899346433783, -76.05559114721817",,-76.05559114721817,42.10899346433783,2.57
1101706,3,B_address,nys_address,yes,high,100,text,313 Fayette Avenue,"40.952232917562014, -73.74301188573759",313 Fayette Avenue,-73.74301188573759,40.952232917562014,2.56
1104251,3,D_named_road,nys_street,yes,low,100,text,Cobb Road,"41.380513452749476, -73.59450649052768",,-73.59450649052768,41.380513452749476,2.56
1094832,3,D_named_road,nys_street,yes,low,100,text,Hoover Road,"43.12033453219412, -78.88496404822196",,-78.88496404822196,43.12033453219412,2.55
1098861,3,D_named_road,nys_street,yes,low,100,text,Front Street,"42.090951240535105, -79.26622268432567",,-79.26622268432567,42.090951240535105,2.55
1098862,3,D_named_road,nys_street,yes,low,100,text,Front Street,"42.090951240535105, -79.26622268432567",,-79.26622268432567,42.090951240535105,2.55
1103204,3,D_route,nys_street,yes,medium,100,text,Route 417,"42.15374335729653, -78.75155202046244",,-78.75155202046244,42.15374335729653,2.55
1103466,3,D_named_road,nys_street,yes,low,100,text,Five Mile Dr,"42.41483756199744, -76.53143332699699",,-76.53143332699699,42.41483756199744,2.55
1095379,3,D_named_road,nys_street,yes,low,100,text,Hamm Rd,"43.14026456377616, -78.69688197146716 | Hamm Rd.",,-78.69688197146716,43.14026456377616,2.53
1099420,3,D_named_road,nys_street,yes,low,100,text,Hasbrouck Ave,"41.43433142609868, -74.03584849204536",,-74.03584849204536,41.43433142609868,2.53
1098852,3,D_named_road,nys_street,yes,low,100,text,Vineyard Drive,"42.4583849972106, -79.32427419950388",,-79.32427419950388,42.4583849972106,2.52
1102974,3,D_named_road,nys_street,yes,low,100,text,Plank Road,"42.16079842652251, -78.35154289424268",,-78.35154289424268,42.16079842652251,2.52
1602087,3,D_named_road,nys_street,yes,low,100,text,Mountain View Drive,"42.05447350355897, -76.85413538277804",,-76.85413538277804,42.05447350355897,2.52
1091348,3,D_named_road,nys_street,yes,low,100,text,Cherry Road,"43.132238609225844, -77.7292437018232",,-77.7292437018232,43.132238609225844,2.51
1100843,3,D_named_road,nys_street,yes,low,100,text,Cherry Road,"43.132238609225844, -77.7292437018232",,-77.7292437018232,43.132238609225844,2.51
1094754,3,D_named_road,nys_street,yes,low,100,text,Valleyview Drive,"42.127294507857926, -76.01090906750436",,-76.01090906750436,42.127294507857926,2.5
1103064,3,D_named_road,nys_street,yes,low,100,text,Utley Road,"42.39010939776873, -78.77041406685386",,-78.77041406685386,42.39010939776873,2.5
1093323,3,D_named_road,nys_street,yes,low,100,text,Station Hill Road,"43.09924056074423, -75.44970405478925",,-75.44970405478925,43.09924056074423,2.49
1095692,3,D_named_road,nys_street,yes,low,100,text,Hadley Hill Road,"43.31095070821083, -74.0132675861425",,-74.0132675861425,43.31095070821083,2.47
1098584,3,D_named_road,nys_street,yes,low,100,text,Bearlick Hollow Rd,"42.256616423162626, -77.6740166489371",,-77.6740166489371,42.256616423162626,2.46
1101070,3,B_address,nys_address,yes,high,100,text,2919 Delaware Ave,"42.963699498275986, -78.8697647222099",2919 Delaware Ave,-78.8697647222099,42.963699498275986,2.46
1102306,3,D_named_road,nys_street,yes,low,100,text,Harney Road,"40.97941134669168, -73.81404145084872",,-73.81404145084872,40.97941134669168,2.46
1099954,3,B_address,nys_address,yes,high,100,text,153 Cedar Street,"42.9853272448036, -78.1563200789831",153 Cedar Street,-78.1563200789831,42.9853272448036,2.45
1104303,3,D_named_road,nys_street,yes,low,100,text,Cross Road,"44.263928247861855, -73.38498950441915",,-73.38498950441915,44.263928247861855,2.44
1096827,3,A_coords,parse,yes,high,,description...problem_statement,,"42.353168, -76.200533",,-76.200533,42.353168,2.42
1096746,3,D_named_road,nys_street,yes,low,100,text,Sackett Road,"43.111001562756705, -77.98701885348376",,-77.98701885348376,43.111001562756705,2.42
1102175,3,D_named_road,nys_street,yes,low,100,text,Business Park Drive,"41.115225656864475, -73.71128266935304",,-73.71128266935304,41.115225656864475,2.42
2179065,3,D_named_road,nys_street,yes,low,100,text,Rice Rd,"42.82871763229726, -73.99183859385482",,-73.99183859385482,42.82871763229726,2.42
1101713,3,D_named_road,nys_street,yes,low,100,text,Anita Lane,"40.953858328034315, -73.73428235832874",,-73.73428235832874,40.953858328034315,2.41
1104072,3,B_address,nys_address,yes,high,100,text,655 Main Street,"40.73029290287945, -73.21079270303498",655 Main Street,-73.21079270303498,40.73029290287945,2.41
2179182,3,D_route,nys_street,yes,medium,100,text,Rt 23,"42.412266084644244, -74.58789767020792",,-74.58789767020792,42.412266084644244,2.41
2179186,3,D_route,nys_street,yes,medium,100,text,Rt 23,"42.412266084644244, -74.58789767020792",,-74.58789767020792,42.412266084644244,2.41
1098863,3,D_named_road,nys_street,yes,low,100,text,Kenmore Avenue,"42.09227336896, -79.26492519711498",,-79.26492519711498,42.09227336896,2.4
1099918,3,B_address,nys_address,yes,high,100,text,440 River Street Service Road,"42.443867059061425, -75.0915557668394",440 River Street Service Road,-75.0915557668394,42.443867059061425,2.4
1103972,3,D_named_road,nys_street,yes,low,100,text,Fishkill Road,"41.42789843670396, -73.93999247940866",,-73.93999247940866,41.42789843670396,2.4
2178975,3,D_named_road,nys_street,yes,low,100,text,Wilrose Court,"43.076017452635156, -78.88063112603261",,-78.88063112603261,43.076017452635156,2.39
1102157,3,D_named_road,nys_street,yes,low,100,text,Old Rock City Road,"42.04449541918446, -78.4398758128687",,-78.4398758128687,42.04449541918446,2.37
1102182,3,C_intersection,census,yes,medium,100,text,Kipp Street and Pond Hill Road Dr,"41.164767647685, -73.783713095213",,-73.783713095213,41.164767647685,2.36
1104711,3,D_named_road,nys_street,yes,low,100,text,Terry Hill Road,"42.23051552570672, -76.7698943321766",,-76.7698943321766,42.23051552570672,2.36
2178964,3,D_named_road,nys_street,yes,low,100,text,Tuscarora Road,"43.096714510073326, -78.96733819570697",,-78.96733819570697,43.096714510073326,2.36
1101472,3,D_named_road,nys_street,yes,low,100,text,Hamburg Turnpike,"42.83257239287748, -78.85392001130033",,-78.85392001130033,42.83257239287748,2.35
1105036,3,D_named_road,nys_street,yes,low,100,text,Freeman Rd,"44.92432801524743, -74.40144598762383",,-74.40144598762383,44.92432801524743,2.35
1095436,3,B_address,nys_address,yes,high,100,text,1445 Swann Rd,"43.19886286624154, -78.98025862197652 | 1445 Swann Rd, Lewiston, NY",1445 Swann Rd,-78.98025862197652,43.19886286624154,2.34
1102030,3,D_named_road,nys_street,yes,low,97.46,text,Brookside Avenue,"41.27896141473127, -73.78247648205532",,-73.78247648205532,41.27896141473127,2.34
1103378,3,D_named_road,nys_street,yes,low,100,text,Sprague Road,"40.979448370374016, -73.80124947756252",,-73.80124947756252,40.979448370374016,2.34
1095372,3,D_named_road,nys_street,yes,low,100,text,Becker Hill Road,"41.992975580721605, -73.78913455189704",,-73.78913455189704,41.992975580721605,2.33
1096092,3,D_named_road,nys_street,yes,low,100,text,Arrowhead Beach Road,"42.695313556174455, -76.95944249436978",,-76.95944249436978,42.695313556174455,2.33
1088809,3,B_address,nys_address,yes,high,100,text,174 Chapel Street,"42.071784022586954, -75.63446009430677",174 Chapel Street,-75.63446009430677,42.071784022586954,2.31
1090371,3,B_address,nys_address,yes,high,100,text,174 Chapel Street,"42.071784022586954, -75.63446009430677",174 Chapel Street,-75.63446009430677,42.071784022586954,2.31
1093295,3,B_address,nys_address,yes,high,100,text,174 Chapel St,"42.071784022586954, -75.63446009430677",174 Chapel St,-75.63446009430677,42.071784022586954,2.31
1103967,3,D_route,nys_street,yes,medium,100,text,Route 301,"41.43022643710641, -73.93705754598054",,-73.93705754598054,41.43022643710641,2.31
1094869,3,D_route,nys_street,yes,medium,100,text,US Route 9,"41.60313141597481, -73.91214644106087",,-73.91214644106087,41.60313141597481,2.3
1102035,3,C_intersection,census,yes,medium,100,text,White Hill Road and Hunterbrook Road,"41.279148627359, -73.835373071519",,-73.835373071519,41.279148627359,2.3
1103450,3,B_address,nys_address,yes,high,100,text,1296 Oak Orchard Road,"43.35412015764258, -78.1919787302212",1296 Oak Orchard Road,-78.1919787302212,43.35412015764258,2.3
2179125,3,D_named_road,nys_street,yes,low,100,text,N. Ferry St,"42.81831259643951, -73.945856646957",,-73.945856646957,42.81831259643951,2.3
1099350,3,A_coords,parse,yes,high,,description...action_description,,"41.961277, -74.462327",,-74.462327,41.961277,2.29
1089761,3,D_named_road,nys_street,yes,low,100,text,Dyke Road,"42.15080938692021, -77.82174963765702",,-77.82174963765702,42.15080938692021,2.29
1100224,3,D_named_road,nys_street,yes,low,100,text,Florida Avenue,"42.93273071653204, -74.21575160769495",,-74.21575160769495,42.93273071653204,2.29
1102305,3,C_intersection,census,yes,medium,100,text,Wilmot Road and Hutchinson Blvd,"40.973571685092, -73.790526104736",,-73.790526104736,40.973571685092,2.29
1102908,3,D_named_road,nys_street,yes,low,100,text,Eddy Road,"42.322401400286324, -78.76999297217567",,-78.76999297217567,42.322401400286324,2.29
1103567,3,D_named_road,nys_street,yes,low,100,text,N. Marvine Ave,"42.941761940262744, -76.54252707546486",,-76.54252707546486,42.941761940262744,2.29
1103577,3,D_named_road,nys_street,yes,low,100,text,N. Marvine Ave,"42.941761940262744, -76.54252707546486",,-76.54252707546486,42.941761940262744,2.29
1098855,3,D_named_road,nys_street,yes,low,100,text,Wright Park Drive,"42.49773646818132, -79.31806028401982",,-79.31806028401982,42.49773646818132,2.28
1102247,3,D_named_road,nys_street,yes,low,100,text,East Hartsdale Avenue,"41.01892139400557, -73.79832544992347",,-73.79832544992347,41.01892139400557,2.27
1098822,3,D_named_road,nys_street,yes,low,100,text,"Webster
Road","42.35926238999504, -79.49451624478138",,-79.49451624478138,42.35926238999504,2.26
1101359,3,B_address,nys_address,yes,high,100,text,23 Genesee Street,"42.91177387440043, -77.74657025474835",23 Genesee Street,-77.74657025474835,42.91177387440043,2.26
1101747,3,D_route,nys_street,yes,medium,100,text,Route 353,"42.261014394018396, -78.82123189943437",,-78.82123189943437,42.261014394018396,2.26
1100071,3,D_named_road,nys_street,yes,low,100,text,Bennett Ave,"42.093669484404174, -75.9344520788194",,-75.9344520788194,42.093669484404174,2.25
1104130,3,D_named_road,nys_street,yes,low,100,text,Mill Creek Road,"40.9153673585364, -73.14828425434689",,-73.14828425434689,40.9153673585364,2.25
1602057,3,D_named_road,nys_street,yes,low,100,text,Monkey Run Road,"42.10837837983513, -76.75709435709972",,-76.75709435709972,42.10837837983513,2.24
2144335,3,B_address,nys_address,yes,high,100,text,114 Lake House Rd,"41.72486396318247, -74.55311932539178",,-74.55311932539178,41.72486396318247,2.24
1101362,3,D_named_road,nys_street,yes,low,97.97,text,Emery Road,"42.71610940280977, -78.63784106149845",,-78.63784106149845,42.71610940280977,2.23
1103449,3,B_address,nys_address,yes,high,100,text,1298 Oak Orchard Road,"43.35312882156866, -78.19181259211308",1298 Oak Orchard Road,-78.19181259211308,43.35312882156866,2.23
2171414,3,D_route,nys_street,yes,medium,100,text,Route 52,"41.73785001872969, -74.63094366537331",,-74.63094366537331,41.73785001872969,2.21
1096053,3,D_named_road,nys_street,yes,low,100,text,Upper Turnpike Road,"43.51666479019252, -73.38731961205174",,-73.38731961205174,43.51666479019252,2.2
1098487,3,D_named_road,nys_street,yes,low,100,text,Otter Road,"41.45898641366422, -74.23213055966713",,-74.23213055966713,41.45898641366422,2.2
2144153,3,D_named_road,nys_street,yes,low,100,text,Weissman Rd,"41.85093151324055, -74.9361988793816",,-74.9361988793816,41.85093151324055,2.2
1089935,3,D_named_road,nys_street,yes,low,100,text,Collier Road,"42.234049394183764, -78.23560484337126",,-78.23560484337126,42.234049394183764,2.19
1096814,3,B_address,nys_address,yes,high,100,text,3145 Broadway Road,"42.9035621815316, -78.2727031877745",3145 Broadway Road,-78.2727031877745,42.9035621815316,2.19
1091380,3,C_intersection,census,yes,medium,100,text,Beckwith Road and Campus Dr,"43.06807844231, -77.661908465585",,-77.661908465585,43.06807844231,2.18
1100811,3,C_intersection,census,yes,medium,100,text,Beckwith Road and Campus Dr,"43.06807844231, -77.661908465585",,-77.661908465585,43.06807844231,2.18
1103463,3,D_named_road,nys_street,yes,low,100,text,Park Avenue,"43.33468155643696, -78.23798696805981",,-78.23798696805981,43.33468155643696,2.18
1099600,4,A_coords,parse,yes,high,,description...action_description,,"41.898239, -74.280826",,-74.280826,41.898239,2.16
1101617,3,C_intersection,census,yes,medium,100,text,Wilmot Road and Hutchinson Blvd,"40.973571685092, -73.790526104736",,-73.790526104736,40.973571685092,2.16
1104158,3,B_address,nys_address,yes,high,100,text,1 Cedar Street,"40.96937076399862, -72.18314571396508",1 Cedar Street,-72.18314571396508,40.96937076399862,2.16
1104159,3,B_address,nys_address,yes,high,100,text,1 Cedar Street,"40.96937076399862, -72.18314571396508",1 Cedar Street,-72.18314571396508,40.96937076399862,2.16
1091224,3,D_named_road,nys_street,yes,low,100,text,Carey Road,"42.77689453845457, -75.87663105118003",,-75.87663105118003,42.77689453845457,2.15
1091238,3,D_named_road,nys_street,yes,low,100,text,Billings Hill Road,"42.780756580674215, -75.6476691221642",,-75.6476691221642,42.780756580674215,2.15
1094539,3,D_named_road,nys_street,yes,low,100,text,Lake Road,"41.124014393805865, -74.13709251772622",,-74.13709251772622,41.124014393805865,2.15
1098350,3,D_named_road,nys_street,yes,low,100,text,Billings Hill Road,"42.780756580674215, -75.6476691221642",,-75.6476691221642,42.780756580674215,2.15
1099342,3,D_named_road,nys_street,yes,low,100,text,Carey Road,"42.77689453845457, -75.87663105118003",,-75.87663105118003,42.77689453845457,2.15
1094579,3,D_route,nys_street,yes,medium,100,text,CR-74,"43.06735261504157, -73.49930149264684",,-73.49930149264684,43.06735261504157,2.14
1098315,3,B_address,nys_address,yes,high,100,text,118 Velie Road,"41.67651523598955, -73.77718058278063",118 Velie Road,-73.77718058278063,41.67651523598955,2.14
1098824,3,D_route,nys_street,yes,medium,100,text,"Route
60","42.21128737075116, -79.26159524652601",,-79.26159524652601,42.21128737075116,2.13
1103568,3,D_named_road,nys_street,yes,low,100,text,Canoga St,"42.93752577192108, -76.59417408544557",,-76.59417408544557,42.93752577192108,2.13
2179100,3,D_named_road,nys_street,yes,low,100,text,Lee Ave,"43.068231658155305, -74.34519480008146",,-74.34519480008146,43.068231658155305,2.13
1089717,3,D_named_road,nys_street,yes,low,100,text,Dungan Road,"42.352728515794176, -77.76328266057025",,-77.76328266057025,42.352728515794176,2.12
1095995,3,D_named_road,nys_street,yes,low,100,text,Dungan Road,"42.352728515794176, -77.76328266057025",,-77.76328266057025,42.352728515794176,2.12
1095210,3,D_named_road,nys_street,yes,low,100,text,Folts Road,"43.04763258762821, -74.97589293327448",,-74.97589293327448,43.04763258762821,2.11
1096371,3,D_named_road,nys_street,yes,low,100,text,Flat Rock Road,"43.73115271539383, -75.68882326491557",,-75.68882326491557,43.73115271539383,2.11
1096185,3,D_named_road,nys_street,yes,low,100,text,Best Road,"43.731609750648325, -73.41590258719494",,-73.41590258719494,43.731609750648325,2.1
1105005,3,D_named_road,nys_street,yes,low,100,text,Reed Road,"42.91153153723932, -76.89123153040735",,-76.89123153040735,42.91153153723932,2.1
1098900,3,D_named_road,nys_street,yes,low,100,text,Damon Hill Road,"42.19901937048402, -79.24581915834325",,-79.24581915834325,42.19901937048402,2.09
1102413,3,D_named_road,nys_street,yes,low,100,text,Griffin Road,"42.98127652062429, -76.64276739995915",,-76.64276739995915,42.98127652062429,2.09
2144182,3,D_route,nys_street,yes,medium,100,text,Rt 42,"41.721248719035536, -74.60909670637747",,-74.60909670637747,41.721248719035536,2.09
1093821,3,D_named_road,nys_street,yes,low,100,text,Samsondale Avenue,"41.20311639937986, -73.97317854998667",,-73.97317854998667,41.20311639937986,2.08
1089899,3,D_named_road,nys_street,yes,low,100,text,Council House Road,"42.40153848800781, -78.15441586061533",,-78.15441586061533,42.40153848800781,2.07
1090949,3,D_named_road,nys_street,yes,low,100,text,Main Street,"42.21626756894, -74.2396466715232",,-74.2396466715232,42.21626756894,2.07
1090951,3,D_named_road,nys_street,yes,low,100,text,Main St,"42.21626756894, -74.2396466715232",,-74.2396466715232,42.21626756894,2.07
1090952,3,D_named_road,nys_street,yes,low,100,text,Main Street,"42.21626756894, -74.2396466715232",,-74.2396466715232,42.21626756894,2.07
1094002,3,D_named_road,nys_street,yes,low,100,text,Main Street,"42.21626756894, -74.2396466715232",,-74.2396466715232,42.21626756894,2.07
1094005,3,D_named_road,nys_street,yes,low,100,text,Main St,"42.21626756894, -74.2396466715232",,-74.2396466715232,42.21626756894,2.07
1094007,3,D_named_road,nys_street,yes,low,100,text,Main Street,"42.21626756894, -74.2396466715232",,-74.2396466715232,42.21626756894,2.07
1098864,3,D_named_road,nys_street,yes,low,100,text,Hallock Street,"42.0970463009289, -79.2618251677819",,-79.2618251677819,42.0970463009289,2.07
1097416,3,D_named_road,nys_street,yes,low,100,text,Valley Road,"42.92754562551849, -75.48446309118646",,-75.48446309118646,42.92754562551849,2.06
1091399,3,D_named_road,nys_street,yes,low,100,text,Shore Drive,"43.215096621224085, -77.54632433638153",,-77.54632433638153,43.215096621224085,2.04
1100183,3,C_intersection,census,yes,medium,100,text,Midline Road and Wallisn Corners Road,"42.972039319664, -74.170604851882",,-74.170604851882,42.972039319664,2.04
1100794,3,D_named_road,nys_street,yes,low,100,text,Shore Drive,"43.215096621224085, -77.54632433638153",,-77.54632433638153,43.215096621224085,2.04
1103041,3,D_named_road,nys_street,yes,low,100,text,Eagle St,"42.49608440632709, -78.38332653604535",,-78.38332653604535,42.49608440632709,2.04
1095449,3,D_named_road,nys_street,yes,low,100,text,Lasher Road,"42.07152157081176, -73.89435555656368",,-73.89435555656368,42.07152157081176,2.03
1103206,3,D_named_road,nys_street,yes,low,100,text,Broad Street,"42.15857738506848, -78.74717302382808",,-78.74717302382808,42.15857738506848,2.03
1105241,3,D_named_road,nys_street,yes,low,100,text,Bartlett Point Road,"44.23859479493057, -76.10799034832131",,-76.10799034832131,44.23859479493057,2.03
1105242,3,D_named_road,nys_street,yes,low,100,text,Bartlett Point Road,"44.23859479493057, -76.10799034832131",,-76.10799034832131,44.23859479493057,2.03
1088828,3,C_intersection,census,yes,medium,100,text,Pine Street and Robble Ave,"42.114672551375, -76.054470802919",,-76.054470802919,42.114672551375,2.02
1090390,3,C_intersection,census,yes,medium,100,text,Pine Street and Robble Ave,"42.114672551375, -76.054470802919",,-76.054470802919,42.114672551375,2.02
1096054,3,D_route,nys_street,yes,medium,100,text,County Route 12,"43.545109728458655, -73.39527250119322",,-73.39527250119322,43.545109728458655,2.02
1099240,3,C_intersection,census,yes,medium,100,text,Pine Street and Robble Ave,"42.114672551375, -76.054470802919",,-76.054470802919,42.114672551375,2.02
1101195,3,B_address,nys_address,yes,high,100,text,50 John Street,"43.021453357149255, -78.49854286515291",50 John Street,-78.49854286515291,43.021453357149255,2.02
1096176,3,D_named_road,nys_street,yes,low,100,text,Old Post Road,"41.93970007621416, -73.91572223719952",,-73.91572223719952,41.93970007621416,2.01
1093317,3,D_named_road,nys_street,yes,low,100,text,Spook Rock Rd,"41.154807338596655, -74.10038754775076",,-74.10038754775076,41.154807338596655,2
1096786,3,D_named_road,nys_street,yes,low,100,text,Bill Bailey Road,"42.515161519297585, -77.06286749079321",,-77.06286749079321,42.515161519297585,2
1103579,3,D_named_road,nys_street,yes,low,100,text,N. Herman Ave,"42.93991517331152, -76.5452930184411",,-76.5452930184411,42.93991517331152,2
1103621,3,B_address,nys_address,yes,high,100,text,101 Willow Street,"40.89411806577674, -72.39508311796878",101 Willow Street,-72.39508311796878,40.89411806577674,2
1099712,3,D_named_road,nys_street,yes,low,100,text,Southern Avenue,"43.02997685634038, -74.86931259144687",,-74.86931259144687,43.02997685634038,1.99
1102538,3,B_address,nys_address,yes,high,100,text,1000 Bartnick Road,"42.666858950559345, -76.58377266577327",1000 Bartnick Road,-76.58377266577327,42.666858950559345,1.99
1100519,3,D_named_road,nys_street,yes,low,100,text,Franklin Depot Road,"42.292562535910406, -75.25770195296748",,-75.25770195296748,42.292562535910406,1.98
1100525,3,D_named_road,nys_street,yes,low,100,text,Franklin Depot Road,"42.292562535910406, -75.25770195296748",,-75.25770195296748,42.292562535910406,1.98
2144209,3,D_route,nys_street,yes,medium,100,text,Route 52,"41.765057490528896, -74.94303177651972",,-74.94303177651972,41.765057490528896,1.98
2171443,3,D_route,nys_street,yes,medium,100,text,Route 52,"41.765057490528896, -74.94303177651972",,-74.94303177651972,41.765057490528896,1.98
2171446,3,D_route,nys_street,yes,medium,100,text,Route 52,"41.765057490528896, -74.94303177651972",,-74.94303177651972,41.765057490528896,1.98
1094818,3,D_named_road,nys_street,yes,low,100,text,Mapes Road,"42.03589134511455, -77.92052070740769",,-77.92052070740769,42.03589134511455,1.97
1096737,3,D_named_road,nys_street,yes,low,100,text,Patent Road,"42.70976765660883, -75.12439401608438",,-75.12439401608438,42.70976765660883,1.96
1097156,3,D_route,nys_street,yes,medium,100,text,County Route 25,"42.30096999373819, -73.74834573663617",,-73.74834573663617,42.30096999373819,1.96
1097157,3,D_route,nys_street,yes,medium,100,text,County Route 25,"42.30096999373819, -73.74834573663617",,-73.74834573663617,42.30096999373819,1.96
1103545,3,D_named_road,nys_street,yes,low,100,text,Moag Road,"42.829391514989645, -77.99096892370055",,-77.99096892370055,42.829391514989645,1.96
1103569,3,D_named_road,nys_street,yes,low,100,text,Burgess St,"42.91617861289591, -76.56859135867923",,-76.56859135867923,42.91617861289591,1.96
1094829,3,D_named_road,nys_street,yes,low,100,text,Hunt St,"43.10119949006918, -78.90657808700394",,-78.90657808700394,43.10119949006918,1.95
1095309,3,D_named_road,nys_street,yes,low,100,text,Brownville Rd,"43.17929644593847, -73.63493619231183",,-73.63493619231183,43.17929644593847,1.95
1097704,3,D_named_road,nys_street,yes,low,100,text,Spring Street,"42.919484620475224, -74.6777838439858",,-74.6777838439858,42.919484620475224,1.95
1102738,3,D_named_road,nys_street,yes,low,100,text,Weaver Street,"42.808124598826105, -73.95011870395952",,-73.95011870395952,42.808124598826105,1.94
1090896,3,D_named_road,nys_street,yes,low,100,text,Clum Hill Road,"42.179269578658335, -74.14170764262929",,-74.14170764262929,42.179269578658335,1.92
1095488,3,D_named_road,nys_street,yes,low,100,text,Clum Hill Road,"42.179269578658335, -74.14170764262929",,-74.14170764262929,42.179269578658335,1.92
1101262,3,D_named_road,nys_street,yes,low,100,text,Reservoir Road,"42.79511348894522, -77.7962807520661",,-77.7962807520661,42.79511348894522,1.92
1098397,3,B_address,nys_address,yes,high,100,text,29 River Terrace,"42.10653038165663, -75.9688160322335",29 River Terrace,-75.9688160322335,42.10653038165663,1.91
1101238,3,B_address,nys_address,yes,high,100,text,49 North Main Street,"42.64204863374345, -78.54274881512416",49 North Main Street,-78.54274881512416,42.64204863374345,1.91
1090919,3,D_named_road,nys_street,yes,low,100,text,Main Street,"42.31982160141374, -74.43645166851579",,-74.43645166851579,42.31982160141374,1.9
1095095,3,D_named_road,nys_street,yes,low,100,text,Main Street,"42.31982160141374, -74.43645166851579",,-74.43645166851579,42.31982160141374,1.9
1102972,3,D_named_road,nys_street,yes,low,100,text,Jollytown Road,"42.15599341747036, -78.36307285739433",,-78.36307285739433,42.15599341747036,1.9
1103207,3,D_named_road,nys_street,yes,low,100,text,State Park Avenue,"42.14666797690258, -78.72959583456208",,-78.72959583456208,42.14666797690258,1.9
1103257,3,D_named_road,nys_street,yes,low,100,text,Washington St,"42.07981039811911, -78.45505692489212",,-78.45505692489212,42.07981039811911,1.9
1088781,3,D_named_road,nys_street,yes,low,100,text,Taft Ave,"42.145848059808024, -76.04719805665164",,-76.04719805665164,42.145848059808024,1.89
1089623,3,D_named_road,nys_street,yes,low,100,text,Kenyon Road,"42.225254388732125, -77.80434965651986",,-77.80434965651986,42.225254388732125,1.89
1090343,3,D_named_road,nys_street,yes,low,100,text,Taft Ave,"42.145848059808024, -76.04719805665164",,-76.04719805665164,42.145848059808024,1.89
1091066,3,C_intersection,census,yes,medium,100,text,Fiddletown Rd and North Creek Rd,"43.075867831052, -74.972360583487",,-74.972360583487,43.075867831052,1.89
1094746,3,D_named_road,nys_street,yes,low,100,text,Taft Avenue,"42.145848059808024, -76.04719805665164",,-76.04719805665164,42.145848059808024,1.89
1095211,3,C_intersection,census,yes,medium,100,text,Fiddletown Rd and North Creek Rd,"43.075867831052, -74.972360583487",,-74.972360583487,43.075867831052,1.89
1098493,3,D_named_road,nys_street,yes,low,100,text,Brower Blvd,"41.7862594951809, -73.91698058369515",,-73.91698058369515,41.7862594951809,1.89
1100513,3,D_route,nys_street,yes,medium,100,text,Rt 10,"42.425952343926845, -74.62045336141992",,-74.62045336141992,42.425952343926845,1.87
1101211,3,D_named_road,nys_street,yes,low,100,text,Marion Lane,"42.8313834307541, -78.51084903729118",,-78.51084903729118,42.8313834307541,1.87
1105089,3,D_route,nys_street,yes,medium,100,text,Route 69,"43.44987964160605, -76.22311626196172",,-76.22311626196172,43.44987964160605,1.87
2179183,3,D_route,nys_street,yes,medium,100,text,Rt 10,"42.425952343926845, -74.62045336141992",,-74.62045336141992,42.425952343926845,1.87
2179185,3,D_route,nys_street,yes,medium,100,text,Rt 10,"42.425952343926845, -74.62045336141992",,-74.62045336141992,42.425952343926845,1.87
1089142,3,D_named_road,nys_street,yes,low,100,text,West Point Avenue,"42.486879363353644, -79.35314119731245",,-79.35314119731245,42.486879363353644,1.85
1090458,3,D_named_road,nys_street,yes,low,100,text,West Point Avenue,"42.486879363353644, -79.35314119731245",,-79.35314119731245,42.486879363353644,1.85
1096767,3,B_address,nys_address,yes,high,91.84,text,3528 Main Street,"43.00585600943803, -78.24791124600307",3528 Main Street,-78.24791124600307,43.00585600943803,1.85
1103183,3,D_named_road,nys_street,yes,low,100,text,Hall Avenue,"41.03828941729145, -73.7591444175263",,-73.7591444175263,41.03828941729145,1.85
1094228,3,D_named_road,nys_street,yes,low,100,text,Bayville Avenue,"40.90842470238716, -73.58279797820269",,-73.58279797820269,40.90842470238716,1.84
1096796,3,D_named_road,nys_street,yes,low,100,text,Andrews Hill Rd,"42.51513244373146, -77.05915252197947",,-77.05915252197947,42.51513244373146,1.84
1098835,3,D_named_road,nys_street,yes,low,100,text,Persons Street,"42.337777337930284, -79.56925523995966",,-79.56925523995966,42.337777337930284,1.83
1088112,3,D_named_road,nys_street,yes,low,100,text,Beach Road,"43.422746705360986, -73.71389358957407",,-73.71389358957407,43.422746705360986,1.82
1104029,3,D_named_road,nys_street,yes,low,100,text,East Long Beach Road,"40.917441402030256, -73.18082819888372",,-73.18082819888372,40.917441402030256,1.82
1105247,3,D_named_road,nys_street,yes,low,100,text,Hackett Blvd,"42.65570765779083, -73.81558750112741",,-73.81558750112741,42.65570765779083,1.82
1089900,3,D_named_road,nys_street,yes,low,100,text,East River Road,"42.3758754380279, -78.12886284397881",,-78.12886284397881,42.3758754380279,1.8
1098776,3,D_named_road,nys_street,yes,low,100,text,Mill Creek Road,"42.317094350384096, -79.22072724840268",,-79.22072724840268,42.317094350384096,1.8
1098777,3,D_named_road,nys_street,yes,low,100,text,Mill Creek Road,"42.317094350384096, -79.22072724840268",,-79.22072724840268,42.317094350384096,1.8
1091300,3,D_named_road,nys_street,yes,low,100,text,Court Street,"43.15308954843028, -77.61139779959697",,-77.61139779959697,43.15308954843028,1.79
1095177,3,D_named_road,nys_street,yes,low,100,text,Bailey Hollow Road,"42.242703559983056, -76.14860318253695",,-76.14860318253695,42.242703559983056,1.79
1096546,3,D_named_road,nys_street,yes,low,100,text,Hickey Road,"43.53056474664322, -73.28752440649052",,-73.28752440649052,43.53056474664322,1.79
1096908,3,D_named_road,nys_street,yes,low,100,text,Maiden Lane,"43.26673556554307, -76.97341253907412",,-76.97341253907412,43.26673556554307,1.79
1100918,3,D_named_road,nys_street,yes,low,100,text,Court Street,"43.15308954843028, -77.61139779959697",,-77.61139779959697,43.15308954843028,1.79
1104306,3,D_named_road,nys_street,yes,low,100,text,Titus Road,"44.06126282544831, -73.50938764387239",,-73.50938764387239,44.06126282544831,1.79
1100362,3,D_named_road,nys_street,yes,low,100,text,West Lake Street,"41.79771403441887, -74.76444948329915",,-74.76444948329915,41.79771403441887,1.78
1101011,3,B_address,nys_address,yes,high,100,text,2325 George Urban Blvd,"42.91828678625943, -78.72434010298684",2325 George Urban Blvd,-78.72434010298684,42.91828678625943,1.78
1091469,3,D_named_road,nys_street,yes,low,100,text,Attridge Road,"43.074783516959556, -77.85419380920581",,-77.85419380920581,43.074783516959556,1.76
1098360,3,D_named_road,nys_street,yes,low,100,text,Mee Road,"42.14285340036504, -79.13198314072758",,-79.13198314072758,42.14285340036504,1.76
1099239,3,D_named_road,nys_street,yes,low,100,text,Cornell Ave,"42.11256241811138, -76.05582011941736",,-76.05582011941736,42.11256241811138,1.76
1100203,3,B_address,nys_address,yes,high,88.58,text,66 DeStefano Street,"42.93067915291679, -74.20568262323857",66 DeStefano Street,-74.20568262323857,42.93067915291679,1.76
1100723,3,D_named_road,nys_street,yes,low,100,text,Attridge Road,"43.074783516959556, -77.85419380920581",,-77.85419380920581,43.074783516959556,1.76
1101256,3,B_address,nys_address,yes,high,100,text,4260 North Road,"42.80432986068033, -77.75469435252965",4260 North Road,-77.75469435252965,42.80432986068033,1.76
1102294,3,B_address,census,yes,high,100,text,6349 Cutter Road,"42.322388864702, -78.656692085707",6349 Cutter Road,-78.656692085707,42.322388864702,1.74
1101239,3,B_address,nys_address,yes,high,100,text,2 Legion Drive,"42.64721693844204, -78.54255791864666",2 Legion Drive,-78.54255791864666,42.64721693844204,1.73
1102780,3,B_address,census,yes,high,100,text,67 Main St,"42.554904967182, -78.155118805954",67 Main St,-78.155118805954,42.554904967182,1.72
1105143,3,D_named_road,nys_street,yes,low,100,text,Orlando Street,"41.95572353442498, -74.01217455693917",,-74.01217455693917,41.95572353442498,1.72
1093651,3,D_named_road,nys_street,yes,low,100,text,Hoffstot Lane,"40.861542367520144, -73.72304633015814",,-73.72304633015814,40.861542367520144,1.71
1093827,3,D_named_road,nys_street,yes,low,100,text,Weir Street,"40.689231356963646, -73.62319038903514",,-73.62319038903514,40.689231356963646,1.71
1103539,3,D_named_road,nys_street,yes,low,100,text,Morrow Road,"42.817406426106245, -78.0117138683847",,-78.0117138683847,42.817406426106245,1.71
1095203,3,D_named_road,nys_street,yes,low,100,text,Shells Bush Road,"43.048889584003064, -74.98567504010244",,-74.98567504010244,43.048889584003064,1.7
1102779,3,B_address,census,yes,high,100,text,65 Main St,"42.554980005203, -78.154992017576",65 Main St,-78.154992017576,42.554980005203,1.7
1090149,3,D_named_road,nys_street,yes,low,100,text,Lampe Road,"42.046810393600424, -77.87870673692257",,-77.87870673692257,42.046810393600424,1.69
1102632,3,D_named_road,nys_street,yes,low,100,text,Bostwick Road,"42.4216134969228, -76.62470129471778",,-76.62470129471778,42.4216134969228,1.69
1103566,3,D_named_road,nys_street,yes,low,100,text,Havens Ave,"42.926485992925215, -76.55033058669977",,-76.55033058669977,42.926485992925215,1.69
1093713,3,D_named_road,nys_street,yes,low,97.97,text,Peddler Hill Road,"41.37350378616812, -74.19926573058109",,-74.19926573058109,41.37350378616812,1.68
1091326,3,C_intersection,census,yes,medium,100,text,Old Humphrey Road and Ballatyne Road,"43.069698446119, -77.757229684907",,-77.757229684907,43.069698446119,1.67
1100869,3,C_intersection,census,yes,medium,100,text,Old Humphrey Road and Ballatyne Road,"43.069698446119, -77.757229684907",,-77.757229684907,43.069698446119,1.67
1102311,3,D_named_road,nys_street,yes,low,100,text,Crawford Street,"40.94465637333395, -73.81773849919071",,-73.81773849919071,40.94465637333395,1.67
1093314,3,C_intersection,census,yes,medium,100,text,Joy Road and Spook Rock Road,"41.159232659831, -74.096593494997",,-74.096593494997,41.159232659831,1.66
1096730,3,D_named_road,nys_street,yes,low,100,text,Gulf Road,"42.712593259030676, -75.15756163524672",,-75.15756163524672,42.712593259030676,1.66
1096731,3,D_named_road,nys_street,yes,low,100,text,Gulf Road,"42.712593259030676, -75.15756163524672",,-75.15756163524672,42.712593259030676,1.66
1096732,3,D_named_road,nys_street,yes,low,100,text,Gulf Road,"42.712593259030676, -75.15756163524672",,-75.15756163524672,42.712593259030676,1.66
1093275,3,A_coords,parse,yes,high,,description...action_description,,"42.069766, -74.158803",,-74.158803,42.069766,1.65
1102636,3,C_intersection,census,yes,medium,100,text,Bostwick Rd and Enfield Main Rd,"42.42145551734, -76.629449096302",,-76.629449096302,42.42145551734,1.65
1088730,3,D_named_road,nys_street,yes,low,100,text,The Camden Street,"42.113435458208656, -75.97757313778116",,-75.97757313778116,42.113435458208656,1.64
1090292,3,D_named_road,nys_street,yes,low,100,text,The Camden Street,"42.113435458208656, -75.97757313778116",,-75.97757313778116,42.113435458208656,1.64
1096109,3,D_named_road,nys_street,yes,low,100,text,Bacon Hill Road,"42.82019913732, -76.28730754462374",,-76.28730754462374,42.82019913732,1.64
1096385,3,B_address,nys_address,yes,high,100,text,1240 Mill Street,"42.703379557603576, -77.2761135788103",1240 Mill Street,-77.2761135788103,42.703379557603576,1.64
1098393,3,D_named_road,nys_street,yes,low,100,text,Camden Street,"42.113435458208656, -75.97757313778116",,-75.97757313778116,42.113435458208656,1.64
1101463,3,D_named_road,nys_street,yes,low,100,text,Highview Circle,"42.80693643941907, -78.8197870454247",,-78.8197870454247,42.80693643941907,1.64
1093384,3,D_named_road,nys_street,yes,low,100,text,Main Street,"43.13774063901879, -75.30356405669166",,-75.30356405669166,43.13774063901879,1.63
1093387,3,D_named_road,nys_street,yes,low,100,text,Main Street,"43.13774063901879, -75.30356405669166",,-75.30356405669166,43.13774063901879,1.63
1093391,3,D_named_road,nys_street,yes,low,100,text,Main Street,"43.13774063901879, -75.30356405669166",,-75.30356405669166,43.13774063901879,1.63
1097344,3,D_named_road,nys_street,yes,low,100,text,Utica Street,"43.16823759777212, -75.34608814696868",,-75.34608814696868,43.16823759777212,1.63
1097347,3,D_named_road,nys_street,yes,low,100,text,Utica Street,"43.16823759777212, -75.34608814696868",,-75.34608814696868,43.16823759777212,1.63
1098851,3,D_named_road,nys_street,yes,low,100,text,Vineyard Drive,"42.4583849972106, -79.32427419950388",,-79.32427419950388,42.4583849972106,1.63
1100439,3,D_route,nys_street,yes,medium,100,text,State Route 29,"43.04811661511061, -74.21318573276098",,-74.21318573276098,43.04811661511061,1.63
1105129,3,D_named_road,nys_street,yes,low,100,text,Tunison Road,"42.61628655574538, -76.74489951353938",,-76.74489951353938,42.61628655574538,1.63
1097563,3,D_named_road,nys_street,yes,low,100,text,Genesee Street,"43.077486620577105, -75.30645704220558",,-75.30645704220558,43.077486620577105,1.62
1100536,3,D_named_road,nys_street,yes,low,100,text,Teed Hill Road,"42.23378351105115, -75.3262580228535",,-75.3262580228535,42.23378351105115,1.62
1095200,3,A_coords,parse,yes,high,,description...problem_statement,,"42.311808, -76.195562",,-76.195562,42.311808,1.61
1089500,3,D_named_road,nys_street,yes,low,100,text,Titus Rd,"42.17345137016564, -79.59783533641193",,-79.59783533641193,42.17345137016564,1.61
1089505,3,D_named_road,nys_street,yes,low,100,text,Titus Rd,"42.17345137016564, -79.59783533641193",,-79.59783533641193,42.17345137016564,1.61
1090816,3,D_named_road,nys_street,yes,low,100,text,Titus Rd,"42.17345137016564, -79.59783533641193",,-79.59783533641193,42.17345137016564,1.61
1090821,3,D_named_road,nys_street,yes,low,100,text,Titus Rd,"42.17345137016564, -79.59783533641193",,-79.59783533641193,42.17345137016564,1.61
1093868,3,C_intersection,census,yes,medium,100,text,Thorne Lane and Wolver Hollow Road,"40.850478701645, -73.575502681229",,-73.575502681229,40.850478701645,1.6
1093869,3,C_intersection,census,yes,medium,100,text,Thorne Lane and Wolver Hollow Road,"40.850478701645, -73.575502681229",,-73.575502681229,40.850478701645,1.6
1095287,3,D_named_road,nys_street,yes,low,100,text,Skunks Misery Road,"41.95141459132789, -73.55899243591116",,-73.55899243591116,41.95141459132789,1.6
1088827,3,D_named_road,nys_street,yes,low,100,text,Skye Island Drive,"42.111870451195514, -76.06004513574001",,-76.06004513574001,42.111870451195514,1.58
1090389,3,D_named_road,nys_street,yes,low,100,text,Skye Island Drive,"42.111870451195514, -76.06004513574001",,-76.06004513574001,42.111870451195514,1.58
1090882,3,D_named_road,nys_street,yes,low,100,text,Schoharie Turnpike,"42.29148064228232, -73.85293160607286",,-73.85293160607286,42.29148064228232,1.58
1093842,3,D_named_road,nys_street,yes,low,100,text,Landing Road,"40.871171340775305, -73.50684333248564",,-73.50684333248564,40.871171340775305,1.58
1094391,3,D_named_road,nys_street,yes,low,100,text,Montrose Avenue,"43.048342604708274, -76.19694626621782",,-76.19694626621782,43.048342604708274,1.58
1095932,3,D_named_road,nys_street,yes,low,100,text,Schoharie Turnpike,"42.29148064228232, -73.85293160607286",,-73.85293160607286,42.29148064228232,1.58
1096597,3,B_address,nys_address,yes,high,100,text,7 Maple Avenue,"43.07991104891097, -78.18863681130627",7 Maple Avenue,-78.18863681130627,43.07991104891097,1.58
1096598,3,B_address,nys_address,yes,high,100,text,7 Maple Avenue,"43.07991104891097, -78.18863681130627",7 Maple Avenue,-78.18863681130627,43.07991104891097,1.58
1099244,3,D_named_road,nys_street,yes,low,100,text,Skye Island Drive,"42.111870451195514, -76.06004513574001",,-76.06004513574001,42.111870451195514,1.58
1099734,3,D_named_road,nys_street,yes,low,100,text,Greenkill Ave,"41.92391254520922, -74.01436158542268",,-74.01436158542268,41.92391254520922,1.58
1102254,3,D_named_road,nys_street,yes,low,100,text,West Hartsdale Road,"41.04675032554084, -73.81152243454576",,-73.81152243454576,41.04675032554084,1.58
1096255,3,D_named_road,nys_street,yes,low,100,text,Upper Green Street,"42.442271578042885, -75.17499096916009",,-75.17499096916009,42.442271578042885,1.57
1100051,3,D_named_road,nys_street,yes,low,100,text,"Rush 
Avenue","42.089093455112774, -75.91841514956538",,-75.91841514956538,42.089093455112774,1.56
1101885,3,D_route,nys_street,yes,medium,100,text,Route 98,"42.52749039618723, -78.41458097329959",,-78.41458097329959,42.52749039618723,1.56
1102544,3,D_named_road,nys_street,yes,low,100,text,Deneve Road,"42.51740453604024, -76.03576722141479",,-76.03576722141479,42.51740453604024,1.56
1103570,3,D_named_road,nys_street,yes,low,100,text,Aurelius Ave,"42.934305468079565, -76.58761635652625",,-76.58761635652625,42.934305468079565,1.56
1094442,3,D_named_road,nys_street,yes,low,100,text,Lake Street,"42.64830747827517, -77.06183760553947",,-77.06183760553947,42.64830747827517,1.55
1102659,3,D_named_road,nys_street,yes,low,100,text,South Road,"42.34742958534931, -76.31863624935646",,-76.31863624935646,42.34742958534931,1.55
2178963,3,B_address,nys_address,yes,high,100,text,7000 Lockport Road,"43.12478099939639, -78.99521508001276",7000 Lockport Road,-78.99521508001276,43.12478099939639,1.55
1102592,3,B_address,nys_address,yes,high,100,text,9021 North Seneca Street,"43.054379747183866, -76.55917025464201",9021 North Seneca Street,-76.55917025464201,43.054379747183866,1.54
1096190,3,D_named_road,nys_street,yes,low,100,text,Wilbur Boulevard,"41.66121646392687, -73.92002356611208",,-73.92002356611208,41.66121646392687,1.53
2144228,3,D_named_road,nys_street,yes,low,100,text,West Street,"41.801726348051915, -74.75995813340745",,-74.75995813340745,41.801726348051915,1.53
1098724,3,D_named_road,nys_street,yes,low,100,text,Glasgow Street,"43.07990355428042, -76.87246640493666",,-76.87246640493666,43.07990355428042,1.52
1103992,3,D_named_road,nys_street,yes,low,100,text,Smith Street,"40.750027336160095, -73.01014816254461",,-73.01014816254461,40.750027336160095,1.52
1104907,3,D_named_road,nys_street,yes,low,100,text,Rowley Road,"42.060957455459075, -76.6284803195511",,-76.6284803195511,42.060957455459075,1.52
1094452,3,D_route,nys_street,yes,medium,100,text,State Route 434,"42.10047628683161, -76.24520201466659",,-76.24520201466659,42.10047628683161,1.51
1101659,3,D_named_road,nys_street,yes,low,100,text,Manville Road,"41.13070933714082, -73.79825747278012",,-73.79825747278012,41.13070933714082,1.51
1104020,3,D_named_road,nys_street,yes,low,100,text,Fresh Pond Road,"41.010880397302465, -72.30655205300292",,-72.30655205300292,41.010880397302465,1.51
1093808,3,D_named_road,nys_street,yes,low,100,text,South Street,"41.55169566372403, -73.60735819083757",,-73.60735819083757,41.55169566372403,1.49
1100031,3,D_named_road,nys_street,yes,low,100,text,Roberts Road,"42.05391253794902, -75.90392804766401",,-75.90392804766401,42.05391253794902,1.48
1101019,3,D_named_road,nys_street,yes,low,100,text,Crestwood Circle,"42.54999956235299, -77.69057169808688",,-77.69057169808688,42.54999956235299,1.48
1101470,3,D_named_road,nys_street,yes,low,100,text,Electric Ave,"42.805225425785096, -78.82875807508216",,-78.82875807508216,42.805225425785096,1.48
1091530,3,C_intersection,census,yes,medium,100,text,Owens Road and Canal Road,"43.214598427188, -77.922388620278",,-77.922388620278,43.214598427188,1.47
1094441,3,B_address,nys_address,yes,high,100,text,30 Elmwood Ave,"42.65598425569549, -77.03676273883008",30 Elmwood Ave,-77.03676273883008,42.65598425569549,1.47
1094541,3,D_named_road,nys_street,yes,low,100,text,Oxbow Road,"42.59542968315068, -74.96346449085017",,-74.96346449085017,42.59542968315068,1.47
1100664,3,C_intersection,census,yes,medium,100,text,Owens Road and Canal Road,"43.214598427188, -77.922388620278",,-77.922388620278,43.214598427188,1.47
1091523,3,C_intersection,census,yes,medium,100,text,State Street and Owens Road St,"43.214607427191, -77.922474120249",,-77.922474120249,43.214607427191,1.46
1100672,3,C_intersection,census,yes,medium,100,text,State Street and Owens Road St,"43.214607427191, -77.922474120249",,-77.922474120249,43.214607427191,1.46
1104543,3,D_route,nys_street,yes,medium,100,text,Rt7,"42.75757860803665, -73.60798947417257",,-73.60798947417257,42.75757860803665,1.46
2171534,3,D_named_road,nys_street,yes,low,100,text,Mountaindale Road,"41.7046191393936, -74.5596477183689",,-74.5596477183689,41.7046191393936,1.46
1093972,3,D_named_road,nys_street,yes,low,100,text,Springtown Road,"41.752304481305984, -74.0979206398843",,-74.0979206398843,41.752304481305984,1.45
1104841,3,D_named_road,nys_street,yes,low,100,text,Michael Road,"42.599223726848564, -73.69810753431621",,-73.69810753431621,42.599223726848564,1.45
1100147,3,D_named_road,nys_street,yes,low,100,text,Bath Street,"42.386556460032466, -76.88252633287667",,-76.88252633287667,42.386556460032466,1.44
1102177,3,D_named_road,nys_street,yes,low,100,text,School Street,"41.133906392129035, -73.71202442878294",,-73.71202442878294,41.133906392129035,1.44
1104122,3,D_named_road,nys_street,yes,low,100,text,Bay Avenue,"40.90540900249927, -73.43074130723272",,-73.43074130723272,40.90540900249927,1.43
1094148,3,D_named_road,nys_street,yes,low,100,text,First Avenue,"40.63038730490091, -73.6675864070532",,-73.6675864070532,40.63038730490091,1.42
1094400,3,D_named_road,nys_street,yes,low,100,text,Milton Ave,"43.05805256592833, -76.22965029515136",,-76.22965029515136,43.05805256592833,1.42
1096765,3,B_address,nys_address,yes,high,100,text,4150 West Main Street Road,"43.00480681108521, -78.20942661563204",4150 West Main Street Road,-78.20942661563204,43.00480681108521,1.42
1093820,3,D_named_road,nys_street,yes,low,100,text,Warren Avenue,"41.20032352811969, -73.96600686952554",,-73.96600686952554,41.20032352811969,1.41
1096052,3,D_named_road,nys_street,yes,low,100,text,Beckett Road,"43.52357379487398, -73.36584446788235",,-73.36584446788235,43.52357379487398,1.41
1098886,3,D_named_road,nys_street,yes,low,100,text,"Hall
Road","42.27770944549641, -79.25570717127886",,-79.25570717127886,42.27770944549641,1.4
1104143,3,D_named_road,nys_street,yes,low,100,text,The Beach Road,"41.11106844498125, -72.35422398089652",,-72.35422398089652,41.11106844498125,1.39
1105125,3,D_route,nys_street,yes,medium,100,text,Route 67,"42.90858869720158, -73.57588254548445",,-73.57588254548445,42.90858869720158,1.39
1105233,3,D_route,nys_street,yes,medium,100,text,County Route 123,"43.8629870284517, -76.20146051773064",,-76.20146051773064,43.8629870284517,1.39
2179151,3,D_named_road,nys_street,yes,low,100,text,River Street,"42.30470053070569, -75.41493800707799",,-75.41493800707799,42.30470053070569,1.39
2179161,3,D_named_road,nys_street,yes,low,100,text,River Street,"42.30470053070569, -75.41493800707799",,-75.41493800707799,42.30470053070569,1.39
2179166,3,D_named_road,nys_street,yes,low,100,text,River Street,"42.30470053070569, -75.41493800707799",,-75.41493800707799,42.30470053070569,1.39
1104643,3,C_intersection,census,yes,medium,100,text,Fassett Road and Hoffman St,"42.091713586546, -76.826139557647",,-76.826139557647,42.091713586546,1.38
1101073,3,B_address,nys_address,yes,high,100,text,291 Ensminger Road,"42.988425284269496, -78.89420795401874",291 Ensminger Road,-78.89420795401874,42.988425284269496,1.37
2178718,3,D_named_road,nys_street,yes,low,97.97,text,Turnpike Road,"42.300012495605976, -77.88233275954211",,-77.88233275954211,42.300012495605976,1.37
1099353,3,A_coords,parse,yes,high,,description...action_description,,"41.958983, -74.473483",,-74.473483,41.958983,1.36
1090923,3,D_route,nys_street,yes,medium,100,text,County Rte 65,"42.30246560071148, -74.20752169289331",,-74.20752169289331,42.30246560071148,1.36
1094807,3,D_route,nys_street,yes,medium,100,text,County Rte 65,"42.30246560071148, -74.20752169289331",,-74.20752169289331,42.30246560071148,1.36
1099632,3,D_named_road,nys_street,yes,low,100,text,The Durham Road,"42.38960016377322, -74.32215613445315",,-74.32215613445315,42.38960016377322,1.36
1099669,3,D_named_road,nys_street,yes,low,100,text,Walsh Road,"41.49300281066057, -74.02834983251343",,-74.02834983251343,41.49300281066057,1.36
1099678,3,D_named_road,nys_street,yes,low,100,text,Lake Drive,"41.49707542103961, -74.03419359082183",,-74.03419359082183,41.49707542103961,1.36
1101012,3,B_address,nys_address,yes,high,100,text,45 Meridian St,"42.90301313399472, -78.69263546749804",45 Meridian St,-78.69263546749804,42.90301313399472,1.36
2178957,3,D_named_road,nys_street,yes,low,100,text,Quaker Road,"43.31607951085157, -78.5543440600032",,-78.5543440600032,43.31607951085157,1.36
1090886,3,D_route,nys_street,yes,medium,100,text,State Route 81,"42.35786664220064, -73.86827253850915",,-73.86827253850915,42.35786664220064,1.35
1095426,3,B_address,nys_address,yes,high,100,text,478 Flint Avenue,"43.02190396868599, -74.87372723411143",478 Flint Avenue,-74.87372723411143,43.02190396868599,1.35
1095767,3,D_route,nys_street,yes,medium,100,text,State Route 81,"42.35786664220064, -73.86827253850915",,-73.86827253850915,42.35786664220064,1.35
1095768,3,D_route,nys_street,yes,medium,100,text,State Route 81,"42.35786664220064, -73.86827253850915",,-73.86827253850915,42.35786664220064,1.35
1101683,3,C_intersection,census,yes,medium,100,text,Witherbee Avenue and Highbrook Ave,"40.899573700105, -73.80712210391",,-73.80712210391,40.899573700105,1.35
2171398,3,D_route,nys_street,yes,medium,100,text,Route 52,"41.668913468539365, -74.98560586358958",,-74.98560586358958,41.668913468539365,1.35
1091093,3,D_named_road,nys_street,yes,low,100,text,Second Street,"43.01655456443812, -75.05430905013573",,-75.05430905013573,43.01655456443812,1.33
1099663,3,D_named_road,nys_street,yes,low,100,text,Mill Street,"41.49178251879358, -74.02076450061621",,-74.02076450061621,41.49178251879358,1.33
2179101,3,D_named_road,nys_street,yes,low,100,text,Rose Street,"43.050492714230565, -74.36273575694392",,-74.36273575694392,43.050492714230565,1.33
1096595,3,D_named_road,nys_street,yes,low,100,text,Sandbank Road,"43.04270651750354, -76.43073332807103",,-76.43073332807103,43.04270651750354,1.32
1101623,3,D_named_road,nys_street,yes,low,100,text,Murray Hill Road,"40.99907332146452, -73.78775251163682",,-73.78775251163682,40.99907332146452,1.32
1089740,3,D_named_road,nys_street,yes,low,100,text,Back River Road,"42.21051242340318, -78.02865574141867",,-78.02865574141867,42.21051242340318,1.31
1093848,3,D_route,nys_street,yes,medium,100,text,State Route 211,"41.476290430836244, -74.55408977113984",,-74.55408977113984,41.476290430836244,1.31
1101257,3,B_address,nys_address,yes,high,100,text,4564 Reservoir Road,"42.79336687377003, -77.76983759380445",4564 Reservoir Road,-77.76983759380445,42.79336687377003,1.3
1097643,3,D_named_road,nys_street,yes,low,100,text,Prospect Avenue,"41.480926819559016, -74.22438904245175",,-74.22438904245175,41.480926819559016,1.29
1098471,3,D_named_road,nys_street,yes,low,100,text,Mountain Ave,"41.37479623204561, -73.97502391128879",,-73.97502391128879,41.37479623204561,1.29
2178713,3,D_named_road,nys_street,yes,low,97.97,text,Miller Road,"42.31129940547678, -77.88551780820892",,-77.88551780820892,42.31129940547678,1.28
1093533,3,D_named_road,nys_street,yes,low,100,text,School Street,"42.11986138246973, -77.93032373317119",,-77.93032373317119,42.11986138246973,1.27
1093535,3,D_named_road,nys_street,yes,low,100,text,School St,"42.11986138246973, -77.93032373317119",,-77.93032373317119,42.11986138246973,1.27
1093718,3,D_named_road,nys_street,yes,low,97.97,text,Stonegate Drive,"41.36838142586444, -74.19270262242506",,-74.19270262242506,41.36838142586444,1.27
1102250,3,D_named_road,nys_street,yes,low,100,text,Stadium Road,"41.04174934291302, -73.80732644247622",,-73.80732644247622,41.04174934291302,1.27
1103024,3,D_named_road,nys_street,yes,low,100,text,Church Rd,"42.89361467755207, -73.97948564808743",,-73.97948564808743,42.89361467755207,1.27
1093812,3,D_named_road,nys_street,yes,low,100,text,Valley Drive,"41.57468747589652, -73.59706439510785",,-73.59706439510785,41.57468747589652,1.26
1091398,3,D_named_road,nys_street,yes,low,100,text,Seneca Road,"43.21601763519248, -77.55735042602777",,-77.55735042602777,43.21601763519248,1.25
1100048,3,D_named_road,nys_street,yes,low,100,text,Front Street,"42.092947476935784, -75.9193251099499",,-75.9193251099499,42.092947476935784,1.25
1100795,3,D_named_road,nys_street,yes,low,100,text,Seneca Road,"43.21601763519248, -77.55735042602777",,-77.55735042602777,43.21601763519248,1.25
2178883,3,D_named_road,nys_street,yes,low,100,text,Delaware Street,"42.169816538223785, -75.14129099432286",,-75.14129099432286,42.169816538223785,1.25
2178885,3,D_named_road,nys_street,yes,low,100,text,Delaware Street,"42.169816538223785, -75.14129099432286",,-75.14129099432286,42.169816538223785,1.25
2179157,3,D_named_road,nys_street,yes,low,100,text,Main Street,"42.31754350143039, -75.39417912495671",,-75.39417912495671,42.31754350143039,1.25
1099871,3,D_named_road,nys_street,yes,low,100,text,Mohawk Street,"42.90467162312636, -74.58368987058596",,-74.58368987058596,42.90467162312636,1.24
1100935,3,D_named_road,nys_street,yes,low,100,text,North St,"42.519462463327194, -78.66802797451439",,-78.66802797451439,42.519462463327194,1.24
1102169,3,B_address,nys_address,yes,high,100,text,66 June Road,"41.3287629228325, -73.59060144706461",66 June Road,-73.59060144706461,41.3287629228325,1.24
1096273,3,D_named_road,nys_street,yes,low,100,text,Meadowbrook Lane,"42.472331536034446, -75.0541699935862",,-75.0541699935862,42.472331536034446,1.23
1104008,3,D_named_road,nys_street,yes,low,100,text,Woodbine Avenue,"40.894797352353585, -73.35306426232417",,-73.35306426232417,40.894797352353585,1.23
1088581,3,B_address,nys_address,yes,high,100,text,8632 Main St,"42.79105879441055, -77.50966328639139",8632 Main St,-77.50966328639139,42.79105879441055,1.22
1103627,3,D_named_road,nys_street,yes,low,100,text,Trolley Line Road,"40.69574533851098, -73.3414633803433",,-73.3414633803433,40.69574533851098,1.22
1096618,3,D_named_road,nys_street,yes,low,100,text,Pike Brook Road,"43.61177182840486, -73.49305250397039",,-73.49305250397039,43.61177182840486,1.21
1104911,3,D_named_road,nys_street,yes,low,100,text,Dunn Road,"42.251889539930396, -76.89432139727776",,-76.89432139727776,42.251889539930396,1.21
2144167,3,D_route,nys_street,yes,medium,100,text,CR 164,"41.754811428241, -75.01663287177182",,-75.01663287177182,41.754811428241,1.21
1094831,3,D_named_road,nys_street,yes,low,100,text,Driftwood Drive,"43.10157015432785, -78.89660460341709",,-78.89660460341709,43.10157015432785,1.19
1095914,3,D_named_road,nys_street,yes,low,100,text,Outlet Road,"42.955940659037374, -73.86558663025642",,-73.86558663025642,42.955940659037374,1.19
1102443,3,C_intersection,census,yes,medium,100,text,Quaker Hill Road and Coye Hill Road,"42.68289642812, -75.60679740624",,-75.60679740624,42.68289642812,1.19
1091539,3,D_named_road,nys_street,yes,low,100,text,Ridgefield Drive,"43.112718497850146, -77.8754934117821",,-77.8754934117821,43.112718497850146,1.18
1100655,3,D_named_road,nys_street,yes,low,100,text,Ridgefield Drive,"43.112718497850146, -77.8754934117821",,-77.8754934117821,43.112718497850146,1.18
1102160,3,D_named_road,nys_street,yes,low,100,text,East River Rd,"42.06837439948987, -78.41181694413045",,-78.41181694413045,42.06837439948987,1.18
1103490,3,D_named_road,nys_street,yes,low,100,text,Glenside Road,"42.428683550286706, -76.5261763373116",,-76.5261763373116,42.428683550286706,1.18
1101240,3,B_address,nys_address,yes,high,100,text,14 Edgewood Drive,"42.64472024681965, -78.53447629406182",14 Edgewood Drive,-78.53447629406182,42.64472024681965,1.17
1101913,3,D_named_road,nys_street,yes,low,100,text,West Avenue,"43.240816470106076, -78.20446092774257",,-78.20446092774257,43.240816470106076,1.17
2179089,3,D_named_road,nys_street,yes,low,100,text,Main Street,"42.15670453673027, -74.5475407317212",,-74.5475407317212,42.15670453673027,1.17
1098468,3,D_named_road,nys_street,yes,low,100,text,Main Street,"41.354891425264604, -73.97414753049654",,-73.97414753049654,41.354891425264604,1.16
1104218,3,D_named_road,nys_street,yes,low,100,text,Cliff Road,"40.97005133392625, -73.07309218475056",,-73.07309218475056,40.97005133392625,1.15
1096097,3,D_named_road,nys_street,yes,low,100,text,Dubois Road,"42.09050949021837, -76.36554828641661",,-76.36554828641661,42.09050949021837,1.14
1096161,3,D_named_road,nys_street,yes,low,100,text,Archibald Street,"43.17030172571301, -73.33037844709241",,-73.33037844709241,43.17030172571301,1.14
1098876,3,D_named_road,nys_street,yes,low,100,text,Peerless Street,"42.39728140882383, -79.45211820981785",,-79.45211820981785,42.39728140882383,1.14
1100205,3,D_named_road,nys_street,yes,low,100,text,Bridge Street,"42.93342260799248, -74.19840369100508",,-74.19840369100508,42.93342260799248,1.14
1103406,3,D_named_road,nys_street,yes,low,100,text,Elm Street,"41.00933935051372, -73.85167620866004",,-73.85167620866004,41.00933935051372,1.14
1094558,3,D_named_road,nys_street,yes,low,100,text,Ross Rd,"43.780189725956724, -75.47683318811808",,-75.47683318811808,43.780189725956724,1.13
1098396,3,D_named_road,nys_street,yes,low,100,text,Helen Drive,"42.11569848573007, -75.95284811460233",,-75.95284811460233,42.11569848573007,1.13
1088644,3,D_named_road,nys_street,yes,low,100,text,Brandywine Ave,"42.10739154875751, -75.89840912194539",,-75.89840912194539,42.10739154875751,1.12
1089143,3,D_named_road,nys_street,yes,low,100,text,Woodrow Avenue,"42.48602642728587, -79.34371418901085",,-79.34371418901085,42.48602642728587,1.12
1090206,3,D_named_road,nys_street,yes,low,100,text,Brandywine Ave,"42.10739154875751, -75.89840912194539",,-75.89840912194539,42.10739154875751,1.12
1090459,3,D_named_road,nys_street,yes,low,100,text,Woodrow Avenue,"42.48602642728587, -79.34371418901085",,-79.34371418901085,42.48602642728587,1.12
1093853,3,D_named_road,nys_street,yes,low,100,text,Middlesex Rd,"42.626003515434, -77.39502462527687",,-77.39502462527687,42.626003515434,1.12
2178687,3,C_intersection,census,yes,medium,100,text,Main Street and River St,"42.31593048792, -75.392741501434",,-75.392741501434,42.31593048792,1.12
1103950,3,D_named_road,nys_street,yes,low,100,text,Barnum Avenue,"40.94447631419922, -73.07073614295457",,-73.07073614295457,40.94447631419922,1.11
1093177,3,D_named_road,nys_street,yes,low,100,text,Carroll Drive,"41.245261412484055, -74.35566062856809",,-74.35566062856809,41.245261412484055,1.1
1096505,3,D_named_road,nys_street,yes,low,100,text,Ackley Road,"43.097046689826136, -73.37435849535238",,-73.37435849535238,43.097046689826136,1.1
1101351,3,B_address,nys_address,yes,high,100,text,8555 Boston State Road,"42.6515184548449, -78.74218207442327",8555 Boston State Road,-78.74218207442327,42.6515184548449,1.1
1104121,3,D_named_road,nys_street,yes,low,100,text,East Shore Road,"40.90100937722364, -73.42639232212059",,-73.42639232212059,40.90100937722364,1.1
1105239,3,D_named_road,nys_street,yes,low,100,text,Michigan Street,"44.00113174858158, -75.96848425663961",,-75.96848425663961,44.00113174858158,1.1
1097296,3,D_route,nys_street,yes,medium,100,text,Route 8,"42.98249169626035, -75.25344466842755",,-75.25344466842755,42.98249169626035,1.09
1103602,3,D_named_road,nys_street,yes,low,100,text,Dune Road,"40.773034355185956, -72.72603504969595",,-72.72603504969595,40.773034355185956,1.09
1103607,3,D_named_road,nys_street,yes,low,100,text,Dune Road,"40.773034355185956, -72.72603504969595",,-72.72603504969595,40.773034355185956,1.09
1099917,3,D_named_road,nys_street,yes,low,100,text,House Street,"42.44546053555582, -75.06782295361818",,-75.06782295361818,42.44546053555582,1.08
1101679,3,D_named_road,nys_street,yes,low,100,text,Highbrook Avenue,"40.90204336972275, -73.8088644372864",,-73.8088644372864,40.90204336972275,1.08
1096666,3,D_named_road,nys_street,yes,low,100,text,Jerden Falls Road,"43.97835578856608, -75.36724920029486",,-75.36724920029486,43.97835578856608,1.07
1100533,3,D_named_road,nys_street,yes,low,100,text,Main Street,"42.13925033768781, -74.65987063581538",,-74.65987063581538,42.13925033768781,1.07
1101085,3,B_address,nys_address,yes,high,100,text,1835 Sheridan Drive,"42.98037632593377, -78.8664819755676",1835 Sheridan Drive,-78.8664819755676,42.98037632593377,1.07
1090120,3,D_named_road,nys_street,yes,low,100,text,Farnum Street,"42.128921358510986, -77.95224578028926",,-77.95224578028926,42.128921358510986,1.06
1101664,3,C_intersection,census,yes,medium,100,text,Pleasantville Road and Cooley St,"41.132925654215, -73.793732343951",,-73.793732343951,41.132925654215,1.06
1101751,3,D_named_road,nys_street,yes,low,100,text,Byron Place,"40.932330318068786, -73.7621574732199",,-73.7621574732199,40.932330318068786,1.06
1088658,3,B_address,nys_address,yes,high,100,text,1 Belden Street,"42.09598704498942, -75.89890071696955",1 Belden Street,-75.89890071696955,42.09598704498942,1.04
1090220,3,B_address,nys_address,yes,high,100,text,1 Belden Street,"42.09598704498942, -75.89890071696955",1 Belden Street,-75.89890071696955,42.09598704498942,1.04
1091336,3,C_intersection,census,yes,medium,100,text,Darla Drive and Gilmore Road,"43.244550421633, -77.918262119161",,-77.918262119161,43.244550421633,1.04
1093847,3,C_intersection,census,yes,medium,100,text,Main Street and Schobel Street St,"41.474187615564, -74.551579328834",,-74.551579328834,41.474187615564,1.04
1100856,3,C_intersection,census,yes,medium,100,text,Darla Drive and Gilmore Road,"43.244550421633, -77.918262119161",,-77.918262119161,43.244550421633,1.04
1101804,3,D_named_road,nys_street,yes,low,100,text,Alma Place,"41.04874737086476, -73.80421346883347",,-73.80421346883347,41.04874737086476,1.04
1103195,3,B_address,nys_address,yes,high,100,text,93 Prescott Avenue,"41.01402221338194, -73.76108700743231",93 Prescott Avenue,-73.76108700743231,41.01402221338194,1.04
2179200,3,D_named_road,nys_street,yes,low,100,text,Ogden St,"42.17122553637358, -75.14260795490713",,-75.14260795490713,42.17122553637358,1.04
1097514,3,D_named_road,nys_street,yes,low,100,text,Shore Road,"40.67679535535095, -73.36776028149488",,-73.36776028149488,40.67679535535095,1.03
1099956,3,D_named_road,nys_street,yes,low,100,text,Jackson Street,"42.990122472985234, -78.18508097448225",,-78.18508097448225,42.990122472985234,1.03
1100354,3,D_named_road,nys_street,yes,low,100,text,Sturgis Road,"41.65996047647668, -74.69389077464922",,-74.69389077464922,41.65996047647668,1.03
1104053,3,D_named_road,nys_street,yes,low,100,text,Shore Road,"40.67679535535095, -73.36776028149488",,-73.36776028149488,40.67679535535095,1.03
1104828,3,D_route,nys_street,yes,medium,100,text,CR-2,"43.56715022813693, -76.11417393603827",,-76.11417393603827,43.56715022813693,1.03
2179102,3,D_named_road,nys_street,yes,low,100,text,Spring Street,"43.05235268656404, -74.35833877169397",,-74.35833877169397,43.05235268656404,1.03
1093838,3,D_named_road,nys_street,yes,low,100,text,Brandle Rd,"42.70110163803114, -74.02307057495757",,-74.02307057495757,42.70110163803114,1.02
1105274,3,D_named_road,nys_street,yes,low,100,text,Brandle Rd,"42.70110163803114, -74.02307057495757",,-74.02307057495757,42.70110163803114,1.02
1090960,3,D_named_road,nys_street,yes,low,100,text,Spruce St,"42.18740531977166, -74.14419288890456",,-74.14419288890456,42.18740531977166,1.01
1093605,3,D_named_road,nys_street,yes,low,100,text,Spruce St,"42.18740531977166, -74.14419288890456",,-74.14419288890456,42.18740531977166,1.01
1094016,3,D_named_road,nys_street,yes,low,100,text,North Main St,"41.31252940350386, -74.15546956149451",,-74.15546956149451,41.31252940350386,1.01
1094457,3,D_named_road,nys_street,yes,low,100,text,Meadow Street,"42.38643057729061, -75.18881206393421",,-75.18881206393421,42.38643057729061,1.01
1094459,3,D_named_road,nys_street,yes,low,100,text,Meadow Street,"42.38643057729061, -75.18881206393421",,-75.18881206393421,42.38643057729061,1.01
1089504,3,D_named_road,nys_street,yes,low,100,text,Kipp St,"42.16546345360678, -79.60305108309791",,-79.60305108309791,42.16546345360678,1
1090820,3,D_named_road,nys_street,yes,low,100,text,Kipp St,"42.16546345360678, -79.60305108309791",,-79.60305108309791,42.16546345360678,1
1094385,3,D_named_road,nys_street,yes,low,100,text,Clayton Drive,"41.12384936587575, -74.05102655338646",,-74.05102655338646,41.12384936587575,1
1094446,3,D_named_road,nys_street,yes,low,100,text,Powell Lane,"42.66969757828979, -77.05542252881672",,-77.05542252881672,42.66969757828979,1
1100024,3,D_named_road,nys_street,yes,low,100,text,Ford Street,"43.48174269063839, -75.34201605898598",,-75.34201605898598,43.48174269063839,1
1104049,3,D_named_road,nys_street,yes,low,100,text,Montauk Highway,"40.67833928150027, -73.36427724265707",,-73.36427724265707,40.67833928150027,1
1104056,3,D_named_road,nys_street,yes,low,100,text,Montauk Highway,"40.67833928150027, -73.36427724265707",,-73.36427724265707,40.67833928150027,1
1089876,3,D_named_road,nys_street,yes,low,100,text,North Hill Road,"42.43239753617899, -77.77342971610852",,-77.77342971610852,42.43239753617899,0.99
1093224,3,D_named_road,nys_street,yes,low,100,text,Valley Road,"43.14291761032967, -75.33768702291184",,-75.33768702291184,43.14291761032967,0.99
1094426,3,D_named_road,nys_street,yes,low,100,text,S. Parsonage St,"41.92067654571009, -73.90607349056695",,-73.90607349056695,41.92067654571009,0.99
1094568,3,D_named_road,nys_street,yes,low,100,text,Wolcott Street,"42.96972352347337, -77.99440774997939",,-77.99440774997939,42.96972352347337,0.99
1100473,3,D_named_road,nys_street,yes,low,100,text,Kasson Drive,"43.16326867277379, -74.49543478222121",,-74.49543478222121,43.16326867277379,0.99
2178915,3,D_named_road,nys_street,yes,low,100,text,Kasson Drive,"43.16326867277379, -74.49543478222121",,-74.49543478222121,43.16326867277379,0.99
1088655,3,D_named_road,nys_street,yes,low,100,text,Jackson Street,"42.09710155724942, -75.8988480331911",,-75.8988480331911,42.09710155724942,0.98
1090217,3,D_named_road,nys_street,yes,low,100,text,Jackson Street,"42.09710155724942, -75.8988480331911",,-75.8988480331911,42.09710155724942,0.98
1090939,3,C_intersection,census,yes,medium,100,text,Thompson Street and Spring St,"42.222879448093, -73.861864502752",,-73.861864502752,42.222879448093,0.98
1094219,3,C_intersection,census,yes,medium,100,text,Thompson Street and Spring St,"42.222879448093, -73.861864502752",,-73.861864502752,42.222879448093,0.98
1094229,3,D_named_road,nys_street,yes,low,100,text,First Avenue,"40.90618730656502, -73.54944236357123",,-73.54944236357123,40.90618730656502,0.98
1096163,3,D_named_road,nys_street,yes,low,100,text,Park Place,"43.16869469431235, -73.32965339056943",,-73.32965339056943,43.16869469431235,0.98
1096726,3,D_named_road,nys_street,yes,low,100,text,Mill Street,"42.4746645399951, -75.31462072175101",,-75.31462072175101,42.4746645399951,0.98
1101867,3,C_intersection,census,yes,medium,100,text,Paxton Avenue and Milburn St,"40.940667693167, -73.837951591515",,-73.837951591515,40.940667693167,0.98
1088520,3,D_named_road,nys_street,yes,low,100,text,Kendall St,"42.96868982772028, -77.1400623725234",,-77.1400623725234,42.96868982772028,0.97
1094166,3,D_named_road,nys_street,yes,low,100,text,Kendall St,"42.96868982772028, -77.1400623725234",,-77.1400623725234,42.96868982772028,0.97
1101013,3,B_address,nys_address,yes,high,100,text,112 Brewster St,"42.91585907790084, -78.6938117714498",112 Brewster St,-78.6938117714498,42.91585907790084,0.97
1103629,3,D_named_road,nys_street,yes,low,100,text,Lighthouse Road,"40.686713296443436, -73.32298431251358",,-73.32298431251358,40.686713296443436,0.97
1103947,3,D_named_road,nys_street,yes,low,100,text,Main Street,"40.94670031703926, -73.0693822416447",,-73.0693822416447,40.94670031703926,0.97
2179227,3,B_address,nys_address,yes,high,100,text,109 Ontario Street,"43.31757617501807, -78.83500043254945",,-78.83500043254945,43.31757617501807,0.97
1091596,3,D_named_road,nys_street,yes,low,100,text,Ashwood Lane,"43.21496659866778, -77.43422667176694",,-77.43422667176694,43.21496659866778,0.96
1099698,3,D_named_road,nys_street,yes,low,100,text,Duncan Street,"43.08883748482598, -76.88045447084751",,-76.88045447084751,43.08883748482598,0.96
1100599,3,D_named_road,nys_street,yes,low,100,text,Ashwood Lane,"43.21496659866778, -77.43422667176694",,-77.43422667176694,43.21496659866778,0.96
1104137,3,D_named_road,nys_street,yes,low,100,text,The Moores Lane,"41.10873840766123, -72.37544800165672",,-72.37544800165672,41.10873840766123,0.96
2179110,3,D_named_road,nys_street,yes,low,100,text,S. Chase Street,"43.00702464078161, -74.36366076481798",,-74.36366076481798,43.00702464078161,0.96
1099355,3,A_coords,parse,yes,high,,description...action_description,,"41.957969, -74.478606",,-74.478606,41.957969,0.95
1091152,3,D_named_road,nys_street,yes,low,100,text,Old State Road,"43.217954666282424, -75.05735206112682",,-75.05735206112682,43.217954666282424,0.95
1094395,3,D_named_road,nys_street,yes,low,100,text,Main Street,"42.206512084548024, -76.49396756198989",,-76.49396756198989,42.206512084548024,0.95
1095416,3,D_named_road,nys_street,yes,low,100,text,Lake Shore Drive,"43.42904279457846, -73.72124460852392",,-73.72124460852392,43.42904279457846,0.95
1100943,3,D_named_road,nys_street,yes,low,100,text,William Street,"42.88447548123714, -78.79707310049237",,-78.79707310049237,42.88447548123714,0.95
1103906,3,D_named_road,nys_street,yes,low,100,text,Bay Street,"41.00239944554434, -72.2956579644437",,-72.2956579644437,41.00239944554434,0.95
1089518,3,D_named_road,nys_street,yes,low,100,text,Main Street,"42.53500648813896, -79.17269726430884",,-79.17269726430884,42.53500648813896,0.94
1089793,3,D_named_road,nys_street,yes,low,100,text,North Street,"42.304281500635774, -78.00939183523613",,-78.00939183523613,42.304281500635774,0.94
1089794,3,D_named_road,nys_street,yes,low,100,text,North Street,"42.304281500635774, -78.00939183523613",,-78.00939183523613,42.304281500635774,0.94
1090834,3,D_named_road,nys_street,yes,low,100,text,Main Street,"42.53500648813896, -79.17269726430884",,-79.17269726430884,42.53500648813896,0.94
1098643,3,D_named_road,nys_street,yes,low,100,text,Random Road,"41.229854315956686, -74.28952658786017",,-74.28952658786017,41.229854315956686,0.94
1101467,3,D_named_road,nys_street,yes,low,100,text,Wilmuth Avenue,"42.816555399360546, -78.84387512393924",,-78.84387512393924,42.816555399360546,0.94
1101588,3,D_named_road,nys_street,yes,low,100,text,Garrett Avenue,"40.94902736806727, -73.83274051805972",,-73.83274051805972,40.94902736806727,0.94
1102020,3,C_intersection,census,yes,medium,100,text,Homer Street and Grove St,"42.838110443046, -76.686036546869",,-76.686036546869,42.838110443046,0.94
1103408,3,D_named_road,nys_street,yes,low,100,text,Cross Road,"41.005217350471455, -73.83689543692995",,-73.83689543692995,41.005217350471455,0.94
1103951,3,B_address,nys_address,yes,high,100,text,115 Maple Place,"40.943383254786134, -73.06826507975127",115 Maple Place,-73.06826507975127,40.943383254786134,0.94
1105070,3,D_named_road,nys_street,yes,low,97.46,text,Oakwood Ave,"42.1183194239951, -76.827424431349",,-76.827424431349,42.1183194239951,0.94
1093873,3,D_named_road,nys_street,yes,low,100,text,Cleft Road,"40.88811635803133, -73.56752342471096",,-73.56752342471096,40.88811635803133,0.93
1099877,3,D_named_road,nys_street,yes,low,100,text,Incinerator Road,"42.90806258047568, -74.57124088938056",,-74.57124088938056,42.90806258047568,0.93
1089996,3,D_named_road,nys_street,yes,low,100,text,Streeter Brook Road,"42.04237440898056, -78.23868387397538",,-78.23868387397538,42.04237440898056,0.92
1093822,3,D_named_road,nys_street,yes,low,100,text,Riverside Avenue,"41.18590934547468, -73.95680259124096",,-73.95680259124096,41.18590934547468,0.92
1101881,3,B_address,nys_address,yes,high,100,text,"3 Elm 
Street","41.01161539221497, -73.84998733498354","3 Elm 
Street",-73.84998733498354,41.01161539221497,0.92
1102192,3,D_named_road,nys_street,yes,low,100,text,Hitching Post Lane,"41.190396334375556, -73.76490937359591",,-73.76490937359591,41.190396334375556,0.92
1102680,3,D_named_road,nys_street,yes,low,100,text,Burch Drive,"42.03361233907499, -78.99693209452268",,-78.99693209452268,42.03361233907499,0.92
1095198,3,D_named_road,nys_street,yes,low,100,text,Humiston Street,"42.22372551604142, -76.33425224260544",,-76.33425224260544,42.22372551604142,0.91
1101610,3,B_address,nys_address,yes,high,100,text,25 Ramsey Road,"40.98973253446847, -73.76648663503838",25 Ramsey Road,-73.76648663503838,40.98973253446847,0.91
1103987,3,D_named_road,nys_street,yes,low,100,text,Rider Avenue,"40.76588537943648, -73.00889513561032",,-73.00889513561032,40.76588537943648,0.91
1088098,3,D_named_road,nys_street,yes,low,100,text,Bradley Street,"43.43370070963121, -73.71845659309031",,-73.71845659309031,43.43370070963121,0.9
1091301,3,D_named_road,nys_street,yes,low,100,text,Central Avenue,"43.161707547823944, -77.61081178353542",,-77.61081178353542,43.161707547823944,0.9
1093964,3,C_intersection,census,yes,medium,100,text,Mohonk Avenue and Water St,"41.745033546986, -74.090014459985",,-74.090014459985,41.745033546986,0.9
1094108,3,D_named_road,nys_street,yes,low,100,text,Jayne Street,"41.33683741156076, -74.36117461477168",,-74.36117461477168,41.33683741156076,0.9
1100917,3,D_named_road,nys_street,yes,low,100,text,Central Avenue,"43.161707547823944, -77.61081178353542",,-77.61081178353542,43.161707547823944,0.9
2179201,3,D_named_road,nys_street,yes,low,100,text,Delaware St,"42.169816538223785, -75.14129099432286",,-75.14129099432286,42.169816538223785,0.9
2179210,3,D_named_road,nys_street,yes,low,100,text,Delaware Street,"42.169816538223785, -75.14129099432286",,-75.14129099432286,42.169816538223785,0.9
2179212,3,D_named_road,nys_street,yes,low,100,text,Delaware Street,"42.169816538223785, -75.14129099432286",,-75.14129099432286,42.169816538223785,0.9
2179216,3,D_named_road,nys_street,yes,low,100,text,Delaware St,"42.169816538223785, -75.14129099432286",,-75.14129099432286,42.169816538223785,0.9
2179217,3,D_named_road,nys_street,yes,low,100,text,Delaware St,"42.169816538223785, -75.14129099432286",,-75.14129099432286,42.169816538223785,0.9
1088560,3,B_address,nys_address,yes,high,100,text,8690 Main St,"42.790665347712505, -77.51364237559547",8690 Main St,-77.51364237559547,42.790665347712505,0.89
1088602,3,B_address,nys_address,yes,high,100,text,8690 Main St,"42.790665347712505, -77.51364237559547",8690 Main St,-77.51364237559547,42.790665347712505,0.89
1095066,3,B_address,nys_address,yes,high,100,text,8690 Main St,"42.790665347712505, -77.51364237559547",8690 Main St,-77.51364237559547,42.790665347712505,0.89
1099868,3,D_named_road,nys_street,yes,low,100,text,Cunningham Road,"42.90464066141182, -74.56126681520058",,-74.56126681520058,42.90464066141182,0.89
1088566,3,B_address,nys_address,yes,high,100,text,8 Mark Circle,"42.609607416127766, -77.40401339181305",8 Mark Circle,-77.40401339181305,42.609607416127766,0.88
1091546,3,D_named_road,nys_street,yes,low,100,text,Fiora Drive,"43.09931558349604, -77.45341666337637",,-77.45341666337637,43.09931558349604,0.88
1093867,3,D_named_road,nys_street,yes,low,100,text,Park Lane,"40.67903731092115, -73.43968830499365",,-73.43968830499365,40.67903731092115,0.88
1100648,3,D_named_road,nys_street,yes,low,100,text,Fiora Drive,"43.09931558349604, -77.45341666337637",,-77.45341666337637,43.09931558349604,0.88
1103138,3,D_named_road,nys_street,yes,low,97.46,text,Myers Road,"42.209158336627866, -79.00459704635739",,-79.00459704635739,42.209158336627866,0.88
1103900,3,C_intersection,census,yes,medium,100,text,Spring Street and Garden St,"40.999518629403, -72.29868658384",,-72.29868658384,40.999518629403,0.88
1088611,3,D_named_road,nys_street,yes,low,100,text,School St,"42.97868612529622, -77.41945137683258",,-77.41945137683258,42.97868612529622,0.87
1094202,3,D_named_road,nys_street,yes,low,100,text,Peninsula Blvd,"40.62844526054922, -73.7371924498614",,-73.7371924498614,40.62844526054922,0.87
1101866,3,D_named_road,nys_street,yes,low,100,text,Parkway Road,"40.93667144934958, -73.83612645957885",,-73.83612645957885,40.93667144934958,0.87
1101874,3,D_named_road,nys_street,yes,low,100,text,Parkway Road,"40.93667144934958, -73.83612645957885",,-73.83612645957885,40.93667144934958,0.87
1101991,3,D_named_road,nys_street,yes,low,100,text,Spring St,"42.58863556776851, -76.37364124600307",,-76.37364124600307,42.58863556776851,0.87
1103250,3,D_named_road,nys_street,yes,low,100,text,Front St,"42.08928837883513, -78.42896496091885",,-78.42896496091885,42.08928837883513,0.87
1099874,3,B_address,nys_address,yes,high,100,text,2 Erie Blvd,"42.90735589063785, -74.5720349476819 | Arkell Museum, 2 Erie Blvd, Canajoharie, NY 13317",2 Erie Blvd,-74.5720349476819,42.90735589063785,0.86
1101872,3,B_address,nys_address,yes,high,100,text,35 Alder Lane,"40.94225461153013, -73.81694545056206",35 Alder Lane,-73.81694545056206,40.94225461153013,0.85
1102529,3,D_named_road,nys_street,yes,low,100,text,Marble Road,"42.40514555291341, -75.4662079852072",,-75.4662079852072,42.40514555291341,0.85
1094601,3,D_named_road,nys_street,yes,low,100,text,Mechanic Street,"43.08241053512244, -78.19576286788384",,-78.19576286788384,43.08241053512244,0.84
1099788,3,D_named_road,nys_street,yes,low,100,text,Howell Street,"41.574370472577115, -74.31033259623672",,-74.31033259623672,41.574370472577115,0.84
2171533,3,D_named_road,nys_street,yes,low,100,text,Greenfield Road,"41.706244444705916, -74.56777581054737",,-74.56777581054737,41.706244444705916,0.84
1097252,3,D_named_road,nys_street,yes,low,100,text,Tweed Blvd,"41.046542757374006, -73.9228120581463",,-73.9228120581463,41.046542757374006,0.83
1104784,3,D_named_road,nys_street,yes,low,100,text,Mallory Road,"42.055559437011574, -76.62446133924475",,-76.62446133924475,42.055559437011574,0.83
1093889,3,D_named_road,nys_street,yes,low,100,text,Pratt Rd,"42.973405564236614, -77.23870454746331",,-77.23870454746331,42.973405564236614,0.82
1094484,3,D_named_road,nys_street,yes,low,100,text,Valley Drive,"43.03582441146968, -76.4520326258778",,-76.4520326258778,43.03582441146968,0.82
1094650,3,D_named_road,nys_street,yes,low,100,text,High Street,"43.569817270850514, -75.43502397298826",,-75.43502397298826,43.569817270850514,0.82
1102491,3,D_route,nys_street,yes,medium,100,text,SR 31,"43.01624457681575, -76.70335536213231",,-76.70335536213231,43.01624457681575,0.82
1104127,3,D_named_road,nys_street,yes,low,100,text,Harbor Road,"40.892669340631116, -73.16894017952966",,-73.16894017952966,40.892669340631116,0.82
1100515,3,D_named_road,nys_street,yes,low,100,text,Buntline Drive,"42.402173635260695, -74.61893782405716",,-74.61893782405716,42.402173635260695,0.81
1100566,3,D_named_road,nys_street,yes,low,100,text,Woolerton Street,"42.27704152405212, -74.92468998650962",,-74.92468998650962,42.27704152405212,0.81
1093190,3,D_named_road,nys_street,yes,low,100,text,Orchard Street,"41.253997335218614, -74.36445559305996",,-74.36445559305996,41.253997335218614,0.8
1102758,3,C_intersection,census,yes,medium,100,text,Fox Rd and Vollentine Rd,"42.124707672618, -79.008373362513",,-79.008373362513,42.124707672618,0.8
2178877,3,D_named_road,nys_street,yes,low,100,text,Bridge St,"42.16719759472007, -75.12999599764713",,-75.12999599764713,42.16719759472007,0.8
2178886,3,D_named_road,nys_street,yes,low,100,text,Water Street,"42.16719759472007, -75.12999599764713",,-75.12999599764713,42.16719759472007,0.8
1103346,3,D_named_road,nys_street,yes,low,100,text,Maple Avenue,"42.60283156485377, -76.1874842548636",,-76.1874842548636,42.60283156485377,0.79
1088014,3,B_address,nys_address,yes,high,100,text,7737 Main St,"42.207533855006965, -74.20737140724071",7737 Main St,-74.20737140724071,42.207533855006965,0.78
1090955,3,B_address,nys_address,yes,high,100,text,7737 Main Street,"42.207533855006965, -74.20737140724071",7737 Main Street,-74.20737140724071,42.207533855006965,0.78
1098634,3,D_named_road,nys_street,yes,low,100,text,Elm Street,"41.22531640672942, -74.29687361827735",,-74.29687361827735,41.22531640672942,0.78
1098836,3,D_named_road,nys_street,yes,low,100,text,Bliss Street,"42.314779363285474, -79.5744552492753",,-79.5744552492753,42.314779363285474,0.78
1099718,3,B_address,nys_address,yes,high,100,text,150 W. Pine St,"40.592259534792696, -73.66840431145737",150 W. Pine St,-73.66840431145737,40.592259534792696,0.78
2179116,3,B_address,nys_address,yes,high,100,text,131 Telegraph Rd,"43.204762431348996, -78.47514970661037",,-78.47514970661037,43.204762431348996,0.78
1091527,3,D_named_road,nys_street,yes,low,100,text,East Avenue,"43.22005093762079, -77.93680615784389",,-77.93680615784389,43.22005093762079,0.77
1098816,3,D_named_road,nys_street,yes,low,100,text,Richard Avenue,"42.11433237648663, -79.20370816523221",,-79.20370816523221,42.11433237648663,0.77
1100658,3,D_named_road,nys_street,yes,low,100,text,East Avenue,"43.22005093762079, -77.93680615784389",,-77.93680615784389,43.22005093762079,0.77
1101888,3,D_named_road,nys_street,yes,low,100,text,South First Street,"42.09235049929914, -78.50083108983539",,-78.50083108983539,42.09235049929914,0.77
1101898,3,D_named_road,nys_street,yes,low,100,text,South First Street,"42.09235049929914, -78.50083108983539",,-78.50083108983539,42.09235049929914,0.77
1093753,3,D_named_road,nys_street,yes,low,100,text,Bryant Avenue,"40.80564435953338, -73.64661334711653",,-73.64661334711653,40.80564435953338,0.76
1097032,3,D_named_road,nys_street,yes,low,100,text,Tubbs Road,"42.89396355230454, -75.37053015324315",,-75.37053015324315,42.89396355230454,0.76
2178881,3,D_named_road,nys_street,yes,low,100,text,Mead Street,"42.171592518824106, -75.13579586465535",,-75.13579586465535,42.171592518824106,0.76
1602115,3,D_named_road,nys_street,yes,low,100,text,Old Ithaca Road,"42.16770242908737, -76.82085838949101",,-76.82085838949101,42.16770242908737,0.75
1088117,3,D_named_road,nys_street,yes,low,100,text,Middle Road,"43.43573571423587, -73.7153205786326",,-73.7153205786326,43.43573571423587,0.74
1089828,3,D_named_road,nys_street,yes,low,100,text,Norton Street,"42.22244938485641, -78.04179787127988",,-78.04179787127988,42.22244938485641,0.74
1094146,3,D_named_road,nys_street,yes,low,100,text,Lawson Ave,"40.636785320305314, -73.66976644491943",,-73.66976644491943,40.636785320305314,0.74
1095407,3,D_named_road,nys_street,yes,low,100,text,Middle Road,"43.43573571423587, -73.7153205786326",,-73.7153205786326,43.43573571423587,0.74
1095413,3,D_named_road,nys_street,yes,low,100,text,Middle Road,"43.43573571423587, -73.7153205786326",,-73.7153205786326,43.43573571423587,0.74
1101816,3,D_named_road,nys_street,yes,low,100,text,Mechanic Street,"42.281242351690246, -78.67362692860918",,-78.67362692860918,42.281242351690246,0.74
2144333,3,B_address,nys_address,yes,high,88.58,text,149 Highland Rd,"41.70862533285542, -74.58165046385542",,-74.58165046385542,41.70862533285542,0.74
1089418,3,D_named_road,nys_street,yes,low,100,text,Alburtus Avenue,"42.15755137386092, -79.39377625894967",,-79.39377625894967,42.15755137386092,0.73
1090734,3,D_named_road,nys_street,yes,low,100,text,Alburtus Avenue,"42.15755137386092, -79.39377625894967",,-79.39377625894967,42.15755137386092,0.73
1103410,3,B_address,nys_address,yes,high,100,text,"690 Saw Mill River 
Road","41.012458143615234, -73.84790644504204","690 Saw Mill River 
Road",-73.84790644504204,41.012458143615234,0.73
1094013,3,D_named_road,nys_street,yes,low,100,text,River Road,"41.31100238659253, -74.15253158872402",,-74.15253158872402,41.31100238659253,0.72
1096766,3,B_address,nys_address,yes,high,100,text,3926 West Main Street Road,"43.006762978586366, -78.22164923583966",3926 West Main Street Road,-78.22164923583966,43.006762978586366,0.72
1099243,3,D_named_road,nys_street,yes,low,100,text,South Street,"42.094081486545214, -76.05699820727085",,-76.05699820727085,42.094081486545214,0.72
1100216,3,C_intersection,census,yes,medium,100,text,Guy Park Avenue and Division St,"42.943716325958, -74.199112344549",,-74.199112344549,42.943716325958,0.72
1101509,3,B_address,nys_address,yes,high,100,text,6110 Lamb Road,"42.81862774275447, -78.0796049705749",6110 Lamb Road,-78.0796049705749,42.81862774275447,0.72
1105222,3,D_named_road,nys_street,yes,low,100,text,Lovers Lane,"44.204242761617515, -76.0747573365915",,-76.0747573365915,44.204242761617515,0.72
1093658,3,D_named_road,nys_street,yes,low,100,text,Hough Street,"42.99698859702058, -74.68490984170197",,-74.68490984170197,42.99698859702058,0.71
2179098,3,D_named_road,nys_street,yes,low,100,text,Grand Street,"43.05439364037728, -74.35141376543234",,-74.35141376543234,43.05439364037728,0.71
1100085,3,D_named_road,nys_street,yes,low,100,text,South Walnut Street,"41.505308459088546, -73.97353049228936",,-73.97353049228936,41.505308459088546,0.7
1103337,3,D_named_road,nys_street,yes,low,100,text,Parkside Drive,"42.05813437741292, -78.64643702701893",,-78.64643702701893,42.05813437741292,0.7
1104012,3,D_named_road,nys_street,yes,low,100,text,Ocean Avenue,"40.9102413083368, -73.34489028044918",,-73.34489028044918,40.9102413083368,0.7
1100358,3,C_intersection,census,yes,medium,100,text,Upgrade Monticello Street and Lawrence Ave,"41.652383086791, -74.695655770907",,-74.695655770907,41.652383086791,0.69
1104208,3,B_address,nys_address,yes,high,100,text,208 Main Street,"41.39557484642224, -73.60707048394526",208 Main Street,-73.60707048394526,41.39557484642224,0.69
1100961,3,D_named_road,nys_street,yes,low,100,text,Gurney Ave,"42.590919466163605, -78.94330512057819",,-78.94330512057819,42.590919466163605,0.68
2178694,3,D_named_road,nys_street,yes,low,100,text,New Hudson Road,"42.29869946838005, -78.25004384098791",,-78.25004384098791,42.29869946838005,0.68
1093747,3,B_address,census,yes,high,100,text,411 Main Street,"42.635682432388, -74.554313480319",411 Main Street,-74.554313480319,42.635682432388,0.67
1093813,3,D_named_road,nys_street,yes,low,100,text,Circle Drive,"41.55746448828627, -73.59982841161356",,-73.59982841161356,41.55746448828627,0.67
1101749,3,D_named_road,nys_street,yes,low,100,text,Fourth Street,"42.24333642201623, -78.79877905524357",,-78.79877905524357,42.24333642201623,0.67
1103251,3,B_address,nys_address,yes,high,100,text,701 Barry St,"42.08701661545576, -78.42801615622722",701 Barry St,-78.42801615622722,42.08701661545576,0.67
1104753,3,B_address,nys_address,yes,high,100,text,34 Tremont Drive,"42.518999422717435, -73.60624955774543",34 Tremont Drive,-73.60624955774543,42.518999422717435,0.67
1091532,3,D_named_road,nys_street,yes,low,100,text,Willowbank Drive,"43.108169463264325, -77.87751885582291",,-77.87751885582291,43.108169463264325,0.66
1094396,3,D_named_road,nys_street,yes,low,100,text,Water Street,"42.20978849086847, -76.4918512570678",,-76.4918512570678,42.20978849086847,0.66
1095673,3,D_named_road,nys_street,yes,low,100,text,Old Town Road,"41.51599950580714, -73.93438953699541",,-73.93438953699541,41.51599950580714,0.66
1100663,3,D_named_road,nys_street,yes,low,100,text,Willowbank Drive,"43.108169463264325, -77.87751885582291",,-77.87751885582291,43.108169463264325,0.66
1101643,3,D_named_road,nys_street,yes,low,100,text,Wellington Drive,"42.030830389166006, -78.33793993972156",,-78.33793993972156,42.030830389166006,0.66
1102714,3,B_address,nys_address,yes,high,100,text,125 East Perry Ave,"42.66223025910731, -78.0777456677063",125 East Perry Ave,-78.0777456677063,42.66223025910731,0.66
1102715,3,B_address,nys_address,yes,high,100,text,125 East Perry Ave,"42.66223025910731, -78.0777456677063",125 East Perry Ave,-78.0777456677063,42.66223025910731,0.66
1103963,3,D_named_road,nys_street,yes,low,100,text,The Chestnut Avenue,"40.9524623465797, -73.08257227672529",,-73.08257227672529,40.9524623465797,0.65
1104995,3,D_named_road,nys_street,yes,low,100,text,Dean Road,"42.58547951044132, -76.82138940753646",,-76.82138940753646,42.58547951044132,0.65
1100068,3,D_named_road,nys_street,yes,low,100,text,State Street,"42.09620045974382, -75.91255609459039",,-75.91255609459039,42.09620045974382,0.64
1091067,3,D_route,nys_street,yes,medium,100,text,NYS Route 28,"43.06939566628787, -74.99136892884823",,-74.99136892884823,43.06939566628787,0.63
1093657,3,D_named_road,nys_street,yes,low,100,text,Lion Avenue,"42.99614264409596, -74.67423086521723",,-74.67423086521723,42.99614264409596,0.63
1095206,3,D_route,nys_street,yes,medium,100,text,NYS Route 28,"43.06939566628787, -74.99136892884823",,-74.99136892884823,43.06939566628787,0.63
1095207,3,D_route,nys_street,yes,medium,100,text,NYS Route 28,"43.06939566628787, -74.99136892884823",,-74.99136892884823,43.06939566628787,0.63
1095208,3,D_route,nys_street,yes,medium,100,text,Route 28,"43.06939566628787, -74.99136892884823",,-74.99136892884823,43.06939566628787,0.63
1104058,3,B_address,nys_address,yes,high,100,text,980 Hawkins Avenue,"40.85294975937906, -73.11544071333266",980 Hawkins Avenue,-73.11544071333266,40.85294975937906,0.63
1104993,3,D_named_road,nys_street,yes,low,100,text,Main St,"42.62444626794611, -76.72519900931178",,-76.72519900931178,42.62444626794611,0.63
2179017,3,D_named_road,nys_street,yes,low,100,text,Closson Road,"42.88319365029463, -73.99293369224408",,-73.99293369224408,42.88319365029463,0.63
1103409,3,D_named_road,nys_street,yes,low,100,text,Eastern Drive,"41.007934394249936, -73.84007241117604",,-73.84007241117604,41.007934394249936,0.62
1097254,3,D_named_road,nys_street,yes,low,100,text,Hudson Terrace,"41.04616086737659, -73.91987157401861",,-73.91987157401861,41.04616086737659,0.61
1100159,3,C_intersection,census,yes,medium,100,text,Factory St and Mill St,"42.417711527089, -76.851348525494",,-76.851348525494,42.417711527089,0.61
1104034,3,B_address,nys_address,yes,high,100,text,260 Main Street,"41.42383310520739, -73.94868905817063",260 Main Street,-73.94868905817063,41.42383310520739,0.61
1088648,3,B_address,nys_address,yes,high,100,text,38 Hawley Street,"42.09642033713599, -75.91199337165308",38 Hawley Street,-75.91199337165308,42.09642033713599,0.6
1090118,3,D_named_road,nys_street,yes,low,100,text,Dyke Street,"42.11544936387288, -77.94410778917924",,-77.94410778917924,42.11544936387288,0.6
1090210,3,B_address,nys_address,yes,high,100,text,38 Hawley Street,"42.09642033713599, -75.91199337165308",38 Hawley Street,-75.91199337165308,42.09642033713599,0.6
1100047,3,B_address,nys_address,yes,high,100,text,38 Hawley St,"42.09642033713599, -75.91199337165308",38 Hawley St,-75.91199337165308,42.09642033713599,0.6
1103522,3,B_address,nys_address,yes,high,100,text,1006 North Main St,"42.49662100602845, -78.47843726256647",1006 North Main St,-78.47843726256647,42.49662100602845,0.6
1099699,3,D_named_road,nys_street,yes,low,100,text,Wayne Avenue,"43.089175490285335, -76.86967250403949",,-76.86967250403949,43.089175490285335,0.59
1105065,3,D_named_road,nys_street,yes,low,100,text,Demars Blvd,"44.23517384997219, -74.46853191466205",,-74.46853191466205,44.23517384997219,0.59
2171477,3,D_named_road,nys_street,yes,low,100,text,Hammond Street,"41.65536642147852, -74.6816328307239",,-74.6816328307239,41.65536642147852,0.59
1089825,3,D_named_road,nys_street,yes,low,100,text,Greenwich Street,"42.22784141363923, -78.03301480154467",,-78.03301480154467,42.22784141363923,0.58
1093245,3,D_named_road,nys_street,yes,low,100,text,"Patterson
Street","42.248019289214604, -79.5047744284731",,-79.5047744284731,42.248019289214604,0.58
1098888,3,D_named_road,nys_street,yes,low,100,text,Park Avenue,"42.34367133103788, -79.31114810166355",,-79.31114810166355,42.34367133103788,0.58
1102497,3,C_intersection,census,yes,medium,100,text,Factory Gulf Road and Johnson Road,"42.680970438072, -75.849594828006",,-75.849594828006,42.680970438072,0.58
1089962,3,D_named_road,nys_street,yes,low,100,text,Hill Street,"42.220139428538566, -78.26873591252857",,-78.26873591252857,42.220139428538566,0.57
1099863,3,D_named_road,nys_street,yes,low,100,text,Hill Street,"42.90251158381445, -74.57587181617193 | : Canajoharie Creek from Hill Street to Mohawk River",,-74.57587181617193,42.90251158381445,0.57
1089864,3,D_named_road,nys_street,yes,low,100,text,School Street,"42.06532641559633, -78.1608288113188",,-78.1608288113188,42.06532641559633,0.56
1094088,3,D_named_road,nys_street,yes,low,100,text,Bridge Street,"41.33142738040802, -74.36004260411083",,-74.36004260411083,41.33142738040802,0.56
1094257,3,D_named_road,nys_street,yes,low,100,text,School Street,"42.06532641559633, -78.1608288113188",,-78.1608288113188,42.06532641559633,0.56
1088013,3,B_address,nys_address,yes,high,100,text,33 Upper Lake Rd,"42.193106197576164, -74.12851298808583",33 Upper Lake Rd,-74.12851298808583,42.193106197576164,0.54
1090962,3,B_address,nys_address,yes,high,100,text,33 Upper Lake Rd,"42.193106197576164, -74.12851298808583",33 Upper Lake Rd,-74.12851298808583,42.193106197576164,0.54
1093166,3,D_named_road,nys_street,yes,low,100,text,Spring Street,"41.256656340095084, -74.36126471205459",,-74.36126471205459,41.256656340095084,0.54
1093181,3,D_named_road,nys_street,yes,low,100,text,Spring Street,"41.256656340095084, -74.36126471205459",,-74.36126471205459,41.256656340095084,0.54
1093189,3,D_named_road,nys_street,yes,low,100,text,Spring Street,"41.256656340095084, -74.36126471205459",,-74.36126471205459,41.256656340095084,0.54
1093527,3,C_intersection,census,yes,medium,100,text,Pearl Street and Scott Ave,"42.125499626702, -77.946274698509",,-77.946274698509,42.125499626702,0.54
1104204,3,D_named_road,nys_street,yes,low,100,text,Marvin Avenue,"41.393301486785646, -73.61948337566523",,-73.61948337566523,41.393301486785646,0.54
1104220,3,D_named_road,nys_street,yes,low,100,text,Lower Devon Road,"40.95639336784143, -73.06441129614291",,-73.06441129614291,40.95639336784143,0.54
2179205,3,D_named_road,nys_street,yes,low,100,text,Mead Street,"42.171592518824106, -75.13579586465535",,-75.13579586465535,42.171592518824106,0.54
1099352,3,A_coords,parse,yes,high,,description...action_description,,"41.956197, -74.483558",,-74.483558,41.956197,0.53
1101989,3,D_named_road,nys_street,yes,low,100,text,Main St,"42.59073852754861, -76.36791032581019",,-76.36791032581019,42.59073852754861,0.53
1105243,3,D_named_road,nys_street,yes,low,100,text,Jane St,"44.23949174892468, -76.0882493167621",,-76.0882493167621,44.23949174892468,0.53
2179111,3,D_named_road,nys_street,yes,low,100,text,North Perry Street,"43.01106759443807, -74.37144881341466",,-74.37144881341466,43.01106759443807,0.53
1088093,3,D_named_road,nys_street,yes,low,100,text,Schuyler Street,"43.42206617991978, -73.71889606997138",,-73.71889606997138,43.42206617991978,0.52
1088859,3,C_intersection,census,yes,medium,100,text,West Main Street and Park St,"42.329214508174, -75.974100813381",,-75.974100813381,42.329214508174,0.52
1090421,3,C_intersection,census,yes,medium,100,text,West Main Street and Park St,"42.329214508174, -75.974100813381",,-75.974100813381,42.329214508174,0.52
1093197,3,C_intersection,census,yes,medium,100,text,Orchard St and Galloway Rd,"41.250573651467, -74.355896905994",,-74.355896905994,41.250573651467,0.52
1094551,3,D_named_road,nys_street,yes,low,100,text,Highland Drive,"42.98651873407349, -76.34567606023018",,-76.34567606023018,42.98651873407349,0.52
1100960,3,D_named_road,nys_street,yes,low,100,text,Main St,"42.59126047040775, -78.94097102140233",,-78.94097102140233,42.59126047040775,0.52
1101020,3,D_named_road,nys_street,yes,low,100,text,Wilmot St,"42.56364350969597, -77.69079476297179",,-77.69079476297179,42.56364350969597,0.52
1104197,3,D_named_road,nys_street,yes,low,100,text,Orinoco Drive,"40.719316342856594, -73.2702632331204",,-73.2702632331204,40.719316342856594,0.52
2144212,3,D_named_road,nys_street,yes,low,100,text,Center Street,"41.781013467084385, -74.93598683884807",,-74.93598683884807,41.781013467084385,0.52
1093663,3,B_address,nys_address,yes,high,100,text,10 New Street,"42.99650792249624, -74.67919760947306 | Adjacent to Cellect Plastics - 10 New Street, St. Johnsville, NY 13542",10 New Street,-74.67919760947306,42.99650792249624,0.51
1094231,3,D_named_road,nys_street,yes,low,100,text,Adams Avenue,"40.90824240139946, -73.55489739642167",,-73.55489739642167,40.90824240139946,0.51
1094372,3,B_address,nys_address,yes,high,100,text,18 Community Dr,"42.794514518545064, -76.1065402063561",18 Community Dr,-76.1065402063561,42.794514518545064,0.51
1101072,3,D_named_road,nys_street,yes,low,100,text,Brooklyn Street,"43.01885548544753, -78.5040080670123",,-78.5040080670123,43.01885548544753,0.51
1104932,3,D_named_road,nys_street,yes,low,97.46,text,College Ave,"42.13119448950361, -76.82643844261452",,-76.82643844261452,42.13119448950361,0.51
1094596,3,D_named_road,nys_street,yes,low,100,text,Mill Street,"42.83032881412035, -75.98651622020654",,-75.98651622020654,42.83032881412035,0.5
1097253,3,D_named_road,nys_street,yes,low,100,text,Bridge Street,"41.03785733870512, -73.91646648610799",,-73.91646648610799,41.03785733870512,0.5
1097596,3,D_named_road,nys_street,yes,low,100,text,Washington Avenue,"41.14058240129704, -74.03535253889375",,-74.03535253889375,41.14058240129704,0.5
1097602,3,D_named_road,nys_street,yes,low,100,text,Washington Ave,"41.14058240129704, -74.03535253889375",,-74.03535253889375,41.14058240129704,0.5
1101893,3,D_named_road,nys_street,yes,low,100,text,West Union Street,"42.090307048419184, -78.49727802360546",,-78.49727802360546,42.090307048419184,0.5
1101900,3,D_named_road,nys_street,yes,low,100,text,West Union St,"42.090307048419184, -78.49727802360546",,-78.49727802360546,42.090307048419184,0.5
1103968,3,B_address,nys_address,yes,high,100,text,1143 Old Albany Post Road,"41.41471878570165, -73.91128814191545",1143 Old Albany Post Road,-73.91128814191545,41.41471878570165,0.5
2144336,3,D_named_road,nys_street,yes,low,100,text,Roosevelt Avenue,"41.71266252967597, -74.58008473876374",,-74.58008473876374,41.71266252967597,0.5
1093173,3,B_address,nys_address,yes,high,100,text,7 West St,"41.25641161062325, -74.36066678537942",7 West St,-74.36066678537942,41.25641161062325,0.49
1104844,3,B_address,nys_address,yes,high,100,text,37 Albany Avenue,"42.51681934688136, -73.61535909474803",37 Albany Avenue,-73.61535909474803,42.51681934688136,0.49
2179117,3,D_named_road,nys_street,yes,low,100,text,Francis St,"43.20821350422059, -78.479405024022",,-78.479405024022,43.20821350422059,0.49
1089520,3,C_intersection,census,yes,medium,100,text,Lincoln Avenue and Montgomery St,"42.546465602817, -79.170535277386",,-79.170535277386,42.546465602817,0.48
1090836,3,C_intersection,census,yes,medium,100,text,Lincoln Avenue and Montgomery St,"42.546465602817, -79.170535277386",,-79.170535277386,42.546465602817,0.48
1091531,3,D_named_road,nys_street,yes,low,100,text,Lyman Street,"43.215706519286584, -77.93520685124778",,-77.93520685124778,43.215706519286584,0.48
1091536,3,D_named_road,nys_street,yes,low,100,text,Creekside Drive,"43.10587756574037, -77.87759185999576",,-77.87759185999576,43.10587756574037,0.48
1094065,3,D_named_road,nys_street,yes,low,100,text,Swimming Road,"43.03585533841356, -75.07710890444078",,-75.07710890444078,43.03585533841356,0.48
1094066,3,D_named_road,nys_street,yes,low,100,text,Swimming Road,"43.03585533841356, -75.07710890444078",,-75.07710890444078,43.03585533841356,0.48
1094390,3,D_named_road,nys_street,yes,low,100,text,Owego Street,"42.21137647902149, -76.49266928460138",,-76.49266928460138,42.21137647902149,0.48
1100660,3,D_named_road,nys_street,yes,low,100,text,Creekside Drive,"43.10587756574037, -77.87759185999576",,-77.87759185999576,43.10587756574037,0.48
1100665,3,D_named_road,nys_street,yes,low,100,text,Lyman Street,"43.215706519286584, -77.93520685124778",,-77.93520685124778,43.215706519286584,0.48
2171453,3,D_named_road,nys_street,yes,low,100,text,Elm Street,"41.795580542960465, -74.73732481184896",,-74.73732481184896,41.795580542960465,0.48
1094548,3,D_named_road,nys_street,yes,low,100,text,Flower Lane,"42.97956962024978, -76.3416163420593",,-76.3416163420593,42.97956962024978,0.47
1094704,3,B_address,nys_address,yes,high,100,text,45 East Genesee St,"43.16013377348253, -76.32779949472567",45 East Genesee St,-76.32779949472567,43.16013377348253,0.47
1097419,3,D_named_road,nys_street,yes,low,100,text,Cottage Street,"42.940560586948884, -75.45909907629654",,-75.45909907629654,42.940560586948884,0.47
1099912,3,D_named_road,nys_street,yes,low,100,text,Market Street,"42.45134957823338, -75.0638879326585",,-75.0638879326585,42.45134957823338,0.47
1103650,3,D_named_road,nys_street,yes,low,100,text,Brink Street,"42.43984350218231, -76.03376917231105",,-76.03376917231105,42.43984350218231,0.47
1091076,3,C_intersection,census,yes,medium,100,text,German Street and Church St,"43.025946194627, -74.997650747449",,-74.997650747449,43.025946194627,0.46
1093897,3,D_named_road,nys_street,yes,low,100,text,Bridge Street,"41.52539751467068, -74.24106561483924",,-74.24106561483924,41.52539751467068,0.46
1101748,3,D_named_road,nys_street,yes,low,100,text,Winship Avenue,"42.24597246880298, -78.79547144173894",,-78.79547144173894,42.24597246880298,0.46
2179132,3,D_named_road,nys_street,yes,low,100,text,Washington Ave,"42.833815636214624, -73.95554662309533",,-73.95554662309533,42.833815636214624,0.46
1088847,3,D_named_road,nys_street,yes,low,100,text,Wayne Avenue,"42.132475489105644, -75.89627305752869",,-75.89627305752869,42.132475489105644,0.45
1088853,3,D_named_road,nys_street,yes,low,100,text,Wayne Avenue,"42.132475489105644, -75.89627305752869",,-75.89627305752869,42.132475489105644,0.45
1090409,3,D_named_road,nys_street,yes,low,100,text,Wayne Avenue,"42.132475489105644, -75.89627305752869",,-75.89627305752869,42.132475489105644,0.45
1090415,3,D_named_road,nys_street,yes,low,100,text,Wayne Avenue,"42.132475489105644, -75.89627305752869",,-75.89627305752869,42.132475489105644,0.45
1090947,3,D_named_road,nys_street,yes,low,100,text,Bridge St,"42.211861552951426, -74.2209005695385",,-74.2209005695385,42.211861552951426,0.45
1093919,3,B_address,nys_address,yes,high,100,text,189 Earle Avenue,"40.65703052228868, -73.66892642305608",189 Earle Avenue,-73.66892642305608,40.65703052228868,0.45
1094009,3,D_named_road,nys_street,yes,low,100,text,Bridge St,"42.211861552951426, -74.2209005695385",,-74.2209005695385,42.211861552951426,0.45
1094570,3,D_named_road,nys_street,yes,low,100,text,Main Street,"42.53043648142295, -75.09407417093358",,-75.09407417093358,42.53043648142295,0.45
1094572,3,D_named_road,nys_street,yes,low,100,text,Main Street,"42.53043648142295, -75.09407417093358",,-75.09407417093358,42.53043648142295,0.45
1097212,3,D_named_road,nys_street,yes,low,100,text,Wayne Avenue,"42.132475489105644, -75.89627305752869",,-75.89627305752869,42.132475489105644,0.45
1097213,3,D_named_road,nys_street,yes,low,100,text,Wayne Avenue,"42.132475489105644, -75.89627305752869",,-75.89627305752869,42.132475489105644,0.45
1097255,3,D_named_road,nys_street,yes,low,100,text,Paradise Ave,"41.03824939979979, -73.91592951285048",,-73.91592951285048,41.03824939979979,0.45
1101947,3,D_named_road,nys_street,yes,low,100,text,Scott St,"42.44317053370844, -75.60069816362294",,-75.60069816362294,42.44317053370844,0.45
1089502,3,D_named_road,nys_street,yes,low,100,text,Park Street,"42.16139934334469, -79.59872930949466",,-79.59872930949466,42.16139934334469,0.44
1090818,3,D_named_road,nys_street,yes,low,100,text,Park Street,"42.16139934334469, -79.59872930949466",,-79.59872930949466,42.16139934334469,0.44
1094264,3,D_named_road,nys_street,yes,low,100,text,Shore Road,"40.83477035494382, -73.69983144497034",,-73.69983144497034,40.83477035494382,0.44
1103640,3,D_named_road,nys_street,yes,low,100,text,Clinton Street,"42.59615256160289, -76.09317618079555",,-76.09317618079555,42.59615256160289,0.44
1104132,3,D_named_road,nys_street,yes,low,100,text,Hitherbrook Road,"40.89970532517764, -73.16720217603641",,-73.16720217603641,40.89970532517764,0.44
1093831,3,D_named_road,nys_street,yes,low,100,text,Jerusalem Ave,"40.7007552538178, -73.61729243743348",,-73.61729243743348,40.7007552538178,0.43
1099719,3,B_address,census,yes,high,100,text,1 West Chester Avenue,"40.589446739669, -73.6659822003",1 West Chester Avenue,-73.6659822003,40.589446739669,0.43
1105282,3,D_named_road,nys_street,yes,low,100,text,Swift Road,"42.64811070257878, -73.93675165432015",,-73.93675165432015,42.64811070257878,0.43
1088849,3,D_named_road,nys_street,yes,low,100,text,Watson Avenue,"42.132821467862286, -75.89627910422197",,-75.89627910422197,42.132821467862286,0.42
1089963,3,D_named_road,nys_street,yes,low,100,text,Mill Street,"42.21609737058778, -78.27935686583082",,-78.27935686583082,42.21609737058778,0.42
1090411,3,D_named_road,nys_street,yes,low,100,text,Watson Avenue,"42.132821467862286, -75.89627910422197",,-75.89627910422197,42.132821467862286,0.42
1099722,3,D_named_road,nys_street,yes,low,100,text,Riverside Blvd,"40.587663310082974, -73.66121538889534",,-73.66121538889534,40.587663310082974,0.42
1103847,3,D_named_road,nys_street,yes,low,100,text,Woodville Road,"40.960501400391564, -72.90917418655089",,-72.90917418655089,40.960501400391564,0.42
1104959,3,D_named_road,nys_street,yes,low,100,text,Maple Ave,"43.56787763669856, -76.12292930845578",,-76.12292930845578,43.56787763669856,0.42
1089964,3,D_named_road,nys_street,yes,low,100,text,Windsor Street,"42.2170554226264, -78.27047993761559",,-78.27047993761559,42.2170554226264,0.41
1101746,3,D_named_road,nys_street,yes,low,100,text,Thompson Avenue,"42.24604270184883, -78.79672890970559",,-78.79672890970559,42.24604270184883,0.41
2179072,3,D_named_road,nys_street,yes,low,100,text,Windsor Street,"42.2170554226264, -78.27047993761559",,-78.27047993761559,42.2170554226264,0.41
2179189,3,D_named_road,nys_street,yes,low,100,text,South St,"42.41038363464178, -74.62176981127506",,-74.62176981127506,42.41038363464178,0.41
1094095,3,D_named_road,nys_street,yes,low,100,text,Elm Street,"41.53390847473001, -73.89897154278394",,-73.89897154278394,41.53390847473001,0.4
1100922,3,C_intersection,census,yes,medium,100,text,"The Powderhorn Rd and Captain 
Honeywells Rd","41.014917678902, -73.843635085155",,-73.843635085155,41.014917678902,0.4
1100944,3,B_address,nys_address,yes,high,100,text,425 Reiman Street,"42.89536194927892, -78.79377684275676",425 Reiman Street,-78.79377684275676,42.89536194927892,0.4
1101329,3,C_intersection,census,yes,medium,100,text,Walden Avenue and Union Road,"42.907086519092, -78.754321379822",,-78.754321379822,42.907086519092,0.4
1094273,3,B_address,nys_address,yes,high,100,text,1660 Quaker Rd,"43.331593173420245, -78.55543956230746",1660 Quaker Rd,-78.55543956230746,43.331593173420245,0.39
1099875,3,C_intersection,census,yes,medium,100,text,Orchard Street and Moyer St,"42.902901347536, -74.572216225912 | Shaper Ave, Orchard St, Moyer St.",,-74.572216225912,42.902901347536,0.39
1100343,3,D_named_road,nys_street,yes,low,100,text,Canal Street,"41.574359441850255, -74.4816006982009",,-74.4816006982009,41.574359441850255,0.39
1100954,3,D_named_road,nys_street,yes,low,100,text,North State Street,"42.57949344229307, -77.94266179707625",,-77.94266179707625,42.57949344229307,0.39
1101779,3,C_intersection,census,yes,medium,100,text,Second Street and Oak St,"42.79794349778, -77.814060188364",,-77.814060188364,42.79794349778,0.39
1102956,3,B_address,nys_address,yes,high,100,text,1437 Congress Rd,"42.16701827186825, -78.38572162428267",1437 Congress Rd,-78.38572162428267,42.16701827186825,0.39
1093661,3,D_named_road,nys_street,yes,low,100,text,Church Street,"42.99906166775071, -74.68196890522398 | Near the cemetery along Mohawk River",,-74.68196890522398,42.99906166775071,0.38
1093662,3,D_named_road,nys_street,yes,low,100,text,Averill Street,"42.99840758689011, -74.67532492459304",,-74.67532492459304,42.99840758689011,0.38
1100155,3,D_named_road,nys_street,yes,low,100,text,Owego Street,"42.34682748883767, -76.84642542817626",,-76.84642542817626,42.34682748883767,0.38
1105221,3,D_named_road,nys_street,yes,low,100,text,Bald Rock Road,"44.19774677661429, -76.08465735625805",,-76.08465735625805,44.19774677661429,0.38
1105240,3,D_named_road,nys_street,yes,low,100,text,Gardner St,"44.240312825305345, -76.08162432327104",,-76.08162432327104,44.240312825305345,0.38
2171457,3,D_named_road,nys_street,yes,low,100,text,Wierk Avenue,"41.795996445751996, -74.74761177747031",,-74.74761177747031,41.795996445751996,0.38
1091558,3,D_named_road,nys_street,yes,low,100,text,Ontario Street,"42.952401540438366, -77.59034871741446",,-77.59034871741446,42.952401540438366,0.37
1094583,3,D_named_road,nys_street,yes,low,100,text,Rathbun Avenue,"43.40500773314029, -73.26282044569795",,-73.26282044569795,43.40500773314029,0.37
1094998,3,B_address,nys_address,yes,high,100,text,8700 Haight Road,"43.33700526622977, -78.55012811842288 | various throughout the town including the Town Hall at 8700 Haight Road, Camp Kenan at …. And Lighthouse Christian Camp on ….. Road.",8700 Haight Road,-78.55012811842288,43.33700526622977,0.37
1097155,3,D_named_road,nys_street,yes,low,100,text,New Street,"42.41342966599142, -73.67329948817863",,-73.67329948817863,42.41342966599142,0.37
1100636,3,D_named_road,nys_street,yes,low,100,text,Ontario Street,"42.952401540438366, -77.59034871741446",,-77.59034871741446,42.952401540438366,0.37
1103885,3,B_address,nys_address,yes,high,88.58,text,14 Bay Avenue,"40.640739230010325, -73.19850399177236",14 Bay Avenue,-73.19850399177236,40.640739230010325,0.37
1103961,3,D_named_road,nys_street,yes,low,100,text,Walnut Avenue,"40.95301931666024, -73.08596219308886",,-73.08596219308886,40.95301931666024,0.37
1105126,3,D_named_road,nys_street,yes,low,100,text,Pleasant Ave,"42.90103065726317, -73.58444246811395",,-73.58444246811395,42.90103065726317,0.37
1105238,3,B_address,nys_address,yes,high,100,text,600 Main Street,"43.998409304449694, -75.95361630907541",600 Main Street,-75.95361630907541,43.998409304449694,0.37
1091537,3,D_named_road,nys_street,yes,low,100,text,Carroll Street,"43.10057845969289, -77.88467782456999",,-77.88467782456999,43.10057845969289,0.36
1094493,3,B_address,nys_address,yes,high,97.97,text,651 Centerville Place,"43.136168762612485, -76.12723908604205",651 Centerville Place,-76.12723908604205,43.136168762612485,0.36
1096792,3,D_named_road,nys_street,yes,low,100,text,Ellis Road,"42.53254552168304, -77.04641449553068",,-77.04641449553068,42.53254552168304,0.36
1099889,3,D_named_road,nys_street,yes,low,100,text,Orchard St,"42.26957547884686, -77.60986058913913",,-77.60986058913913,42.26957547884686,0.36
1100464,3,D_named_road,nys_street,yes,low,100,text,East Main Street,"43.006459677340864, -74.37121968522237",,-74.37121968522237,43.006459677340864,0.36
1100659,3,D_named_road,nys_street,yes,low,100,text,Carroll Street,"43.10057845969289, -77.88467782456999",,-77.88467782456999,43.10057845969289,0.36
1093819,3,D_named_road,nys_street,yes,low,100,text,Alden Terrace,"41.78285218165008, -73.68985900968575",,-73.68985900968575,41.78285218165008,0.35
1095878,3,D_named_road,nys_street,yes,low,100,text,Hiltonville Road,"42.39129650332268, -77.90184826473279",,-77.90184826473279,42.39129650332268,0.35
1105142,3,D_named_road,nys_street,yes,low,100,text,Lighthouse Drive,"42.07494058056264, -73.94411257610112",,-73.94411257610112,42.07494058056264,0.35
1094553,3,B_address,nys_address,yes,high,100,text,4010 Center Street,"43.618427519561514, -75.35833180845451",4010 Center Street,-75.35833180845451,43.618427519561514,0.34
1101815,3,D_named_road,nys_street,yes,low,100,text,Elizabeth Street,"42.275120424860674, -78.67630399937957",,-78.67630399937957,42.275120424860674,0.34
1103519,3,D_named_road,nys_street,yes,low,100,text,Prospect Street,"42.4892844243319, -78.48278396005875",,-78.48278396005875,42.4892844243319,0.34
1089464,3,D_named_road,nys_street,yes,low,100,text,Hart Street,"42.43942340701348, -79.33551920709276",,-79.33551920709276,42.43942340701348,0.33
1090780,3,D_named_road,nys_street,yes,low,100,text,Hart Street,"42.43942340701348, -79.33551920709276",,-79.33551920709276,42.43942340701348,0.33
1100045,3,D_named_road,nys_street,yes,low,100,text,Exchange Street,"42.09866778956858, -75.910824074736",,-75.910824074736,42.09866778956858,0.33
1104209,3,C_intersection,census,yes,medium,100,text,Oak Street and Main St,"41.395779596948, -73.611480136416",,-73.611480136416,41.395779596948,0.33
2179188,3,D_named_road,nys_street,yes,low,100,text,River St,"42.410616646662696, -74.62063486149626",,-74.62063486149626,42.410616646662696,0.33
1091555,3,D_named_road,nys_street,yes,low,100,text,East Street,"42.95285151384871, -77.59097278277801",,-77.59097278277801,42.95285151384871,0.32
1097317,3,D_named_road,nys_street,yes,low,100,text,Center Street,"42.91145060899153, -74.5761098121485",,-74.5761098121485,42.91145060899153,0.32
1100638,3,D_named_road,nys_street,yes,low,100,text,East Street,"42.95285151384871, -77.59097278277801",,-77.59097278277801,42.95285151384871,0.32
1101986,3,D_named_road,nys_street,yes,low,100,text,Grove Street,"42.71386962475984, -76.42488127177394",,-76.42488127177394,42.71386962475984,0.32
1103587,3,C_intersection,census,yes,medium,100,text,N. Cayuga Street and Lake St,"42.444733045402, -76.499365146775",,-76.499365146775,42.444733045402,0.32
2179109,3,C_intersection,census,yes,medium,100,text,Maple Ave and Pearl St,"42.368922450368, -74.667350732023",,-74.667350732023,42.368922450368,0.32
1094559,3,D_named_road,nys_street,yes,low,100,text,South State Street,"43.785720714826546, -75.49153118221398",,-75.49153118221398,43.785720714826546,0.31
1097417,3,D_named_road,nys_street,yes,low,100,text,Maple Avenue,"42.93783159185464, -75.45975409195921",,-75.45975409195921,42.93783159185464,0.31
1101795,3,D_named_road,nys_street,yes,low,100,text,Maple Avenue,"42.3372404434104, -78.4530069561914",,-78.4530069561914,42.3372404434104,0.31
1094102,3,D_named_road,nys_street,yes,low,100,text,Glenmere Avenue,"41.33200343058361, -74.35681972260547",,-74.35681972260547,41.33200343058361,0.3
1104539,3,D_named_road,nys_street,yes,low,100,text,Orchard St,"44.71992991193991, -73.71474969701775",,-73.71474969701775,44.71992991193991,0.3
1104661,3,D_named_road,nys_street,yes,low,100,text,Orchard St,"44.71992991193991, -73.71474969701775",,-73.71474969701775,44.71992991193991,0.3
1093311,3,D_named_road,nys_street,yes,low,100,text,Prospect Street,"42.33039747655348, -75.96434008252737",,-75.96434008252737,42.33039747655348,0.29
1095297,3,D_named_road,nys_street,yes,low,100,text,North Plank Road,"41.55060444574658, -74.06112258146506",,-74.06112258146506,41.55060444574658,0.29
1096237,3,C_intersection,census,yes,medium,100,text,Marshland Road and Wicks Road,"42.090210561274, -76.189083761516",,-76.189083761516,42.090210561274,0.29
1098494,3,D_named_road,nys_street,yes,low,100,text,Elm Street,"43.24317963734485, -75.25423110850039",,-75.25423110850039,43.24317963734485,0.29
1103416,3,D_named_road,nys_street,yes,low,100,text,Fall Creek Road,"42.51394549773687, -76.34669530275119",,-76.34669530275119,42.51394549773687,0.29
1103639,3,D_named_road,nys_street,yes,low,100,text,Main Street,"42.59564455583514, -76.09498517279727",,-76.09498517279727,42.59564455583514,0.29
1104978,3,B_address,nys_address,yes,high,100,text,23 Albany Avenue,"42.51619880402754, -73.61267400376347",23 Albany Avenue,-73.61267400376347,42.51619880402754,0.29
1105063,3,D_named_road,nys_street,yes,low,100,text,Factory Street,"44.833154268331214, -74.5131850567662",,-74.5131850567662,44.833154268331214,0.29
1091272,3,D_named_road,nys_street,yes,low,100,text,Daniels Drive,"43.07893857538856, -75.70722221966335",,-75.70722221966335,43.07893857538856,0.28
1093434,3,D_named_road,nys_street,yes,low,100,text,Daniels Drive,"43.07893857538856, -75.70722221966335",,-75.70722221966335,43.07893857538856,0.28
1093649,3,B_address,nys_address,yes,high,100,text,120 Covert Avenue,"40.71924315383618, -73.6885607556448",120 Covert Avenue,-73.6885607556448,40.71924315383618,0.28
1098384,3,D_named_road,nys_street,yes,low,100,text,Rita Avenue,"41.12323831267156, -74.0665984946729",,-74.0665984946729,41.12323831267156,0.28
1101946,3,D_named_road,nys_street,yes,low,100,text,Albany Street,"42.43976157879961, -75.59318715200938",,-75.59318715200938,42.43976157879961,0.27
1103412,3,D_named_road,nys_street,yes,low,100,text,Summit Avenue,"41.011537350964694, -73.83739751726512",,-73.83739751726512,41.011537350964694,0.27
1103995,3,D_named_road,nys_street,yes,low,100,text,Old Field Road,"40.959945426865566, -73.12976525288168",,-73.12976525288168,40.959945426865566,0.27
1105064,3,D_named_road,nys_street,yes,low,100,text,Mill Street,"44.848846947153426, -74.2922868256263",,-74.2922868256263,44.848846947153426,0.27
1105226,3,B_address,nys_address,yes,high,99.21,text,6363 French's Mill Road,"42.70573429673677, -73.9602730062496 | Town Highway Department, 6363 French's Mill Road Guilderland, New York 12084",6363 French's Mill Road,-73.9602730062496,42.70573429673677,0.27
1105227,3,B_address,nys_address,yes,high,99.21,text,6363 French's Mill Road,"42.70573429673677, -73.9602730062496 | Town Highway Department, 6363 French's Mill Road Guilderland, New York 12085",6363 French's Mill Road,-73.9602730062496,42.70573429673677,0.27
1105228,3,B_address,nys_address,yes,high,99.21,text,6363 French's Mill Road,"42.70573429673677, -73.9602730062496 | Transfer Station 6363 French's Mill Road, Guilderland, NY 122084",6363 French's Mill Road,-73.9602730062496,42.70573429673677,0.27
1090961,3,D_named_road,nys_street,yes,low,100,text,Railroad Ave,"42.195704605725496, -74.13598367020651",,-74.13598367020651,42.195704605725496,0.26
1093606,3,D_named_road,nys_street,yes,low,100,text,Railroad Ave,"42.195704605725496, -74.13598367020651",,-74.13598367020651,42.195704605725496,0.26
1103989,3,C_intersection,census,yes,medium,100,text,West Avenue and South Ocean Ave,"40.764393699515, -73.018776365249",,-73.018776365249,40.764393699515,0.25
1104223,3,D_named_road,nys_street,yes,low,100,text,Asharoken Avenue,"40.94185206224692, -73.3866696507468",,-73.3866696507468,40.94185206224692,0.25
1104224,3,D_named_road,nys_street,yes,low,100,text,Asharoken Avenue,"40.94185206224692, -73.3866696507468",,-73.3866696507468,40.94185206224692,0.25
1104226,3,D_named_road,nys_street,yes,low,100,text,Asharoken Avenue,"40.94185206224692, -73.3866696507468",,-73.3866696507468,40.94185206224692,0.25
1104229,3,D_named_road,nys_street,yes,low,100,text,Asharoken Avenue,"40.94185206224692, -73.3866696507468",,-73.3866696507468,40.94185206224692,0.25
1104230,3,D_named_road,nys_street,yes,low,100,text,Asharoken Avenue,"40.94185206224692, -73.3866696507468",,-73.3866696507468,40.94185206224692,0.25
1104231,3,D_named_road,nys_street,yes,low,100,text,Asharoken Avenue,"40.94185206224692, -73.3866696507468",,-73.3866696507468,40.94185206224692,0.25
1105237,3,B_address,nys_address,yes,high,100,text,600 Church Street,"43.999510063238425, -75.95385105723497",600 Church Street,-75.95385105723497,43.999510063238425,0.25
1102707,3,B_address,nys_address,yes,high,100,text,126 North Main Street,"42.66182997044421, -78.08319088469192",126 North Main Street,-78.08319088469192,42.66182997044421,0.24
1104052,3,D_named_road,nys_street,yes,low,100,text,South Wellwood Avenue,"40.68681936535015, -73.37351431376523",,-73.37351431376523,40.68681936535015,0.24
1104809,3,D_named_road,nys_street,yes,low,100,text,Lewis Street,"42.26654251415388, -76.8382684162763",,-76.8382684162763,42.26654251415388,0.24
1088605,3,B_address,nys_address,yes,high,100,text,7 Crane St,"42.96166095562977, -77.13744305820374",7 Crane St,-77.13744305820374,42.96166095562977,0.23
1089762,3,D_named_road,nys_street,yes,low,100,text,Dyke Street,"42.15551341945038, -77.7952127776398",,-77.7952127776398,42.15551341945038,0.23
1094511,3,D_named_road,nys_street,yes,low,100,text,Water St,"42.22446555551488, -76.18491620213364",,-76.18491620213364,42.22446555551488,0.23
1105134,3,D_named_road,nys_street,yes,low,100,text,Clark St,"42.67526356859476, -76.82560943702303",,-76.82560943702303,42.67526356859476,0.23
1094204,3,D_named_road,nys_street,yes,low,100,text,River Street,"42.46130248206314, -77.77464377806888",,-77.77464377806888,42.46130248206314,0.22
1094652,3,D_named_road,nys_street,yes,low,100,text,North Main Street,"43.56663375994766, -75.4281192029446",,-75.4281192029446,43.56663375994766,0.22
1101675,3,D_named_road,nys_street,yes,low,100,text,Pelhamwood Avenue,"40.91039431904288, -73.80917146594419",,-73.80917146594419,40.91039431904288,0.21
1104724,3,D_named_road,nys_street,yes,low,100,text,Clark St,"44.7215110095134, -73.71781372357803",,-73.71781372357803,44.7215110095134,0.21
1105302,3,D_named_road,nys_street,yes,low,100,text,Harriet Street,"42.09159842409547, -78.4941349007788",,-78.4941349007788,42.09159842409547,0.21
1089763,3,D_named_road,nys_street,yes,low,100,text,Water Street,"42.15933938251228, -77.79527269860904",,-77.79527269860904,42.15933938251228,0.2
1090994,3,D_named_road,nys_street,yes,low,100,text,Norway Street,"43.24137331972853, -75.03748852266517",,-75.03748852266517,43.24137331972853,0.2
1094371,3,D_named_road,nys_street,yes,low,100,text,Onondaga Street,"42.79643448828356, -76.11000419320835",,-76.11000419320835,42.79643448828356,0.2
1094373,3,D_named_road,nys_street,yes,low,100,text,Onondaga Street,"42.79643448828356, -76.11000419320835",,-76.11000419320835,42.79643448828356,0.2
1089501,3,D_named_road,nys_street,yes,low,100,text,Main Street,"42.159344403201, -79.59640129081528",,-79.59640129081528,42.159344403201,0.18
1090817,3,D_named_road,nys_street,yes,low,100,text,Main Street,"42.159344403201, -79.59640129081528",,-79.59640129081528,42.159344403201,0.18
1100934,3,B_address,nys_address,yes,high,100,text,5 W. Main St,"42.50883345809962, -78.66758405322132",5 W. Main St,-78.66758405322132,42.50883345809962,0.18
2179199,3,D_named_road,nys_street,yes,low,100,text,Bridge St,"42.16719759472007, -75.12999599764713",,-75.12999599764713,42.16719759472007,0.18
2179214,3,D_named_road,nys_street,yes,low,100,text,Water Street,"42.16719759472007, -75.12999599764713",,-75.12999599764713,42.16719759472007,0.18
2179215,3,D_named_road,nys_street,yes,low,100,text,Water Street,"42.16719759472007, -75.12999599764713",,-75.12999599764713,42.16719759472007,0.18
2179223,3,D_named_road,nys_street,yes,low,100,text,Water Street,"42.16719759472007, -75.12999599764713",,-75.12999599764713,42.16719759472007,0.18
2179225,3,D_named_road,nys_street,yes,low,100,text,Water Street,"42.16719759472007, -75.12999599764713",,-75.12999599764713,42.16719759472007,0.18
1089890,3,D_named_road,nys_street,yes,low,100,text,Aber Street,"42.46285055180542, -77.77578069228852",,-77.77578069228852,42.46285055180542,0.17
1094206,3,D_named_road,nys_street,yes,low,100,text,Aber St,"42.46285055180542, -77.77578069228852",,-77.77578069228852,42.46285055180542,0.17
1094270,3,B_address,nys_address,yes,high,100,text,8708 Main St,"43.329855483807705, -78.55313641869847",8708 Main St,-78.55313641869847,43.329855483807705,0.17
1094510,3,D_named_road,nys_street,yes,low,100,text,Brook Street,"42.221916544777116, -76.18522128113511",,-76.18522128113511,42.221916544777116,0.17
1094682,3,B_address,nys_address,yes,high,100,text,9625 Elm Street,"43.88466840565682, -75.51604277572156",9625 Elm Street,-75.51604277572156,43.88466840565682,0.17
1103971,3,D_named_road,nys_street,yes,low,100,text,Old Albany Post Road,"41.41775341675846, -73.91240856062896",,-73.91240856062896,41.41775341675846,0.17
2144337,3,D_named_road,nys_street,yes,low,100,text,Tabaczynski Road,"41.710842428294264, -74.57496672507611",,-74.57496672507611,41.710842428294264,0.16
1089889,3,D_named_road,nys_street,yes,low,100,text,Pratt Street,"42.46129546685034, -77.7757316675874",,-77.7757316675874,42.46129546685034,0.14
1091270,3,D_named_road,nys_street,yes,low,100,text,East Hill Road,"42.97783959142563, -75.58672512089043",,-75.58672512089043,42.97783959142563,0.14
1097651,3,D_named_road,nys_street,yes,low,100,text,East Hill Road,"42.97783959142563, -75.58672512089043",,-75.58672512089043,42.97783959142563,0.14
1101843,3,D_named_road,nys_street,yes,low,100,text,Jefferson Street,"42.33021636419266, -78.86901106532514",,-78.86901106532514,42.33021636419266,0.14
2179193,3,B_address,nys_address,yes,high,100,text,181 Delaware St,"42.16816439795704, -75.13190081780486",181 Delaware St,-75.13190081780486,42.16816439795704,0.14
1089888,3,D_named_road,nys_street,yes,low,100,text,Clark Street,"42.462592009274054, -77.77834601909554",,-77.77834601909554,42.462592009274054,0.13
1090950,3,D_named_road,nys_street,yes,low,100,text,Glen Ave,"42.21187953789825, -74.2166406819314",,-74.2166406819314,42.21187953789825,0.13
1094006,3,D_named_road,nys_street,yes,low,100,text,Glen Ave,"42.21187953789825, -74.2166406819314",,-74.2166406819314,42.21187953789825,0.13
1094209,3,D_named_road,nys_street,yes,low,100,text,Clark St,"42.462592009274054, -77.77834601909554",,-77.77834601909554,42.462592009274054,0.13
1101652,3,D_named_road,nys_street,yes,low,100,text,Brooklyn St,"42.03603735183126, -78.33848383349833",,-78.33848383349833,42.03603735183126,0.13
1099360,3,A_coords,parse,yes,high,,description...action_description,,"41.95334, -74.486875",,-74.486875,41.95334,0.12
1089956,3,D_named_road,nys_street,yes,low,100,text,East Main Street,"42.21728037477461, -78.27560186333758",,-78.27560186333758,42.21728037477461,0.12
1094618,3,D_named_road,nys_street,yes,low,100,text,Geneva Street,"42.68374558114548, -76.95856443306079",,-76.95856443306079,42.68374558114548,0.12
1101738,3,D_named_road,nys_street,yes,low,100,text,Third Street,"42.24876932053406, -78.7975790598685",,-78.7975790598685,42.24876932053406,0.12
1104206,3,D_named_road,nys_street,yes,low,100,text,Garden Street,"41.39732544652376, -73.61646435931488",,-73.61646435931488,41.39732544652376,0.12
1096172,3,D_route,nys_street,yes,medium,100,text,Route 308,"41.92844450856689, -73.89704151228008",,-73.89704151228008,41.92844450856689,0.11
1096518,3,D_named_road,nys_street,yes,low,100,text,Johnson Road,"43.08833772018335, -73.3770944343691",,-73.3770944343691,43.08833772018335,0.11
1096519,3,D_named_road,nys_street,yes,low,100,text,Johnson Road,"43.08833772018335, -73.3770944343691",,-73.3770944343691,43.08833772018335,0.11
1101842,3,D_named_road,nys_street,yes,low,100,text,Waverly Street,"42.329395463020546, -78.86834301768617",,-78.86834301768617,42.329395463020546,0.11
1103598,3,D_named_road,nys_street,yes,low,100,text,Main Street,"40.80824335256268, -72.64664001407249",,-72.64664001407249,40.80824335256268,0.11
1091271,3,D_named_road,nys_street,yes,low,100,text,Christina Court,"43.077702629633045, -75.70867024538438",,-75.70867024538438,43.077702629633045,0.1
1093429,3,D_named_road,nys_street,yes,low,100,text,Christina Court,"43.077702629633045, -75.70867024538438",,-75.70867024538438,43.077702629633045,0.1
1093922,3,B_address,nys_address,yes,high,100,text,1 Columbus Drive,"40.65762043540559, -73.67528477869728",1 Columbus Drive,-73.67528477869728,40.65762043540559,0.1
1103524,3,D_named_road,nys_street,yes,low,100,text,Delevan Ave,"42.49053851345734, -78.48015689805669",,-78.48015689805669,42.49053851345734,0.09
1089503,3,D_named_road,nys_street,yes,low,100,text,Miller St,"42.15935933158877, -79.59516730262949",,-79.59516730262949,42.15935933158877,0.08
1090819,3,D_named_road,nys_street,yes,low,100,text,Miller St,"42.15935933158877, -79.59516730262949",,-79.59516730262949,42.15935933158877,0.08
1094723,3,B_address,nys_address,yes,high,100,text,90 Temple Street,"42.10505751076552, -76.26261537338617",90 Temple Street,-76.26261537338617,42.10505751076552,0.08
1089640,3,D_named_road,nys_street,yes,low,100,text,South Main Street,"42.25396744884869, -77.79040668372147",,-77.79040668372147,42.25396744884869,0.07
1089642,3,D_named_road,nys_street,yes,low,100,text,South Main Street,"42.25396744884869, -77.79040668372147",,-77.79040668372147,42.25396744884869,0.07
1089891,3,C_intersection,census,yes,medium,100,text,Mill Street and North Church St,"42.462423557478, -77.777214226372",,-77.777214226372,42.462423557478,0.07
1094205,3,D_named_road,nys_street,yes,low,100,text,Mill St,"42.46243452127327, -77.77721469426858",,-77.77721469426858,42.46243452127327,0.07
1094726,3,B_address,nys_address,yes,high,100,text,87 North Avenue,"42.10458418447568, -76.26348610139355",87 North Avenue,-76.26348610139355,42.10458418447568,0.06
1100543,3,D_named_road,nys_street,yes,low,100,text,Maple Ave,"42.371632591863815, -74.66973980097326",,-74.66973980097326,42.371632591863815,0.06
1100959,3,D_named_road,nys_street,yes,low,100,text,Railroad Ave,"42.5943034571413, -78.93676019408714",,-78.93676019408714,42.5943034571413,0.06
1103085,3,D_named_road,nys_street,yes,low,100,text,School St,"42.49141649849242, -78.48025590389152",,-78.48025590389152,42.49141649849242,0.06
1093176,3,D_named_road,nys_street,yes,low,100,text,White Street,"42.93105262932929, -75.37998907663808",,-75.37998907663808,42.93105262932929,0.05
1092812,0,A_coords,parse,yes,high,,description...action_description,,"42.85902, -77.23077",,-77.23077,42.85902,
1100143,3,C_intersection,census,review,medium,100,text,Summit Ave and Howard St,"41.000724625164, -72.176511623266",,-72.176511623266,41.000724625164,418.53
1091323,3,C_intersection,census,review,medium,100,text,Elmwood Ave and Highland Ave,"42.914115523296, -78.87705884022",,-78.87705884022,42.914115523296,411.46
1100870,3,C_intersection,census,review,medium,100,text,Elmwood Ave and Highland Ave,"42.914115523296, -78.87705884022",,-78.87705884022,42.914115523296,411.46
1093334,3,D_named_road,nys_street,review,low,100,text,Elm Street,"41.5555614537921, -74.18417368147466",,-74.18417368147466,41.5555614537921,385
1093336,3,D_named_road,nys_street,review,low,100,text,Pine Street,"41.56137740842925, -74.19234660247638",,-74.19234660247638,41.56137740842925,384.12
1097215,4,C_intersection,census,review,medium,100,text,Jersey Avenue and Franklin St,"44.692299062167, -75.484770792489",,-75.484770792489,44.692299062167,378.18
1104897,3,D_named_road,nys_street,review,low,100,text,Pike St,"44.99071896552165, -74.50141298232744",,-74.50141298232744,44.99071896552165,369.78
1105029,3,D_named_road,nys_street,review,low,100,text,Avery Rd,"44.88607995591437, -74.45627800414611",,-74.45627800414611,44.88607995591437,365.35
1089753,3,D_named_road,nys_street,review,low,100,text,Greenan Road,"42.139797463501914, -77.83314473306282",,-77.83314473306282,42.139797463501914,356.03
1094515,3,C_intersection,census,review,medium,100,text,Grove Street and Spring St,"42.323544661171, -79.569028169854",,-79.569028169854,42.323544661171,355.65
1089752,3,D_named_road,nys_street,review,low,100,text,Dyke Road,"42.15080938692021, -77.82174963765702",,-77.82174963765702,42.15080938692021,355.25
1098874,3,D_named_road,nys_street,review,low,100,text,Pork Road,"42.0784542863655, -79.64458575011422",,-79.64458575011422,42.0784542863655,353.67
1104794,3,D_named_road,nys_street,review,low,100,text,Burke Road,"44.75254399014791, -73.47039762394444",,-73.47039762394444,44.75254399014791,350.56
1105549,3,D_route,nys_street,review,medium,100,text,Route 208,"41.35142442457967, -74.19314652405755",,-74.19314652405755,41.35142442457967,331.06
1100956,3,C_intersection,census,review,medium,100,text,South Church Street and South Walnut St,"41.399334621491, -74.319388408266",,-74.319388408266,41.399334621491,326.57
1103821,3,D_named_road,nys_street,review,low,100,text,Dune Road,"40.773034381606045, -72.7260350055091",,-72.7260350055091,40.773034381606045,311.84
1103828,3,D_named_road,nys_street,review,low,100,text,Dune Road,"40.773034381606045, -72.7260350055091",,-72.7260350055091,40.773034381606045,311.84
1088712,3,D_named_road,nys_street,review,low,100,text,Front Street,"42.12652460856132, -75.9072855700981",,-75.9072855700981,42.12652460856132,309.67
1090274,3,D_named_road,nys_street,review,low,100,text,Front Street,"42.12652460856132, -75.9072855700981",,-75.9072855700981,42.12652460856132,309.67
1103829,3,B_address,nys_address,review,high,100,text,33 Beach Road,"40.88296678390658, -72.47230673602415",33 Beach Road,-72.47230673602415,40.88296678390658,303.67
1103827,3,D_named_road,nys_street,review,low,100,text,Sebonac Inlet Road,"40.915424447017365, -72.44961506693649",,-72.44961506693649,40.915424447017365,300.57
1089768,3,C_intersection,census,review,medium,100,text,Second Street and Grove Street St,"43.048701312499, -74.356171286039",,-74.356171286039,43.048701312499,298.4
1103815,3,D_named_road,nys_street,review,low,100,text,North Sea Road,"40.94572037813243, -72.42799095521188",,-72.42799095521188,40.94572037813243,297.7
1104154,3,D_named_road,nys_street,review,low,100,text,Gerard Drive,"41.04293338641045, -72.14727784753426",,-72.14727784753426,41.04293338641045,293.73
1097341,3,D_route,nys_street,review,medium,100,text,Route 303,"41.075542435370174, -73.95094750483568",,-73.95094750483568,41.075542435370174,291.69
1093088,3,D_named_road,nys_street,review,low,100,text,Ehrhardt Road,"41.07043935651139, -74.00480261284025",,-74.00480261284025,41.07043935651139,288.06
1097330,3,D_named_road,nys_street,review,low,100,text,Ehrhardt Road,"41.07043935651139, -74.00480261284025",,-74.00480261284025,41.07043935651139,288.06
1097332,3,D_named_road,nys_street,review,low,100,text,Villa Drive,"41.07743642453756, -74.00118250218647",,-74.00118250218647,41.07743642453756,287.94
1093087,3,D_named_road,nys_street,review,low,100,text,Blauvelt Road,"41.06424438619066, -74.01270461442682",,-74.01270461442682,41.06424438619066,287.84
1097331,3,D_named_road,nys_street,review,low,100,text,Blauvelt Road,"41.06424438619066, -74.01270461442682",,-74.01270461442682,41.06424438619066,287.84
1093086,3,D_named_road,nys_street,review,low,100,text,West Washington Avenue,"41.05956038274846, -74.03593549962336",,-74.03593549962336,41.05956038274846,286.42
1088609,4,C_intersection,census,review,medium,100,text,Railroad Ave and Warehouse St,"42.703627856794, -73.828760231607",,-73.828760231607,42.703627856794,283.76
1104968,3,D_route,nys_street,review,medium,100,text,County Rt 26,"43.320391648320964, -76.0432282267934",,-76.0432282267934,43.320391648320964,271.05
1103927,3,D_named_road,nys_street,review,low,100,text,Lovers Lane,"41.34404314400532, -73.84249982431608",,-73.84249982431608,41.34404314400532,269.85
1103934,3,D_named_road,nys_street,review,low,100,text,Lovers Lane,"41.34404314400532, -73.84249982431608",,-73.84249982431608,41.34404314400532,269.85
1103930,3,B_address,nys_address,review,high,100,text,171 Oscawana Lake Road,"41.35470510218875, -73.87203699119708",171 Oscawana Lake Road,-73.87203699119708,41.35470510218875,269
1103931,3,C_intersection,census,review,medium,100,text,Church Road and Peekskill Hollow Road,"41.353322113207, -73.840264565328",,-73.840264565328,41.353322113207,268.8
1095839,3,B_address,nys_address,review,high,96.3,text,77 LaRue Rd,"41.34431409393482, -74.2695742350395",77 LaRue Rd,-74.2695742350395,41.34431409393482,262.74
1100557,3,D_named_road,nys_street,review,low,100,text,Tupper Hill Road,"42.33414783233793, -75.07168592506733",,-75.07168592506733,42.33414783233793,257.43
1102940,3,D_named_road,nys_street,review,low,100,text,Beaver Meadow Road,"42.660971521859075, -78.38810691412422",,-78.38810691412422,42.660971521859075,253.1
1102941,3,D_route,nys_street,review,medium,97.97,text,Route 78,"42.650990525381474, -78.33898095986945",,-78.33898095986945,42.650990525381474,249.74
1102939,3,D_route,nys_street,review,medium,97.97,text,Route 98,"42.65234052559403, -78.33829701591824",,-78.33829701591824,42.65234052559403,249.63
1104751,3,C_intersection,census,review,medium,100,text,"Church Street and Railroad
Ave","40.763952699547, -73.017151865797",,-73.017151865797,40.763952699547,239.21
1100186,3,C_intersection,census,review,medium,100,text,Crescent Avenue and Prospect St,"40.88916068693, -73.368084245562",,-73.368084245562,40.88916068693,238.89
1105032,3,D_named_road,nys_street,review,low,100,text,Mill Street,"44.82032495311618, -74.56636303065653",,-74.56636303065653,44.82032495311618,238.26
1101057,3,C_intersection,census,review,medium,100,text,Skyline Drive and Main St,"42.89795433283, -75.637594404086",,-75.637594404086,42.89795433283,233.13
1101061,3,C_intersection,census,review,medium,100,text,Main Street and Skyline Ave,"42.89795433283, -75.637594404086",,-75.637594404086,42.89795433283,233.13
1101201,3,D_named_road,nys_street,review,low,100,text,River Road,"42.61628152817443, -77.97566581991376",,-77.97566581991376,42.61628152817443,222.17
1104721,3,D_named_road,nys_street,review,low,100,text,Mark Rd,"44.650248944876935, -73.53170199724778",,-73.53170199724778,44.650248944876935,212.43
1100463,3,C_intersection,census,review,medium,100,text,Washington Street and Pleasant Ave,"41.118210669604, -74.147807981111",,-74.147807981111,41.118210669604,210.9
1100577,3,B_address,nys_address,review,high,100,text,1913 River Road,"42.024742968341705, -75.04245879192135",1913 River Road,-75.04245879192135,42.024742968341705,208.37
1094725,3,D_route,nys_street,review,medium,100,text,Route 55,"41.6612183133945, -73.74163790595242",,-73.74163790595242,41.6612183133945,197.31
2144160,3,C_intersection,census,review,medium,100,text,Beachwood Rd and Main St,"40.689018725192, -73.338978266768",,-73.338978266768,40.689018725192,183.17
1104975,3,D_named_road,nys_street,review,low,100,text,Cranberry Pond Road,"42.762590591108946, -73.44235743396709",,-73.44235743396709,42.762590591108946,180.75
1096111,3,B_address,nys_address,review,high,100,text,656 Dundee-Glenora Rd,"42.50128735233946, -76.95347348912786",656 Dundee-Glenora Rd,-76.95347348912786,42.50128735233946,180.29
1104812,3,D_route,nys_street,review,medium,100,text,CR 52,"43.528449652126554, -76.01700756965303",,-76.01700756965303,43.528449652126554,180.28
1104939,3,D_route,nys_street,review,medium,100,text,CR 52,"43.528449652126554, -76.01700756965303",,-76.01700756965303,43.528449652126554,180.28
1095755,3,D_named_road,nys_street,review,low,100,text,Riverview Road,"42.79417463058562, -73.79433658969724",,-73.79433658969724,42.79417463058562,179.66
1096160,3,D_named_road,nys_street,review,low,100,text,Stannard Hill Rd,"42.7377816989924, -74.7656438360324",,-74.7656438360324,42.7377816989924,179.61
1104840,3,D_named_road,nys_street,review,low,100,text,South Long Pond Road,"42.73989070836221, -73.45420643073612",,-73.45420643073612,42.73989070836221,179.04
1104678,3,D_named_road,nys_street,review,low,100,text,Johnson Road,"42.760253599869884, -73.47333152600403",,-73.47333152600403,42.760253599869884,178.27
1105080,3,D_route,nys_street,review,medium,100,text,CR 22,"43.462739631818955, -76.05244628348841",,-76.05244628348841,43.462739631818955,176.34
1095754,3,D_named_road,nys_street,review,low,100,text,Bruno Road,"42.87748370886733, -73.80424156997863",,-73.80424156997863,42.87748370886733,171.21
1099982,4,A_coords,parse,review,high,,description...action_description,,"42.040548, -74.122124",,-74.122124,42.040548,170.56
2171471,3,C_intersection,census,review,medium,100,text,Hayven Road and South Road,"43.023267306259, -74.06450388295",,-74.06450388295,43.023267306259,163.66
1097689,4,B_address,nys_address,review,high,88.58,text,10 New Street,"41.52276998173372, -74.16348105687743 | Adjacent to Cellect Plastics - 10 New Street, St. Johnsville, NY 13542",10 New Street,-74.16348105687743,41.52276998173372,155.07
1097566,3,D_named_road,nys_street,review,low,100,text,Bleachery Place,"43.032065942908666, -75.27470987105467",,-75.27470987105467,43.032065942908666,154.76
1097572,3,D_named_road,nys_street,review,low,100,text,Oneida Street,"43.03443861186036, -75.27546409508481",,-75.27546409508481,43.03443861186036,154.75
1097565,3,D_named_road,nys_street,review,low,100,text,Oxford Road,"43.073351595299336, -75.28779604372252",,-75.28779604372252,43.073351595299336,154.73
1097571,3,C_intersection,census,review,medium,100,text,Roberts Road and Mohawk St,"43.029099350411, -75.249564996817",,-75.249564996817,43.029099350411,152.86
1097674,4,D_named_road,nys_street,review,low,100,text,Hill Street,"41.560251454049286, -74.18356657275778 | Canajoharie Creek from Hill Street to Mohawk River",,-74.18356657275778,41.560251454049286,150.71
1101987,3,C_intersection,census,review,medium,100,text,Keeler Avenue and West Ave,"43.077231463879, -78.197230543501",,-78.197230543501,43.077231463879,150.21
1096443,3,D_named_road,nys_street,review,low,100,text,Lowdale Road,"43.618120710543586, -75.30514712922113",,-75.30514712922113,43.618120710543586,149.14
1096441,3,D_named_road,nys_street,review,low,100,text,Rumble Road,"43.64158075011424, -75.3567561608958",,-75.3567561608958,43.64158075011424,146.37
1090867,4,D_route,nys_street,review,medium,100,text,CR 1,"42.27453552443077, -75.83974003211667",,-75.83974003211667,42.27453552443077,141.27
1098709,4,D_route,nys_street,review,medium,100,text,CR 1,"42.27453552443077, -75.83974003211667",,-75.83974003211667,42.27453552443077,141.27
1101110,3,D_named_road,nys_street,review,low,100,text,Ashmund Road,"42.8369804203625, -78.79244498831368",,-78.79244498831368,42.8369804203625,140.14
1090854,4,D_route,nys_street,review,medium,100,text,County Route 2,"42.37820656883932, -75.81149106854075",,-75.81149106854075,42.37820656883932,139.29
1090859,4,D_route,nys_street,review,medium,100,text,County Route 2,"42.37820656883932, -75.81149106854075",,-75.81149106854075,42.37820656883932,139.29
1098703,4,D_route,nys_street,review,medium,100,text,County Route 2,"42.37820656883932, -75.81149106854075",,-75.81149106854075,42.37820656883932,139.29
1098705,4,D_route,nys_street,review,medium,100,text,County Route 2,"42.37820656883932, -75.81149106854075",,-75.81149106854075,42.37820656883932,139.29
1090868,4,D_route,nys_street,review,medium,100,text,County Route 3,"42.38714648688395, -75.8016851156455",,-75.8016851156455,42.38714648688395,138.56
1098708,4,D_route,nys_street,review,medium,100,text,County Route 3,"42.38714648688395, -75.8016851156455",,-75.8016851156455,42.38714648688395,138.56
1101103,3,D_named_road,nys_street,review,low,100,text,Union Rd,"42.82819358712767, -78.7534643609029",,-78.7534643609029,42.82819358712767,136.97
1101118,3,B_address,nys_address,review,high,100,text,945 Center Road,"42.83887726315802, -78.74758389988993",945 Center Road,-78.74758389988993,42.83887726315802,136.48
1101115,3,D_named_road,nys_street,review,low,100,text,Borden Road,"42.851473476578555, -78.7087550523415",,-78.7087550523415,42.851473476578555,133.32
1090891,3,D_named_road,nys_street,review,low,100,text,Old Plank Road,"42.40310162342501, -74.08573063593745",,-74.08573063593745,42.40310162342501,121.93
1095590,3,D_named_road,nys_street,review,low,100,text,Old Plank Road,"42.40310162342501, -74.08573063593745",,-74.08573063593745,42.40310162342501,121.93
1105310,3,D_named_road,nys_street,review,low,100,text,Jefferson Street,"42.33021636419266, -78.86901106532514",,-78.86901106532514,42.33021636419266,113.7
1102862,3,D_named_road,nys_street,review,low,100,text,Tannery Street,"42.32806015158587, -78.8612125318685",,-78.8612125318685,42.32806015158587,113.61
1102863,3,D_named_road,nys_street,review,low,100,text,Tannery Street,"42.32806015158587, -78.8612125318685",,-78.8612125318685,42.32806015158587,113.61
1102855,3,D_named_road,nys_street,review,low,100,text,Royce Road,"42.698290482292066, -78.30807701383075",,-78.30807701383075,42.698290482292066,111.97
1094341,4,C_intersection,census,review,medium,100,text,East Lake St and Oswego Rd,"43.221978378379, -76.809259977597",,-76.809259977597,43.221978378379,111.29
1097305,3,C_intersection,census,review,medium,100,text,Pinnacle Road and Elm St,"42.601086382871, -74.018684926689",,-74.018684926689,42.601086382871,110.18
1091443,3,D_named_road,nys_street,review,low,100,text,Empire Boulevard,"43.17603463859343, -77.52656633724472",,-77.52656633724472,43.17603463859343,110.07
1100749,3,D_named_road,nys_street,review,low,100,text,Empire Boulevard,"43.17603463859343, -77.52656633724472",,-77.52656633724472,43.17603463859343,110.07
1091440,3,D_named_road,nys_street,review,low,100,text,Plank Road,"43.18240853759104, -77.48869874017414",,-77.48869874017414,43.18240853759104,108.58
1100753,3,D_named_road,nys_street,review,low,100,text,Plank Road,"43.18240853759104, -77.48869874017414",,-77.48869874017414,43.18240853759104,108.58
1100334,3,C_intersection,census,review,medium,100,text,Lovett Lane and Main St,"41.112333667942, -74.069089506748",,-74.069089506748,41.112333667942,103.23
1100370,3,C_intersection,census,review,medium,100,text,Lovett Lane and Main St,"41.112333667942, -74.069089506748",,-74.069089506748,41.112333667942,103.23
2171442,3,C_intersection,census,review,medium,100,text,Lovett Lane and Main St,"41.112333667942, -74.069089506748",,-74.069089506748,41.112333667942,103.23
1091494,3,C_intersection,census,review,medium,100,text,Owens Road and Canal Road,"43.214598427188, -77.922388620278",,-77.922388620278,43.214598427188,99.82
1100703,3,C_intersection,census,review,medium,100,text,Owens Road and Canal Road,"43.214598427188, -77.922388620278",,-77.922388620278,43.214598427188,99.82
1091489,3,B_address,nys_address,review,high,100,text,4927 Lake Rd,"43.19251889231743, -77.9491253324142",4927 Lake Rd,-77.9491253324142,43.19251889231743,96.6
1100704,3,B_address,nys_address,review,high,100,text,4927 Lake Rd,"43.19251889231743, -77.9491253324142",4927 Lake Rd,-77.9491253324142,43.19251889231743,96.6
1100480,3,D_named_road,nys_street,review,low,100,text,Pinnacle Road,"43.20350967365765, -74.38841279512587",,-74.38841279512587,43.20350967365765,92.42
1100442,3,D_named_road,nys_street,review,low,100,text,Houseman Street,"43.20379267078272, -74.18387868478874",,-74.18387868478874,43.20379267078272,81.95
1100457,3,D_named_road,nys_street,review,low,100,text,Gifford Valley Road,"43.23294067860669, -74.19782181416538",,-74.19782181416538,43.23294067860669,81.49
1097708,3,D_named_road,nys_street,review,low,100,text,Mill Street,"41.444251473627084, -74.42588661296692",,-74.42588661296692,41.444251473627084,81.39
1097710,3,D_named_road,nys_street,review,low,100,text,Mill Street,"41.444251473627084, -74.42588661296692",,-74.42588661296692,41.444251473627084,81.39
1099607,4,A_coords,parse,review,high,,description...action_description,,"42.587, -74.5401",,-74.5401,42.587,81.09
1097724,3,D_named_road,nys_street,review,low,100,text,West Main Street,"41.44638139688515, -74.43931968465652",,-74.43931968465652,41.44638139688515,80.94
1097735,3,D_named_road,nys_street,review,low,100,text,West Main Street,"41.44638139688515, -74.43931968465652",,-74.43931968465652,41.44638139688515,80.94
1100459,3,D_named_road,nys_street,review,low,100,text,Skiff Road,"43.21708463343997, -74.16699372663659",,-74.16699372663659,43.21708463343997,80.05
1097726,3,D_named_road,nys_street,review,low,100,text,Wisner Ave,"41.46103246031981, -74.41789266757587",,-74.41789266757587,41.46103246031981,79.71
1090076,3,D_named_road,nys_street,review,low,100,text,Orchard Road,"42.41431642246198, -78.23133782833105",,-78.23133782833105,42.41431642246198,77.8
1102265,3,B_address,nys_address,review,high,100,text,5550 School Rd,"42.629457730238435, -78.11688270508509",5550 School Rd,-78.11688270508509,42.629457730238435,72.67
1101656,3,B_address,nys_address,review,high,100,text,222 Grace Church Street,"40.98993412022498, -73.6671617353324",222 Grace Church Street,-73.6671617353324,40.98993412022498,65.35
1101654,3,C_intersection,census,review,medium,100,text,Abendroth Avenue and Westchester Ave,"41.000076675475, -73.663041144079",,-73.663041144079,41.000076675475,64.92
1098551,3,A_coords,parse,review,high,,description...action_description,,"42.587, -74.5401",,-74.5401,42.587,60.3
2179112,3,C_intersection,census,review,medium,100,text,Pleasant Ave and North Market St,"43.019298344004, -75.03885256595",,-75.03885256595,43.019298344004,53.95
1093917,3,D_route,nys_street,review,medium,100,text,Route 28,"42.95683355299487, -75.01580195866761",,-75.01580195866761,42.95683355299487,50.4
1093894,3,C_intersection,census,review,medium,100,text,Erie Street and West Mains St,"43.010550344488, -75.009899575986",,-75.009899575986,43.010550344488,50.24
1093908,3,D_named_road,nys_street,review,low,100,text,Columbia St,"43.00232556598471, -75.00770194263498",,-75.00770194263498,43.00232556598471,49.97
1103413,3,C_intersection,census,review,medium,100,text,"Ridge 
Road and Park Ave","40.734720720122, -73.453251227383",,-73.453251227383,40.734720720122,44.88
1103573,3,C_intersection,census,review,medium,100,text,Genesee Street and Columbus St,"43.046100382012, -76.121462213159",,-76.121462213159,43.046100382012,38.44
1100413,3,D_named_road,nys_street,review,low,100,text,Powley Road,"43.274945658399496, -74.66436281472872",,-74.66436281472872,43.274945658399496,29.02
1104768,3,D_named_road,nys_street,review,low,100,text,Lower Lake Rd,"42.905559482254354, -76.75111441671251",,-76.75111441671251,42.905559482254354,27.5
1105136,3,D_named_road,nys_street,review,low,100,text,Noble Road,"42.88804350745893, -76.77464642793862",,-76.77464642793862,42.88804350745893,25.13
